feature,boundary,x,ci_low,ci_high
forest_frac_slope_2000_2025,upper,-0.0337957950847282,-0.008602231508120894,0.00749917138600722
forest_frac_slope_2000_2025,upper,-0.03360115732063392,-0.008236498152837158,0.0076188494567759335
forest_frac_slope_2000_2025,upper,-0.03340651955653964,-0.007849630550481379,0.007760830561164766
forest_frac_slope_2000_2025,upper,-0.033211881792445365,-0.00743695180863142,0.007893240149132907
forest_frac_slope_2000_2025,upper,-0.033017244028351087,-0.007024416944477707,0.008026149426586925
forest_frac_slope_2000_2025,upper,-0.03282260626425681,-0.00657068588770926,0.008159554353915154
forest_frac_slope_2000_2025,upper,-0.03262796850016253,-0.006113800720777362,0.008293716539628803
forest_frac_slope_2000_2025,upper,-0.03243333073606825,-0.005660197976976633,0.008428626717068254
forest_frac_slope_2000_2025,upper,-0.03223869297197397,-0.005218146985862404,0.008564276457764208
forest_frac_slope_2000_2025,upper,-0.032044055207879694,-0.004834114667028188,0.008700508228503167
forest_frac_slope_2000_2025,upper,-0.031849417443785416,-0.004452147916890681,0.008828432322479785
forest_frac_slope_2000_2025,upper,-0.03165477967969114,-0.004072241100948303,0.008944378956221043
forest_frac_slope_2000_2025,upper,-0.03146014191559686,-0.003694388142321259,0.009060926805250346
forest_frac_slope_2000_2025,upper,-0.03126550415150258,-0.0033185836393386124,0.009179246728308499
forest_frac_slope_2000_2025,upper,-0.0310708663874083,-0.002950203459477052,0.009297304856590926
forest_frac_slope_2000_2025,upper,-0.03087622862331402,-0.00261538284830749,0.009396887593902647
forest_frac_slope_2000_2025,upper,-0.030681590859219742,-0.002268169028684497,0.009503433224745094
forest_frac_slope_2000_2025,upper,-0.030486953095125464,-0.0019172616739524528,0.00963741752784699
forest_frac_slope_2000_2025,upper,-0.030292315331031185,-0.0015466434590052814,0.009780462761409581
forest_frac_slope_2000_2025,upper,-0.030097677566936907,-0.0012058279215125367,0.009908414352685213
forest_frac_slope_2000_2025,upper,-0.02990303980284263,-0.0008774885238381102,0.010034223739057779
forest_frac_slope_2000_2025,upper,-0.029708402038748347,-0.000536809086042922,0.010164017952047289
forest_frac_slope_2000_2025,upper,-0.029513764274654068,-0.0002029235482041258,0.01029272407758981
forest_frac_slope_2000_2025,upper,-0.02931912651055979,0.0001340663842711365,0.010422273236326872
forest_frac_slope_2000_2025,upper,-0.02912448874646551,0.0005398056251578965,0.010552384098991752
forest_frac_slope_2000_2025,upper,-0.028929850982371233,0.0009242498985258863,0.010672489297576249
forest_frac_slope_2000_2025,upper,-0.028735213218276955,0.0012422195781255142,0.010817284323275089
forest_frac_slope_2000_2025,upper,-0.028540575454182676,0.0015619891753885895,0.010954314656555652
forest_frac_slope_2000_2025,upper,-0.028345937690088398,0.0018687501054955647,0.01110077816992998
forest_frac_slope_2000_2025,upper,-0.02815129992599412,0.002182480925694108,0.011247783224098383
forest_frac_slope_2000_2025,upper,-0.02795666216189984,0.0025410141330212354,0.011398367304354904
forest_frac_slope_2000_2025,upper,-0.027762024397805563,0.0028685409924946725,0.01158337800297886
forest_frac_slope_2000_2025,upper,-0.027567386633711284,0.003208361391443759,0.011764877033419907
forest_frac_slope_2000_2025,upper,-0.027372748869617006,0.0035469154245220125,0.011913752113468946
forest_frac_slope_2000_2025,upper,-0.027178111105522727,0.0038834747101645917,0.012067301222123206
forest_frac_slope_2000_2025,upper,-0.02698347334142845,0.004226909531280398,0.012217993359081447
forest_frac_slope_2000_2025,upper,-0.02678883557733417,0.004572087770793587,0.012368338997475803
forest_frac_slope_2000_2025,upper,-0.026594197813239892,0.004915070184506476,0.012519437470473349
forest_frac_slope_2000_2025,upper,-0.02639956004914561,0.005255864653736353,0.012687061401084065
forest_frac_slope_2000_2025,upper,-0.026204922285051332,0.00559447908308357,0.012889369414187966
forest_frac_slope_2000_2025,upper,-0.026010284520957053,0.005930920876562595,0.013077949383296072
forest_frac_slope_2000_2025,upper,-0.025815646756862775,0.006265197950415313,0.013217511586844921
forest_frac_slope_2000_2025,upper,-0.025621008992768497,0.006597318162675947,0.013379536825232208
forest_frac_slope_2000_2025,upper,-0.025426371228674218,0.006927288952283561,0.013552186894230545
forest_frac_slope_2000_2025,upper,-0.02523173346457994,0.007251922017894686,0.013713279063813387
forest_frac_slope_2000_2025,upper,-0.02503709570048566,0.007495477690827102,0.01392046466935426
forest_frac_slope_2000_2025,upper,-0.024842457936391383,0.007774005969986319,0.014065581350587308
forest_frac_slope_2000_2025,upper,-0.0246478201722971,0.008075609290972351,0.014192324224859474
forest_frac_slope_2000_2025,upper,-0.024453182408202823,0.008385156304575503,0.014354634610936045
forest_frac_slope_2000_2025,upper,-0.024258544644108544,0.008691507042385638,0.014576751831918955
forest_frac_slope_2000_2025,upper,-0.024063906880014266,0.008978562080301344,0.01474582771770656
forest_frac_slope_2000_2025,upper,-0.023869269115919987,0.00927944069262594,0.014904525061137973
forest_frac_slope_2000_2025,upper,-0.02367463135182571,0.009561340906657279,0.015100489067845047
forest_frac_slope_2000_2025,upper,-0.02347999358773143,0.009843024099245668,0.01524352440610528
forest_frac_slope_2000_2025,upper,-0.023285355823637152,0.01013809118885547,0.015405682614073156
forest_frac_slope_2000_2025,upper,-0.023090718059542874,0.01040165510494262,0.015610795747488738
forest_frac_slope_2000_2025,upper,-0.022896080295448595,0.010661285533569754,0.01578686721622944
forest_frac_slope_2000_2025,upper,-0.022701442531354317,0.010939193842932581,0.01598236300051212
forest_frac_slope_2000_2025,upper,-0.02250680476726004,0.011224531987681984,0.016163366148248315
forest_frac_slope_2000_2025,upper,-0.02231216700316576,0.011492899619042873,0.016343328170478344
forest_frac_slope_2000_2025,upper,-0.02211752923907148,0.01175962497945875,0.016547547094523905
forest_frac_slope_2000_2025,upper,-0.021922891474977203,0.012024852749891578,0.01671881009824574
forest_frac_slope_2000_2025,upper,-0.021728253710882925,0.012284602969884872,0.01692067445255816
forest_frac_slope_2000_2025,upper,-0.021533615946788646,0.012529858853667974,0.01712311482988298
forest_frac_slope_2000_2025,upper,-0.021338978182694368,0.012783374055288732,0.017324592312797902
forest_frac_slope_2000_2025,upper,-0.02114434041860009,0.013034747797064483,0.017524807481095195
forest_frac_slope_2000_2025,upper,-0.02094970265450581,0.013279245863668621,0.01772454264573753
forest_frac_slope_2000_2025,upper,-0.020755064890411533,0.013525772630237043,0.017923538899049164
forest_frac_slope_2000_2025,upper,-0.02056042712631725,0.01377290089149028,0.01810540957376361
forest_frac_slope_2000_2025,upper,-0.020365789362222973,0.01403835522942245,0.01828227541409433
forest_frac_slope_2000_2025,upper,-0.020171151598128694,0.014286400354467332,0.018485270580276845
forest_frac_slope_2000_2025,upper,-0.019976513834034416,0.014538742555305361,0.018685262743383647
forest_frac_slope_2000_2025,upper,-0.019781876069940137,0.014810120686888695,0.018866773787885902
forest_frac_slope_2000_2025,upper,-0.01958723830584586,0.01504997054580599,0.019047814747318627
forest_frac_slope_2000_2025,upper,-0.01939260054175158,0.015268084686249494,0.019239922938868403
forest_frac_slope_2000_2025,upper,-0.0191979627776573,0.015509148593991995,0.019432475557550788
forest_frac_slope_2000_2025,upper,-0.01900332501356302,0.015724543947726488,0.0196342661511153
forest_frac_slope_2000_2025,upper,-0.018808687249468742,0.01596605419181287,0.019842756493017078
forest_frac_slope_2000_2025,upper,-0.018614049485374463,0.0162024081684649,0.020035929512232542
forest_frac_slope_2000_2025,upper,-0.018419411721280185,0.016439749207347632,0.02021975819952786
forest_frac_slope_2000_2025,upper,-0.018224773957185907,0.016680319793522358,0.02043854547664523
forest_frac_slope_2000_2025,upper,-0.018030136193091628,0.016921452572569252,0.020639699418097734
forest_frac_slope_2000_2025,upper,-0.01783549842899735,0.017149391397833825,0.02081678579561412
forest_frac_slope_2000_2025,upper,-0.01764086066490307,0.017367845680564643,0.021044591395184397
forest_frac_slope_2000_2025,upper,-0.017446222900808793,0.01758480677381158,0.021249036071822047
forest_frac_slope_2000_2025,upper,-0.017251585136714515,0.017804578226059676,0.02143845222890377
forest_frac_slope_2000_2025,upper,-0.017056947372620236,0.0180170678999275,0.021611859509721398
forest_frac_slope_2000_2025,upper,-0.016862309608525958,0.018242461513727902,0.02178429951891303
forest_frac_slope_2000_2025,upper,-0.01666767184443168,0.018461805302649736,0.02197466637007892
forest_frac_slope_2000_2025,upper,-0.0164730340803374,0.018688117759302257,0.022181974723935127
forest_frac_slope_2000_2025,upper,-0.016278396316243122,0.0189133970066905,0.02238778956234455
forest_frac_slope_2000_2025,upper,-0.016083758552148844,0.01913797385059297,0.022587625402957202
forest_frac_slope_2000_2025,upper,-0.015889120788054566,0.01936156819574535,0.022795898374170065
forest_frac_slope_2000_2025,upper,-0.015694483023960284,0.019578683841973542,0.022997852228581906
forest_frac_slope_2000_2025,upper,-0.015499845259866005,0.019785980880260467,0.02319740690290928
forest_frac_slope_2000_2025,upper,-0.015305207495771727,0.020016368525102735,0.023382293712347745
forest_frac_slope_2000_2025,upper,-0.015110569731677449,0.020244817808270456,0.023556394781917334
forest_frac_slope_2000_2025,upper,-0.01491593196758317,0.020465567149221896,0.023755507823079825
forest_frac_slope_2000_2025,upper,-0.014721294203488892,0.02068616678006947,0.023958562640473247
forest_frac_slope_2000_2025,upper,-0.014526656439394613,0.020921163028106093,0.024160574143752455
forest_frac_slope_2000_2025,upper,-0.014332018675300335,0.02115057115443051,0.02434673053212464
forest_frac_slope_2000_2025,upper,-0.014137380911206057,0.02137386375106871,0.02452700030989945
forest_frac_slope_2000_2025,upper,-0.013942743147111778,0.021583601972088216,0.02470874274149537
forest_frac_slope_2000_2025,upper,-0.0137481053830175,0.021784956753253936,0.024892959790304304
forest_frac_slope_2000_2025,upper,-0.013553467618923221,0.0219966821372509,0.025072925677523016
forest_frac_slope_2000_2025,upper,-0.013358829854828943,0.022208811668679117,0.025257020676508545
forest_frac_slope_2000_2025,upper,-0.013164192090734664,0.022424288932234047,0.025439696060493587
forest_frac_slope_2000_2025,upper,-0.012969554326640383,0.022636882774531842,0.0256212858017534
forest_frac_slope_2000_2025,upper,-0.012774916562546104,0.022831588983535767,0.025797426514327527
forest_frac_slope_2000_2025,upper,-0.012580278798451826,0.023025975516065954,0.025972386403009296
forest_frac_slope_2000_2025,upper,-0.012385641034357547,0.023220014292746782,0.026146559882909058
forest_frac_slope_2000_2025,upper,-0.012191003270263269,0.02341279564425349,0.026319937501102685
forest_frac_slope_2000_2025,upper,-0.01199636550616899,0.023600442288443445,0.02649233476258814
forest_frac_slope_2000_2025,upper,-0.011801727742074712,0.023781465366482735,0.026663751853629947
forest_frac_slope_2000_2025,upper,-0.011607089977980434,0.02396690906025469,0.02683411194011569
forest_frac_slope_2000_2025,upper,-0.011412452213886155,0.02416631579399109,0.027010097028687594
forest_frac_slope_2000_2025,upper,-0.011217814449791877,0.024356455123052,0.02718539428897202
forest_frac_slope_2000_2025,upper,-0.011023176685697599,0.02453964063897729,0.027357879048213362
forest_frac_slope_2000_2025,upper,-0.01082853892160332,0.024732388136908413,0.02752110129222274
forest_frac_slope_2000_2025,upper,-0.010633901157509042,0.024917190056294204,0.027685049222782254
forest_frac_slope_2000_2025,upper,-0.010439263393414763,0.02511504334397614,0.0278545746114105
forest_frac_slope_2000_2025,upper,-0.010244625629320481,0.02530708247795701,0.028025132697075607
forest_frac_slope_2000_2025,upper,-0.010049987865226203,0.025497430795803668,0.028194090723991393
forest_frac_slope_2000_2025,upper,-0.009855350101131925,0.025675438204780222,0.028361315187066794
forest_frac_slope_2000_2025,upper,-0.009660712337037646,0.025863594142720103,0.028525756485760213
forest_frac_slope_2000_2025,upper,-0.009466074572943368,0.026049606828019024,0.028683308186009525
forest_frac_slope_2000_2025,upper,-0.00927143680884909,0.0262393144890666,0.02883902806788683
forest_frac_slope_2000_2025,upper,-0.009076799044754811,0.026426406810060143,0.02899320675060153
forest_frac_slope_2000_2025,upper,-0.008882161280660533,0.02661612327210605,0.02914602877572179
forest_frac_slope_2000_2025,upper,-0.008687523516566254,0.026798683684319258,0.02929732473567128
forest_frac_slope_2000_2025,upper,-0.008492885752471976,0.026980625558644535,0.029453603737056255
forest_frac_slope_2000_2025,upper,-0.008298247988377697,0.02716276072897017,0.029611421329900623
forest_frac_slope_2000_2025,upper,-0.008103610224283419,0.027339646592736244,0.029761584056541324
forest_frac_slope_2000_2025,upper,-0.00790897246018914,0.027511129481717946,0.029906910564750432
forest_frac_slope_2000_2025,upper,-0.007714334696094862,0.027682466385886072,0.030050648748874663
forest_frac_slope_2000_2025,upper,-0.007519696932000584,0.02785336854867637,0.030193414678797124
forest_frac_slope_2000_2025,upper,-0.007325059167906302,0.02802459541708231,0.03033714760094881
forest_frac_slope_2000_2025,upper,-0.007130421403812023,0.028193782130256296,0.03047802783548832
forest_frac_slope_2000_2025,upper,-0.006935783639717745,0.028366179717704654,0.030623013339936733
forest_frac_slope_2000_2025,upper,-0.0067411458756234666,0.0285420180298388,0.030767573928460478
forest_frac_slope_2000_2025,upper,-0.006546508111529188,0.02871953034773469,0.03090839209035039
forest_frac_slope_2000_2025,upper,-0.00635187034743491,0.028892951272428035,0.031045147404074668
forest_frac_slope_2000_2025,upper,-0.006157232583340631,0.02905605174601078,0.031180384708568452
forest_frac_slope_2000_2025,upper,-0.005962594819246353,0.02922178232111037,0.031314208079129456
forest_frac_slope_2000_2025,upper,-0.0057679570551520745,0.02939401976764202,0.031453060917556286
forest_frac_slope_2000_2025,upper,-0.005573319291057796,0.02956138700246811,0.03159181429073214
forest_frac_slope_2000_2025,upper,-0.005378681526963518,0.029729948146268725,0.031724512204527856
forest_frac_slope_2000_2025,upper,-0.005184043762869239,0.02989790407009423,0.031855900399386884
forest_frac_slope_2000_2025,upper,-0.004989405998774961,0.030065239919349552,0.03197923032566905
forest_frac_slope_2000_2025,upper,-0.0047947682346806825,0.030231850361451505,0.032100191432982685
forest_frac_slope_2000_2025,upper,-0.004600130470586401,0.030392427323386075,0.03223394574597478
forest_frac_slope_2000_2025,upper,-0.004405492706492122,0.0305456907954067,0.03237183066084981
forest_frac_slope_2000_2025,upper,-0.004210854942397844,0.030709383264183997,0.032499118614941834
forest_frac_slope_2000_2025,upper,-0.004016217178303565,0.03086410299874842,0.03263274366036058
forest_frac_slope_2000_2025,upper,-0.003821579414209287,0.03102992563508451,0.03276974549517035
forest_frac_slope_2000_2025,upper,-0.0036269416501150085,0.0311989092733711,0.032905913423746824
forest_frac_slope_2000_2025,upper,-0.00343230388602073,0.03134882990270853,0.03303970396518707
forest_frac_slope_2000_2025,upper,-0.0032376661219264517,0.03151005003601313,0.03316938886418939
forest_frac_slope_2000_2025,upper,-0.0030430283578321733,0.03167063780128956,0.03330111522227526
forest_frac_slope_2000_2025,upper,-0.002848390593737895,0.03183024348691106,0.03343216832727194
forest_frac_slope_2000_2025,upper,-0.0026537528296436165,0.03197581833228469,0.03355105146765709
forest_frac_slope_2000_2025,upper,-0.0024591150655493346,0.03213811088353395,0.03367794658988714
forest_frac_slope_2000_2025,upper,-0.002264477301455056,0.03228962542489171,0.03379662176594138
forest_frac_slope_2000_2025,upper,-0.002069839537360778,0.03244749549776316,0.03391410643234849
forest_frac_slope_2000_2025,upper,-0.0018752017732664994,0.03259872831404209,0.03404653687030077
forest_frac_slope_2000_2025,upper,-0.001680564009172221,0.032739564590156076,0.0341756759211421
forest_frac_slope_2000_2025,upper,-0.0014859262450779426,0.03287609852850437,0.03430289914831519
forest_frac_slope_2000_2025,upper,-0.0012912884809836642,0.0330038882791996,0.03443611329421401
forest_frac_slope_2000_2025,upper,-0.0010966507168893858,0.03313075536862016,0.034561786241829394
forest_frac_slope_2000_2025,upper,-0.0009020129527951073,0.033277219906449315,0.03467914564535022
forest_frac_slope_2000_2025,upper,-0.0007073751887008289,0.033403866831213234,0.034803920332342385
forest_frac_slope_2000_2025,upper,-0.0005127374246065505,0.03353152088820934,0.03491683593019843
forest_frac_slope_2000_2025,upper,-0.0003180996605122721,0.03366124490275979,0.035016061086207625
forest_frac_slope_2000_2025,upper,-0.0001234618964179937,0.0337877981364727,0.03512510946020484
forest_frac_slope_2000_2025,upper,7.11758676762847e-05,0.03392662703990936,0.035240926779806614
forest_frac_slope_2000_2025,upper,0.0002658136317705631,0.034060746990144254,0.035370160825550556
forest_frac_slope_2000_2025,upper,0.0004604513958648415,0.03418328473344445,0.03547531059011817
forest_frac_slope_2000_2025,upper,0.0006550891599591199,0.034315405692905185,0.035595479793846606
forest_frac_slope_2000_2025,upper,0.0008497269240533983,0.03443195624276996,0.035711186658591035
forest_frac_slope_2000_2025,upper,0.0010443646881476767,0.034577790275216104,0.035827331431210044
forest_frac_slope_2000_2025,upper,0.0012390024522419552,0.034694663155823945,0.03594854138791561
forest_frac_slope_2000_2025,upper,0.0014336402163362336,0.034817115589976314,0.03605662072077394
forest_frac_slope_2000_2025,upper,0.001628277980430512,0.03494351580739021,0.036170145589858295
forest_frac_slope_2000_2025,upper,0.0018229157445247904,0.03506311317905784,0.03628614479675889
forest_frac_slope_2000_2025,upper,0.002017553508619069,0.03518372178077698,0.036405497882515195
forest_frac_slope_2000_2025,upper,0.002212191272713354,0.0352952946908772,0.03652423433959484
forest_frac_slope_2000_2025,upper,0.0024068290368076325,0.03541148249059915,0.03664299631491304
forest_frac_slope_2000_2025,upper,0.002601466800901911,0.03551789484918118,0.03675681110471487
forest_frac_slope_2000_2025,upper,0.0027961045649961894,0.03563053477555513,0.0368732949718833
forest_frac_slope_2000_2025,upper,0.0029907423290904678,0.03574538910761475,0.0369899669662118
forest_frac_slope_2000_2025,upper,0.003185380093184746,0.035847616102546456,0.03710300624370575
forest_frac_slope_2000_2025,upper,0.0033800178572790246,0.03594978963956237,0.03721967888996005
forest_frac_slope_2000_2025,upper,0.003574655621373303,0.03605756312608719,0.03732771947979927
forest_frac_slope_2000_2025,upper,0.0037692933854675814,0.03616284215822816,0.03743263082578778
forest_frac_slope_2000_2025,upper,0.00396393114956186,0.036259183939546344,0.03753646882250905
forest_frac_slope_2000_2025,upper,0.004158568913656138,0.03634979939088225,0.03764012213796377
forest_frac_slope_2000_2025,upper,0.004353206677750417,0.03643883271142841,0.03774958048015833
forest_frac_slope_2000_2025,upper,0.004547844441844695,0.03653342761099339,0.03784899208694696
forest_frac_slope_2000_2025,upper,0.0047424822059389735,0.0366306415759027,0.03795263897627592
forest_frac_slope_2000_2025,upper,0.004937119970033252,0.0367261596955359,0.03805413693189621
forest_frac_slope_2000_2025,upper,0.00513175773412753,0.03681661952286959,0.03816077653318643
forest_frac_slope_2000_2025,upper,0.005326395498221809,0.036897468753159045,0.03826957186684012
forest_frac_slope_2000_2025,upper,0.005521033262316087,0.036980226542800664,0.03837699061259627
forest_frac_slope_2000_2025,upper,0.0057156710264103655,0.03707206519320607,0.03847987772896886
forest_frac_slope_2000_2025,upper,0.005910308790504644,0.037169560231268405,0.03857291657477617
forest_frac_slope_2000_2025,upper,0.006104946554598922,0.03724336624145508,0.03866784870624542
forest_frac_slope_2000_2025,upper,0.006299584318693201,0.03731476655229926,0.03876823298633099
forest_frac_slope_2000_2025,upper,0.006494222082787479,0.03739259447902441,0.038871523831039666
forest_frac_slope_2000_2025,upper,0.0066888598468817576,0.03746397132053971,0.03896917821839452
forest_frac_slope_2000_2025,upper,0.006883497610976036,0.03754223380237818,0.03907493958249688
forest_frac_slope_2000_2025,upper,0.007078135375070314,0.037620304897427556,0.0391763080842793
forest_frac_slope_2000_2025,upper,0.007272773139164593,0.03769808588549495,0.03926549609750509
forest_frac_slope_2000_2025,upper,0.007467410903258871,0.037773660570383075,0.03935075029730797
forest_frac_slope_2000_2025,upper,0.00766204866735315,0.03785230573266744,0.039451207779347894
forest_frac_slope_2000_2025,upper,0.007856686431447435,0.03792876787483692,0.03954276302829385
forest_frac_slope_2000_2025,upper,0.008051324195541713,0.038004687055945396,0.03964966405183077
forest_frac_slope_2000_2025,upper,0.008245961959635992,0.03807190516963601,0.03973939912393689
forest_frac_slope_2000_2025,upper,0.00844059972373027,0.038140809442847964,0.039826126955449584
forest_frac_slope_2000_2025,upper,0.008635237487824549,0.03821045216172934,0.03991128345951438
forest_frac_slope_2000_2025,upper,0.008829875251918827,0.038276541605591775,0.039994681160897015
forest_frac_slope_2000_2025,upper,0.009024513016013105,0.038338140957057475,0.0400782248005271
forest_frac_slope_2000_2025,upper,0.009219150780107384,0.03840631358325482,0.04016954274848104
forest_frac_slope_2000_2025,upper,0.009413788544201662,0.03848308632150292,0.04025670336559415
forest_frac_slope_2000_2025,upper,0.00960842630829594,0.038550734240561726,0.040345287416130304
forest_frac_slope_2000_2025,upper,0.009803064072390219,0.03861691066995263,0.040432233922183515
forest_frac_slope_2000_2025,upper,0.009997701836484497,0.038682504650205375,0.04049683725461364
forest_frac_slope_2000_2025,upper,0.010192339600578776,0.03875047871842981,0.040574208926409484
forest_frac_slope_2000_2025,upper,0.010386977364673054,0.038811721932142974,0.04064385537058115
forest_frac_slope_2000_2025,upper,0.010581615128767333,0.03887517312541604,0.040719814226031305
forest_frac_slope_2000_2025,upper,0.010776252892861611,0.03892856631428003,0.04079654179513455
forest_frac_slope_2000_2025,upper,0.01097089065695589,0.038985675573349,0.04087112350389362
forest_frac_slope_2000_2025,upper,0.011165528421050168,0.0390421574935317,0.040947096329182385
forest_frac_slope_2000_2025,upper,0.011360166185144446,0.03909846395254135,0.04102481221780181
forest_frac_slope_2000_2025,upper,0.011554803949238725,0.03915444230660796,0.04108664393424988
forest_frac_slope_2000_2025,upper,0.011749441713333003,0.03920984016731381,0.041152489464730026
forest_frac_slope_2000_2025,upper,0.011944079477427282,0.039264672342687844,0.04122765343636274
forest_frac_slope_2000_2025,upper,0.01213871724152156,0.03931867927312851,0.041293405648320916
forest_frac_slope_2000_2025,upper,0.012333355005615838,0.03937184400856495,0.041351165436208245
forest_frac_slope_2000_2025,upper,0.012527992769710117,0.03941585049033165,0.04141447460278869
forest_frac_slope_2000_2025,upper,0.012722630533804395,0.039476639870554206,0.041485048551112416
forest_frac_slope_2000_2025,upper,0.012917268297898674,0.03952858978882432,0.04154935888946056
forest_frac_slope_2000_2025,upper,0.013111906061992952,0.03957971064373851,0.041612024512141944
forest_frac_slope_2000_2025,upper,0.013306543826087237,0.039630571659654376,0.04167312420904636
forest_frac_slope_2000_2025,upper,0.013501181590181516,0.03967414489015937,0.04173859227448702
forest_frac_slope_2000_2025,upper,0.013695819354275794,0.039703520480543375,0.04179695500060916
forest_frac_slope_2000_2025,upper,0.013890457118370073,0.039736215583980085,0.04184685032814741
forest_frac_slope_2000_2025,upper,0.014085094882464351,0.039771942887455225,0.04190133474767208
forest_frac_slope_2000_2025,upper,0.01427973264655863,0.03980734348297119,0.04195705903694034
forest_frac_slope_2000_2025,upper,0.014474370410652908,0.039843120239675046,0.04200584646314383
forest_frac_slope_2000_2025,upper,0.014669008174747186,0.03986336356028915,0.042061652336269614
forest_frac_slope_2000_2025,upper,0.014863645938841465,0.039904008898884055,0.04211198203265667
forest_frac_slope_2000_2025,upper,0.015058283702935743,0.03992466768249869,0.042159337922930716
forest_frac_slope_2000_2025,upper,0.015252921467030021,0.03993679825216532,0.04220619620755315
forest_frac_slope_2000_2025,upper,0.0154475592311243,0.039989414345473054,0.04225611463189125
forest_frac_slope_2000_2025,upper,0.015642196995218578,0.04002354322001338,0.04230582341551781
forest_frac_slope_2000_2025,upper,0.015836834759312857,0.04003928117454052,0.042351150326430796
forest_frac_slope_2000_2025,upper,0.016031472523407135,0.04008426843211055,0.04240210829302669
forest_frac_slope_2000_2025,upper,0.016226110287501413,0.040072289481759074,0.04244745392352343
forest_frac_slope_2000_2025,upper,0.016420748051595692,0.04008865058422088,0.04248996647074819
forest_frac_slope_2000_2025,upper,0.01661538581568997,0.040116640646010636,0.0425330750644207
forest_frac_slope_2000_2025,upper,0.01681002357978425,0.04009556081146002,0.04256529184058309
forest_frac_slope_2000_2025,upper,0.017004661343878527,0.04008093178272247,0.04259570436552167
forest_frac_slope_2000_2025,upper,0.017199299107972806,0.0400982866063714,0.04264473635703325
forest_frac_slope_2000_2025,upper,0.017393936872067084,0.04011804116889835,0.042683043982833624
forest_frac_slope_2000_2025,upper,0.017588574636161362,0.040135779324918984,0.04270467581227422
forest_frac_slope_2000_2025,upper,0.01778321240025564,0.04013942303135991,0.04273911071941257
forest_frac_slope_2000_2025,upper,0.01797785016434992,0.04016751116141677,0.04277129173278808
forest_frac_slope_2000_2025,upper,0.018172487928444198,0.04013571422547102,0.04282356994226575
forest_frac_slope_2000_2025,upper,0.018367125692538476,0.04012223370373249,0.042854114156216386
forest_frac_slope_2000_2025,upper,0.018561763456632754,0.040107764303684235,0.0428841507062316
forest_frac_slope_2000_2025,upper,0.018756401220727033,0.04006730010733008,0.04292333582416177
forest_frac_slope_2000_2025,upper,0.018951038984821318,0.04003556212410331,0.04296522028744221
forest_frac_slope_2000_2025,upper,0.019145676748915597,0.04000988537445664,0.04299865551292896
forest_frac_slope_2000_2025,upper,0.019340314513009875,0.03997315848246217,0.043039815686643126
forest_frac_slope_2000_2025,upper,0.019534952277104153,0.039940770529210565,0.043067348375916484
forest_frac_slope_2000_2025,upper,0.019729590041198432,0.03990707769989967,0.043093735445290805
forest_frac_slope_2000_2025,upper,0.01992422780529271,0.03987061847001314,0.04312232406809926
forest_frac_slope_2000_2025,upper,0.02011886556938699,0.03985374579206109,0.043145612627267835
forest_frac_slope_2000_2025,upper,0.020313503333481267,0.03982764622196555,0.0431778360158205
forest_frac_slope_2000_2025,upper,0.020508141097575545,0.039755883254110815,0.043208223208785056
forest_frac_slope_2000_2025,upper,0.020702778861669824,0.0397512580268085,0.043239754531532525
forest_frac_slope_2000_2025,upper,0.020897416625764102,0.03969107074663043,0.043269391637295485
forest_frac_slope_2000_2025,upper,0.02109205438985838,0.0396765629760921,0.04329940164461732
forest_frac_slope_2000_2025,upper,0.02128669215395266,0.03960007941350341,0.04332589469850063
forest_frac_slope_2000_2025,upper,0.021481329918046937,0.03955062683671713,0.04336780710145831
forest_frac_slope_2000_2025,upper,0.021675967682141216,0.03947676159441471,0.04339862475171685
forest_frac_slope_2000_2025,upper,0.021870605446235494,0.03939124271273613,0.04341712668538093
forest_frac_slope_2000_2025,upper,0.022065243210329773,0.039303405396640304,0.04344574436545372
forest_frac_slope_2000_2025,upper,0.02225988097442405,0.03922343999147415,0.04345149993896484
forest_frac_slope_2000_2025,upper,0.02245451873851833,0.039162637945264575,0.04347057966515422
forest_frac_slope_2000_2025,upper,0.022649156502612608,0.03907913789153099,0.043495856877416375
forest_frac_slope_2000_2025,upper,0.022843794266706886,0.03903603786602616,0.04354803888127208
forest_frac_slope_2000_2025,upper,0.023038432030801165,0.03896926073357463,0.04359446465969086
forest_frac_slope_2000_2025,upper,0.023233069794895443,0.03890057960525155,0.04365502092987299
forest_frac_slope_2000_2025,upper,0.02342770755898972,0.03882981985807419,0.04370398307219148
forest_frac_slope_2000_2025,upper,0.023622345323084,0.038757517002522945,0.0437469064258039
forest_frac_slope_2000_2025,upper,0.02381698308717828,0.038683090917766096,0.043758904095739126
forest_frac_slope_2000_2025,upper,0.024011620851272557,0.038606537878513335,0.04378635250031948
forest_frac_slope_2000_2025,upper,0.024206258615366835,0.0385278470814228,0.043858020659536125
forest_frac_slope_2000_2025,upper,0.02440089637946112,0.03844654206186533,0.04389107134193182
forest_frac_slope_2000_2025,upper,0.0245955341435554,0.038362267706543204,0.04392517469823361
forest_frac_slope_2000_2025,lower,-0.0337957950847282,-0.041654196474701165,-0.01666243351064623
forest_frac_slope_2000_2025,lower,-0.03360115732063392,-0.04162168381735683,-0.017134795477613814
forest_frac_slope_2000_2025,lower,-0.03340651955653964,-0.04164614798501134,-0.017596231307834394
forest_frac_slope_2000_2025,lower,-0.033211881792445365,-0.041663686744868755,-0.01797200716100634
forest_frac_slope_2000_2025,lower,-0.033017244028351087,-0.0415178282186389,-0.01833716500550509
forest_frac_slope_2000_2025,lower,-0.03282260626425681,-0.041363803576678036,-0.018693447997793558
forest_frac_slope_2000_2025,lower,-0.03262796850016253,-0.04127208981662989,-0.01904090847820044
forest_frac_slope_2000_2025,lower,-0.03243333073606825,-0.04119414025917649,-0.019379604374989867
forest_frac_slope_2000_2025,lower,-0.03223869297197397,-0.041118241008371116,-0.01968335686251521
forest_frac_slope_2000_2025,lower,-0.032044055207879694,-0.041061694454401734,-0.020028644939884543
forest_frac_slope_2000_2025,lower,-0.031849417443785416,-0.04098863899707794,-0.020339320087805392
forest_frac_slope_2000_2025,lower,-0.03165477967969114,-0.04089113129302859,-0.02064148248173297
forest_frac_slope_2000_2025,lower,-0.03146014191559686,-0.04084003260359168,-0.02093584463000298
forest_frac_slope_2000_2025,lower,-0.03126550415150258,-0.04079154441133141,-0.021222888771444563
forest_frac_slope_2000_2025,lower,-0.0310708663874083,-0.040681763738393786,-0.02150155520066619
forest_frac_slope_2000_2025,lower,-0.03087622862331402,-0.04056545551866293,-0.021772434003651142
forest_frac_slope_2000_2025,lower,-0.030681590859219742,-0.04044459080323577,-0.02206710739992559
forest_frac_slope_2000_2025,lower,-0.030486953095125464,-0.040321162715554235,-0.02239375780336559
forest_frac_slope_2000_2025,lower,-0.030292315331031185,-0.04019497614353895,-0.02274778839200735
forest_frac_slope_2000_2025,lower,-0.030097677566936907,-0.04006550097838044,-0.023091053077951076
forest_frac_slope_2000_2025,lower,-0.02990303980284263,-0.03997301869094372,-0.023423631582409146
forest_frac_slope_2000_2025,lower,-0.029708402038748347,-0.03989489758387208,-0.023610899783670904
forest_frac_slope_2000_2025,lower,-0.029513764274654068,-0.03977360632270575,-0.02384552024304867
forest_frac_slope_2000_2025,lower,-0.02931912651055979,-0.039644223544746636,-0.024049386661499743
forest_frac_slope_2000_2025,lower,-0.02912448874646551,-0.03953050468116999,-0.024198532430455093
forest_frac_slope_2000_2025,lower,-0.028929850982371233,-0.0393972884863615,-0.024341807560995223
forest_frac_slope_2000_2025,lower,-0.028735213218276955,-0.03923500776290893,-0.02447929298505187
forest_frac_slope_2000_2025,lower,-0.028540575454182676,-0.039115469064563514,-0.024633349385112524
forest_frac_slope_2000_2025,lower,-0.028345937690088398,-0.03897406617179513,-0.024759277561679484
forest_frac_slope_2000_2025,lower,-0.02815129992599412,-0.03882699050009251,-0.024976933468133213
forest_frac_slope_2000_2025,lower,-0.02795666216189984,-0.03867643298581243,-0.025164609728381044
forest_frac_slope_2000_2025,lower,-0.027762024397805563,-0.03852407848462462,-0.025327018275856976
forest_frac_slope_2000_2025,lower,-0.027567386633711284,-0.03833227986469865,-0.02548191882669926
forest_frac_slope_2000_2025,lower,-0.027372748869617006,-0.038105772249400614,-0.025550215039402246
forest_frac_slope_2000_2025,lower,-0.027178111105522727,-0.03800933342427015,-0.025677010463550688
forest_frac_slope_2000_2025,lower,-0.02698347334142845,-0.037869474850595,-0.025842829421162606
forest_frac_slope_2000_2025,lower,-0.02678883557733417,-0.037707180343568326,-0.026000241190195086
forest_frac_slope_2000_2025,lower,-0.026594197813239892,-0.03751495247706771,-0.02609140342101455
forest_frac_slope_2000_2025,lower,-0.02639956004914561,-0.037308438774198295,-0.02615618482232094
forest_frac_slope_2000_2025,lower,-0.026204922285051332,-0.03713955329731107,-0.026178219867870212
forest_frac_slope_2000_2025,lower,-0.026010284520957053,-0.03698265738785267,-0.026194349816069006
forest_frac_slope_2000_2025,lower,-0.025815646756862775,-0.036784766055643556,-0.02622873573563993
forest_frac_slope_2000_2025,lower,-0.025621008992768497,-0.03659345023334026,-0.026225729752331974
forest_frac_slope_2000_2025,lower,-0.025426371228674218,-0.03641066998243332,-0.02620785743929446
forest_frac_slope_2000_2025,lower,-0.02523173346457994,-0.03621433973312378,-0.026292443880811336
forest_frac_slope_2000_2025,lower,-0.02503709570048566,-0.036032614205032586,-0.026371759083122018
forest_frac_slope_2000_2025,lower,-0.024842457936391383,-0.03583126598969102,-0.026314674271270634
forest_frac_slope_2000_2025,lower,-0.0246478201722971,-0.03564186589792371,-0.026348015666007994
forest_frac_slope_2000_2025,lower,-0.024453182408202823,-0.035441987216472626,-0.026374602410942315
forest_frac_slope_2000_2025,lower,-0.024258544644108544,-0.03528960207477212,-0.026393234869465234
forest_frac_slope_2000_2025,lower,-0.024063906880014266,-0.035107387136667965,-0.0264080876018852
forest_frac_slope_2000_2025,lower,-0.023869269115919987,-0.034928982332348826,-0.026378241926431657
forest_frac_slope_2000_2025,lower,-0.02367463135182571,-0.03470049537718296,-0.026345108123496178
forest_frac_slope_2000_2025,lower,-0.02347999358773143,-0.03446568725630641,-0.02627463466487825
forest_frac_slope_2000_2025,lower,-0.023285355823637152,-0.03422561725601554,-0.026202074997127057
forest_frac_slope_2000_2025,lower,-0.023090718059542874,-0.034001327212899925,-0.02612764365039766
forest_frac_slope_2000_2025,lower,-0.022896080295448595,-0.03378469757735729,-0.026040776073932646
forest_frac_slope_2000_2025,lower,-0.022701442531354317,-0.033565906528383496,-0.02595281177200377
forest_frac_slope_2000_2025,lower,-0.02250680476726004,-0.033343786653131244,-0.025847669364884498
forest_frac_slope_2000_2025,lower,-0.02231216700316576,-0.033118379302322865,-0.025738578056916595
forest_frac_slope_2000_2025,lower,-0.02211752923907148,-0.03292861506342888,-0.025625574868172407
forest_frac_slope_2000_2025,lower,-0.021922891474977203,-0.03279993776232004,-0.025510109867900612
forest_frac_slope_2000_2025,lower,-0.021728253710882925,-0.03254315285012126,-0.025353629747405647
forest_frac_slope_2000_2025,lower,-0.021533615946788646,-0.032307740300893784,-0.025223182654008268
forest_frac_slope_2000_2025,lower,-0.021338978182694368,-0.032090105954557656,-0.025137772876769306
forest_frac_slope_2000_2025,lower,-0.02114434041860009,-0.0318414811976254,-0.025005513429641725
forest_frac_slope_2000_2025,lower,-0.02094970265450581,-0.03159034475684166,-0.024855406116694213
forest_frac_slope_2000_2025,lower,-0.020755064890411533,-0.0313381614163518,-0.024713054671883585
forest_frac_slope_2000_2025,lower,-0.02056042712631725,-0.031084041064605116,-0.02451408370397985
forest_frac_slope_2000_2025,lower,-0.020365789362222973,-0.030866210628300906,-0.024384069815278055
forest_frac_slope_2000_2025,lower,-0.020171151598128694,-0.030670637218281626,-0.024233673792332412
forest_frac_slope_2000_2025,lower,-0.019976513834034416,-0.030409026565030216,-0.02402321635745466
forest_frac_slope_2000_2025,lower,-0.019781876069940137,-0.030175454122945665,-0.023904011631384493
forest_frac_slope_2000_2025,lower,-0.01958723830584586,-0.029986118618398904,-0.023723383992910387
forest_frac_slope_2000_2025,lower,-0.01939260054175158,-0.029743970604613423,-0.023523827455937864
forest_frac_slope_2000_2025,lower,-0.0191979627776573,-0.02949706935323775,-0.02337493570521474
forest_frac_slope_2000_2025,lower,-0.01900332501356302,-0.02924633678048849,-0.0231974046677351
forest_frac_slope_2000_2025,lower,-0.018808687249468742,-0.028992196638137104,-0.023047964135184885
forest_frac_slope_2000_2025,lower,-0.018614049485374463,-0.028734438959509133,-0.022874768916517497
forest_frac_slope_2000_2025,lower,-0.018419411721280185,-0.02847329489886761,-0.02266280842013657
forest_frac_slope_2000_2025,lower,-0.018224773957185907,-0.028209700575098397,-0.022449423605576158
forest_frac_slope_2000_2025,lower,-0.018030136193091628,-0.027942548831924797,-0.022251342283561827
forest_frac_slope_2000_2025,lower,-0.01783549842899735,-0.02766742785461247,-0.022068959288299085
forest_frac_slope_2000_2025,lower,-0.01764086066490307,-0.027382441610097886,-0.02188836089335382
forest_frac_slope_2000_2025,lower,-0.017446222900808793,-0.02709880252368748,-0.02168184262700379
forest_frac_slope_2000_2025,lower,-0.017251585136714515,-0.026824579434469344,-0.021462871786206962
forest_frac_slope_2000_2025,lower,-0.017056947372620236,-0.026531217992305754,-0.021223150845617055
forest_frac_slope_2000_2025,lower,-0.016862309608525958,-0.02623510337434709,-0.021008576778694988
forest_frac_slope_2000_2025,lower,-0.01666767184443168,-0.02594669908285141,-0.020766115747392178
forest_frac_slope_2000_2025,lower,-0.0164730340803374,-0.025696710404008626,-0.020531927328556777
forest_frac_slope_2000_2025,lower,-0.016278396316243122,-0.02540321173146367,-0.020289396168664098
forest_frac_slope_2000_2025,lower,-0.016083758552148844,-0.02510162042453885,-0.020058657694607972
forest_frac_slope_2000_2025,lower,-0.015889120788054566,-0.024807658232748508,-0.019817565428093077
forest_frac_slope_2000_2025,lower,-0.015694483023960284,-0.024506270326673983,-0.019553001038730145
forest_frac_slope_2000_2025,lower,-0.015499845259866005,-0.024229191755875946,-0.019287505047395827
forest_frac_slope_2000_2025,lower,-0.015305207495771727,-0.02393255988135934,-0.019072302244603635
forest_frac_slope_2000_2025,lower,-0.015110569731677449,-0.02363272667862475,-0.018817075854167344
forest_frac_slope_2000_2025,lower,-0.01491593196758317,-0.023341166181489827,-0.018557018088176846
forest_frac_slope_2000_2025,lower,-0.014721294203488892,-0.023044759407639503,-0.01830193311907351
forest_frac_slope_2000_2025,lower,-0.014526656439394613,-0.022751042246818544,-0.018053970579057933
forest_frac_slope_2000_2025,lower,-0.014332018675300335,-0.022445459151640534,-0.01776677374728024
forest_frac_slope_2000_2025,lower,-0.014137380911206057,-0.02212645919062197,-0.017491034278646112
forest_frac_slope_2000_2025,lower,-0.013942743147111778,-0.021806447254493832,-0.017194241983816028
forest_frac_slope_2000_2025,lower,-0.0137481053830175,-0.021494270442053674,-0.016895896941423415
forest_frac_slope_2000_2025,lower,-0.013553467618923221,-0.021171458018943667,-0.01660320973023772
forest_frac_slope_2000_2025,lower,-0.013358829854828943,-0.020868289936333894,-0.01630433462560177
forest_frac_slope_2000_2025,lower,-0.013164192090734664,-0.020566300582140686,-0.016008605947718024
forest_frac_slope_2000_2025,lower,-0.012969554326640383,-0.020261024683713914,-0.01572921168990433
forest_frac_slope_2000_2025,lower,-0.012774916562546104,-0.019952269876375793,-0.015449089650064706
forest_frac_slope_2000_2025,lower,-0.012580278798451826,-0.019638722809031606,-0.015167607693001628
forest_frac_slope_2000_2025,lower,-0.012385641034357547,-0.019307416351512074,-0.01488827085122466
forest_frac_slope_2000_2025,lower,-0.012191003270263269,-0.018990161875262857,-0.01461932435631752
forest_frac_slope_2000_2025,lower,-0.01199636550616899,-0.01866926420480013,-0.014320226409472525
forest_frac_slope_2000_2025,lower,-0.011801727742074712,-0.01833020094782114,-0.01402864980045706
forest_frac_slope_2000_2025,lower,-0.011607089977980434,-0.018005831772461532,-0.013717444986104966
forest_frac_slope_2000_2025,lower,-0.011412452213886155,-0.017669878248125315,-0.013405638700351118
forest_frac_slope_2000_2025,lower,-0.011217814449791877,-0.017344056628644466,-0.013093458721414208
forest_frac_slope_2000_2025,lower,-0.011023176685697599,-0.017018041247501968,-0.012785230111330748
forest_frac_slope_2000_2025,lower,-0.01082853892160332,-0.016689153993502258,-0.01247653723694384
forest_frac_slope_2000_2025,lower,-0.010633901157509042,-0.016356538329273463,-0.01216692733578384
forest_frac_slope_2000_2025,lower,-0.010439263393414763,-0.016017912654206157,-0.011856811726465822
forest_frac_slope_2000_2025,lower,-0.010244625629320481,-0.015686204982921483,-0.01156075056642294
forest_frac_slope_2000_2025,lower,-0.010049987865226203,-0.015348029509186744,-0.011274256301112473
forest_frac_slope_2000_2025,lower,-0.009855350101131925,-0.015007308963686228,-0.010987622081302106
forest_frac_slope_2000_2025,lower,-0.009660712337037646,-0.014682197431102394,-0.01068853314500302
forest_frac_slope_2000_2025,lower,-0.009466074572943368,-0.01434872397221625,-0.010386463138274848
forest_frac_slope_2000_2025,lower,-0.00927143680884909,-0.014009612891823054,-0.010083239409141243
forest_frac_slope_2000_2025,lower,-0.009076799044754811,-0.013668464426882566,-0.009749002591706813
forest_frac_slope_2000_2025,lower,-0.008882161280660533,-0.013323129108175635,-0.009416494984179735
forest_frac_slope_2000_2025,lower,-0.008687523516566254,-0.012971209641546012,-0.009130843239836397
forest_frac_slope_2000_2025,lower,-0.008492885752471976,-0.012631397950462997,-0.008810577634721995
forest_frac_slope_2000_2025,lower,-0.008298247988377697,-0.012276791338808834,-0.008486271370202303
forest_frac_slope_2000_2025,lower,-0.008103610224283419,-0.011913429060950876,-0.008144717966206373
forest_frac_slope_2000_2025,lower,-0.00790897246018914,-0.011549847084097564,-0.007822808844503015
forest_frac_slope_2000_2025,lower,-0.007714334696094862,-0.011178618390113115,-0.007526886218693109
forest_frac_slope_2000_2025,lower,-0.007519696932000584,-0.010826184181496501,-0.007204119209200144
forest_frac_slope_2000_2025,lower,-0.007325059167906302,-0.010476687643676996,-0.006882208224851638
forest_frac_slope_2000_2025,lower,-0.007130421403812023,-0.010125086340121926,-0.0065504979807883505
forest_frac_slope_2000_2025,lower,-0.006935783639717745,-0.00977253969758749,-0.006223280157428236
forest_frac_slope_2000_2025,lower,-0.0067411458756234666,-0.009427105239592493,-0.005895736766979099
forest_frac_slope_2000_2025,lower,-0.006546508111529188,-0.009081171918660402,-0.005569310986902565
forest_frac_slope_2000_2025,lower,-0.00635187034743491,-0.008725191233679652,-0.0052424171124584975
forest_frac_slope_2000_2025,lower,-0.006157232583340631,-0.00837246235460043,-0.004922388889826834
forest_frac_slope_2000_2025,lower,-0.005962594819246353,-0.008037917921319604,-0.004606659617275
forest_frac_slope_2000_2025,lower,-0.0057679570551520745,-0.007687081838957966,-0.0042858108296059075
forest_frac_slope_2000_2025,lower,-0.005573319291057796,-0.007332650164607912,-0.003964651061687619
forest_frac_slope_2000_2025,lower,-0.005378681526963518,-0.006977213872596621,-0.00363137845415622
forest_frac_slope_2000_2025,lower,-0.005184043762869239,-0.006620828225277364,-0.003307168878382072
forest_frac_slope_2000_2025,lower,-0.004989405998774961,-0.0062635498587042095,-0.0029845029639545832
forest_frac_slope_2000_2025,lower,-0.0047947682346806825,-0.005919376062229276,-0.0026486541319172834
forest_frac_slope_2000_2025,lower,-0.004600130470586401,-0.005578829208388925,-0.00231225645984523
forest_frac_slope_2000_2025,lower,-0.004405492706492122,-0.005247433693148196,-0.0019709413929376754
forest_frac_slope_2000_2025,lower,-0.004210854942397844,-0.0048977241502143444,-0.0016551340842852374
forest_frac_slope_2000_2025,lower,-0.004016217178303565,-0.004530826618429273,-0.0013279103324748576
forest_frac_slope_2000_2025,lower,-0.003821579414209287,-0.004164494492579251,-0.0010097788253915505
forest_frac_slope_2000_2025,lower,-0.0036269416501150085,-0.0037991102377418428,-0.0006602132722036914
forest_frac_slope_2000_2025,lower,-0.00343230388602073,-0.0034532277029938993,-0.000346365857694765
forest_frac_slope_2000_2025,lower,-0.0032376661219264517,-0.0031136294070165603,-3.415725441300434e-05
forest_frac_slope_2000_2025,lower,-0.0030430283578321733,-0.002773259993409738,0.00029357491730479474
forest_frac_slope_2000_2025,lower,-0.002848390593737895,-0.002432573982514441,0.00065532854932826
forest_frac_slope_2000_2025,lower,-0.0026537528296436165,-0.002092156111029908,0.001016619682195596
forest_frac_slope_2000_2025,lower,-0.0024591150655493346,-0.001753493124851957,0.0013533386227209114
forest_frac_slope_2000_2025,lower,-0.002264477301455056,-0.0014149221504339948,0.0017096524388762184
forest_frac_slope_2000_2025,lower,-0.002069839537360778,-0.0010762727790279314,0.002058550744550302
forest_frac_slope_2000_2025,lower,-0.0018752017732664994,-0.0007384090422419831,0.0023838744207750995
forest_frac_slope_2000_2025,lower,-0.001680564009172221,-0.00038993645357550123,0.00274061732343398
forest_frac_slope_2000_2025,lower,-0.0014859262450779426,-3.743144252439376e-05,0.003081450151512399
forest_frac_slope_2000_2025,lower,-0.0012912884809836642,0.00032880775688681757,0.00342200820450671
forest_frac_slope_2000_2025,lower,-0.0010966507168893858,0.0006558062828844413,0.0037628857593517747
forest_frac_slope_2000_2025,lower,-0.0009020129527951073,0.0009773551806574689,0.004099296859931201
forest_frac_slope_2000_2025,lower,-0.0007073751887008289,0.001329489116324112,0.00442704283632338
forest_frac_slope_2000_2025,lower,-0.0005127374246065505,0.0016762175626354294,0.004753362713381648
forest_frac_slope_2000_2025,lower,-0.0003180996605122721,0.001995596510823816,0.005099378700833767
forest_frac_slope_2000_2025,lower,-0.0001234618964179937,0.002335562300868332,0.005450909142382442
forest_frac_slope_2000_2025,lower,7.11758676762847e-05,0.002676908450666815,0.005813182366546243
forest_frac_slope_2000_2025,lower,0.0002658136317705631,0.003015897690784186,0.006169520376715809
forest_frac_slope_2000_2025,lower,0.0004604513958648415,0.0033559514209628104,0.006506066396832466
forest_frac_slope_2000_2025,lower,0.0006550891599591199,0.00369261956657283,0.0068499638698995115
forest_frac_slope_2000_2025,lower,0.0008497269240533983,0.0040223782998509705,0.007173101149965077
forest_frac_slope_2000_2025,lower,0.0010443646881476767,0.004357560956850648,0.0074913627118803556
forest_frac_slope_2000_2025,lower,0.0012390024522419552,0.004684234911110252,0.007804133766330779
forest_frac_slope_2000_2025,lower,0.0014336402163362336,0.005013218754902482,0.008121598442085086
forest_frac_slope_2000_2025,lower,0.001628277980430512,0.00532931589987129,0.00842684677336365
forest_frac_slope_2000_2025,lower,0.0018229157445247904,0.005642709182575345,0.008743451489135622
forest_frac_slope_2000_2025,lower,0.002017553508619069,0.005957114463672042,0.009075520979240536
forest_frac_slope_2000_2025,lower,0.002212191272713354,0.006276023876853287,0.00942095280624926
forest_frac_slope_2000_2025,lower,0.0024068290368076325,0.006607216130942106,0.00976140252314508
forest_frac_slope_2000_2025,lower,0.002601466800901911,0.006926634814590216,0.01007544295862317
forest_frac_slope_2000_2025,lower,0.0027961045649961894,0.007243016560096294,0.01038733934983611
forest_frac_slope_2000_2025,lower,0.0029907423290904678,0.007558562397025526,0.010697174770757555
forest_frac_slope_2000_2025,lower,0.003185380093184746,0.007872355752624571,0.011042459635064006
forest_frac_slope_2000_2025,lower,0.0033800178572790246,0.008181152632459998,0.011364321038126944
forest_frac_slope_2000_2025,lower,0.003574655621373303,0.00847697495482862,0.011683976696804165
forest_frac_slope_2000_2025,lower,0.0037692933854675814,0.00878121464047581,0.012001754273660481
forest_frac_slope_2000_2025,lower,0.00396393114956186,0.009058529394678771,0.012310762470588089
forest_frac_slope_2000_2025,lower,0.004158568913656138,0.009357305383309722,0.012615551450289786
forest_frac_slope_2000_2025,lower,0.004353206677750417,0.009659641655161977,0.012919735186733304
forest_frac_slope_2000_2025,lower,0.004547844441844695,0.009971138904802501,0.013221399742178619
forest_frac_slope_2000_2025,lower,0.0047424822059389735,0.01027581247035414,0.013539535808376968
forest_frac_slope_2000_2025,lower,0.004937119970033252,0.01057919671293348,0.013835042109712958
forest_frac_slope_2000_2025,lower,0.00513175773412753,0.010874182730913163,0.014125713426619767
forest_frac_slope_2000_2025,lower,0.005326395498221809,0.01117256940342486,0.014413302112370728
forest_frac_slope_2000_2025,lower,0.005521033262316087,0.011463966709561646,0.014719445491209626
forest_frac_slope_2000_2025,lower,0.0057156710264103655,0.011757303890772165,0.015002105804160237
forest_frac_slope_2000_2025,lower,0.005910308790504644,0.012058815360069275,0.015268189948983489
forest_frac_slope_2000_2025,lower,0.006104946554598922,0.012346075917594134,0.015561283286660909
forest_frac_slope_2000_2025,lower,0.006299584318693201,0.012635749462060631,0.015854458790272474
forest_frac_slope_2000_2025,lower,0.006494222082787479,0.012908255378715695,0.016132078832015395
forest_frac_slope_2000_2025,lower,0.0066888598468817576,0.013179674535058439,0.016391819482669233
forest_frac_slope_2000_2025,lower,0.006883497610976036,0.013454060745425522,0.016678975010290743
forest_frac_slope_2000_2025,lower,0.007078135375070314,0.013722243648953737,0.016940648108720778
forest_frac_slope_2000_2025,lower,0.007272773139164593,0.013981597311794759,0.017212640028446913
forest_frac_slope_2000_2025,lower,0.007467410903258871,0.014242956647649407,0.017496435809880494
forest_frac_slope_2000_2025,lower,0.00766204866735315,0.014502787357196211,0.017789228213950993
forest_frac_slope_2000_2025,lower,0.007856686431447435,0.014775159419514239,0.0180713368114084
forest_frac_slope_2000_2025,lower,0.008051324195541713,0.015054400684311986,0.018345313612371683
forest_frac_slope_2000_2025,lower,0.008245961959635992,0.015312461834400892,0.018629397498443723
forest_frac_slope_2000_2025,lower,0.00844059972373027,0.015587163902819157,0.018901276169344783
forest_frac_slope_2000_2025,lower,0.008635237487824549,0.015841981535777448,0.019163230154663324
forest_frac_slope_2000_2025,lower,0.008829875251918827,0.01610486479476094,0.01941847619600594
forest_frac_slope_2000_2025,lower,0.009024513016013105,0.016345896013081073,0.019649568712338805
forest_frac_slope_2000_2025,lower,0.009219150780107384,0.016581691382452846,0.01990049039013684
forest_frac_slope_2000_2025,lower,0.009413788544201662,0.016815436817705632,0.020148046454414724
forest_frac_slope_2000_2025,lower,0.00960842630829594,0.017052321694791317,0.02039219355210662
forest_frac_slope_2000_2025,lower,0.009803064072390219,0.01728810081258416,0.020630911039188505
forest_frac_slope_2000_2025,lower,0.009997701836484497,0.017509397119283676,0.020858060382306576
forest_frac_slope_2000_2025,lower,0.010192339600578776,0.01773076569661498,0.02109762136824429
forest_frac_slope_2000_2025,lower,0.010386977364673054,0.017966773780062794,0.021321506844833492
forest_frac_slope_2000_2025,lower,0.010581615128767333,0.018198490468785168,0.02156126666814089
forest_frac_slope_2000_2025,lower,0.010776252892861611,0.018442995101213455,0.02178467605262995
forest_frac_slope_2000_2025,lower,0.01097089065695589,0.0186637750826776,0.022022421285510064
forest_frac_slope_2000_2025,lower,0.011165528421050168,0.01888640457764268,0.022262765979394316
forest_frac_slope_2000_2025,lower,0.011360166185144446,0.019096610136330128,0.02250004601664841
forest_frac_slope_2000_2025,lower,0.011554803949238725,0.01930385883897543,0.02270817761309445
forest_frac_slope_2000_2025,lower,0.011749441713333003,0.01953686042688787,0.022912300657480955
forest_frac_slope_2000_2025,lower,0.011944079477427282,0.019733831426128744,0.023138218000531195
forest_frac_slope_2000_2025,lower,0.01213871724152156,0.019951057573780417,0.02334894584491849
forest_frac_slope_2000_2025,lower,0.012333355005615838,0.020149570424109697,0.02353634927421808
forest_frac_slope_2000_2025,lower,0.012527992769710117,0.020345035567879678,0.023719983315095304
forest_frac_slope_2000_2025,lower,0.012722630533804395,0.02054091850295663,0.023899483447894453
forest_frac_slope_2000_2025,lower,0.012917268297898674,0.020748118963092567,0.024091429309919477
forest_frac_slope_2000_2025,lower,0.013111906061992952,0.020916051231324673,0.024280944233760236
forest_frac_slope_2000_2025,lower,0.013306543826087237,0.021096652979031204,0.024445570912212132
forest_frac_slope_2000_2025,lower,0.013501181590181516,0.021255272161215543,0.024640407040715216
forest_frac_slope_2000_2025,lower,0.013695819354275794,0.021410368848592043,0.024829030968248844
forest_frac_slope_2000_2025,lower,0.013890457118370073,0.021572502236813305,0.024982927041128276
forest_frac_slope_2000_2025,lower,0.014085094882464351,0.021744512347504498,0.0251637804787606
forest_frac_slope_2000_2025,lower,0.01427973264655863,0.02188449800014496,0.02534148362465203
forest_frac_slope_2000_2025,lower,0.014474370410652908,0.022042360994964837,0.025500943651422858
forest_frac_slope_2000_2025,lower,0.014669008174747186,0.022183664608746767,0.025658602360635996
forest_frac_slope_2000_2025,lower,0.014863645938841465,0.022296974109485744,0.025819060625508428
forest_frac_slope_2000_2025,lower,0.015058283702935743,0.022432374581694604,0.025985054019838572
forest_frac_slope_2000_2025,lower,0.015252921467030021,0.022550438810139895,0.02615917124785483
forest_frac_slope_2000_2025,lower,0.0154475592311243,0.022666494036093353,0.026315684244036675
forest_frac_slope_2000_2025,lower,0.015642196995218578,0.022775138914585113,0.02646876578219235
forest_frac_slope_2000_2025,lower,0.015836834759312857,0.02287322343327105,0.0266125307418406
forest_frac_slope_2000_2025,lower,0.016031472523407135,0.022955720778554678,0.02676102127879858
forest_frac_slope_2000_2025,lower,0.016226110287501413,0.023041797103360295,0.02689785505644977
forest_frac_slope_2000_2025,lower,0.016420748051595692,0.023144166078418495,0.027035272913053632
forest_frac_slope_2000_2025,lower,0.01661538581568997,0.023225715197622777,0.027188748214393852
forest_frac_slope_2000_2025,lower,0.01681002357978425,0.023304564226418734,0.027347141038626434
forest_frac_slope_2000_2025,lower,0.017004661343878527,0.0233708503190428,0.027524957433342934
forest_frac_slope_2000_2025,lower,0.017199299107972806,0.02342612058855593,0.02766615739092231
forest_frac_slope_2000_2025,lower,0.017393936872067084,0.023469702573493123,0.0277945542242378
forest_frac_slope_2000_2025,lower,0.017588574636161362,0.023514720052480696,0.02791012292727828
forest_frac_slope_2000_2025,lower,0.01778321240025564,0.02355160261504352,0.02801254568621516
forest_frac_slope_2000_2025,lower,0.01797785016434992,0.023555076867341995,0.028122302051633595
forest_frac_slope_2000_2025,lower,0.018172487928444198,0.023612678283825517,0.02825726484879851
forest_frac_slope_2000_2025,lower,0.018367125692538476,0.023638477688655256,0.02838818305172026
forest_frac_slope_2000_2025,lower,0.018561763456632754,0.02365729180164635,0.028497321996837854
forest_frac_slope_2000_2025,lower,0.018756401220727033,0.023672054428607224,0.028578655794262886
forest_frac_slope_2000_2025,lower,0.018951038984821318,0.023683221358805896,0.02871332112699747
forest_frac_slope_2000_2025,lower,0.019145676748915597,0.023686209600418805,0.028808122826740144
forest_frac_slope_2000_2025,lower,0.019340314513009875,0.02365178046748042,0.028932475578039886
forest_frac_slope_2000_2025,lower,0.019534952277104153,0.02364808046258986,0.029021018603816628
forest_frac_slope_2000_2025,lower,0.019729590041198432,0.023621792253106833,0.02910472988151014
forest_frac_slope_2000_2025,lower,0.01992422780529271,0.023555103735998274,0.029197217524051668
forest_frac_slope_2000_2025,lower,0.02011886556938699,0.023482085065916182,0.029299923125654458
forest_frac_slope_2000_2025,lower,0.020313503333481267,0.0233818372245878,0.029412832483649252
forest_frac_slope_2000_2025,lower,0.020508141097575545,0.023266434809193014,0.029526275722309946
forest_frac_slope_2000_2025,lower,0.020702778861669824,0.02315446506254375,0.029636051692068576
forest_frac_slope_2000_2025,lower,0.020897416625764102,0.02305507273413241,0.029728365316987037
forest_frac_slope_2000_2025,lower,0.02109205438985838,0.02295122272334993,0.029815152194350956
forest_frac_slope_2000_2025,lower,0.02128669215395266,0.02288236003369093,0.029925654735416175
forest_frac_slope_2000_2025,lower,0.021481329918046937,0.02279030797071755,0.03002989417873323
forest_frac_slope_2000_2025,lower,0.021675967682141216,0.022665690118446945,0.030128723941743374
forest_frac_slope_2000_2025,lower,0.021870605446235494,0.022503960691392422,0.030177885200828314
forest_frac_slope_2000_2025,lower,0.022065243210329773,0.02231986145488918,0.030300293955951928
forest_frac_slope_2000_2025,lower,0.02225988097442405,0.022177728358656168,0.03038058094680309
forest_frac_slope_2000_2025,lower,0.02245451873851833,0.022039523534476756,0.030456310790032148
forest_frac_slope_2000_2025,lower,0.022649156502612608,0.02187643777579069,0.030523515958338975
forest_frac_slope_2000_2025,lower,0.022843794266706886,0.02168488469906151,0.030596336536109447
forest_frac_slope_2000_2025,lower,0.023038432030801165,0.02150632902048528,0.030661045713350175
forest_frac_slope_2000_2025,lower,0.023233069794895443,0.02132224221713841,0.030723343323916196
forest_frac_slope_2000_2025,lower,0.02342770755898972,0.021132712345570327,0.030780734773725272
forest_frac_slope_2000_2025,lower,0.023622345323084,0.02092950199730694,0.03082906291820109
forest_frac_slope_2000_2025,lower,0.02381698308717828,0.02068929011002183,0.030864220252260564
forest_frac_slope_2000_2025,lower,0.024011620851272557,0.02050596377812326,0.030886129289865494
forest_frac_slope_2000_2025,lower,0.024206258615366835,0.02028336483053863,0.030909265857189894
forest_frac_slope_2000_2025,lower,0.02440089637946112,0.020052542584016918,0.03095340756699443
forest_frac_slope_2000_2025,lower,0.0245955341435554,0.0198131940793246,0.030992587702348827
built_frac_slope_2000_2025,upper,-0.0045547669409690995,0.03549801493063569,0.046811644174158576
built_frac_slope_2000_2025,upper,-0.004445012862087527,0.03554095039144158,0.04652023240923882
built_frac_slope_2000_2025,upper,-0.004335258783205955,0.035515335761010645,0.046229024045169355
built_frac_slope_2000_2025,upper,-0.004225504704324383,0.03550348170101643,0.04593986235558987
built_frac_slope_2000_2025,upper,-0.004115750625442811,0.03548249220475554,0.04564341586083174
built_frac_slope_2000_2025,upper,-0.0040059965465612385,0.03544968161731958,0.045263153966516256
built_frac_slope_2000_2025,upper,-0.0038962424676796665,0.03543969104066491,0.04497808096930384
built_frac_slope_2000_2025,upper,-0.0037864883887980946,0.0354116328060627,0.044694112986326216
built_frac_slope_2000_2025,upper,-0.003676734309916522,0.03533001327887177,0.044411250017583365
built_frac_slope_2000_2025,upper,-0.00356698023103495,0.035307674761861564,0.04413918638601899
built_frac_slope_2000_2025,upper,-0.003457226152153378,0.035266182571649554,0.04387769317254424
built_frac_slope_2000_2025,upper,-0.003347472073271806,0.03521883506327868,0.043616855330765245
built_frac_slope_2000_2025,upper,-0.0032377179943902335,0.03518031388521194,0.04333433490246534
built_frac_slope_2000_2025,upper,-0.003127963915508661,0.03512119753286243,0.04309121267870068
built_frac_slope_2000_2025,upper,-0.0030182098366270892,0.03504847185686231,0.04281206727027893
built_frac_slope_2000_2025,upper,-0.0029084557577455173,0.034981431905180216,0.04253342486917972
built_frac_slope_2000_2025,upper,-0.002798701678863945,0.03489604163914919,0.04225487476214766
built_frac_slope_2000_2025,upper,-0.0026889475999823725,0.03481734301894903,0.04197309259325266
built_frac_slope_2000_2025,upper,-0.0025791935211008006,0.0347385217435658,0.041701477486640215
built_frac_slope_2000_2025,upper,-0.0024694394422192286,0.03465479984879494,0.041425992548465726
built_frac_slope_2000_2025,upper,-0.0023596853633376562,0.03457096107304096,0.041158987767994405
built_frac_slope_2000_2025,upper,-0.002249931284456084,0.034491812065243724,0.040917851682752374
built_frac_slope_2000_2025,upper,-0.002140177205574512,0.03445777716115117,0.0406771625392139
built_frac_slope_2000_2025,upper,-0.00203042312669294,0.03433663183823228,0.04043713109567761
built_frac_slope_2000_2025,upper,-0.0019206690478113676,0.03425506092607975,0.04019000362604856
built_frac_slope_2000_2025,upper,-0.0018109149689297952,0.03417133893817663,0.03992439657449722
built_frac_slope_2000_2025,upper,-0.0017011608900482232,0.03411528989672661,0.03969767345115542
built_frac_slope_2000_2025,upper,-0.0015914068111666513,0.03400316471233964,0.03946818085387349
built_frac_slope_2000_2025,upper,-0.001481652732285079,0.03388809086754918,0.039232399221509694
built_frac_slope_2000_2025,upper,-0.0013718986534035065,0.03377599203959107,0.03899290151894093
built_frac_slope_2000_2025,upper,-0.0012621445745219346,0.033638093434274194,0.03878431869670749
built_frac_slope_2000_2025,upper,-0.0011523904956403626,0.0334918818436563,0.03856455646455288
built_frac_slope_2000_2025,upper,-0.0010426364167587902,0.03335092887282372,0.03833561083301902
built_frac_slope_2000_2025,upper,-0.0009328823378772179,0.03320232732221484,0.038093510922044514
built_frac_slope_2000_2025,upper,-0.0008231282589956459,0.03306909529492259,0.037890846654772756
built_frac_slope_2000_2025,upper,-0.000713374180114074,0.032926189806312324,0.03768514813855291
built_frac_slope_2000_2025,upper,-0.0006036201012325016,0.03278348706662655,0.03744206372648477
built_frac_slope_2000_2025,upper,-0.0004938660223509292,0.03264070888981223,0.03730284282937646
built_frac_slope_2000_2025,upper,-0.0003841119434693577,0.03250681925565004,0.03717158045619726
built_frac_slope_2000_2025,upper,-0.0002743578645877853,0.03236268097534776,0.03696620827540755
built_frac_slope_2000_2025,upper,-0.0001646037857062129,0.0322197531349957,0.036817362811416385
built_frac_slope_2000_2025,upper,-5.484970682464053e-05,0.03207090478390455,0.0366474068723619
built_frac_slope_2000_2025,upper,5.4904372056931855e-05,0.03193138893693685,0.036484228912740946
built_frac_slope_2000_2025,upper,0.00016465845093850337,0.031789539474993946,0.036323717702180146
built_frac_slope_2000_2025,upper,0.00027441252982007575,0.031624825485050675,0.036174931935966013
built_frac_slope_2000_2025,upper,0.00038416660870164814,0.03146643731743097,0.03603179836645722
built_frac_slope_2000_2025,upper,0.0004939206875832197,0.03131059408187866,0.03589646201580763
built_frac_slope_2000_2025,upper,0.000603674766464792,0.031182008562609553,0.03575930977240205
built_frac_slope_2000_2025,upper,0.0007134288453463644,0.03102840161882341,0.03561239056289196
built_frac_slope_2000_2025,upper,0.0008231829242279368,0.03086533583700657,0.03546504713594913
built_frac_slope_2000_2025,upper,0.0009329370031095092,0.030716557521373034,0.03532028300687671
built_frac_slope_2000_2025,upper,0.0010426910819910807,0.030543113686144353,0.035173673648387194
built_frac_slope_2000_2025,upper,0.001152445160872653,0.03039686190895736,0.03502496248111129
built_frac_slope_2000_2025,upper,0.0012621992397542255,0.030219309125095607,0.034883453883230685
built_frac_slope_2000_2025,upper,0.001371953318635797,0.03007649495266378,0.0347443531267345
built_frac_slope_2000_2025,upper,0.0014817073975173694,0.029910494480282067,0.03456832291558385
built_frac_slope_2000_2025,upper,0.0015914614763989417,0.02973911087028682,0.03441234501078725
built_frac_slope_2000_2025,upper,0.0017012155552805141,0.02956187054514885,0.03427296597510576
built_frac_slope_2000_2025,upper,0.0018109696341620865,0.029398661386221648,0.03413585899397731
built_frac_slope_2000_2025,upper,0.001920723713043658,0.029235872067511083,0.03397902175784111
built_frac_slope_2000_2025,upper,0.0020304777919252304,0.029033528175204992,0.033820624649524685
built_frac_slope_2000_2025,upper,0.002140231870806803,0.028852859092876316,0.03366837967187166
built_frac_slope_2000_2025,upper,0.0022499859496883743,0.028673027595505118,0.033527325838804245
built_frac_slope_2000_2025,upper,0.0023597400285699467,0.028531328309327364,0.03333497839048505
built_frac_slope_2000_2025,upper,0.002469494107451519,0.028406134340912104,0.03317936640232801
built_frac_slope_2000_2025,upper,0.0025792481863330914,0.028264156309887767,0.03303423086181283
built_frac_slope_2000_2025,upper,0.002689002265214664,0.028075443441048266,0.03287619585171342
built_frac_slope_2000_2025,upper,0.0027987563440962353,0.027915701270103455,0.03271037256345153
built_frac_slope_2000_2025,upper,0.0029085104229778077,0.02771854759193957,0.03258271152153611
built_frac_slope_2000_2025,upper,0.00301826450185938,0.027478565601631998,0.032430356927216054
built_frac_slope_2000_2025,upper,0.0031280185807409516,0.027338237781077624,0.03229955462738871
built_frac_slope_2000_2025,upper,0.003237772659622524,0.027219304488971828,0.03216754039749503
built_frac_slope_2000_2025,upper,0.0033475267385040964,0.027101566549390554,0.032026158086955546
built_frac_slope_2000_2025,upper,0.003457280817385668,0.026942487759515642,0.0318576842546463
built_frac_slope_2000_2025,upper,0.003567034896267241,0.026802919618785382,0.03170815827324987
built_frac_slope_2000_2025,upper,0.0036767889751488127,0.0266555548645556,0.03154617343097925
built_frac_slope_2000_2025,upper,0.003786543054030384,0.02646755720488727,0.031383015867322686
built_frac_slope_2000_2025,upper,0.0038962971329119574,0.02628021165728569,0.03124253237619996
built_frac_slope_2000_2025,upper,0.004006051211793529,0.026097368262708188,0.031093838205561043
built_frac_slope_2000_2025,upper,0.004115805290675102,0.025920754112303258,0.030931176198646427
built_frac_slope_2000_2025,upper,0.004225559369556674,0.025737336138263345,0.030799615662544966
built_frac_slope_2000_2025,upper,0.004335313448438245,0.02555946623906493,0.030650852993130685
built_frac_slope_2000_2025,upper,0.0044450675273198185,0.025368054676800967,0.030485481116920708
built_frac_slope_2000_2025,upper,0.00455482160620139,0.02518563559278846,0.030312062753364444
built_frac_slope_2000_2025,upper,0.004664575685082963,0.024994854349642992,0.030141118448227644
built_frac_slope_2000_2025,upper,0.004774329763964535,0.024804853508248924,0.029995007906109095
built_frac_slope_2000_2025,upper,0.004884083842846106,0.024621840147301555,0.02982282917946577
built_frac_slope_2000_2025,upper,0.0049938379217276795,0.02445737663656473,0.029668392799794673
built_frac_slope_2000_2025,upper,0.005103592000609251,0.02429281296208501,0.029496777476742862
built_frac_slope_2000_2025,upper,0.0052133460794908226,0.02411655243486166,0.029357068706303835
built_frac_slope_2000_2025,upper,0.005323100158372396,0.023942203307524324,0.029193897265940905
built_frac_slope_2000_2025,upper,0.005432854237253967,0.02378320344723761,0.02904470288194716
built_frac_slope_2000_2025,upper,0.005542608316135539,0.023604093957692383,0.02890820545144379
built_frac_slope_2000_2025,upper,0.005652362395017112,0.023438217816874385,0.028756331838667392
built_frac_slope_2000_2025,upper,0.005762116473898684,0.02326162881217897,0.028614932810887693
built_frac_slope_2000_2025,upper,0.005871870552780257,0.023089615954086186,0.02847251365892589
built_frac_slope_2000_2025,upper,0.005981624631661828,0.022913765674456955,0.028303504129871725
built_frac_slope_2000_2025,upper,0.0060913787105434,0.02273545544594526,0.028125888714566828
built_frac_slope_2000_2025,upper,0.006201132789424973,0.02256009727716446,0.027968117408454417
built_frac_slope_2000_2025,upper,0.006310886868306545,0.02239905479364097,0.02783378781750798
built_frac_slope_2000_2025,upper,0.006420640947188118,0.022227950114756822,0.027688795002177358
built_frac_slope_2000_2025,upper,0.006530395026069689,0.022057458432391285,0.02754753427579999
built_frac_slope_2000_2025,upper,0.006640149104951261,0.021887579699978232,0.027424257481470704
built_frac_slope_2000_2025,upper,0.006749903183832834,0.021717429533600806,0.027298085996881126
built_frac_slope_2000_2025,upper,0.006859657262714406,0.021549664810299872,0.0271646938752383
built_frac_slope_2000_2025,upper,0.006969411341595977,0.021381907071918248,0.02703093155287206
built_frac_slope_2000_2025,upper,0.0070791654204775505,0.021214717673137783,0.026885885605588557
built_frac_slope_2000_2025,upper,0.007188919499359122,0.021033505722880364,0.02673339084722102
built_frac_slope_2000_2025,upper,0.0072986735782406935,0.020846728002652526,0.02659104289487004
built_frac_slope_2000_2025,upper,0.007408427657122267,0.020653108973056077,0.026440954813733698
built_frac_slope_2000_2025,upper,0.007518181736003838,0.02047089347615838,0.026275071827694774
built_frac_slope_2000_2025,upper,0.0076279358148854115,0.020292255189269783,0.026088062161579727
built_frac_slope_2000_2025,upper,0.007737689893766983,0.020127168856561184,0.025941554550081493
built_frac_slope_2000_2025,upper,0.007847443972648555,0.019930384727194904,0.0257574507035315
built_frac_slope_2000_2025,upper,0.007957198051530128,0.019796846341341733,0.025599052011966706
built_frac_slope_2000_2025,upper,0.0080669521304117,0.019611532939597963,0.025437725614756344
built_frac_slope_2000_2025,upper,0.008176706209293273,0.019461724208667874,0.0252853796351701
built_frac_slope_2000_2025,upper,0.008286460288174844,0.019301879778504373,0.025156717654317616
built_frac_slope_2000_2025,upper,0.008396214367056416,0.019122289214283227,0.025012851972132922
built_frac_slope_2000_2025,upper,0.008505968445937989,0.01890811403281987,0.0248561411164701
built_frac_slope_2000_2025,upper,0.00861572252481956,0.0187551393173635,0.02472066110931337
built_frac_slope_2000_2025,upper,0.008725476603701132,0.018585227616131305,0.02458496419712901
built_frac_slope_2000_2025,upper,0.008835230682582705,0.018409395776689052,0.024449061369523406
built_frac_slope_2000_2025,upper,0.008944984761464277,0.018234716448932885,0.02431155452504754
built_frac_slope_2000_2025,upper,0.009054738840345848,0.018059215927496552,0.024174435716122388
built_frac_slope_2000_2025,upper,0.009164492919227421,0.017884251847863197,0.024052310967817903
built_frac_slope_2000_2025,upper,0.009274246998108993,0.017693762248381973,0.023928170558065176
built_frac_slope_2000_2025,upper,0.009384001076990566,0.017500777123495938,0.02377869808115065
built_frac_slope_2000_2025,upper,0.009493755155872138,0.01734310304746032,0.023637143010273576
built_frac_slope_2000_2025,upper,0.00960350923475371,0.017154931277036666,0.02351665236055851
built_frac_slope_2000_2025,upper,0.009713263313635282,0.017007202049717306,0.023395640682429074
built_frac_slope_2000_2025,upper,0.009823017392516854,0.016835242323577405,0.023273263964802025
built_frac_slope_2000_2025,upper,0.009932771471398427,0.0166630900464952,0.023144432995468377
built_frac_slope_2000_2025,upper,0.010042525550279999,0.01646463805809617,0.023017511377111076
built_frac_slope_2000_2025,upper,0.01015227962916157,0.01621530670672655,0.022898568818345667
built_frac_slope_2000_2025,upper,0.010262033708043143,0.015994046023115514,0.022779712546616794
built_frac_slope_2000_2025,upper,0.010371787786924715,0.01582606523297727,0.02265725117176771
built_frac_slope_2000_2025,upper,0.010481541865806287,0.015647804411128164,0.02253298447467387
built_frac_slope_2000_2025,upper,0.01059129594468786,0.01548726020846516,0.02239828505553305
built_frac_slope_2000_2025,upper,0.010701050023569431,0.015326136932708323,0.022251588152721522
built_frac_slope_2000_2025,upper,0.010810804102451003,0.015132164419628679,0.022133362432941794
built_frac_slope_2000_2025,upper,0.010920558181332576,0.014915881864726543,0.02198876505717635
built_frac_slope_2000_2025,upper,0.011030312260214148,0.014708955073729157,0.021860157093033194
built_frac_slope_2000_2025,upper,0.01114006633909572,0.01455013924278319,0.021734362514689565
built_frac_slope_2000_2025,upper,0.011249820417977292,0.014393306314013898,0.021608742699027062
built_frac_slope_2000_2025,upper,0.011359574496858864,0.014234488666988909,0.021448732074350118
built_frac_slope_2000_2025,upper,0.011469328575740435,0.014076799037866294,0.021306038880720732
built_frac_slope_2000_2025,upper,0.01157908265462201,0.013879124517552554,0.021187138743698597
built_frac_slope_2000_2025,upper,0.011688836733503582,0.01371904572006315,0.021068466547876596
built_frac_slope_2000_2025,upper,0.011798590812385153,0.01357376945670694,0.02094978541135788
built_frac_slope_2000_2025,upper,0.011908344891266725,0.01343068527057767,0.0208006389439106
built_frac_slope_2000_2025,upper,0.012018098970148296,0.013265202473849057,0.020681840507313608
built_frac_slope_2000_2025,upper,0.012127853049029868,0.013042184594087302,0.02053193221800029
built_frac_slope_2000_2025,upper,0.012237607127911443,0.0128730223281309,0.020379306003451347
built_frac_slope_2000_2025,upper,0.012347361206793014,0.012676593963988125,0.02022655070759356
built_frac_slope_2000_2025,upper,0.012457115285674586,0.0124827352585271,0.020073666563257573
built_frac_slope_2000_2025,upper,0.012566869364556157,0.012313810619525611,0.01993825938552618
built_frac_slope_2000_2025,upper,0.012676623443437729,0.012130005471408366,0.019801360601559282
built_frac_slope_2000_2025,upper,0.012786377522319304,0.011979106557555496,0.01968145165592432
built_frac_slope_2000_2025,upper,0.012896131601200875,0.01180875503923744,0.019547943538054825
built_frac_slope_2000_2025,upper,0.013005885680082447,0.011598141491413116,0.019426465732976794
built_frac_slope_2000_2025,upper,0.013115639758964018,0.011388402315787971,0.019303561095148324
built_frac_slope_2000_2025,upper,0.01322539383784559,0.011179559747688472,0.019190351106226446
built_frac_slope_2000_2025,upper,0.013335147916727165,0.01097165928222239,0.019068144029006362
built_frac_slope_2000_2025,upper,0.013444901995608737,0.010789828980341554,0.01896270802244544
built_frac_slope_2000_2025,upper,0.013554656074490308,0.010598730202764273,0.01885132985189557
built_frac_slope_2000_2025,upper,0.01366441015337188,0.010467701684683561,0.018735433788970114
built_frac_slope_2000_2025,upper,0.013774164232253451,0.010289509524591267,0.01861414834856987
built_frac_slope_2000_2025,upper,0.013883918311135026,0.010170790320262312,0.01847750721499324
built_frac_slope_2000_2025,upper,0.013993672390016598,0.009992009913548826,0.018340685358271002
built_frac_slope_2000_2025,upper,0.014103426468898169,0.009840632416307926,0.01820309101603925
built_frac_slope_2000_2025,upper,0.01421318054777974,0.009650569874793291,0.01806504880078137
built_frac_slope_2000_2025,upper,0.014322934626661312,0.009421154484152794,0.017926079547032715
built_frac_slope_2000_2025,upper,0.014432688705542884,0.009192798333242536,0.017787383031100036
built_frac_slope_2000_2025,upper,0.014542442784424459,0.008967183949425816,0.017648130282759668
built_frac_slope_2000_2025,upper,0.01465219686330603,0.008780020382255315,0.017508381931111216
built_frac_slope_2000_2025,upper,0.014761950942187602,0.008595430688001216,0.017368245497345926
built_frac_slope_2000_2025,upper,0.014871705021069173,0.00843279145192355,0.017225199565291404
built_frac_slope_2000_2025,upper,0.014981459099950745,0.008240888570435345,0.017082045879215003
built_frac_slope_2000_2025,upper,0.01509121317883232,0.008089023898355663,0.016946224868297576
built_frac_slope_2000_2025,upper,0.015200967257713891,0.007938697980716825,0.016805235389620064
built_frac_slope_2000_2025,upper,0.015310721336595463,0.007789932645391673,0.016694617876783013
built_frac_slope_2000_2025,upper,0.015420475415477034,0.007624410523567349,0.016570943361148237
built_frac_slope_2000_2025,upper,0.015530229494358606,0.00742486173985526,0.016431482462212443
built_frac_slope_2000_2025,upper,0.015639983573240177,0.007309761014766991,0.016291720326989886
built_frac_slope_2000_2025,upper,0.015749737652121752,0.0072112224297598004,0.016151653276756404
built_frac_slope_2000_2025,upper,0.015859491731003324,0.0070089988526888195,0.016036659153178333
built_frac_slope_2000_2025,upper,0.015969245809884895,0.0068067223066464065,0.01592382295057177
built_frac_slope_2000_2025,upper,0.016078999888766467,0.006601814611349255,0.015811127889901397
built_frac_slope_2000_2025,upper,0.016188753967648038,0.006399402802344412,0.01569857224822044
built_frac_slope_2000_2025,upper,0.016298508046529613,0.006322274392005056,0.015586158703081308
built_frac_slope_2000_2025,upper,0.016408262125411185,0.006124326644930989,0.015473885438404975
built_frac_slope_2000_2025,upper,0.016518016204292756,0.005949442752171308,0.015361752477474507
built_frac_slope_2000_2025,upper,0.016627770283174328,0.0058502906933426855,0.015248515550047158
built_frac_slope_2000_2025,upper,0.0167375243620559,0.0057398727280087766,0.015135336155071854
built_frac_slope_2000_2025,upper,0.016847278440937474,0.005595227156300098,0.015024221269413829
built_frac_slope_2000_2025,upper,0.016957032519819046,0.005422703304793686,0.014913156325928866
built_frac_slope_2000_2025,upper,0.017066786598700617,0.005247648130171001,0.014801184344105421
built_frac_slope_2000_2025,upper,0.01717654067758219,0.005069660965818912,0.014698171545751393
built_frac_slope_2000_2025,upper,0.01728629475646376,0.004893192008603364,0.014580403058789668
built_frac_slope_2000_2025,upper,0.017396048835345335,0.004729541367851198,0.014469598699361083
built_frac_slope_2000_2025,upper,0.017505802914226907,0.004557384911458939,0.01435856537427753
built_frac_slope_2000_2025,upper,0.01761555699310848,0.004402644373476506,0.014247670536860822
built_frac_slope_2000_2025,upper,0.01772531107199005,0.004247014643624425,0.014135301043279468
built_frac_slope_2000_2025,upper,0.01783506515087162,0.004085197020322085,0.014026293670758604
built_frac_slope_2000_2025,upper,0.017944819229753193,0.0039155648730229585,0.01398053343873471
built_frac_slope_2000_2025,upper,0.018054573308634768,0.003699558915104717,0.013862905837595462
built_frac_slope_2000_2025,upper,0.01816432738751634,0.0035515286203008146,0.013788161776028573
built_frac_slope_2000_2025,upper,0.01827408146639791,0.0034129964478779584,0.013690341846086083
built_frac_slope_2000_2025,upper,0.018383835545279482,0.0032762369024567305,0.013580141239799557
built_frac_slope_2000_2025,upper,0.018493589624161054,0.0031412707758136094,0.013470135862007735
built_frac_slope_2000_2025,upper,0.01860334370304263,0.002987089793896303,0.013360325689427554
built_frac_slope_2000_2025,upper,0.0187130977819242,0.0027567678305786105,0.0132737104780972
built_frac_slope_2000_2025,upper,0.018822851860805772,0.002620007534278557,0.013141291937790811
built_frac_slope_2000_2025,upper,0.018932605939687343,0.002485624991822988,0.01303206835873425
built_frac_slope_2000_2025,upper,0.019042360018568915,0.002351389196701348,0.012921890686266124
built_frac_slope_2000_2025,upper,0.019152114097450487,0.0022013777925167233,0.012804574496112763
built_frac_slope_2000_2025,upper,0.01926186817633206,0.0020490847586188466,0.012781169498339294
built_frac_slope_2000_2025,upper,0.019371622255213633,0.0018512975017074495,0.012720438209362328
built_frac_slope_2000_2025,upper,0.019481376334095205,0.001707307019387372,0.012600703933276235
built_frac_slope_2000_2025,upper,0.019591130412976776,0.0015699003561167046,0.01248577358201146
built_frac_slope_2000_2025,upper,0.019700884491858348,0.001431859127478674,0.01236158434767276
built_frac_slope_2000_2025,upper,0.019810638570739923,0.0013129968341672794,0.01226655775681138
built_frac_slope_2000_2025,upper,0.019920392649621494,0.001170998881570995,0.01228049979545176
built_frac_slope_2000_2025,upper,0.020030146728503066,0.0010317237611161545,0.012294189096428453
built_frac_slope_2000_2025,upper,0.020139900807384637,0.0008914644626202063,0.012176316906698048
built_frac_slope_2000_2025,upper,0.02024965488626621,0.0007113870233297348,0.012087216251529751
built_frac_slope_2000_2025,upper,0.020359408965147784,0.0005880253622308374,0.011949285375885665
built_frac_slope_2000_2025,upper,0.020469163044029355,0.00046644468238810083,0.011830738745629787
built_frac_slope_2000_2025,upper,0.020578917122910927,0.00032524624402867634,0.01172047017607838
built_frac_slope_2000_2025,upper,0.020688671201792498,0.00022615043853875253,0.011654420429840683
built_frac_slope_2000_2025,upper,0.02079842528067407,9.862040442385481e-05,0.011600470799021417
built_frac_slope_2000_2025,upper,0.020908179359555645,-2.7400637554819626e-05,0.01154081032145768
built_frac_slope_2000_2025,upper,0.021017933438437216,-0.00014611437909479717,0.011481751594692466
built_frac_slope_2000_2025,upper,0.021127687517318788,-0.00029690633891732427,0.011423292802646754
built_frac_slope_2000_2025,upper,0.02123744159620036,-0.00045099400012986717,0.011365434830076992
built_frac_slope_2000_2025,upper,0.02134719567508193,-0.0006582116096979006,0.011288441438227891
built_frac_slope_2000_2025,upper,0.021456949753963502,-0.0008656530975713392,0.011180954962037502
built_frac_slope_2000_2025,upper,0.021566703832845077,-0.0010733183473348616,0.011073579173535106
built_frac_slope_2000_2025,upper,0.02167645791172665,-0.0012812072498491031,0.011016466002911326
built_frac_slope_2000_2025,upper,0.02178621199060822,-0.001489320085966028,0.010974060045555232
built_frac_slope_2000_2025,upper,0.021895966069489792,-0.0016963541274890301,0.010931612900458274
built_frac_slope_2000_2025,upper,0.022005720148371363,-0.0018994881305843593,0.010892428527586161
built_frac_slope_2000_2025,upper,0.022115474227252938,-0.0019634868891444056,0.010851445561274885
built_frac_slope_2000_2025,upper,0.02222522830613451,-0.002055071195354685,0.010811656480655074
built_frac_slope_2000_2025,upper,0.02233498238501608,-0.002246869372902438,0.01077479717787355
built_frac_slope_2000_2025,upper,0.022444736463897653,-0.0024242798157501967,0.010737133561633526
built_frac_slope_2000_2025,upper,0.022554490542779224,-0.0026122497452888637,0.010699676745571195
built_frac_slope_2000_2025,upper,0.022664244621660796,-0.0028002934181131423,0.010613000392913817
built_frac_slope_2000_2025,upper,0.02277399870054237,-0.0029408639937173573,0.010514186276122925
built_frac_slope_2000_2025,upper,0.022883752779423942,-0.0029870769416447725,0.010590185807086528
built_frac_slope_2000_2025,upper,0.022993506858305514,-0.003125675214687362,0.010543787665665149
built_frac_slope_2000_2025,upper,0.023103260937187085,-0.003380801773164421,0.010498005780391395
built_frac_slope_2000_2025,upper,0.023213015016068657,-0.003636677487520501,0.010452841944061219
built_frac_slope_2000_2025,upper,0.023322769094950232,-0.003893302590586245,0.01040829529520124
built_frac_slope_2000_2025,upper,0.023432523173831803,-0.00411743011791259,0.010364364879205822
built_frac_slope_2000_2025,upper,0.023542277252713375,-0.00430729096988216,0.010321052535437046
built_frac_slope_2000_2025,upper,0.023652031331594946,-0.004495996795594692,0.010278356447815893
built_frac_slope_2000_2025,upper,0.023761785410476518,-0.004684776137582958,0.010236278432421383
built_frac_slope_2000_2025,upper,0.023871539489358093,-0.004873629461508244,0.010194816673174498
built_frac_slope_2000_2025,upper,0.023981293568239664,-0.005062555859331041,0.010153972986154254
built_frac_slope_2000_2025,upper,0.024091047647121236,-0.005285445624031126,0.010235054162330925
built_frac_slope_2000_2025,upper,0.024200801726002807,-0.005517212802078575,0.010125468554906545
built_frac_slope_2000_2025,upper,0.02431055580488438,-0.005749459855724126,0.010035143047571178
built_frac_slope_2000_2025,upper,0.024420309883765954,-0.005984074564184994,0.009996767085976894
built_frac_slope_2000_2025,upper,0.024530063962647525,-0.006223400391172617,0.009959008288569743
built_frac_slope_2000_2025,upper,0.024639818041529097,-0.006455030431970953,0.009921866655349726
built_frac_slope_2000_2025,upper,0.02474957212041067,-0.006657621299382299,0.009885343094356352
built_frac_slope_2000_2025,upper,0.02485932619929224,-0.006757105723954737,0.009849435789510601
built_frac_slope_2000_2025,upper,0.02496908027817381,-0.006954909511841833,0.009980052616447207
built_frac_slope_2000_2025,upper,0.025078834357055386,-0.007152795931324362,0.010067347623407838
built_frac_slope_2000_2025,upper,0.025188588435936958,-0.0073507636436261235,0.010046945326030253
built_frac_slope_2000_2025,upper,0.02529834251481853,-0.007548813999164849,0.010008647362701595
built_frac_slope_2000_2025,upper,0.0254080965937001,-0.007746945624239742,0.010018872492946678
built_frac_slope_2000_2025,upper,0.025517850672581673,-0.007945159915834665,0.010187303787097325
built_frac_slope_2000_2025,upper,0.025627604751463248,-0.008143455465324223,0.010440607205964613
built_frac_slope_2000_2025,upper,0.02573735883034482,-0.008341833227314055,0.010699718189425753
built_frac_slope_2000_2025,upper,0.02584711290922639,-0.008540293155238032,0.010964671452529712
built_frac_slope_2000_2025,upper,0.025956866988107962,-0.008738835295662283,0.011231642193160937
built_frac_slope_2000_2025,upper,0.026066621066989534,-0.008937458717264235,0.011496634338982398
built_frac_slope_2000_2025,upper,0.026176375145871105,-0.009136164304800331,0.01160794259048998
built_frac_slope_2000_2025,upper,0.02628612922475268,-0.0093349521048367,0.011522895423695433
built_frac_slope_2000_2025,upper,0.02639588330363425,-0.009533821186050772,0.01181336303707211
built_frac_slope_2000_2025,upper,0.026505637382515823,-0.009732772456482052,0.012110048392787563
built_frac_slope_2000_2025,upper,0.026615391461397395,-0.009931805916130541,0.012412986881099628
built_frac_slope_2000_2025,upper,0.02672514554027897,-0.010130921564996242,0.012722215685062098
built_frac_slope_2000_2025,upper,0.02683489961916054,-0.01033011940307915,0.013037771941162632
built_frac_slope_2000_2025,upper,0.026944653698042113,-0.010529398545622824,0.013359690108336495
built_frac_slope_2000_2025,upper,0.027054407776923684,-0.010728238034062086,0.013688008277676987
built_frac_slope_2000_2025,upper,0.027164161855805256,-0.010926997219212352,0.014022761816158878
built_frac_slope_2000_2025,upper,0.027273915934686827,-0.011320739774964748,0.01436398881487547
built_frac_slope_2000_2025,upper,0.0273836700135684,-0.011732753040269016,0.014711724594235408
built_frac_slope_2000_2025,upper,0.02749342409244997,-0.012148260488174856,0.01506600633729248
built_frac_slope_2000_2025,upper,0.027603178171331542,-0.012567283026874066,0.015426870319060969
built_frac_slope_2000_2025,upper,0.02771293225021312,-0.012989840609952808,0.015794352814555157
built_frac_slope_2000_2025,upper,0.02782268632909469,-0.013255496416240931,0.016168489167466746
built_frac_slope_2000_2025,upper,0.027932440407976263,-0.01347755566239357,0.016549319261685
built_frac_slope_2000_2025,upper,0.028042194486857835,-0.013698610616847873,0.016936876717954862
built_frac_slope_2000_2025,upper,0.028151948565739406,-0.013919891230762005,0.017331198602914797
built_frac_slope_2000_2025,upper,0.028261702644620978,-0.014141399296931922,0.017732320306822646
built_frac_slope_2000_2025,upper,0.02837145672350255,-0.014363133953884243,0.018140282668173302
built_frac_slope_2000_2025,lower,-0.0045547669409690995,0.009764068410731852,0.03325779428705573
built_frac_slope_2000_2025,lower,-0.004445012862087527,0.009362261928617955,0.03212662227451801
built_frac_slope_2000_2025,lower,-0.004335258783205955,0.00885675367899239,0.031084556505084036
built_frac_slope_2000_2025,lower,-0.004225504704324383,0.008355011907406151,0.03002006448805332
built_frac_slope_2000_2025,lower,-0.004115750625442811,0.007857023947872221,0.02896803305484354
built_frac_slope_2000_2025,lower,-0.0040059965465612385,0.007408219669014215,0.02792839021421968
built_frac_slope_2000_2025,lower,-0.0038962424676796665,0.006901778257451951,0.027024415740743272
built_frac_slope_2000_2025,lower,-0.0037864883887980946,0.006445024791173637,0.02621823293156922
built_frac_slope_2000_2025,lower,-0.003676734309916522,0.005951503594405949,0.025195486843585968
built_frac_slope_2000_2025,lower,-0.00356698023103495,0.005462125793565064,0.024162301514297723
built_frac_slope_2000_2025,lower,-0.003457226152153378,0.004976708244066685,0.023146187467500565
built_frac_slope_2000_2025,lower,-0.003347472073271806,0.004495143424719572,0.022313773026689885
built_frac_slope_2000_2025,lower,-0.0032377179943902335,0.004017418285366147,0.021351520158350464
built_frac_slope_2000_2025,lower,-0.003127963915508661,0.003543519589584321,0.020516984770074482
built_frac_slope_2000_2025,lower,-0.0030182098366270892,0.0030734331579878927,0.01968712583184242
built_frac_slope_2000_2025,lower,-0.0029084557577455173,0.002636207302566618,0.018722205748781556
built_frac_slope_2000_2025,lower,-0.002798701678863945,0.002170123014366254,0.01778598390519618
built_frac_slope_2000_2025,lower,-0.0026889475999823725,0.001739055450889282,0.016935371607542028
built_frac_slope_2000_2025,lower,-0.0025791935211008006,0.001322703159530647,0.016108690155670034
built_frac_slope_2000_2025,lower,-0.0024694394422192286,0.0008655579658807255,0.015368569851852948
built_frac_slope_2000_2025,lower,-0.0023596853633376562,0.0004474982946703677,0.01463595472741872
built_frac_slope_2000_2025,lower,-0.002249931284456084,-2.97082719043828e-05,0.013730046851560469
built_frac_slope_2000_2025,lower,-0.002140177205574512,-0.0005021516888518817,0.012972411955706772
built_frac_slope_2000_2025,lower,-0.00203042312669294,-0.0009320367185864598,0.012221305631101131
built_frac_slope_2000_2025,lower,-0.0019206690478113676,-0.001335784900584258,0.01137098104227334
built_frac_slope_2000_2025,lower,-0.0018109149689297952,-0.0017218008957570418,0.010530894366092974
built_frac_slope_2000_2025,lower,-0.0017011608900482232,-0.0021051083458587527,0.009772727149538692
built_frac_slope_2000_2025,lower,-0.0015914068111666513,-0.002485713589703664,0.009036563080735503
built_frac_slope_2000_2025,lower,-0.001481652732285079,-0.002863623644225299,0.00827539414167404
built_frac_slope_2000_2025,lower,-0.0013718986534035065,-0.003238844958832487,0.0074823243543505665
built_frac_slope_2000_2025,lower,-0.0012621445745219346,-0.0036113844427745788,0.006726238469127565
built_frac_slope_2000_2025,lower,-0.0011523904956403626,-0.003981248999480158,0.006025635614059865
built_frac_slope_2000_2025,lower,-0.0010426364167587902,-0.004387437202967703,0.005344307317864147
built_frac_slope_2000_2025,lower,-0.0009328823378772179,-0.004853716562502086,0.004666414298117158
built_frac_slope_2000_2025,lower,-0.0008231282589956459,-0.00531522308010608,0.004126155714038757
built_frac_slope_2000_2025,lower,-0.000713374180114074,-0.005772182426881045,0.0035757527046371244
built_frac_slope_2000_2025,lower,-0.0006036201012325016,-0.0061410970170982185,0.0029816767200827594
built_frac_slope_2000_2025,lower,-0.0004938660223509292,-0.006480486295185983,0.0024030033615417765
built_frac_slope_2000_2025,lower,-0.0003841119434693577,-0.006875463831238449,0.0018602953117806463
built_frac_slope_2000_2025,lower,-0.0002743578645877853,-0.007236877537798136,0.0012969646661076684
built_frac_slope_2000_2025,lower,-0.0001646037857062129,-0.0076614893390797075,0.0007379548187600436
built_frac_slope_2000_2025,lower,-5.484970682464053e-05,-0.008102970290929079,0.0002744999816059131
built_frac_slope_2000_2025,lower,5.4904372056931855e-05,-0.008466460579074919,-0.00027447024367575185
built_frac_slope_2000_2025,lower,0.00016465845093850337,-0.008845505653880537,-0.0008057848710450352
built_frac_slope_2000_2025,lower,0.00027441252982007575,-0.009268719074316322,-0.0013108941202517599
built_frac_slope_2000_2025,lower,0.00038416660870164814,-0.009615056612528861,-0.0018439276405842985
built_frac_slope_2000_2025,lower,0.0004939206875832197,-0.009973942465148867,-0.0023034599493257702
built_frac_slope_2000_2025,lower,0.000603674766464792,-0.010345759452320635,-0.0027350887074135246
built_frac_slope_2000_2025,lower,0.0007134288453463644,-0.0107256677467376,-0.0032189005170948806
built_frac_slope_2000_2025,lower,0.0008231829242279368,-0.011083894246257841,-0.0036950409761630017
built_frac_slope_2000_2025,lower,0.0009329370031095092,-0.011436178488656879,-0.004140960914082828
built_frac_slope_2000_2025,lower,0.0010426910819910807,-0.011823651404120028,-0.004557653155643495
built_frac_slope_2000_2025,lower,0.001152445160872653,-0.012206567102111876,-0.005004994513001294
built_frac_slope_2000_2025,lower,0.0012621992397542255,-0.012604201748035847,-0.005459015700034798
built_frac_slope_2000_2025,lower,0.001371953318635797,-0.012982576061040163,-0.0058798676007427286
built_frac_slope_2000_2025,lower,0.0014817073975173694,-0.013297639996744692,-0.006278685701545328
built_frac_slope_2000_2025,lower,0.0015914614763989417,-0.013627534871920944,-0.00672817478189245
built_frac_slope_2000_2025,lower,0.0017012155552805141,-0.013977057812735439,-0.0071125294314697395
built_frac_slope_2000_2025,lower,0.0018109696341620865,-0.014387874933890998,-0.007461161131504923
built_frac_slope_2000_2025,lower,0.001920723713043658,-0.014790115924552084,-0.007851660856977105
built_frac_slope_2000_2025,lower,0.0020304777919252304,-0.015095123555511236,-0.008287197421304881
built_frac_slope_2000_2025,lower,0.002140231870806803,-0.015466591669246554,-0.0086570561863482
built_frac_slope_2000_2025,lower,0.0022499859496883743,-0.015837272349745034,-0.009024735586717725
built_frac_slope_2000_2025,lower,0.0023597400285699467,-0.016184828896075486,-0.00938519653864205
built_frac_slope_2000_2025,lower,0.002469494107451519,-0.0165175995323807,-0.009739786153659225
built_frac_slope_2000_2025,lower,0.0025792481863330914,-0.01688828757032752,-0.010093992250040176
built_frac_slope_2000_2025,lower,0.002689002265214664,-0.0172318983823061,-0.010428414843045176
built_frac_slope_2000_2025,lower,0.0027987563440962353,-0.017575088888406754,-0.010759824560955169
built_frac_slope_2000_2025,lower,0.0029085104229778077,-0.01790189896710217,-0.011088708974421026
built_frac_slope_2000_2025,lower,0.00301826450185938,-0.018255291739478707,-0.011414566915482283
built_frac_slope_2000_2025,lower,0.0031280185807409516,-0.018528905883431434,-0.011737411469221115
built_frac_slope_2000_2025,lower,0.003237772659622524,-0.01887491107918322,-0.012074298737570644
built_frac_slope_2000_2025,lower,0.0033475267385040964,-0.01922808256931603,-0.012406039447523654
built_frac_slope_2000_2025,lower,0.003457280817385668,-0.01955286110751331,-0.012719205138273538
built_frac_slope_2000_2025,lower,0.003567034896267241,-0.019877897668629886,-0.01304373701568693
built_frac_slope_2000_2025,lower,0.0036767889751488127,-0.020203249575570226,-0.013365317252464594
built_frac_slope_2000_2025,lower,0.003786543054030384,-0.020501870568841694,-0.013683561631478372
built_frac_slope_2000_2025,lower,0.0038962971329119574,-0.020807671034708618,-0.013998486869968477
built_frac_slope_2000_2025,lower,0.004006051211793529,-0.02110875826328993,-0.014310427266173067
built_frac_slope_2000_2025,lower,0.004115805290675102,-0.021421952871605754,-0.014619240607134999
built_frac_slope_2000_2025,lower,0.004225559369556674,-0.021717214165255426,-0.014924769010394813
built_frac_slope_2000_2025,lower,0.004335313448438245,-0.022011479269713162,-0.015227025537751617
built_frac_slope_2000_2025,lower,0.0044450675273198185,-0.02230532094836235,-0.015526026929728688
built_frac_slope_2000_2025,lower,0.00455482160620139,-0.022618798166513444,-0.015821873722597957
built_frac_slope_2000_2025,lower,0.004664575685082963,-0.02288383306004107,-0.01607906906865537
built_frac_slope_2000_2025,lower,0.004774329763964535,-0.023167028650641443,-0.01637466177344322
built_frac_slope_2000_2025,lower,0.004884083842846106,-0.023453078232705593,-0.016655266098678113
built_frac_slope_2000_2025,lower,0.0049938379217276795,-0.023738932516425847,-0.01694325525313616
built_frac_slope_2000_2025,lower,0.005103592000609251,-0.024029671726748348,-0.01722851167432964
built_frac_slope_2000_2025,lower,0.0052133460794908226,-0.02431317591108382,-0.017511506751179698
built_frac_slope_2000_2025,lower,0.005323100158372396,-0.02457631677389145,-0.01778386849910021
built_frac_slope_2000_2025,lower,0.005432854237253967,-0.024834664585068823,-0.01805149861611426
built_frac_slope_2000_2025,lower,0.005542608316135539,-0.02511228690855205,-0.018316980125382545
built_frac_slope_2000_2025,lower,0.005652362395017112,-0.02533928882330656,-0.018547682324424386
built_frac_slope_2000_2025,lower,0.005762116473898684,-0.02562830727547407,-0.018779255077242853
built_frac_slope_2000_2025,lower,0.005871870552780257,-0.025900951074436306,-0.01902916552498937
built_frac_slope_2000_2025,lower,0.005981624631661828,-0.026123057026416062,-0.019251759629696608
built_frac_slope_2000_2025,lower,0.0060913787105434,-0.02635825118049979,-0.019485839083790778
built_frac_slope_2000_2025,lower,0.006201132789424973,-0.026602179743349552,-0.01975393365137279
built_frac_slope_2000_2025,lower,0.006310886868306545,-0.026827486837282775,-0.019943938963115214
built_frac_slope_2000_2025,lower,0.006420640947188118,-0.02706494922749698,-0.0201761603821069
built_frac_slope_2000_2025,lower,0.006530395026069689,-0.027292087255045772,-0.020426839869469405
built_frac_slope_2000_2025,lower,0.006640149104951261,-0.02750758733600378,-0.0206407243385911
built_frac_slope_2000_2025,lower,0.006749903183832834,-0.027718647429719568,-0.020840954361483456
built_frac_slope_2000_2025,lower,0.006859657262714406,-0.027925292029976845,-0.021042907191440464
built_frac_slope_2000_2025,lower,0.006969411341595977,-0.0281289289239794,-0.02124255122616887
built_frac_slope_2000_2025,lower,0.0070791654204775505,-0.02832512599416077,-0.021448302501812577
built_frac_slope_2000_2025,lower,0.007188919499359122,-0.02851847857236862,-0.021667578676715493
built_frac_slope_2000_2025,lower,0.0072986735782406935,-0.028698862250894307,-0.0218678864184767
built_frac_slope_2000_2025,lower,0.007408427657122267,-0.02886980348266661,-0.022054206859320403
built_frac_slope_2000_2025,lower,0.007518181736003838,-0.029033895954489707,-0.022247740998864174
built_frac_slope_2000_2025,lower,0.0076279358148854115,-0.02919951342046261,-0.02245385800488293
built_frac_slope_2000_2025,lower,0.007737689893766983,-0.02935701049864292,-0.02265763501636684
built_frac_slope_2000_2025,lower,0.007847443972648555,-0.02951503973454237,-0.022859093360602857
built_frac_slope_2000_2025,lower,0.007957198051530128,-0.029667852353304623,-0.023057943023741246
built_frac_slope_2000_2025,lower,0.0080669521304117,-0.029817105177789925,-0.023217382095754146
built_frac_slope_2000_2025,lower,0.008176706209293273,-0.029962581070140003,-0.0234345103148371
built_frac_slope_2000_2025,lower,0.008286460288174844,-0.030106814531609415,-0.023638990800827743
built_frac_slope_2000_2025,lower,0.008396214367056416,-0.030241741752251982,-0.023786803893744945
built_frac_slope_2000_2025,lower,0.008505968445937989,-0.030386740760877728,-0.023937351442873477
built_frac_slope_2000_2025,lower,0.00861572252481956,-0.030537125235423446,-0.02411479433067143
built_frac_slope_2000_2025,lower,0.008725476603701132,-0.030680169397965074,-0.02428759802132845
built_frac_slope_2000_2025,lower,0.008835230682582705,-0.03085350920446217,-0.024431756744161252
built_frac_slope_2000_2025,lower,0.008944984761464277,-0.03099752264097333,-0.024572264961898328
built_frac_slope_2000_2025,lower,0.009054738840345848,-0.03114326479844749,-0.024710368597880006
built_frac_slope_2000_2025,lower,0.009164492919227421,-0.03131907852366567,-0.024845936009660365
built_frac_slope_2000_2025,lower,0.009274246998108993,-0.03144463375210762,-0.024978987500071527
built_frac_slope_2000_2025,lower,0.009384001076990566,-0.031561016105115414,-0.025108970096334816
built_frac_slope_2000_2025,lower,0.009493755155872138,-0.03168297568336129,-0.02523585050366819
built_frac_slope_2000_2025,lower,0.00960350923475371,-0.03178323972970247,-0.025372065044939517
built_frac_slope_2000_2025,lower,0.009713263313635282,-0.031887447275221345,-0.025513646798208358
built_frac_slope_2000_2025,lower,0.009823017392516854,-0.03200368201360106,-0.025636332342401147
built_frac_slope_2000_2025,lower,0.009932771471398427,-0.03211605660617352,-0.025762030249461533
built_frac_slope_2000_2025,lower,0.010042525550279999,-0.0322248749434948,-0.02588876374065876
built_frac_slope_2000_2025,lower,0.01015227962916157,-0.03233075169846415,-0.026011197408661247
built_frac_slope_2000_2025,lower,0.010262033708043143,-0.03243919620290399,-0.026103059062734246
built_frac_slope_2000_2025,lower,0.010371787786924715,-0.03257347466424108,-0.0261991826351732
built_frac_slope_2000_2025,lower,0.010481541865806287,-0.03264176361262798,-0.026321578305214643
built_frac_slope_2000_2025,lower,0.01059129594468786,-0.032731874566525224,-0.02640716382302344
built_frac_slope_2000_2025,lower,0.010701050023569431,-0.032849643658846614,-0.02650904403999448
built_frac_slope_2000_2025,lower,0.010810804102451003,-0.03292882973328233,-0.026633810251951218
built_frac_slope_2000_2025,lower,0.010920558181332576,-0.03302624942734837,-0.026733171148225664
built_frac_slope_2000_2025,lower,0.011030312260214148,-0.03314773440361023,-0.026816719863563775
built_frac_slope_2000_2025,lower,0.01114006633909572,-0.03322757128626108,-0.026913056056946515
built_frac_slope_2000_2025,lower,0.011249820417977292,-0.03330374686047435,-0.02701685568317771
built_frac_slope_2000_2025,lower,0.011359574496858864,-0.03337715165689588,-0.027107746014371516
built_frac_slope_2000_2025,lower,0.011469328575740435,-0.03345718029886484,-0.027196481870487333
built_frac_slope_2000_2025,lower,0.01157908265462201,-0.033533398527652025,-0.027309081330895425
built_frac_slope_2000_2025,lower,0.011688836733503582,-0.033607201837003234,-0.027380176866427065
built_frac_slope_2000_2025,lower,0.011798590812385153,-0.033698886446654794,-0.027449170220643283
built_frac_slope_2000_2025,lower,0.011908344891266725,-0.03376190243288875,-0.027515462320297956
built_frac_slope_2000_2025,lower,0.012018098970148296,-0.0338491634465754,-0.027540500089526177
built_frac_slope_2000_2025,lower,0.012127853049029868,-0.033886431343853475,-0.02759434753097594
built_frac_slope_2000_2025,lower,0.012237607127911443,-0.034008593298494816,-0.027665060199797153
built_frac_slope_2000_2025,lower,0.012347361206793014,-0.03408159706741572,-0.027734002284705638
built_frac_slope_2000_2025,lower,0.012457115285674586,-0.03416257835924626,-0.02780747846700251
built_frac_slope_2000_2025,lower,0.012566869364556157,-0.03422427587211132,-0.027865498699247836
built_frac_slope_2000_2025,lower,0.012676623443437729,-0.03425254616886377,-0.02791487704962492
built_frac_slope_2000_2025,lower,0.012786377522319304,-0.03427370535209775,-0.027958079986274243
built_frac_slope_2000_2025,lower,0.012896131601200875,-0.03430892396718264,-0.027998624881729484
built_frac_slope_2000_2025,lower,0.013005885680082447,-0.03435995699837804,-0.02803595010191202
built_frac_slope_2000_2025,lower,0.013115639758964018,-0.03442055014893412,-0.028035046067088842
built_frac_slope_2000_2025,lower,0.01322539383784559,-0.034517439920455216,-0.028059118567034604
built_frac_slope_2000_2025,lower,0.013335147916727165,-0.034608730021864174,-0.028082408336922528
built_frac_slope_2000_2025,lower,0.013444901995608737,-0.03463169764727354,-0.028106039250269534
built_frac_slope_2000_2025,lower,0.013554656074490308,-0.03464655121788383,-0.02812880324199796
built_frac_slope_2000_2025,lower,0.01366441015337188,-0.03469336880370975,-0.028151232283562425
built_frac_slope_2000_2025,lower,0.013774164232253451,-0.03471020665019751,-0.028159677004441618
built_frac_slope_2000_2025,lower,0.013883918311135026,-0.03476222483441234,-0.028193595167249442
built_frac_slope_2000_2025,lower,0.013993672390016598,-0.034840768575668334,-0.028212103713303807
built_frac_slope_2000_2025,lower,0.014103426468898169,-0.034892899449914694,-0.028231220459565522
built_frac_slope_2000_2025,lower,0.01421318054777974,-0.034894936438649896,-0.028214816609397533
built_frac_slope_2000_2025,lower,0.014322934626661312,-0.03495722124353051,-0.028112879069522024
built_frac_slope_2000_2025,lower,0.014432688705542884,-0.03501680865883827,-0.028155935928225517
built_frac_slope_2000_2025,lower,0.014542442784424459,-0.03502883678302169,-0.028125167917460205
built_frac_slope_2000_2025,lower,0.01465219686330603,-0.0350535536184907,-0.028115415992215276
built_frac_slope_2000_2025,lower,0.014761950942187602,-0.03510682228952646,-0.028053391445428132
built_frac_slope_2000_2025,lower,0.014871705021069173,-0.03514743726700544,-0.028005267214030027
built_frac_slope_2000_2025,lower,0.014981459099950745,-0.03518900265917182,-0.027992362948134543
built_frac_slope_2000_2025,lower,0.01509121317883232,-0.03521732660010457,-0.027986813010647895
built_frac_slope_2000_2025,lower,0.015200967257713891,-0.03524185456335545,-0.027993864566087722
built_frac_slope_2000_2025,lower,0.015310721336595463,-0.03526542810723186,-0.028029727237299087
built_frac_slope_2000_2025,lower,0.015420475415477034,-0.03528706151992082,-0.027974762301892043
built_frac_slope_2000_2025,lower,0.015530229494358606,-0.035306773334741595,-0.028012906340882184
built_frac_slope_2000_2025,lower,0.015639983573240177,-0.03532143691554666,-0.02808892936445773
built_frac_slope_2000_2025,lower,0.015749737652121752,-0.03533980501815677,-0.028094096016138798
built_frac_slope_2000_2025,lower,0.015859491731003324,-0.0353540051728487,-0.02806606320664287
built_frac_slope_2000_2025,lower,0.015969245809884895,-0.03533740425482392,-0.02793586407788098
built_frac_slope_2000_2025,lower,0.016078999888766467,-0.03536432106047869,-0.027886796044185758
built_frac_slope_2000_2025,lower,0.016188753967648038,-0.035384302400052546,-0.02784399180673063
built_frac_slope_2000_2025,lower,0.016298508046529613,-0.03539136545732617,-0.027872758125886323
built_frac_slope_2000_2025,lower,0.016408262125411185,-0.03539666272699833,-0.02781343311071396
built_frac_slope_2000_2025,lower,0.016518016204292756,-0.03540020892396569,-0.02776802652515471
built_frac_slope_2000_2025,lower,0.016627770283174328,-0.03540146658197045,-0.027755395555868746
built_frac_slope_2000_2025,lower,0.0167375243620559,-0.03540062298998237,-0.027706022094935178
built_frac_slope_2000_2025,lower,0.016847278440937474,-0.03539805887266993,-0.027650414127856494
built_frac_slope_2000_2025,lower,0.016957032519819046,-0.03539469325914979,-0.02761206226423383
built_frac_slope_2000_2025,lower,0.017066786598700617,-0.03539653467014432,-0.027598598832264544
built_frac_slope_2000_2025,lower,0.01717654067758219,-0.03541826494038105,-0.027596432901918887
built_frac_slope_2000_2025,lower,0.01728629475646376,-0.03543759398162365,-0.027569328201934695
built_frac_slope_2000_2025,lower,0.017396048835345335,-0.035439498536288735,-0.027558069629594686
built_frac_slope_2000_2025,lower,0.017505802914226907,-0.035463517904281615,-0.02754235132597387
built_frac_slope_2000_2025,lower,0.01761555699310848,-0.03544888887554407,-0.02752599339000881
built_frac_slope_2000_2025,lower,0.01772531107199005,-0.03543265573680401,-0.027509027766063815
built_frac_slope_2000_2025,lower,0.01783506515087162,-0.03543099677190185,-0.027491479227319364
built_frac_slope_2000_2025,lower,0.017944819229753193,-0.03546154322102666,-0.027462796913459903
built_frac_slope_2000_2025,lower,0.018054573308634768,-0.03548060925677419,-0.02731026411056519
built_frac_slope_2000_2025,lower,0.01816432738751634,-0.035506839863955975,-0.027189116412773728
built_frac_slope_2000_2025,lower,0.01827408146639791,-0.035523575823754074,-0.027187584806233647
built_frac_slope_2000_2025,lower,0.018383835545279482,-0.03553422214463353,-0.027075517410412434
built_frac_slope_2000_2025,lower,0.018493589624161054,-0.035525669902563096,-0.026958517823368312
built_frac_slope_2000_2025,lower,0.01860334370304263,-0.035583760123699903,-0.026901738159358504
built_frac_slope_2000_2025,lower,0.0187130977819242,-0.035588675923645494,-0.026815231889486313
built_frac_slope_2000_2025,lower,0.018822851860805772,-0.0355919542722404,-0.026755306776613
built_frac_slope_2000_2025,lower,0.018932605939687343,-0.03564052376896143,-0.026577241020277143
built_frac_slope_2000_2025,lower,0.019042360018568915,-0.03560961168259382,-0.02649889406748116
built_frac_slope_2000_2025,lower,0.019152114097450487,-0.035590844228863716,-0.02644741698168218
built_frac_slope_2000_2025,lower,0.01926186817633206,-0.03558632880449295,-0.02639591912738979
built_frac_slope_2000_2025,lower,0.019371622255213633,-0.035663407575339076,-0.02637583902105689
built_frac_slope_2000_2025,lower,0.019481376334095205,-0.03571395110338926,-0.02635672646574676
built_frac_slope_2000_2025,lower,0.019591130412976776,-0.0357193885371089,-0.026238191965967418
built_frac_slope_2000_2025,lower,0.019700884491858348,-0.035668241791427135,-0.02618677928112447
built_frac_slope_2000_2025,lower,0.019810638570739923,-0.03563724076375365,-0.026095510786399247
built_frac_slope_2000_2025,lower,0.019920392649621494,-0.035655191726982595,-0.026032110117375853
built_frac_slope_2000_2025,lower,0.020030146728503066,-0.03571061650291085,-0.025981284957379103
built_frac_slope_2000_2025,lower,0.020139900807384637,-0.035761361755430696,-0.025868812436237933
built_frac_slope_2000_2025,lower,0.02024965488626621,-0.035800985619425775,-0.025643807509914043
built_frac_slope_2000_2025,lower,0.020359408965147784,-0.03587066791951656,-0.025480748480185868
built_frac_slope_2000_2025,lower,0.020469163044029355,-0.035969427041709426,-0.025338539108633994
built_frac_slope_2000_2025,lower,0.020578917122910927,-0.0360348847694695,-0.02520619225688279
built_frac_slope_2000_2025,lower,0.020688671201792498,-0.036117767170071605,-0.024955342337489132
built_frac_slope_2000_2025,lower,0.02079842528067407,-0.0362584219314158,-0.024738988559693097
built_frac_slope_2000_2025,lower,0.020908179359555645,-0.03647185983136296,-0.024442006647586823
built_frac_slope_2000_2025,lower,0.021017933438437216,-0.036505650263279676,-0.02419969765469432
built_frac_slope_2000_2025,lower,0.021127687517318788,-0.036523038148880006,-0.0241326020564884
built_frac_slope_2000_2025,lower,0.02123744159620036,-0.03664756342768669,-0.02386252260766924
built_frac_slope_2000_2025,lower,0.02134719567508193,-0.03677453268319368,-0.02367618884891272
built_frac_slope_2000_2025,lower,0.021456949753963502,-0.03698166655376554,-0.023604588210582738
built_frac_slope_2000_2025,lower,0.021566703832845077,-0.03715466475114226,-0.02353443582542241
built_frac_slope_2000_2025,lower,0.02167645791172665,-0.03733002869412303,-0.023347827373072505
built_frac_slope_2000_2025,lower,0.02178621199060822,-0.03747016154229641,-0.023241824144497516
built_frac_slope_2000_2025,lower,0.021895966069489792,-0.037412883900105956,-0.023166812118142848
built_frac_slope_2000_2025,lower,0.022005720148371363,-0.03745457110926509,-0.022910570632666355
built_frac_slope_2000_2025,lower,0.022115474227252938,-0.037634825240820645,-0.022613242873921992
built_frac_slope_2000_2025,lower,0.02222522830613451,-0.0378197037614882,-0.02233002162538469
built_frac_slope_2000_2025,lower,0.02233498238501608,-0.03794139064848423,-0.02223082385025919
built_frac_slope_2000_2025,lower,0.022444736463897653,-0.03804042059928179,-0.022048143576830628
built_frac_slope_2000_2025,lower,0.022554490542779224,-0.038140674121677876,-0.021879142289981248
built_frac_slope_2000_2025,lower,0.022664244621660796,-0.038239036500453946,-0.021775035792961722
built_frac_slope_2000_2025,lower,0.02277399870054237,-0.03833849271759391,-0.02165177804417909
built_frac_slope_2000_2025,lower,0.022883752779423942,-0.038439142238348725,-0.021366143133491288
built_frac_slope_2000_2025,lower,0.022993506858305514,-0.03854101849719882,-0.021030374802649028
built_frac_slope_2000_2025,lower,0.023103260937187085,-0.03869382832199335,-0.020554298721253875
built_frac_slope_2000_2025,lower,0.023213015016068657,-0.03889929205179214,-0.02024053693749011
built_frac_slope_2000_2025,lower,0.023322769094950232,-0.03910258207470178,-0.019993523741140967
built_frac_slope_2000_2025,lower,0.023432523173831803,-0.03931618425995111,-0.01974515402689577
built_frac_slope_2000_2025,lower,0.023542277252713375,-0.03959708558395505,-0.019491705857217323
built_frac_slope_2000_2025,lower,0.023652031331594946,-0.03993715224787593,-0.019166018860414635
built_frac_slope_2000_2025,lower,0.023761785410476518,-0.04028394147753715,-0.018836470134556305
built_frac_slope_2000_2025,lower,0.023871539489358093,-0.040637517161667344,-0.018503057956695566
built_frac_slope_2000_2025,lower,0.023981293568239664,-0.04099795762449503,-0.018165784096345314
built_frac_slope_2000_2025,lower,0.024091047647121236,-0.04136532684788108,-0.01782464678399266
built_frac_slope_2000_2025,lower,0.024200801726002807,-0.04173859469592571,-0.017333776690065868
built_frac_slope_2000_2025,lower,0.02431055580488438,-0.04211738500744104,-0.016820933111011984
built_frac_slope_2000_2025,lower,0.024420309883765954,-0.04250326510518789,-0.016412341641262172
built_frac_slope_2000_2025,lower,0.024530063962647525,-0.042896305490285155,-0.01636323090642691
built_frac_slope_2000_2025,lower,0.024639818041529097,-0.04327002391219139,-0.016176535328850154
built_frac_slope_2000_2025,lower,0.02474957212041067,-0.04358702320605516,-0.016065893787890678
built_frac_slope_2000_2025,lower,0.02485932619929224,-0.04390939520671964,-0.01583391493186355
built_frac_slope_2000_2025,lower,0.02496908027817381,-0.04423392480239272,-0.015467918268404905
built_frac_slope_2000_2025,lower,0.025078834357055386,-0.04451215071603656,-0.01511631770990789
built_frac_slope_2000_2025,lower,0.025188588435936958,-0.04473367100581527,-0.014927003625780349
built_frac_slope_2000_2025,lower,0.02529834251481853,-0.04514254061505198,-0.014743649144656961
built_frac_slope_2000_2025,lower,0.0254080965937001,-0.04560889983549714,-0.014560459204949442
built_frac_slope_2000_2025,lower,0.025517850672581673,-0.04597363378852606,-0.014355502719990912
built_frac_slope_2000_2025,lower,0.025627604751463248,-0.046341691818088296,-0.014093116438016298
built_frac_slope_2000_2025,lower,0.02573735883034482,-0.04671541303396225,-0.013886091136373584
built_frac_slope_2000_2025,lower,0.02584711290922639,-0.04709608592092991,-0.013573688408359891
built_frac_slope_2000_2025,lower,0.025956866988107962,-0.04748377716168761,-0.013258326915092773
built_frac_slope_2000_2025,lower,0.026066621066989534,-0.0478785534389317,-0.01294000756461174
built_frac_slope_2000_2025,lower,0.026176375145871105,-0.048286641482263803,-0.012618728564120836
built_frac_slope_2000_2025,lower,0.02628612922475268,-0.04873886723071337,-0.012294491706416019
built_frac_slope_2000_2025,lower,0.02639588330363425,-0.04912248682230711,-0.011967296083457778
built_frac_slope_2000_2025,lower,0.026505637382515823,-0.04953454900532961,-0.011637140810489664
built_frac_slope_2000_2025,lower,0.026615391461397395,-0.04996617203578353,-0.011304027680307638
built_frac_slope_2000_2025,lower,0.02672514554027897,-0.05040508015081287,-0.010967955808155249
built_frac_slope_2000_2025,lower,0.02683489961916054,-0.05085156075656414,-0.010628925170749438
built_frac_slope_2000_2025,lower,0.026944653698042113,-0.05130568416789174,-0.010286935768090201
built_frac_slope_2000_2025,lower,0.027054407776923684,-0.05176484910771251,-0.009941987623460604
built_frac_slope_2000_2025,lower,0.027164161855805256,-0.052197638992220165,-0.009594080690294519
built_frac_slope_2000_2025,lower,0.027273915934686827,-0.05263706212863326,-0.009243215038441136
built_frac_slope_2000_2025,lower,0.0273836700135684,-0.053083171043545006,-0.008889391506090777
built_frac_slope_2000_2025,lower,0.02749342409244997,-0.05353602916002274,-0.008532608323730545
built_frac_slope_2000_2025,lower,0.027603178171331542,-0.053995685558766125,-0.008172866387758422
built_frac_slope_2000_2025,lower,0.02771293225021312,-0.05446220366284251,-0.007810166606213916
built_frac_slope_2000_2025,lower,0.02782268632909469,-0.05498626092448831,-0.007412433379795421
built_frac_slope_2000_2025,lower,0.027932440407976263,-0.055537563469260934,-0.006963833235204237
built_frac_slope_2000_2025,lower,0.028042194486857835,-0.05609702579677105,-0.006511561968363838
built_frac_slope_2000_2025,lower,0.028151948565739406,-0.05666471878066659,-0.006055618694517777
built_frac_slope_2000_2025,lower,0.028261702644620978,-0.05724070221185684,-0.005596003844402745
built_frac_slope_2000_2025,lower,0.02837145672350255,-0.057825039606541395,-0.005132717872038497
mndwi_mean_2000_2025,upper,-0.5665392965408129,0.028812962118536234,0.037210768461227416
mndwi_mean_2000_2025,upper,-0.5647160050819753,0.029016409860923888,0.037198993377387524
mndwi_mean_2000_2025,upper,-0.5628927136231376,0.0292774545494467,0.03718729205429554
mndwi_mean_2000_2025,upper,-0.5610694221642999,0.02950201169587672,0.03714917479082942
mndwi_mean_2000_2025,upper,-0.5592461307054623,0.029687116434797645,0.037123977299779655
mndwi_mean_2000_2025,upper,-0.5574228392466246,0.0298401006963104,0.03711111005395651
mndwi_mean_2000_2025,upper,-0.5555995477877869,0.02999104275368154,0.03709822054952383
mndwi_mean_2000_2025,upper,-0.5537762563289492,0.030209651309996845,0.03708530534058809
mndwi_mean_2000_2025,upper,-0.5519529648701116,0.030431938404217363,0.0370783356949687
mndwi_mean_2000_2025,upper,-0.550129673411274,0.030616968357935547,0.037059124931693076
mndwi_mean_2000_2025,upper,-0.5483063819524363,0.030794413900002836,0.03704546308144927
mndwi_mean_2000_2025,upper,-0.5464830904935986,0.030927644530311226,0.03698925469070673
mndwi_mean_2000_2025,upper,-0.5446597990347609,0.031076617306098342,0.03695915015414357
mndwi_mean_2000_2025,upper,-0.5428365075759233,0.03123682173900306,0.03695002421736717
mndwi_mean_2000_2025,upper,-0.5410132161170855,0.03145447503775358,0.036942139733582735
mndwi_mean_2000_2025,upper,-0.5391899246582479,0.03162454655393958,0.036899078637361526
mndwi_mean_2000_2025,upper,-0.5373666331994102,0.031819484755396844,0.0368800456635654
mndwi_mean_2000_2025,upper,-0.5355433417405726,0.031968905683606864,0.03686029082164168
mndwi_mean_2000_2025,upper,-0.533720050281735,0.03209321359172464,0.0368333381600678
mndwi_mean_2000_2025,upper,-0.5318967588228972,0.03223736109212041,0.03682156829163432
mndwi_mean_2000_2025,upper,-0.5300734673640596,0.03234962848946452,0.03680232120677829
mndwi_mean_2000_2025,upper,-0.5282501759052219,0.03248274950310588,0.036784134991466995
mndwi_mean_2000_2025,upper,-0.5264268844463842,0.03258350482210517,0.036766356043517585
mndwi_mean_2000_2025,upper,-0.5246035929875466,0.03268907722085714,0.03679412584751844
mndwi_mean_2000_2025,upper,-0.5227803015287089,0.032780726067721845,0.036763612553477286
mndwi_mean_2000_2025,upper,-0.5209570100698713,0.03286165418103337,0.03675082391127944
mndwi_mean_2000_2025,upper,-0.5191337186110336,0.03293286906555295,0.036723258811980485
mndwi_mean_2000_2025,upper,-0.5173104271521959,0.033027790021151304,0.03668906642124057
mndwi_mean_2000_2025,upper,-0.5154871356933582,0.033122153207659724,0.03665790967643261
mndwi_mean_2000_2025,upper,-0.5136638442345206,0.03318521287292242,0.036653170827776194
mndwi_mean_2000_2025,upper,-0.5118405527756829,0.03324258252978325,0.03666984299197793
mndwi_mean_2000_2025,upper,-0.5100172613168452,0.03333634426817298,0.03666576538234949
mndwi_mean_2000_2025,upper,-0.5081939698580076,0.03338129073381424,0.03669948391616344
mndwi_mean_2000_2025,upper,-0.5063706783991699,0.03346661981195211,0.03671038746833801
mndwi_mean_2000_2025,upper,-0.5045473869403323,0.03350911885499954,0.03671593954786658
mndwi_mean_2000_2025,upper,-0.5027240954814945,0.03355139680206776,0.0367305651307106
mndwi_mean_2000_2025,upper,-0.5009008040226569,0.03360568787902594,0.03674048678949475
mndwi_mean_2000_2025,upper,-0.49907751256381927,0.03367805238813162,0.03673732988536358
mndwi_mean_2000_2025,upper,-0.4972542211049816,0.03375056972727179,0.03674602499231696
mndwi_mean_2000_2025,upper,-0.4954309296461439,0.033841995429247616,0.03672408312559128
mndwi_mean_2000_2025,upper,-0.49360763818730624,0.03390465285629034,0.03675549877807498
mndwi_mean_2000_2025,upper,-0.4917843467284686,0.03393596168607473,0.036799943819642064
mndwi_mean_2000_2025,upper,-0.4899610552696309,0.03398340353742242,0.036790522187948226
mndwi_mean_2000_2025,upper,-0.4881377638107932,0.034034565836191175,0.03680366026237607
mndwi_mean_2000_2025,upper,-0.4863144723519556,0.03408071482554078,0.036785909440368414
mndwi_mean_2000_2025,upper,-0.48449118089311793,0.03411532770842314,0.0368322710506618
mndwi_mean_2000_2025,upper,-0.48266788943428024,0.03411959847435355,0.03684735344722867
mndwi_mean_2000_2025,upper,-0.48084459797544254,0.034150552563369276,0.036881841626018284
mndwi_mean_2000_2025,upper,-0.4790213065166049,0.03422614559531212,0.03692652564495802
mndwi_mean_2000_2025,upper,-0.47719801505776727,0.03425729032605886,0.036964467726647854
mndwi_mean_2000_2025,upper,-0.47537472359892957,0.034260493516921994,0.03699573650956154
mndwi_mean_2000_2025,upper,-0.4735514321400919,0.03428811272606254,0.03702888209372759
mndwi_mean_2000_2025,upper,-0.47172814068125424,0.034301855321973565,0.0370595877058804
mndwi_mean_2000_2025,upper,-0.4699048492224166,0.03433427149429917,0.03707536524161696
mndwi_mean_2000_2025,upper,-0.4680815577635789,0.034350645262748,0.03710720129311085
mndwi_mean_2000_2025,upper,-0.4662582663047412,0.03437166316434741,0.03714240547269582
mndwi_mean_2000_2025,upper,-0.46443497484590357,0.034394290670752524,0.03718802342191339
mndwi_mean_2000_2025,upper,-0.46261168338706593,0.03442725483328104,0.03721005218103528
mndwi_mean_2000_2025,upper,-0.46078839192822824,0.034443107433617115,0.03724720384925604
mndwi_mean_2000_2025,upper,-0.45896510046939054,0.03446093872189522,0.03726136051118374
mndwi_mean_2000_2025,upper,-0.4571418090105529,0.034491426590830085,0.03728546453639865
mndwi_mean_2000_2025,upper,-0.45531851755171526,0.03452108157798648,0.03731567980721593
mndwi_mean_2000_2025,upper,-0.45349522609287757,0.03454134641215205,0.0373481216840446
mndwi_mean_2000_2025,upper,-0.4516719346340399,0.03456936040893197,0.037378781568259
mndwi_mean_2000_2025,upper,-0.44984864317520223,0.03458856176584959,0.03740535462275148
mndwi_mean_2000_2025,upper,-0.4480253517163646,0.03461612444370985,0.03740848116576671
mndwi_mean_2000_2025,upper,-0.4462020602575269,0.03463790714740753,0.037421983946114776
mndwi_mean_2000_2025,upper,-0.4443787687986892,0.03465417167171836,0.03743821969255805
mndwi_mean_2000_2025,upper,-0.44255547733985157,0.034661239199340346,0.037426682841032746
mndwi_mean_2000_2025,upper,-0.4407321858810139,0.03466723021119833,0.03742281347513199
mndwi_mean_2000_2025,upper,-0.43890889442217623,0.03467117343097925,0.03743103165179491
mndwi_mean_2000_2025,upper,-0.43708560296333854,0.034683268330991265,0.037435358949005605
mndwi_mean_2000_2025,upper,-0.4352623115045009,0.03469926603138447,0.03744180053472519
mndwi_mean_2000_2025,upper,-0.43343902004566326,0.034722582530230285,0.0374462652951479
mndwi_mean_2000_2025,upper,-0.43161572858682556,0.0347358338534832,0.037453319504857065
mndwi_mean_2000_2025,upper,-0.42979243712798787,0.03474758211523295,0.03746122438460588
mndwi_mean_2000_2025,upper,-0.42796914566915023,0.03475910276174545,0.03746096398681402
mndwi_mean_2000_2025,upper,-0.4261458542103126,0.034747041668742894,0.03746863529086113
mndwi_mean_2000_2025,upper,-0.4243225627514749,0.03474213033914566,0.03746145665645599
mndwi_mean_2000_2025,upper,-0.4224992712926372,0.03474587863311172,0.03747371453791857
mndwi_mean_2000_2025,upper,-0.42067597983379956,0.034728727769106627,0.03748586568981409
mndwi_mean_2000_2025,upper,-0.4188526883749619,0.03473067516461015,0.037495224829763175
mndwi_mean_2000_2025,upper,-0.41702939691612423,0.03474107859656215,0.03748799152672291
mndwi_mean_2000_2025,upper,-0.41520610545728653,0.034736668970435855,0.03748363424092531
mndwi_mean_2000_2025,upper,-0.4133828139984489,0.03471413301303983,0.03747014440596104
mndwi_mean_2000_2025,upper,-0.41155952253961126,0.03471206091344357,0.037474710028618574
mndwi_mean_2000_2025,upper,-0.40973623108077356,0.03471232084557414,0.03748239502310753
mndwi_mean_2000_2025,upper,-0.40791293962193587,0.034707844443619254,0.03747039213776589
mndwi_mean_2000_2025,upper,-0.4060896481630982,0.03471646513789892,0.03746314402669668
mndwi_mean_2000_2025,upper,-0.4042663567042606,0.0347153989598155,0.03746685329824686
mndwi_mean_2000_2025,upper,-0.4024430652454229,0.03470255099236965,0.03746276255697012
mndwi_mean_2000_2025,upper,-0.4006197737865852,0.03469808455556631,0.03745207153260708
mndwi_mean_2000_2025,upper,-0.39879648232774756,0.03469378221780062,0.03744207955896854
mndwi_mean_2000_2025,upper,-0.3969731908689099,0.034675149247050285,0.03744256841018796
mndwi_mean_2000_2025,upper,-0.3951498994100722,0.03467711303383112,0.037441838253289464
mndwi_mean_2000_2025,upper,-0.39332660795123453,0.034679457917809485,0.03742537936195731
mndwi_mean_2000_2025,upper,-0.3915033164923969,0.03466903390362859,0.03741233004257083
mndwi_mean_2000_2025,upper,-0.38968002503355925,0.034655724000185725,0.03738038148730993
mndwi_mean_2000_2025,upper,-0.38785673357472156,0.03464263416826725,0.037366676796227696
mndwi_mean_2000_2025,upper,-0.38603344211588386,0.034629905689507724,0.037364897597581145
mndwi_mean_2000_2025,upper,-0.3842101506570462,0.03461725208908319,0.03735798466950655
mndwi_mean_2000_2025,upper,-0.3823868591982086,0.034595825150609015,0.03736031856387854
mndwi_mean_2000_2025,upper,-0.3805635677393709,0.034584563504904506,0.03736300934106111
mndwi_mean_2000_2025,upper,-0.3787402762805332,0.03458381071686745,0.03736082343384624
mndwi_mean_2000_2025,upper,-0.37691698482169556,0.03456677505746484,0.03733701389282942
mndwi_mean_2000_2025,upper,-0.3750936933628579,0.03455391302704811,0.03732005571946502
mndwi_mean_2000_2025,upper,-0.3732704019040202,0.0345411229878664,0.037298052851110694
mndwi_mean_2000_2025,upper,-0.3714471104451825,0.03452840475365519,0.03728195745497942
mndwi_mean_2000_2025,upper,-0.3696238189863449,0.03449968984350562,0.03726336881518364
mndwi_mean_2000_2025,upper,-0.36780052752750725,0.03445696132257581,0.037249958328902724
mndwi_mean_2000_2025,upper,-0.36597723606866955,0.03444492761045694,0.03725131163373589
mndwi_mean_2000_2025,upper,-0.36415394460983186,0.03443924207240343,0.03722620829939842
mndwi_mean_2000_2025,upper,-0.3623306531509942,0.03440789440646767,0.03720867019146681
mndwi_mean_2000_2025,upper,-0.3605073616921566,0.03440603539347649,0.03718510707840324
mndwi_mean_2000_2025,upper,-0.3586840702333189,0.03440102143213153,0.037183729093521835
mndwi_mean_2000_2025,upper,-0.3568607787744812,0.034376163687556985,0.03715538885444403
mndwi_mean_2000_2025,upper,-0.35503748731564355,0.034352604672312735,0.037148646730929616
mndwi_mean_2000_2025,upper,-0.3532141958568059,0.03433785680681467,0.03714406667277217
mndwi_mean_2000_2025,upper,-0.3513909043979682,0.03432224374264479,0.03712495733052492
mndwi_mean_2000_2025,upper,-0.3495676129391305,0.0342909007333219,0.03710825555026531
mndwi_mean_2000_2025,upper,-0.3477443214802929,0.03426927700638771,0.03708920385688543
mndwi_mean_2000_2025,upper,-0.34592103002145524,0.034267797414213416,0.03709172420203686
mndwi_mean_2000_2025,upper,-0.34409773856261755,0.034256515372544524,0.03708394970744848
mndwi_mean_2000_2025,upper,-0.34227444710377986,0.03421813128516078,0.03708272445946932
mndwi_mean_2000_2025,upper,-0.3404511556449422,0.034185430780053136,0.03708208352327347
mndwi_mean_2000_2025,upper,-0.3386278641861046,0.0341509816236794,0.03705852972343564
mndwi_mean_2000_2025,upper,-0.3368045727272669,0.034124466869980094,0.037054340541362765
mndwi_mean_2000_2025,upper,-0.3349812812684292,0.0340883944183588,0.037041019275784494
mndwi_mean_2000_2025,upper,-0.33315798980959155,0.03404491199180484,0.03703984189778566
mndwi_mean_2000_2025,upper,-0.3313346983507539,0.034005709271878,0.037019772455096245
mndwi_mean_2000_2025,upper,-0.3295114068919162,0.03393433503806591,0.037004568707197906
mndwi_mean_2000_2025,upper,-0.3276881154330785,0.033890458289533854,0.03699470041319728
mndwi_mean_2000_2025,upper,-0.3258648239742409,0.03385351551696658,0.0369904956780374
mndwi_mean_2000_2025,upper,-0.32404153251540324,0.03381961984559893,0.036979878507554534
mndwi_mean_2000_2025,upper,-0.32221824105656555,0.03375086523592472,0.03696977673098445
mndwi_mean_2000_2025,upper,-0.32039494959772785,0.033685258124023676,0.03696959437802434
mndwi_mean_2000_2025,upper,-0.3185716581388902,0.03361652167513966,0.03696765089407563
mndwi_mean_2000_2025,upper,-0.3167483666800526,0.0335563026368618,0.036955819092690946
mndwi_mean_2000_2025,upper,-0.3149250752212149,0.0335280648432672,0.03694610809907317
mndwi_mean_2000_2025,upper,-0.3131017837623772,0.03345898417755962,0.03693732740357518
mndwi_mean_2000_2025,upper,-0.31127849230353954,0.033410388976335526,0.036933681834489106
mndwi_mean_2000_2025,upper,-0.3094552008447019,0.03336903778836131,0.03693038122728467
mndwi_mean_2000_2025,upper,-0.3076319093858642,0.033322566840797666,0.03691887175664306
mndwi_mean_2000_2025,upper,-0.3058086179270265,0.033278383687138556,0.03690006034448743
mndwi_mean_2000_2025,upper,-0.3039853264681889,0.0332342135719955,0.03688965477049351
mndwi_mean_2000_2025,upper,-0.30216203500935124,0.0331744896247983,0.03687867140397429
mndwi_mean_2000_2025,upper,-0.30033874355051354,0.033102772664278746,0.03686685850843787
mndwi_mean_2000_2025,upper,-0.29851545209167585,0.033062785677611825,0.036862173955887555
mndwi_mean_2000_2025,upper,-0.2966921606328382,0.03300481447950006,0.03685747655108571
mndwi_mean_2000_2025,upper,-0.29486886917400057,0.032946068421006204,0.03685508770868182
mndwi_mean_2000_2025,upper,-0.2930455777151629,0.03287747409194708,0.036852029617875814
mndwi_mean_2000_2025,upper,-0.2912222862563252,0.03280930696055293,0.03684857310727239
mndwi_mean_2000_2025,upper,-0.28939899479748754,0.032741259690374135,0.03684477973729372
mndwi_mean_2000_2025,upper,-0.2875757033386499,0.03268341002985835,0.03683596281334758
mndwi_mean_2000_2025,upper,-0.2857524118798122,0.032631955854594705,0.036815001908689735
mndwi_mean_2000_2025,upper,-0.2839291204209745,0.03257478512823582,0.03680916503071785
mndwi_mean_2000_2025,upper,-0.2821058289621369,0.03252074625343084,0.036802717670798304
mndwi_mean_2000_2025,upper,-0.28028253750329923,0.03246723273769021,0.036788505129516126
mndwi_mean_2000_2025,upper,-0.27845924604446154,0.03241427438333631,0.03678783914074302
mndwi_mean_2000_2025,upper,-0.27663595458562384,0.03236215692013502,0.03677694387733936
mndwi_mean_2000_2025,upper,-0.2748126631267862,0.03231067294254899,0.036766994651407
mndwi_mean_2000_2025,upper,-0.27298937166794857,0.03224727464839816,0.036775484681129456
mndwi_mean_2000_2025,upper,-0.27116608020911087,0.032184170372784135,0.036778340581804514
mndwi_mean_2000_2025,upper,-0.2693427887502732,0.03212150214239955,0.036773103009909394
mndwi_mean_2000_2025,upper,-0.26751949729143554,0.0320557258091867,0.03676763186231256
mndwi_mean_2000_2025,upper,-0.2656962058325979,0.03199688885360956,0.03676189938560128
mndwi_mean_2000_2025,upper,-0.2638729143737602,0.03193549690768123,0.03675581412389874
mndwi_mean_2000_2025,upper,-0.2620496229149225,0.03187743965536356,0.03674946576356888
mndwi_mean_2000_2025,upper,-0.26022633145608487,0.03183226268738508,0.03674312150105834
mndwi_mean_2000_2025,upper,-0.25840303999724723,0.031787339691072704,0.036736400332301855
mndwi_mean_2000_2025,upper,-0.25657974853840954,0.03174267504364252,0.03671552138403058
mndwi_mean_2000_2025,upper,-0.25475645707957184,0.03169551603496075,0.03669771077111363
mndwi_mean_2000_2025,upper,-0.2529331656207342,0.03162995083257556,0.03668336374685168
mndwi_mean_2000_2025,upper,-0.25110987416189656,0.03156470749527216,0.03666051561012864
mndwi_mean_2000_2025,upper,-0.24928658270305887,0.03149980464950204,0.03665164625272155
mndwi_mean_2000_2025,upper,-0.24746329124422117,0.03143525747582317,0.03662227895110846
mndwi_mean_2000_2025,upper,-0.24563999978538353,0.03137108478695154,0.036603585537523034
mndwi_mean_2000_2025,upper,-0.2438167083265459,0.03130729803815484,0.036593323666602375
mndwi_mean_2000_2025,upper,-0.2419934168677082,0.03124352628365159,0.03659154064953327
mndwi_mean_2000_2025,upper,-0.2401701254088705,0.031179946660995484,0.036585414316505194
mndwi_mean_2000_2025,upper,-0.23834683395003287,0.031117542693391443,0.03658089442178607
mndwi_mean_2000_2025,upper,-0.23652354249119523,0.031058037001639605,0.03657367480918765
mndwi_mean_2000_2025,upper,-0.23470025103235753,0.03101618359796703,0.036554270144551995
mndwi_mean_2000_2025,upper,-0.23287695957351984,0.03097902229055762,0.036534144543111324
mndwi_mean_2000_2025,upper,-0.2310536681146822,0.03092649267055094,0.03650855021551251
mndwi_mean_2000_2025,upper,-0.22923037665584456,0.03088495903648436,0.03649279531091452
mndwi_mean_2000_2025,upper,-0.22740708519700686,0.030845028068870305,0.03647471657022834
mndwi_mean_2000_2025,upper,-0.22558379373816917,0.030800952948629855,0.03645027233287692
mndwi_mean_2000_2025,upper,-0.22376050227933153,0.030756594613194466,0.03644411414861679
mndwi_mean_2000_2025,upper,-0.2219372108204939,0.030713207693770526,0.03643141966313124
mndwi_mean_2000_2025,upper,-0.2201139193616562,0.03063148632645607,0.036400479078292844
mndwi_mean_2000_2025,upper,-0.2182906279028185,0.030557229835540056,0.03636891171336174
mndwi_mean_2000_2025,upper,-0.21646733644398086,0.030472328001633287,0.03633672138676047
mndwi_mean_2000_2025,upper,-0.21464404498514322,0.03039496154524386,0.03630993170663714
mndwi_mean_2000_2025,upper,-0.21282075352630553,0.030342182237654926,0.03629368050023914
mndwi_mean_2000_2025,upper,-0.21099746206746783,0.030290220491588117,0.03628706093877554
mndwi_mean_2000_2025,upper,-0.2091741706086302,0.030238823825493456,0.03626265777274966
mndwi_mean_2000_2025,upper,-0.20735087914979256,0.030189018044620753,0.036252593714743854
mndwi_mean_2000_2025,upper,-0.20552758769095486,0.030187012813985347,0.03624165300279856
mndwi_mean_2000_2025,upper,-0.20370429623211717,0.030123843904584648,0.03623175658285618
mndwi_mean_2000_2025,upper,-0.20188100477327953,0.03006109776906669,0.03621255289763212
mndwi_mean_2000_2025,upper,-0.2000577133144419,0.030004682904109358,0.036185288615524766
mndwi_mean_2000_2025,upper,-0.1982344218556042,0.029977807216346262,0.03615751750767231
mndwi_mean_2000_2025,upper,-0.1964111303967665,0.029952753987163305,0.03613021662458778
mndwi_mean_2000_2025,upper,-0.19458783893792886,0.029889881424605847,0.036125991959124804
mndwi_mean_2000_2025,upper,-0.19276454747909122,0.02979884040541947,0.03610186036676168
mndwi_mean_2000_2025,upper,-0.19094125602025352,0.029744953289628027,0.036084918305277824
mndwi_mean_2000_2025,upper,-0.18911796456141583,0.029697278002277016,0.03606749782338738
mndwi_mean_2000_2025,upper,-0.1872946731025782,0.029650454642251134,0.036041131056845185
mndwi_mean_2000_2025,upper,-0.18547138164374055,0.02960407161153853,0.03603063784539699
mndwi_mean_2000_2025,upper,-0.18364809018490286,0.029547227500006556,0.03601881843060255
mndwi_mean_2000_2025,upper,-0.18182479872606516,0.029484982276335357,0.036005041748285296
mndwi_mean_2000_2025,upper,-0.18000150726722752,0.02942182314582169,0.03599905706942082
mndwi_mean_2000_2025,upper,-0.17817821580838988,0.029359660996124148,0.03598037334159017
mndwi_mean_2000_2025,upper,-0.1763549243495522,0.02930912687443197,0.03595801582559943
mndwi_mean_2000_2025,upper,-0.1745316328907145,0.029234160110354422,0.03593543386086821
mndwi_mean_2000_2025,upper,-0.17270834143187686,0.029200748074799776,0.03591218311339617
mndwi_mean_2000_2025,upper,-0.17088504997303922,0.029121882235631346,0.03589866925030947
mndwi_mean_2000_2025,upper,-0.16906175851420152,0.02904673176817596,0.03589334124699235
mndwi_mean_2000_2025,upper,-0.16723846705536383,0.028984090639278294,0.035866203252226114
mndwi_mean_2000_2025,upper,-0.1654151755965262,0.028922076802700758,0.03583698188886046
mndwi_mean_2000_2025,upper,-0.16359188413768855,0.0289022677578032,0.035813887044787406
mndwi_mean_2000_2025,upper,-0.16176859267885085,0.028888043761253358,0.0357963440939784
mndwi_mean_2000_2025,upper,-0.15994530122001316,0.028837536135688423,0.03577801305800676
mndwi_mean_2000_2025,upper,-0.15812200976117552,0.028789978241547942,0.03575913943350315
mndwi_mean_2000_2025,upper,-0.15629871830233788,0.028760931547731163,0.035740232467651366
mndwi_mean_2000_2025,upper,-0.15447542684350019,0.028718652948737145,0.03572080815210939
mndwi_mean_2000_2025,upper,-0.1526521353846625,0.028688904829323292,0.03570082234218717
mndwi_mean_2000_2025,upper,-0.15082884392582485,0.02865998591296375,0.03568006977438927
mndwi_mean_2000_2025,upper,-0.1490055524669872,0.028631911054253577,0.035658749751746655
mndwi_mean_2000_2025,upper,-0.14718226100814952,0.028605670062825085,0.03563710795715451
mndwi_mean_2000_2025,upper,-0.14535896954931182,0.028533554868772626,0.03561479263007641
mndwi_mean_2000_2025,upper,-0.14353567809047418,0.028450110461562872,0.03559154914692044
mndwi_mean_2000_2025,upper,-0.14171238663163654,0.028364380542188882,0.03556073755025864
mndwi_mean_2000_2025,upper,-0.13988909517279885,0.028278648760169743,0.035527135245501995
mndwi_mean_2000_2025,upper,-0.13806580371396115,0.028234142670407893,0.03553651040419936
mndwi_mean_2000_2025,upper,-0.13624251225512352,0.028194912569597365,0.035550764109939334
mndwi_mean_2000_2025,upper,-0.13441922079628588,0.028156625758856534,0.03553252881392836
mndwi_mean_2000_2025,upper,-0.13259592933744818,0.028119755629450082,0.03551355684176087
mndwi_mean_2000_2025,upper,-0.1307726378786105,0.028084169747307895,0.03550063110888004
mndwi_mean_2000_2025,upper,-0.12894934641977285,0.02804958475753665,0.03547491738572717
mndwi_mean_2000_2025,upper,-0.1271260549609352,0.028006915096193553,0.035499061457812786
mndwi_mean_2000_2025,upper,-0.12530276350209751,0.02794925095513463,0.03550610207021236
mndwi_mean_2000_2025,upper,-0.12347947204325982,0.027886070683598517,0.03548038238659501
mndwi_mean_2000_2025,upper,-0.12165618058442218,0.027823631139472126,0.035460992250591516
mndwi_mean_2000_2025,upper,-0.11983288912558454,0.027754285000264646,0.035428325179964304
mndwi_mean_2000_2025,upper,-0.11800959766674685,0.027666743844747543,0.03545047612860799
mndwi_mean_2000_2025,upper,-0.11618630620790915,0.027579059917479755,0.0355076570995152
mndwi_mean_2000_2025,upper,-0.11436301474907151,0.02749123526737094,0.035483102034777406
mndwi_mean_2000_2025,upper,-0.11253972329023387,0.027433878974989057,0.03552045151591301
mndwi_mean_2000_2025,upper,-0.11071643183139618,0.027432127250358464,0.03552442528307438
mndwi_mean_2000_2025,upper,-0.10889314037255848,0.027413200261071323,0.03552814992144704
mndwi_mean_2000_2025,upper,-0.10706984891372084,0.027408152259886263,0.035534548852592704
mndwi_mean_2000_2025,upper,-0.1052465574548832,0.02734972620382905,0.03557888856157661
mndwi_mean_2000_2025,upper,-0.10342326599604551,0.02726194737479091,0.035586859099566936
mndwi_mean_2000_2025,upper,-0.10159997453720782,0.027201541373506187,0.03558701956644654
mndwi_mean_2000_2025,upper,-0.09977668307837018,0.02717832997441292,0.03563476353883743
mndwi_mean_2000_2025,upper,-0.09795339161953254,0.027122530713677408,0.03562045628204942
mndwi_mean_2000_2025,upper,-0.09613010016069484,0.027067416347563267,0.03565244125202298
mndwi_mean_2000_2025,upper,-0.09430680870185715,0.027013001730665565,0.03565825568512082
mndwi_mean_2000_2025,upper,-0.09248351724301951,0.02695937198586762,0.03569404650479555
mndwi_mean_2000_2025,upper,-0.09066022578418187,0.026906668301671745,0.03579923678189516
mndwi_mean_2000_2025,upper,-0.08883693432534417,0.026868171244859695,0.035811217129230494
mndwi_mean_2000_2025,upper,-0.08701364286650648,0.026833135262131692,0.03585197944194078
mndwi_mean_2000_2025,upper,-0.08519035140766884,0.026752327335998416,0.03604030003771186
mndwi_mean_2000_2025,upper,-0.0833670599488312,0.026700913766399027,0.03615456549450755
mndwi_mean_2000_2025,upper,-0.0815437684899935,0.02665186831727624,0.036198431719094516
mndwi_mean_2000_2025,upper,-0.07972047703115581,0.026617563236504792,0.03617235692217946
mndwi_mean_2000_2025,upper,-0.07789718557231817,0.026555474009364845,0.03621625294908881
mndwi_mean_2000_2025,upper,-0.07607389411348053,0.02650753306224942,0.036289747711271046
mndwi_mean_2000_2025,upper,-0.07425060265464284,0.026450434559956194,0.03640825562179088
mndwi_mean_2000_2025,upper,-0.07242731119580514,0.026340267900377513,0.03652948243543506
mndwi_mean_2000_2025,upper,-0.0706040197369675,0.026250571198761462,0.03665345013141632
mndwi_mean_2000_2025,upper,-0.06878072827812987,0.02622296749614179,0.03678018096834421
mndwi_mean_2000_2025,upper,-0.06695743681929217,0.02619658303447068,0.036923504807054995
mndwi_mean_2000_2025,upper,-0.06513414536045448,0.026172196259722114,0.037042017094790936
mndwi_mean_2000_2025,upper,-0.06331085390161684,0.026156657561659812,0.037169259414076804
mndwi_mean_2000_2025,upper,-0.0614875624427792,0.026115754805505275,0.03728249669075012
mndwi_mean_2000_2025,upper,-0.05966427098394145,0.026044949889183044,0.03743920102715492
mndwi_mean_2000_2025,upper,-0.05784097952510381,0.025957320677116515,0.03757381336763501
mndwi_mean_2000_2025,upper,-0.05601768806626617,0.025951131619513033,0.03771068919450044
mndwi_mean_2000_2025,upper,-0.05419439660742853,0.025856032548472286,0.03784984014928341
mndwi_mean_2000_2025,upper,-0.05237110514859089,0.025747508788481355,0.03799097705632448
mndwi_mean_2000_2025,upper,-0.05054781368975314,0.025638421764597297,0.03820258555933833
mndwi_mean_2000_2025,upper,-0.0487245222309155,0.02552877147682011,0.03836682559922337
mndwi_mean_2000_2025,upper,-0.04690123077207786,0.02541969148442149,0.0385306853801012
mndwi_mean_2000_2025,upper,-0.04507793931324011,0.025310641527175902,0.038697644695639605
mndwi_mean_2000_2025,upper,-0.04325464785440247,0.025253548054024577,0.03899066019803285
mndwi_mean_2000_2025,upper,-0.04143135639556483,0.025210879696533083,0.03929708860814571
mndwi_mean_2000_2025,upper,-0.039608064936727194,0.02516941293142736,0.039608965348452325
mndwi_mean_2000_2025,upper,-0.037784773477889555,0.02512846007011831,0.03992632394656539
mndwi_mean_2000_2025,upper,-0.035961482019051805,0.025088030425831676,0.040118825156241655
mndwi_mean_2000_2025,upper,-0.034138190560214166,0.025048125954344868,0.04026061296463012
mndwi_mean_2000_2025,upper,-0.032314899101376526,0.02499907659366727,0.04040476130321621
mndwi_mean_2000_2025,upper,-0.030491607642538776,0.0248722346033901,0.04059155518189072
mndwi_mean_2000_2025,upper,-0.028668316183701137,0.024744679871946573,0.04088418772444128
mndwi_mean_2000_2025,upper,-0.026845024724863498,0.024616412352770567,0.04118185630068182
mndwi_mean_2000_2025,upper,-0.02502173326602586,0.024487432045862078,0.041484601888805615
mndwi_mean_2000_2025,upper,-0.02319844180718822,0.02435773899778724,0.04179245047271251
mndwi_mean_2000_2025,upper,-0.02137515034835047,0.024233452137559654,0.04210543930530547
mndwi_mean_2000_2025,upper,-0.0195518588895128,0.02411218793131411,0.042423605360090724
mndwi_mean_2000_2025,lower,-0.5665392965408129,-0.009378720237873495,0.012274474464356897
mndwi_mean_2000_2025,lower,-0.5647160050819753,-0.008800437627360224,0.01180474078282714
mndwi_mean_2000_2025,lower,-0.5628927136231376,-0.00842807563021779,0.011392183462157845
mndwi_mean_2000_2025,lower,-0.5610694221642999,-0.008192050131037831,0.011046702950261531
mndwi_mean_2000_2025,lower,-0.5592461307054623,-0.007989485189318657,0.010703368857502936
mndwi_mean_2000_2025,lower,-0.5574228392466246,-0.0077667833305895325,0.01036218025255948
mndwi_mean_2000_2025,lower,-0.5555995477877869,-0.007405871397349983,0.010022507049143313
mndwi_mean_2000_2025,lower,-0.5537762563289492,-0.007036861625965685,0.00965273950714618
mndwi_mean_2000_2025,lower,-0.5519529648701116,-0.006838004908058792,0.009317157906480134
mndwi_mean_2000_2025,lower,-0.550129673411274,-0.00671730968169868,0.008995062811300159
mndwi_mean_2000_2025,lower,-0.5483063819524363,-0.006564617587719112,0.008638166380114852
mndwi_mean_2000_2025,lower,-0.5464830904935986,-0.006431806623004377,0.008298721187748014
mndwi_mean_2000_2025,lower,-0.5446597990347609,-0.00630620049778372,0.007980016246438026
mndwi_mean_2000_2025,lower,-0.5428365075759233,-0.0061701503582298756,0.007662198168691248
mndwi_mean_2000_2025,lower,-0.5410132161170855,-0.006069301895331591,0.007312399276997894
mndwi_mean_2000_2025,lower,-0.5391899246582479,-0.005958685313817114,0.006921215378679334
mndwi_mean_2000_2025,lower,-0.5373666331994102,-0.005810319050215185,0.006596739427186548
mndwi_mean_2000_2025,lower,-0.5355433417405726,-0.005734423897229135,0.006326400174293666
mndwi_mean_2000_2025,lower,-0.533720050281735,-0.005692900530993939,0.005960784573107956
mndwi_mean_2000_2025,lower,-0.5318967588228972,-0.0056270617409609255,0.005637878819834441
mndwi_mean_2000_2025,lower,-0.5300734673640596,-0.005600299069192261,0.005323094537016002
mndwi_mean_2000_2025,lower,-0.5282501759052219,-0.00556478975340724,0.005008419312071054
mndwi_mean_2000_2025,lower,-0.5264268844463842,-0.005566563783213496,0.004695762530900538
mndwi_mean_2000_2025,lower,-0.5246035929875466,-0.005551667988765985,0.004380943335127085
mndwi_mean_2000_2025,lower,-0.5227803015287089,-0.005561231612227857,0.004083106608595694
mndwi_mean_2000_2025,lower,-0.5209570100698713,-0.0056193660013377665,0.003805908246431496
mndwi_mean_2000_2025,lower,-0.5191337186110336,-0.005694576411042362,0.0036439384217374026
mndwi_mean_2000_2025,lower,-0.5173104271521959,-0.005691972246859222,0.00332721272134222
mndwi_mean_2000_2025,lower,-0.5154871356933582,-0.0057888909243047236,0.003035110008204355
mndwi_mean_2000_2025,lower,-0.5136638442345206,-0.00588103641057387,0.0027649932948406774
mndwi_mean_2000_2025,lower,-0.5118405527756829,-0.005908380809705704,0.0026050945627503095
mndwi_mean_2000_2025,lower,-0.5100172613168452,-0.005982546403538435,0.0023265537922270594
mndwi_mean_2000_2025,lower,-0.5081939698580076,-0.006113143975380808,0.0020711425400804727
mndwi_mean_2000_2025,lower,-0.5063706783991699,-0.006225286587141454,0.0018307931924937291
mndwi_mean_2000_2025,lower,-0.5045473869403323,-0.006353233964182437,0.001619148615282028
mndwi_mean_2000_2025,lower,-0.5027240954814945,-0.006465419789310545,0.0014381623012013733
mndwi_mean_2000_2025,lower,-0.5009008040226569,-0.006583165749907494,0.0011716082051862029
mndwi_mean_2000_2025,lower,-0.49907751256381927,-0.00670425760326907,0.0009738168926560315
mndwi_mean_2000_2025,lower,-0.4972542211049816,-0.006818002904765308,0.0007988445853698062
mndwi_mean_2000_2025,lower,-0.4954309296461439,-0.006907452095765621,0.0006290791076025921
mndwi_mean_2000_2025,lower,-0.49360763818730624,-0.007030940905679017,0.0004695359173638267
mndwi_mean_2000_2025,lower,-0.4917843467284686,-0.007153816847130656,0.0003603520366596053
mndwi_mean_2000_2025,lower,-0.4899610552696309,-0.007269323896616697,0.0002694141126994504
mndwi_mean_2000_2025,lower,-0.4881377638107932,-0.007380937971174717,0.0002034907542110882
mndwi_mean_2000_2025,lower,-0.4863144723519556,-0.007507257955148816,0.0001716098198812685
mndwi_mean_2000_2025,lower,-0.48449118089311793,-0.007629700435791165,0.00011051433175452974
mndwi_mean_2000_2025,lower,-0.48266788943428024,-0.0077547159628011285,4.905574196527582e-05
mndwi_mean_2000_2025,lower,-0.48084459797544254,-0.007882093242369593,-6.812323172198409e-05
mndwi_mean_2000_2025,lower,-0.4790213065166049,-0.0080044660018757,-0.00020700341519841602
mndwi_mean_2000_2025,lower,-0.47719801505776727,-0.008119775867089628,-0.00031136043180595254
mndwi_mean_2000_2025,lower,-0.47537472359892957,-0.008220227528363466,-0.00042167431238340254
mndwi_mean_2000_2025,lower,-0.4735514321400919,-0.008342218352481723,-0.0005634954504785142
mndwi_mean_2000_2025,lower,-0.47172814068125424,-0.008469826169312,-0.0006411222988390371
mndwi_mean_2000_2025,lower,-0.4699048492224166,-0.008595112501643598,-0.0007227816589875148
mndwi_mean_2000_2025,lower,-0.4680815577635789,-0.008706784178502857,-0.0008217150316340852
mndwi_mean_2000_2025,lower,-0.4662582663047412,-0.008821098948828876,-0.0009808313930989249
mndwi_mean_2000_2025,lower,-0.46443497484590357,-0.008938747644424438,-0.001083983035641723
mndwi_mean_2000_2025,lower,-0.46261168338706593,-0.009074492938816547,-0.001230004942044616
mndwi_mean_2000_2025,lower,-0.46078839192822824,-0.009242825023829938,-0.0013854012999217965
mndwi_mean_2000_2025,lower,-0.45896510046939054,-0.009384789154864848,-0.0015136228408664466
mndwi_mean_2000_2025,lower,-0.4571418090105529,-0.009562077932059765,-0.0016450506314868109
mndwi_mean_2000_2025,lower,-0.45531851755171526,-0.009685708931647241,-0.0017971750581637028
mndwi_mean_2000_2025,lower,-0.45349522609287757,-0.009813931211829186,-0.0019163333752658226
mndwi_mean_2000_2025,lower,-0.4516719346340399,-0.009950957936234772,-0.0020573728048475484
mndwi_mean_2000_2025,lower,-0.44984864317520223,-0.010079362709075213,-0.002179690188495443
mndwi_mean_2000_2025,lower,-0.4480253517163646,-0.010257024597376586,-0.00235410734312609
mndwi_mean_2000_2025,lower,-0.4462020602575269,-0.01039804918691516,-0.002489525312557818
mndwi_mean_2000_2025,lower,-0.4443787687986892,-0.010537320841103792,-0.002556568739237264
mndwi_mean_2000_2025,lower,-0.44255547733985157,-0.010674619465135038,-0.0026912621746305377
mndwi_mean_2000_2025,lower,-0.4407321858810139,-0.010810136725194753,-0.0028611983754672117
mndwi_mean_2000_2025,lower,-0.43890889442217623,-0.01094381045550108,-0.002999008825281635
mndwi_mean_2000_2025,lower,-0.43708560296333854,-0.011075629224069416,-0.0031441521830856806
mndwi_mean_2000_2025,lower,-0.4352623115045009,-0.011204856657423079,-0.0032817841914948077
mndwi_mean_2000_2025,lower,-0.43343902004566326,-0.011335224402137101,-0.0034138467512093485
mndwi_mean_2000_2025,lower,-0.43161572858682556,-0.011466201045550406,-0.003550735831959173
mndwi_mean_2000_2025,lower,-0.42979243712798787,-0.011589976749382913,-0.003689126134850085
mndwi_mean_2000_2025,lower,-0.42796914566915023,-0.011716878972947598,-0.003828987665474415
mndwi_mean_2000_2025,lower,-0.4261458542103126,-0.011845320998691022,-0.003990928130224347
mndwi_mean_2000_2025,lower,-0.4243225627514749,-0.011971681495197117,-0.004175432538613678
mndwi_mean_2000_2025,lower,-0.4224992712926372,-0.012104222155176102,-0.004338576295413077
mndwi_mean_2000_2025,lower,-0.42067597983379956,-0.0122401186497882,-0.004548580385744574
mndwi_mean_2000_2025,lower,-0.4188526883749619,-0.012358195683918893,-0.004679428250528873
mndwi_mean_2000_2025,lower,-0.41702939691612423,-0.012482301518321037,-0.004816628759726884
mndwi_mean_2000_2025,lower,-0.41520610545728653,-0.012627783813513815,-0.004975871858187021
mndwi_mean_2000_2025,lower,-0.4133828139984489,-0.012779775750823319,-0.005162137921433897
mndwi_mean_2000_2025,lower,-0.41155952253961126,-0.01291834651492536,-0.0053935592994093905
mndwi_mean_2000_2025,lower,-0.40973623108077356,-0.01306247035972774,-0.005584266176447273
mndwi_mean_2000_2025,lower,-0.40791293962193587,-0.013181373476982117,-0.0058277488104067745
mndwi_mean_2000_2025,lower,-0.4060896481630982,-0.013331991015002131,-0.006087721977382899
mndwi_mean_2000_2025,lower,-0.4042663567042606,-0.013434882881119848,-0.006282636302057655
mndwi_mean_2000_2025,lower,-0.4024430652454229,-0.013555903383530677,-0.006425227178260686
mndwi_mean_2000_2025,lower,-0.4006197737865852,-0.013721231534145773,-0.006552036514040085
mndwi_mean_2000_2025,lower,-0.39879648232774756,-0.01386498473584652,-0.006679478147998454
mndwi_mean_2000_2025,lower,-0.3969731908689099,-0.013959989603608846,-0.006807519483845682
mndwi_mean_2000_2025,lower,-0.3951498994100722,-0.014066508878022433,-0.006881522899493575
mndwi_mean_2000_2025,lower,-0.39332660795123453,-0.014203763171099126,-0.007065510062966497
mndwi_mean_2000_2025,lower,-0.3915033164923969,-0.014337079878896476,-0.007221018429845572
mndwi_mean_2000_2025,lower,-0.38968002503355925,-0.014469264796935022,-0.007354945107363165
mndwi_mean_2000_2025,lower,-0.38785673357472156,-0.014598963176831603,-0.0075098241213709125
mndwi_mean_2000_2025,lower,-0.38603344211588386,-0.014725222438573837,-0.0076485850615426905
mndwi_mean_2000_2025,lower,-0.3842101506570462,-0.014826315734535456,-0.00779421158367768
mndwi_mean_2000_2025,lower,-0.3823868591982086,-0.014914984861388803,-0.007910172874107958
mndwi_mean_2000_2025,lower,-0.3805635677393709,-0.015008759312331676,-0.008022177987731994
mndwi_mean_2000_2025,lower,-0.3787402762805332,-0.015076694078743458,-0.008114098571240902
mndwi_mean_2000_2025,lower,-0.37691698482169556,-0.015185253717936576,-0.008246421860530973
mndwi_mean_2000_2025,lower,-0.3750936933628579,-0.01529825192410499,-0.008388676308095455
mndwi_mean_2000_2025,lower,-0.3732704019040202,-0.015410071355290711,-0.008557778829708696
mndwi_mean_2000_2025,lower,-0.3714471104451825,-0.015596971241757273,-0.008727425290271642
mndwi_mean_2000_2025,lower,-0.3696238189863449,-0.01569988252595067,-0.008777949376963079
mndwi_mean_2000_2025,lower,-0.36780052752750725,-0.015851468220353125,-0.008910839492455126
mndwi_mean_2000_2025,lower,-0.36597723606866955,-0.015964447567239404,-0.009044032148085536
mndwi_mean_2000_2025,lower,-0.36415394460983186,-0.016074356017634274,-0.00913642996456474
mndwi_mean_2000_2025,lower,-0.3623306531509942,-0.016181434411555527,-0.009189835516735913
mndwi_mean_2000_2025,lower,-0.3605073616921566,-0.016308322828263045,-0.009246430639177563
mndwi_mean_2000_2025,lower,-0.3586840702333189,-0.01642925092019141,-0.009304473828524354
mndwi_mean_2000_2025,lower,-0.3568607787744812,-0.016532833129167555,-0.009364327555522323
mndwi_mean_2000_2025,lower,-0.35503748731564355,-0.01663840301334858,-0.009420141321606935
mndwi_mean_2000_2025,lower,-0.3532141958568059,-0.01675517871044576,-0.009528444171883166
mndwi_mean_2000_2025,lower,-0.3513909043979682,-0.016882290365174413,-0.00960020525380969
mndwi_mean_2000_2025,lower,-0.3495676129391305,-0.017007417557761074,-0.009679727256298067
mndwi_mean_2000_2025,lower,-0.3477443214802929,-0.017061871057376266,-0.009760709642432632
mndwi_mean_2000_2025,lower,-0.34592103002145524,-0.017118298402056097,-0.009824575553648175
mndwi_mean_2000_2025,lower,-0.34409773856261755,-0.017258469574153425,-0.009885045769624413
mndwi_mean_2000_2025,lower,-0.34227444710377986,-0.01739683197811246,-0.009945529350079597
mndwi_mean_2000_2025,lower,-0.3404511556449422,-0.01757626314647496,-0.010002435883507134
mndwi_mean_2000_2025,lower,-0.3386278641861046,-0.017690545599907636,-0.010061507625505329
mndwi_mean_2000_2025,lower,-0.3368045727272669,-0.017833146592602135,-0.01013014444615692
mndwi_mean_2000_2025,lower,-0.3349812812684292,-0.017980836750939488,-0.010174102010205388
mndwi_mean_2000_2025,lower,-0.33315798980959155,-0.018184209242463112,-0.010227732360363008
mndwi_mean_2000_2025,lower,-0.3313346983507539,-0.018328329268842935,-0.010280234459787608
mndwi_mean_2000_2025,lower,-0.3295114068919162,-0.01853774846531451,-0.010331609169952573
mndwi_mean_2000_2025,lower,-0.3276881154330785,-0.01865348843857646,-0.010381854674778881
mndwi_mean_2000_2025,lower,-0.3258648239742409,-0.018855316657572986,-0.0104335444746539
mndwi_mean_2000_2025,lower,-0.32404153251540324,-0.01912088696844876,-0.010516519914381206
mndwi_mean_2000_2025,lower,-0.32221824105656555,-0.01928046499378979,-0.010579053731635214
mndwi_mean_2000_2025,lower,-0.32039494959772785,-0.019431052030995488,-0.010626520542427898
mndwi_mean_2000_2025,lower,-0.3185716581388902,-0.01963000474497676,-0.010672416561283172
mndwi_mean_2000_2025,lower,-0.3167483666800526,-0.019825364276766778,-0.010667357174679638
mndwi_mean_2000_2025,lower,-0.3149250752212149,-0.02001800239086151,-0.010708750784397127
mndwi_mean_2000_2025,lower,-0.3131017837623772,-0.020141984848305584,-0.010749035212211315
mndwi_mean_2000_2025,lower,-0.31127849230353954,-0.020263312431052328,-0.010789105179719632
mndwi_mean_2000_2025,lower,-0.3094552008447019,-0.020413449918851256,-0.010802248003892604
mndwi_mean_2000_2025,lower,-0.3076319093858642,-0.020654229214414954,-0.010813823249191048
mndwi_mean_2000_2025,lower,-0.3058086179270265,-0.02089333990588784,-0.01082477802410722
mndwi_mean_2000_2025,lower,-0.3039853264681889,-0.021086499420925976,-0.010835114144720139
mndwi_mean_2000_2025,lower,-0.30216203500935124,-0.02127980664372444,-0.01084483067970723
mndwi_mean_2000_2025,lower,-0.30033874355051354,-0.021437525795772672,-0.010841235076077283
mndwi_mean_2000_2025,lower,-0.29851545209167585,-0.02159212836995721,-0.010860141436569394
mndwi_mean_2000_2025,lower,-0.2966921606328382,-0.021744274254888295,-0.010868964507244528
mndwi_mean_2000_2025,lower,-0.29486886917400057,-0.021894414722919465,-0.010875091259367765
mndwi_mean_2000_2025,lower,-0.2930455777151629,-0.022040094481781125,-0.010880590439774096
mndwi_mean_2000_2025,lower,-0.2912222862563252,-0.022178025636821985,-0.010885460255667568
mndwi_mean_2000_2025,lower,-0.28939899479748754,-0.02231603804975748,-0.010889702499844136
mndwi_mean_2000_2025,lower,-0.2875757033386499,-0.02246059598401189,-0.010893316310830415
mndwi_mean_2000_2025,lower,-0.2857524118798122,-0.02263131095096469,-0.010897317435592415
mndwi_mean_2000_2025,lower,-0.2839291204209745,-0.022782006999477744,-0.010914591886103154
mndwi_mean_2000_2025,lower,-0.2821058289621369,-0.022926534153521062,-0.010982845420949162
mndwi_mean_2000_2025,lower,-0.28028253750329923,-0.023064749175682665,-0.011050302558578555
mndwi_mean_2000_2025,lower,-0.27845924604446154,-0.023196506919339298,-0.011118254554457967
mndwi_mean_2000_2025,lower,-0.27663595458562384,-0.023321667732670904,-0.011186075978912417
mndwi_mean_2000_2025,lower,-0.2748126631267862,-0.023454793123528363,-0.011237297486513856
mndwi_mean_2000_2025,lower,-0.27298937166794857,-0.023613011091947557,-0.011239667423069479
mndwi_mean_2000_2025,lower,-0.27116608020911087,-0.02376455315388739,-0.011241132859140635
mndwi_mean_2000_2025,lower,-0.2693427887502732,-0.023814537934958933,-0.01123850375879556
mndwi_mean_2000_2025,lower,-0.26751949729143554,-0.023932747915387152,-0.011233436991460621
mndwi_mean_2000_2025,lower,-0.2656962058325979,-0.024045527959242464,-0.011227981187403204
mndwi_mean_2000_2025,lower,-0.2638729143737602,-0.024152082251384856,-0.011227492499165237
mndwi_mean_2000_2025,lower,-0.2620496229149225,-0.024253014056012035,-0.011221805401146413
mndwi_mean_2000_2025,lower,-0.26022633145608487,-0.024348032707348467,-0.011215111613273621
mndwi_mean_2000_2025,lower,-0.25840303999724723,-0.02443703943863511,-0.011207409319467843
mndwi_mean_2000_2025,lower,-0.25657974853840954,-0.02452001771889627,-0.011198699451051652
mndwi_mean_2000_2025,lower,-0.25475645707957184,-0.024596860725432636,-0.01118898109998554
mndwi_mean_2000_2025,lower,-0.2529331656207342,-0.024667452787980437,-0.01118579818867147
mndwi_mean_2000_2025,lower,-0.25110987416189656,-0.024731642007827757,-0.01122204470448196
mndwi_mean_2000_2025,lower,-0.24928658270305887,-0.024762401450425388,-0.01126394090242684
mndwi_mean_2000_2025,lower,-0.24746329124422117,-0.02465855530463159,-0.011303973593749107
mndwi_mean_2000_2025,lower,-0.24563999978538353,-0.02468215567059815,-0.01134212005417794
mndwi_mean_2000_2025,lower,-0.2438167083265459,-0.02473067371174693,-0.011378354858607055
mndwi_mean_2000_2025,lower,-0.2419934168677082,-0.024813421396538617,-0.011412651697173716
mndwi_mean_2000_2025,lower,-0.2401701254088705,-0.0249074044637382,-0.011389492568559945
mndwi_mean_2000_2025,lower,-0.23834683395003287,-0.02489216476678848,-0.01139254455920309
mndwi_mean_2000_2025,lower,-0.23652354249119523,-0.024880855390802026,-0.011398822069168093
mndwi_mean_2000_2025,lower,-0.23470025103235753,-0.024860280519351362,-0.011386020411737266
mndwi_mean_2000_2025,lower,-0.23287695957351984,-0.024940187018364667,-0.011330160079523923
mndwi_mean_2000_2025,lower,-0.2310536681146822,-0.024944397620856762,-0.011273910664021971
mndwi_mean_2000_2025,lower,-0.22923037665584456,-0.02491018404252827,-0.011217300058342518
mndwi_mean_2000_2025,lower,-0.22740708519700686,-0.02491318150423467,-0.01109460417646915
mndwi_mean_2000_2025,lower,-0.22558379373816917,-0.024909549066796897,-0.011051867529749872
mndwi_mean_2000_2025,lower,-0.22376050227933153,-0.024870567861944436,-0.01101163933053613
mndwi_mean_2000_2025,lower,-0.2219372108204939,-0.02482051244005561,-0.010971641214564445
mndwi_mean_2000_2025,lower,-0.2201139193616562,-0.02481348435394466,-0.010927818785421551
mndwi_mean_2000_2025,lower,-0.2182906279028185,-0.02483078297227621,-0.01086998200044036
mndwi_mean_2000_2025,lower,-0.21646733644398086,-0.02487705401144922,-0.010811947588808836
mndwi_mean_2000_2025,lower,-0.21464404498514322,-0.024823171785101295,-0.010777126112952829
mndwi_mean_2000_2025,lower,-0.21282075352630553,-0.02471054382622242,-0.01077596708200872
mndwi_mean_2000_2025,lower,-0.21099746206746783,-0.024640630884096026,-0.010737870610319078
mndwi_mean_2000_2025,lower,-0.2091741706086302,-0.0245729714166373,-0.010700176726095379
mndwi_mean_2000_2025,lower,-0.20735087914979256,-0.02450546924956143,-0.01066231618169695
mndwi_mean_2000_2025,lower,-0.20552758769095486,-0.024586019990965723,-0.010625156899914147
mndwi_mean_2000_2025,lower,-0.20370429623211717,-0.024626904586330055,-0.010587998060509564
mndwi_mean_2000_2025,lower,-0.20188100477327953,-0.024531359178945424,-0.010531552718020977
mndwi_mean_2000_2025,lower,-0.2000577133144419,-0.024600921384990215,-0.010463360883295537
mndwi_mean_2000_2025,lower,-0.1982344218556042,-0.02446909071877599,-0.010383586026728155
mndwi_mean_2000_2025,lower,-0.1964111303967665,-0.024431017553433777,-0.010321926861070098
mndwi_mean_2000_2025,lower,-0.19458783893792886,-0.024452528962865473,-0.010247728344984355
mndwi_mean_2000_2025,lower,-0.19276454747909122,-0.02439756612293422,-0.010173349757678809
mndwi_mean_2000_2025,lower,-0.19094125602025352,-0.02440170692279935,-0.010098504787310959
mndwi_mean_2000_2025,lower,-0.18911796456141583,-0.024356923019513487,-0.010046313260681929
mndwi_mean_2000_2025,lower,-0.1872946731025782,-0.024383750976994634,-0.009997050347737969
mndwi_mean_2000_2025,lower,-0.18547138164374055,-0.024406868824735285,-0.009862248715944589
mndwi_mean_2000_2025,lower,-0.18364809018490286,-0.02441905941814184,-0.009781627729535104
mndwi_mean_2000_2025,lower,-0.18182479872606516,-0.024350512912496923,-0.009707700135186315
mndwi_mean_2000_2025,lower,-0.18000150726722752,-0.02434162050485611,-0.00963337782304734
mndwi_mean_2000_2025,lower,-0.17817821580838988,-0.024396762205287813,-0.009528786828741432
mndwi_mean_2000_2025,lower,-0.1763549243495522,-0.02443727720528841,-0.009442024677991868
mndwi_mean_2000_2025,lower,-0.1745316328907145,-0.02446045186370611,-0.009353887266479434
mndwi_mean_2000_2025,lower,-0.17270834143187686,-0.024391293153166772,-0.009264373732730747
mndwi_mean_2000_2025,lower,-0.17088504997303922,-0.024412060249596836,-0.00917348403017968
mndwi_mean_2000_2025,lower,-0.16906175851420152,-0.024463275680318475,-0.009081219066865744
mndwi_mean_2000_2025,lower,-0.16723846705536383,-0.0244624687358737,-0.008926009875722233
mndwi_mean_2000_2025,lower,-0.1654151755965262,-0.02448464366607368,-0.008821848221123231
mndwi_mean_2000_2025,lower,-0.16359188413768855,-0.02452700175344944,-0.008682047761976728
mndwi_mean_2000_2025,lower,-0.16176859267885085,-0.024550255108624696,-0.00820852357428521
mndwi_mean_2000_2025,lower,-0.15994530122001316,-0.02450950085185468,-0.008168057468719781
mndwi_mean_2000_2025,lower,-0.15812200976117552,-0.02454412868246436,-0.00820071736816317
mndwi_mean_2000_2025,lower,-0.15629871830233788,-0.02457555793225765,-0.008234995976090434
mndwi_mean_2000_2025,lower,-0.15447542684350019,-0.024607047671452165,-0.008100555860437453
mndwi_mean_2000_2025,lower,-0.1526521353846625,-0.024637804925441743,-0.008095505298115315
mndwi_mean_2000_2025,lower,-0.15082884392582485,-0.024667626386508344,-0.007968500093556942
mndwi_mean_2000_2025,lower,-0.1490055524669872,-0.024696508329361676,-0.007840322656556964
mndwi_mean_2000_2025,lower,-0.14718226100814952,-0.02471506898291409,-0.007567782665137202
mndwi_mean_2000_2025,lower,-0.14535896954931182,-0.024752506567165256,-0.0074909148737788206
mndwi_mean_2000_2025,lower,-0.14353567809047418,-0.024780142307281493,-0.0073727361159399195
mndwi_mean_2000_2025,lower,-0.14171238663163654,-0.02480551414191723,-0.007161813799757511
mndwi_mean_2000_2025,lower,-0.13988909517279885,-0.024842063104733823,-0.007129137578886011
mndwi_mean_2000_2025,lower,-0.13806580371396115,-0.02486006198450923,-0.006944111210759735
mndwi_mean_2000_2025,lower,-0.13624251225512352,-0.02486836239695549,-0.006561228586360819
mndwi_mean_2000_2025,lower,-0.13441922079628588,-0.0248910051304847,-0.006438956421334304
mndwi_mean_2000_2025,lower,-0.13259592933744818,-0.024919539503753186,-0.005982104397844527
mndwi_mean_2000_2025,lower,-0.1307726378786105,-0.024947509495541455,-0.0058734865277074305
mndwi_mean_2000_2025,lower,-0.12894934641977285,-0.024944116501137613,-0.005615528742782773
mndwi_mean_2000_2025,lower,-0.1271260549609352,-0.02492609331384301,-0.005247116414830094
mndwi_mean_2000_2025,lower,-0.12530276350209751,-0.024904638854786755,-0.004872257832903425
mndwi_mean_2000_2025,lower,-0.12347947204325982,-0.024900138704106213,-0.004497677460312852
mndwi_mean_2000_2025,lower,-0.12165618058442218,-0.02490708138793707,-0.004122227104380729
mndwi_mean_2000_2025,lower,-0.11983288912558454,-0.02490073498338461,-0.003922984446398918
mndwi_mean_2000_2025,lower,-0.11800959766674685,-0.024900420848280192,-0.0035778302233666205
mndwi_mean_2000_2025,lower,-0.11618630620790915,-0.024904362531378864,-0.0033443043066654354
mndwi_mean_2000_2025,lower,-0.11436301474907151,-0.024946461571380495,-0.0030185599112883244
mndwi_mean_2000_2025,lower,-0.11253972329023387,-0.024925865279510618,-0.0027264813426882105
mndwi_mean_2000_2025,lower,-0.11071643183139618,-0.024945488618686795,-0.0019198855879949417
mndwi_mean_2000_2025,lower,-0.10889314037255848,-0.024971338594332336,-0.0012561157200252648
mndwi_mean_2000_2025,lower,-0.10706984891372084,-0.025019982550293206,-0.0006720029850839678
mndwi_mean_2000_2025,lower,-0.1052465574548832,-0.025067613180726766,-0.00015571511612507213
mndwi_mean_2000_2025,lower,-0.10342326599604551,-0.025028326408937575,0.0002489765553036548
mndwi_mean_2000_2025,lower,-0.10159997453720782,-0.025027004862204195,0.0010905346338404192
mndwi_mean_2000_2025,lower,-0.09977668307837018,-0.02503998833708465,0.0019474255503155145
mndwi_mean_2000_2025,lower,-0.09795339161953254,-0.02505171662196517,0.002810373774264002
mndwi_mean_2000_2025,lower,-0.09613010016069484,-0.02506477343849838,0.0034649631008505767
mndwi_mean_2000_2025,lower,-0.09430680870185715,-0.025077069038525225,0.0038894321827683434
mndwi_mean_2000_2025,lower,-0.09248351724301951,-0.02508847597055137,0.004320201138034435
mndwi_mean_2000_2025,lower,-0.09066022578418187,-0.02510136067867279,0.004757306154351642
mndwi_mean_2000_2025,lower,-0.08883693432534417,-0.02510690283961594,0.0056093301624059256
mndwi_mean_2000_2025,lower,-0.08701364286650648,-0.025116098392754794,0.006495050352532373
mndwi_mean_2000_2025,lower,-0.08519035140766884,-0.02512353830970824,0.0073955221916548455
mndwi_mean_2000_2025,lower,-0.0833670599488312,-0.025108624109998347,0.008310839976184023
mndwi_mean_2000_2025,lower,-0.0815437684899935,-0.02508250796236098,0.009241096186451565
mndwi_mean_2000_2025,lower,-0.07972047703115581,-0.025064740143716336,0.010193966864608177
mndwi_mean_2000_2025,lower,-0.07789718557231817,-0.025075494218617676,0.011213054065592535
mndwi_mean_2000_2025,lower,-0.07607389411348053,-0.025085538625717163,0.012248913152143307
mndwi_mean_2000_2025,lower,-0.07425060265464284,-0.025094876997172832,0.013301651133224315
mndwi_mean_2000_2025,lower,-0.07242731119580514,-0.025099986931309104,0.014373041247017628
mndwi_mean_2000_2025,lower,-0.0706040197369675,-0.025112642906606197,0.015476735797710665
mndwi_mean_2000_2025,lower,-0.06878072827812987,-0.02512181317433715,0.01659779348410661
mndwi_mean_2000_2025,lower,-0.06695743681929217,-0.025138689298182727,0.017736320570111225
mndwi_mean_2000_2025,lower,-0.06513414536045448,-0.02515487065538764,0.018892427720129442
mndwi_mean_2000_2025,lower,-0.06331085390161684,-0.025159005727618932,0.020066222967579914
mndwi_mean_2000_2025,lower,-0.0614875624427792,-0.025157397659495474,0.0212578143458813
mndwi_mean_2000_2025,lower,-0.05966427098394145,-0.02516725892201066,0.02246731165796514
mndwi_mean_2000_2025,lower,-0.05784097952510381,-0.02518822271376848,0.02369482107460495
mndwi_mean_2000_2025,lower,-0.05601768806626617,-0.02522163107059896,0.024940456077456437
mndwi_mean_2000_2025,lower,-0.05419439660742853,-0.025240298314020037,0.0262043192517012
mndwi_mean_2000_2025,lower,-0.05237110514859089,-0.025252685137093066,0.027486523985862696
mndwi_mean_2000_2025,lower,-0.05054781368975314,-0.025268296478316188,0.028786410670727458
mndwi_mean_2000_2025,lower,-0.0487245222309155,-0.025285851070657374,0.030103137018159004
mndwi_mean_2000_2025,lower,-0.04690123077207786,-0.02529685334302485,0.031438472867012
mndwi_mean_2000_2025,lower,-0.04507793931324011,-0.025292049953714014,0.032792522106319645
mndwi_mean_2000_2025,lower,-0.04325464785440247,-0.025295025669038296,0.034165397658944115
mndwi_mean_2000_2025,lower,-0.04143135639556483,-0.025309564219787715,0.03555720346048473
mndwi_mean_2000_2025,lower,-0.039608064936727194,-0.025348566519096494,0.03696805080398916
mndwi_mean_2000_2025,lower,-0.037784773477889555,-0.025320992805063725,0.03839805079624056
mndwi_mean_2000_2025,lower,-0.035961482019051805,-0.02531566652469337,0.039804152492433784
mndwi_mean_2000_2025,lower,-0.034138190560214166,-0.025295179849490524,0.041080798767507073
mndwi_mean_2000_2025,lower,-0.032314899101376526,-0.025273796822875737,0.04237379189580678
mndwi_mean_2000_2025,lower,-0.030491607642538776,-0.025251517491415142,0.043848728295415626
mndwi_mean_2000_2025,lower,-0.028668316183701137,-0.025272663217037916,0.04535859199240803
mndwi_mean_2000_2025,lower,-0.026845024724863498,-0.025262781884521246,0.04688816322013734
mndwi_mean_2000_2025,lower,-0.02502173326602586,-0.02529418943449855,0.04843755001202225
mndwi_mean_2000_2025,lower,-0.02319844180718822,-0.025263017509132624,0.050006860401481376
mndwi_mean_2000_2025,lower,-0.02137515034835047,-0.02523004529066384,0.0515962061472237
mndwi_mean_2000_2025,lower,-0.0195518588895128,-0.025247730035334825,0.05320569165050982
ssrd_wm2_slope_2000_2025,upper,-0.1474445462226867,0.027692251559346914,0.0359505825676024
ssrd_wm2_slope_2000_2025,upper,-0.14719274143377933,0.027903040451928974,0.03600314976647496
ssrd_wm2_slope_2000_2025,upper,-0.14694093664487198,0.028128899214789272,0.03605463653802871
ssrd_wm2_slope_2000_2025,upper,-0.1466891318559646,0.0283374204300344,0.03611716730520129
ssrd_wm2_slope_2000_2025,upper,-0.14643732706705723,0.028542884392663836,0.03618010366335511
ssrd_wm2_slope_2000_2025,upper,-0.14618552227814988,0.028745331801474094,0.0362346145324409
ssrd_wm2_slope_2000_2025,upper,-0.1459337174892425,0.028944982448592782,0.03628328209742904
ssrd_wm2_slope_2000_2025,upper,-0.14568191270033512,0.029141853097826242,0.03635290032252669
ssrd_wm2_slope_2000_2025,upper,-0.14543010791142777,0.02933596228249371,0.036420289520174266
ssrd_wm2_slope_2000_2025,upper,-0.1451783031225204,0.02952732127159834,0.03647742383182049
ssrd_wm2_slope_2000_2025,upper,-0.144926498333613,0.029715950461104514,0.03653321135789156
ssrd_wm2_slope_2000_2025,upper,-0.14467469354470566,0.029901864752173424,0.036585544049739835
ssrd_wm2_slope_2000_2025,upper,-0.14442288875579828,0.030085079045966266,0.03662079069763422
ssrd_wm2_slope_2000_2025,upper,-0.1441710839668909,0.030265816440805792,0.03664549328386783
ssrd_wm2_slope_2000_2025,upper,-0.14391927917798356,0.03044435423798859,0.03668659133836627
ssrd_wm2_slope_2000_2025,upper,-0.14366747438907618,0.030620225146412848,0.036720881797373296
ssrd_wm2_slope_2000_2025,upper,-0.1434156696001688,0.03079344960860908,0.036752695124596356
ssrd_wm2_slope_2000_2025,upper,-0.14316386481126145,0.030977193592116238,0.036783578153699634
ssrd_wm2_slope_2000_2025,upper,-0.14291206002235407,0.03116242294199765,0.036813538521528244
ssrd_wm2_slope_2000_2025,upper,-0.1426602552334467,0.031344652827829125,0.03684257641434669
ssrd_wm2_slope_2000_2025,upper,-0.14240845044453934,0.031505773589015004,0.03687071036547422
ssrd_wm2_slope_2000_2025,upper,-0.14215664565563196,0.03166340896859765,0.03690357757732272
ssrd_wm2_slope_2000_2025,upper,-0.14190484086672459,0.031818507332354785,0.0369535400532186
ssrd_wm2_slope_2000_2025,upper,-0.14165303607781723,0.031965439300984146,0.03700169390067458
ssrd_wm2_slope_2000_2025,upper,-0.14140123128890986,0.032095713168382646,0.0370485351420939
ssrd_wm2_slope_2000_2025,upper,-0.14114942650000248,0.032232073973864316,0.03706504702568054
ssrd_wm2_slope_2000_2025,upper,-0.14089762171109513,0.03237879788503051,0.03713160753250122
ssrd_wm2_slope_2000_2025,upper,-0.14064581692218775,0.03252366716042161,0.037160072196275
ssrd_wm2_slope_2000_2025,upper,-0.14039401213328037,0.03266643723472953,0.03720018425956369
ssrd_wm2_slope_2000_2025,upper,-0.14014220734437302,0.03281146958470345,0.03723298069089651
ssrd_wm2_slope_2000_2025,upper,-0.13989040255546564,0.032964091189205645,0.03723395802080631
ssrd_wm2_slope_2000_2025,upper,-0.13963859776655826,0.03310304330661893,0.03725481983274221
ssrd_wm2_slope_2000_2025,upper,-0.13938679297765091,0.03323369445279241,0.03730023084208369
ssrd_wm2_slope_2000_2025,upper,-0.13913498818874354,0.033361991122365,0.03735476061701774
ssrd_wm2_slope_2000_2025,upper,-0.13888318339983616,0.03348794803023338,0.03737606005743146
ssrd_wm2_slope_2000_2025,upper,-0.1386313786109288,0.03361158026382327,0.03739647325128317
ssrd_wm2_slope_2000_2025,upper,-0.13837957382202143,0.03373297257348895,0.03740826733410359
ssrd_wm2_slope_2000_2025,upper,-0.13812776903311405,0.033852153457701206,0.0374334380030632
ssrd_wm2_slope_2000_2025,upper,-0.1378759642442067,0.03396315323188901,0.03744931612163782
ssrd_wm2_slope_2000_2025,upper,-0.13762415945529932,0.03407493019476533,0.037460511270910504
ssrd_wm2_slope_2000_2025,upper,-0.13737235466639194,0.03417034968733788,0.03748049093410373
ssrd_wm2_slope_2000_2025,upper,-0.1371205498774846,0.034270616807043554,0.03749729683622718
ssrd_wm2_slope_2000_2025,upper,-0.13686874508857721,0.034369049966335295,0.03752494649961591
ssrd_wm2_slope_2000_2025,upper,-0.13661694029966984,0.034475505352020264,0.03754894081503153
ssrd_wm2_slope_2000_2025,upper,-0.1363651355107625,0.03459635656327009,0.037575498875230554
ssrd_wm2_slope_2000_2025,upper,-0.1361133307218551,0.034686302207410334,0.03760063257068395
ssrd_wm2_slope_2000_2025,upper,-0.13586152593294773,0.03479838250204921,0.03761556316167116
ssrd_wm2_slope_2000_2025,upper,-0.13560972114404038,0.034862782526761296,0.037641473766416314
ssrd_wm2_slope_2000_2025,upper,-0.135357916355133,0.03494232799857855,0.03766043810173869
ssrd_wm2_slope_2000_2025,upper,-0.13510611156622562,0.035036323592066765,0.03767111739143729
ssrd_wm2_slope_2000_2025,upper,-0.13485430677731827,0.03512894781306386,0.037692570593208075
ssrd_wm2_slope_2000_2025,upper,-0.1346025019884109,0.03521709144115448,0.03771878927946091
ssrd_wm2_slope_2000_2025,upper,-0.13435069719950352,0.03527687070891261,0.03774398630484939
ssrd_wm2_slope_2000_2025,upper,-0.13409889241059617,0.0353351354598999,0.03776031518355012
ssrd_wm2_slope_2000_2025,upper,-0.1338470876216888,0.035406383033841846,0.03777478411793709
ssrd_wm2_slope_2000_2025,upper,-0.1335952828327814,0.03547236453741789,0.037788317445665597
ssrd_wm2_slope_2000_2025,upper,-0.13334347804387406,0.035538706183433535,0.03779892586171627
ssrd_wm2_slope_2000_2025,upper,-0.13309167325496668,0.035597195755690335,0.037800212018191816
ssrd_wm2_slope_2000_2025,upper,-0.1328398684660593,0.03566765980795026,0.0378030912950635
ssrd_wm2_slope_2000_2025,upper,-0.13258806367715195,0.035745909251272676,0.0378143928013742
ssrd_wm2_slope_2000_2025,upper,-0.13233625888824457,0.035809054411947726,0.03782469034194946
ssrd_wm2_slope_2000_2025,upper,-0.1320844540993372,0.03587143085896969,0.037831453047692774
ssrd_wm2_slope_2000_2025,upper,-0.13183264931042984,0.03593507762998342,0.037845741491764784
ssrd_wm2_slope_2000_2025,upper,-0.13158084452152247,0.03598800515756011,0.03785259537398815
ssrd_wm2_slope_2000_2025,upper,-0.1313290397326151,0.036026326939463615,0.03786271531134844
ssrd_wm2_slope_2000_2025,upper,-0.13107723494370774,0.03605924760922789,0.03786895601078868
ssrd_wm2_slope_2000_2025,upper,-0.13082543015480036,0.03611783357337117,0.037881174497306346
ssrd_wm2_slope_2000_2025,upper,-0.13057362536589298,0.036175439786165955,0.03789229867979884
ssrd_wm2_slope_2000_2025,upper,-0.13032182057698563,0.036215166095644236,0.03789365459233522
ssrd_wm2_slope_2000_2025,upper,-0.13007001578807825,0.03627492384985089,0.03791200770065188
ssrd_wm2_slope_2000_2025,upper,-0.12981821099917087,0.03631025701761246,0.03791798567399383
ssrd_wm2_slope_2000_2025,upper,-0.12956640621026352,0.036342745181173086,0.03793397434055805
ssrd_wm2_slope_2000_2025,upper,-0.12931460142135615,0.036374113894999026,0.037951916735619304
ssrd_wm2_slope_2000_2025,upper,-0.12906279663244877,0.03640506695955992,0.03795690480619669
ssrd_wm2_slope_2000_2025,upper,-0.12881099184354142,0.03643422238528728,0.03794983634725213
ssrd_wm2_slope_2000_2025,upper,-0.12855918705463404,0.0364624016918242,0.03796305945143104
ssrd_wm2_slope_2000_2025,upper,-0.12830738226572666,0.03649882059544325,0.037966929376125336
ssrd_wm2_slope_2000_2025,upper,-0.1280555774768193,0.036516305059194565,0.037968432810157535
ssrd_wm2_slope_2000_2025,upper,-0.12780377268791193,0.03654020288959146,0.03797170771285892
ssrd_wm2_slope_2000_2025,upper,-0.12755196789900455,0.036564075853675604,0.03798413993790746
ssrd_wm2_slope_2000_2025,upper,-0.12730016311009718,0.036591537203639744,0.037995843682438135
ssrd_wm2_slope_2000_2025,upper,-0.12704835832118982,0.03660867428407073,0.03800622131675482
ssrd_wm2_slope_2000_2025,upper,-0.12679655353228245,0.03662941372022033,0.03801646195352078
ssrd_wm2_slope_2000_2025,upper,-0.12654474874337507,0.03664539325982332,0.038019363302737474
ssrd_wm2_slope_2000_2025,upper,-0.12629294395446772,0.03663644753396511,0.038027859572321174
ssrd_wm2_slope_2000_2025,upper,-0.12604113916556034,0.03665333604440093,0.03803487541154027
ssrd_wm2_slope_2000_2025,upper,-0.12578933437665296,0.03667664118111134,0.03804686414077878
ssrd_wm2_slope_2000_2025,upper,-0.1255375295877456,0.03668691348284483,0.03805283280089498
ssrd_wm2_slope_2000_2025,upper,-0.12528572479883823,0.036699546687304976,0.038051193207502367
ssrd_wm2_slope_2000_2025,upper,-0.12503392000993085,0.03671832289546728,0.03804101524874568
ssrd_wm2_slope_2000_2025,upper,-0.1247821152210235,0.036718170158565044,0.038041433226317166
ssrd_wm2_slope_2000_2025,upper,-0.12453031043211613,0.03671817621216178,0.038036858197301626
ssrd_wm2_slope_2000_2025,upper,-0.12427850564320876,0.03671594094485044,0.03804509062319994
ssrd_wm2_slope_2000_2025,upper,-0.1240267008543014,0.03671581298112869,0.038045576121658084
ssrd_wm2_slope_2000_2025,upper,-0.12377489606539402,0.036710318829864266,0.038031687028706074
ssrd_wm2_slope_2000_2025,upper,-0.12352309127648665,0.036708625685423615,0.03803556235507131
ssrd_wm2_slope_2000_2025,upper,-0.12327128648757929,0.03671130957081914,0.03802914759144187
ssrd_wm2_slope_2000_2025,upper,-0.12301948169867191,0.0367017044685781,0.038021462690085175
ssrd_wm2_slope_2000_2025,upper,-0.12276767690976455,0.03669626396149397,0.03801275994628668
ssrd_wm2_slope_2000_2025,upper,-0.12251587212085718,0.036685001011937855,0.038005498703569174
ssrd_wm2_slope_2000_2025,upper,-0.1222640673319498,0.0366818368434906,0.037995755672454834
ssrd_wm2_slope_2000_2025,upper,-0.12201226254304244,0.03668290274217725,0.037982099782675506
ssrd_wm2_slope_2000_2025,upper,-0.12176045775413508,0.03667959803715348,0.037969482596963644
ssrd_wm2_slope_2000_2025,upper,-0.1215086529652277,0.03667118921875954,0.03795923227444291
ssrd_wm2_slope_2000_2025,upper,-0.12125684817632033,0.03666472537443042,0.03794296775013208
ssrd_wm2_slope_2000_2025,upper,-0.12100504338741297,0.03664679452776909,0.03793332353234291
ssrd_wm2_slope_2000_2025,upper,-0.12075323859850559,0.036628274247050285,0.037923250906169416
ssrd_wm2_slope_2000_2025,upper,-0.12050143380959823,0.036623765528202054,0.03790868977084756
ssrd_wm2_slope_2000_2025,upper,-0.12024962902069086,0.03661150140687823,0.03789356285706162
ssrd_wm2_slope_2000_2025,upper,-0.11999782423178348,0.036602952424436806,0.03788027735427022
ssrd_wm2_slope_2000_2025,upper,-0.11974601944287612,0.03658513613045215,0.0378657778725028
ssrd_wm2_slope_2000_2025,upper,-0.11949421465396876,0.03657334400340915,0.03785091051831842
ssrd_wm2_slope_2000_2025,upper,-0.11924240986506138,0.03655695701017976,0.03783697988837957
ssrd_wm2_slope_2000_2025,upper,-0.11899060507615401,0.03653680151328444,0.037822589837014677
ssrd_wm2_slope_2000_2025,upper,-0.11873880028724665,0.03652111440896988,0.037807174306362865
ssrd_wm2_slope_2000_2025,upper,-0.11848699549833927,0.036509687174111606,0.037789159920066595
ssrd_wm2_slope_2000_2025,upper,-0.1182351907094319,0.0364982626400888,0.03776968363672495
ssrd_wm2_slope_2000_2025,upper,-0.11798338592052454,0.036473819706588986,0.037752457149326804
ssrd_wm2_slope_2000_2025,upper,-0.11773158113161716,0.036458162032067774,0.037735425122082236
ssrd_wm2_slope_2000_2025,upper,-0.1174797763427098,0.03642975389957428,0.03771592024713755
ssrd_wm2_slope_2000_2025,upper,-0.11722797155380243,0.036404633242636916,0.03769169636070728
ssrd_wm2_slope_2000_2025,upper,-0.11697616676489506,0.03638146556913853,0.0376703105866909
ssrd_wm2_slope_2000_2025,upper,-0.11672436197598769,0.03635494569316507,0.03764200191944837
ssrd_wm2_slope_2000_2025,upper,-0.11647255718708033,0.03633553395047784,0.03761795423924923
ssrd_wm2_slope_2000_2025,upper,-0.11622075239817295,0.036303768306970595,0.03759329728782177
ssrd_wm2_slope_2000_2025,upper,-0.11596894760926559,0.036272754054516555,0.037568955775350334
ssrd_wm2_slope_2000_2025,upper,-0.11571714282035822,0.03624867536127567,0.03754303231835365
ssrd_wm2_slope_2000_2025,upper,-0.11546533803145084,0.03621626133099198,0.037514922115951775
ssrd_wm2_slope_2000_2025,upper,-0.11521353324254348,0.03618740998208523,0.03748731650412083
ssrd_wm2_slope_2000_2025,upper,-0.11496172845363611,0.036146027594804765,0.037455989792943
ssrd_wm2_slope_2000_2025,upper,-0.11470992366472874,0.03610781980678439,0.037430151272565125
ssrd_wm2_slope_2000_2025,upper,-0.11445811887582137,0.03607439966872335,0.03739870032295585
ssrd_wm2_slope_2000_2025,upper,-0.11420631408691401,0.036040813010185954,0.03736561667174101
ssrd_wm2_slope_2000_2025,upper,-0.11395450929800663,0.036007067561149596,0.03733154628425837
ssrd_wm2_slope_2000_2025,upper,-0.11370270450909926,0.03597323717549443,0.03729477412998676
ssrd_wm2_slope_2000_2025,upper,-0.1134508997201919,0.03593929344788194,0.03727262644097209
ssrd_wm2_slope_2000_2025,upper,-0.11319909493128452,0.035905367508530614,0.03724176427349448
ssrd_wm2_slope_2000_2025,upper,-0.11294729014237716,0.03588574742898345,0.037207248341292146
ssrd_wm2_slope_2000_2025,upper,-0.1126954853534698,0.03585016243159771,0.037177125364542006
ssrd_wm2_slope_2000_2025,upper,-0.11244368056456241,0.035814433638006446,0.03714585043489933
ssrd_wm2_slope_2000_2025,upper,-0.11219187577565505,0.03577863443642855,0.037110429350286724
ssrd_wm2_slope_2000_2025,upper,-0.11194007098674769,0.0357486929744482,0.037074293941259384
ssrd_wm2_slope_2000_2025,upper,-0.11168826619784031,0.03571875868365169,0.03703766455873847
ssrd_wm2_slope_2000_2025,upper,-0.11143646140893294,0.03569056084379554,0.037001464422792195
ssrd_wm2_slope_2000_2025,upper,-0.11118465662002558,0.03565893452614546,0.03697157194837928
ssrd_wm2_slope_2000_2025,upper,-0.1109328518311182,0.03561859615147114,0.03693491294980049
ssrd_wm2_slope_2000_2025,upper,-0.11068104704221084,0.035578264947980644,0.03690791139379144
ssrd_wm2_slope_2000_2025,upper,-0.11042924225330347,0.03553786333650351,0.036868557520210746
ssrd_wm2_slope_2000_2025,upper,-0.1101774374643961,0.03550769537687302,0.0368324838578701
ssrd_wm2_slope_2000_2025,upper,-0.10992563267548873,0.0354766727425158,0.036802734900265935
ssrd_wm2_slope_2000_2025,upper,-0.10967382788658137,0.03544657304883003,0.03677252484485507
ssrd_wm2_slope_2000_2025,upper,-0.10942202309767399,0.0354121551848948,0.03673502486199141
ssrd_wm2_slope_2000_2025,upper,-0.10917021830876662,0.03537325747311115,0.03669183906167746
ssrd_wm2_slope_2000_2025,upper,-0.10891841351985926,0.03533426318317652,0.036653139628469944
ssrd_wm2_slope_2000_2025,upper,-0.10866660873095188,0.03529492104426026,0.036622599605470894
ssrd_wm2_slope_2000_2025,upper,-0.10841480394204452,0.0352554477751255,0.03658853201195598
ssrd_wm2_slope_2000_2025,upper,-0.10816299915313715,0.035215940698981284,0.03655824782326818
ssrd_wm2_slope_2000_2025,upper,-0.10791119436422977,0.0351763766258955,0.036527874693274495
ssrd_wm2_slope_2000_2025,upper,-0.10765938957532241,0.035139206983149054,0.03647812092676759
ssrd_wm2_slope_2000_2025,upper,-0.10740758478641504,0.0351044581271708,0.03644745266065001
ssrd_wm2_slope_2000_2025,upper,-0.10715577999750767,0.03506503188982606,0.03641980104148388
ssrd_wm2_slope_2000_2025,upper,-0.1069039752086003,0.03502818504348397,0.03637784533202648
ssrd_wm2_slope_2000_2025,upper,-0.10665217041969294,0.03498848620802164,0.03634477322921157
ssrd_wm2_slope_2000_2025,upper,-0.10640036563078556,0.03494620332494378,0.03631171509623528
ssrd_wm2_slope_2000_2025,upper,-0.1061485608418782,0.034901329502463344,0.036278489604592325
ssrd_wm2_slope_2000_2025,upper,-0.10589675605297083,0.034865311812609434,0.036246258113533256
ssrd_wm2_slope_2000_2025,upper,-0.10564495126406345,0.034829198569059375,0.03621493857353926
ssrd_wm2_slope_2000_2025,upper,-0.10539314647515609,0.03479333175346255,0.036183965671807525
ssrd_wm2_slope_2000_2025,upper,-0.10514134168624872,0.034758671186864376,0.03615298187360168
ssrd_wm2_slope_2000_2025,upper,-0.10488953689734135,0.03472192594781518,0.03611631104722619
ssrd_wm2_slope_2000_2025,upper,-0.10463773210843398,0.03468611091375351,0.03608120195567608
ssrd_wm2_slope_2000_2025,upper,-0.10438592731952662,0.034645683597773314,0.0360442359931767
ssrd_wm2_slope_2000_2025,upper,-0.10413412253061924,0.034609431959688665,0.03602364649996161
ssrd_wm2_slope_2000_2025,upper,-0.10388231774171187,0.03457732787355781,0.0359939580783248
ssrd_wm2_slope_2000_2025,upper,-0.10363051295280451,0.03453453807160258,0.03596410090103745
ssrd_wm2_slope_2000_2025,upper,-0.10337870816389713,0.03449054667726159,0.03592810574918985
ssrd_wm2_slope_2000_2025,upper,-0.10312690337498977,0.03443926367908716,0.03589092344045639
ssrd_wm2_slope_2000_2025,upper,-0.1028750985860824,0.03439360614866018,0.035855777002871035
ssrd_wm2_slope_2000_2025,upper,-0.10262329379717502,0.034353123139590026,0.0358269770629704
ssrd_wm2_slope_2000_2025,upper,-0.10237148900826766,0.03431695559993386,0.03579835761338472
ssrd_wm2_slope_2000_2025,upper,-0.1021196842193603,0.034281070344150066,0.03576871724799276
ssrd_wm2_slope_2000_2025,upper,-0.10186787943045292,0.034240495041012765,0.03573487354442477
ssrd_wm2_slope_2000_2025,upper,-0.10161607464154555,0.03419904867187142,0.03569856164976955
ssrd_wm2_slope_2000_2025,upper,-0.10136426985263819,0.034162331651896236,0.03566748527809978
ssrd_wm2_slope_2000_2025,upper,-0.10111246506373081,0.03412596024572849,0.035638789366930726
ssrd_wm2_slope_2000_2025,upper,-0.10086066027482345,0.03407991360872984,0.03560069696977734
ssrd_wm2_slope_2000_2025,upper,-0.10060885548591608,0.03403545198962092,0.035567413456737994
ssrd_wm2_slope_2000_2025,upper,-0.1003570506970087,0.03399304775521159,0.03553421730175614
ssrd_wm2_slope_2000_2025,upper,-0.10010524590810134,0.033953558560460805,0.0355070942081511
ssrd_wm2_slope_2000_2025,upper,-0.09985344111919398,0.03391461288556456,0.03548389943316579
ssrd_wm2_slope_2000_2025,upper,-0.0996016363302866,0.033876802492886784,0.03546039657667279
ssrd_wm2_slope_2000_2025,upper,-0.09934983154137923,0.033839477319270374,0.0354409416206181
ssrd_wm2_slope_2000_2025,upper,-0.09909802675247187,0.03380258483812213,0.03540770513936877
ssrd_wm2_slope_2000_2025,upper,-0.09884622196356449,0.03376834169030189,0.03537336280569434
ssrd_wm2_slope_2000_2025,upper,-0.09859441717465713,0.03374230451881886,0.03533911798149347
ssrd_wm2_slope_2000_2025,upper,-0.09834261238574976,0.033697744458913804,0.035306144133210184
ssrd_wm2_slope_2000_2025,upper,-0.09809080759684238,0.03365974714979529,0.035283641796559094
ssrd_wm2_slope_2000_2025,upper,-0.09783900280793502,0.03362530125305056,0.0352603099308908
ssrd_wm2_slope_2000_2025,upper,-0.09758719801902765,0.03359298333525658,0.035230571683496234
ssrd_wm2_slope_2000_2025,upper,-0.09733539323012028,0.03358191912993789,0.0352009266614914
ssrd_wm2_slope_2000_2025,upper,-0.09708358844121291,0.03355346526950598,0.035176430363208055
ssrd_wm2_slope_2000_2025,upper,-0.09683178365230555,0.03351655770093202,0.035146730858832596
ssrd_wm2_slope_2000_2025,upper,-0.09657997886339817,0.03348023248836398,0.03511328585445881
ssrd_wm2_slope_2000_2025,upper,-0.0963281740744908,0.03344483245164156,0.035083825327456
ssrd_wm2_slope_2000_2025,upper,-0.09607636928558344,0.03341034622862935,0.03505490981042385
ssrd_wm2_slope_2000_2025,upper,-0.09582456449667606,0.03338026851415634,0.035028998646885155
ssrd_wm2_slope_2000_2025,upper,-0.0955727597077687,0.03334698285907507,0.035006900876760484
ssrd_wm2_slope_2000_2025,upper,-0.09532095491886133,0.03331291452050209,0.034978083521127704
ssrd_wm2_slope_2000_2025,upper,-0.09506915012995396,0.03328516818583012,0.034953029733151196
ssrd_wm2_slope_2000_2025,upper,-0.09481734534104659,0.03325815470889211,0.03493529912084341
ssrd_wm2_slope_2000_2025,upper,-0.09456554055213923,0.0332256174646318,0.03492346191778779
ssrd_wm2_slope_2000_2025,upper,-0.09431373576323185,0.03319177739322186,0.034895988460630176
ssrd_wm2_slope_2000_2025,upper,-0.09406193097432448,0.03316643098369241,0.0348765792325139
ssrd_wm2_slope_2000_2025,upper,-0.09381012618541712,0.03314000423997641,0.03485281579196453
ssrd_wm2_slope_2000_2025,upper,-0.09355832139650974,0.033112366870045665,0.03483621021732688
ssrd_wm2_slope_2000_2025,upper,-0.09330651660760238,0.033090155385434625,0.034820906817913055
ssrd_wm2_slope_2000_2025,upper,-0.09305471181869501,0.03306889180094004,0.03479983573779464
ssrd_wm2_slope_2000_2025,upper,-0.09280290702978763,0.03304859455674887,0.034774824231863025
ssrd_wm2_slope_2000_2025,upper,-0.09255110224088027,0.03302928237244487,0.0347615122795105
ssrd_wm2_slope_2000_2025,upper,-0.0922992974519729,0.03301097033545375,0.03474768754094839
ssrd_wm2_slope_2000_2025,upper,-0.09204749266306553,0.032993676885962483,0.034724865667521955
ssrd_wm2_slope_2000_2025,upper,-0.09179568787415816,0.032975470274686815,0.03469789195805788
ssrd_wm2_slope_2000_2025,upper,-0.0915438830852508,0.032956293504685166,0.03468827102333307
ssrd_wm2_slope_2000_2025,upper,-0.09129207829634342,0.03293810123577714,0.03466387111693621
ssrd_wm2_slope_2000_2025,upper,-0.09104027350743606,0.03292189808562398,0.03464447828009724
ssrd_wm2_slope_2000_2025,upper,-0.09078846871852869,0.03290792815387249,0.034632262866944076
ssrd_wm2_slope_2000_2025,upper,-0.09053666392962131,0.032903379667550324,0.034614863153547046
ssrd_wm2_slope_2000_2025,upper,-0.09028485914071394,0.032895980216562745,0.034603270888328555
ssrd_wm2_slope_2000_2025,upper,-0.09003305435180659,0.03288381509482861,0.034594297595322135
ssrd_wm2_slope_2000_2025,upper,-0.0897812495628992,0.032876047771424055,0.03458596067503095
ssrd_wm2_slope_2000_2025,upper,-0.08952944477399183,0.032871054485440254,0.03457770124077797
ssrd_wm2_slope_2000_2025,upper,-0.08927763998508448,0.032870995532721284,0.03456885032355785
ssrd_wm2_slope_2000_2025,upper,-0.0890258351961771,0.03287233617156744,0.03455982338637113
ssrd_wm2_slope_2000_2025,upper,-0.08877403040726972,0.03286996930837631,0.034551214147359136
ssrd_wm2_slope_2000_2025,upper,-0.08852222561836237,0.03286840068176389,0.03454293804243207
ssrd_wm2_slope_2000_2025,upper,-0.08827042082945499,0.032866240758448836,0.03453659443184733
ssrd_wm2_slope_2000_2025,upper,-0.08801861604054761,0.03286525523290038,0.03453646497800946
ssrd_wm2_slope_2000_2025,upper,-0.08776681125164026,0.032865462452173234,0.034534836281090976
ssrd_wm2_slope_2000_2025,upper,-0.08751500646273289,0.03286514515057206,0.03452978385612369
ssrd_wm2_slope_2000_2025,upper,-0.08726320167382551,0.03286392390727997,0.03452046606689692
ssrd_wm2_slope_2000_2025,upper,-0.08701139688491816,0.03286304622888565,0.03451164159923792
ssrd_wm2_slope_2000_2025,upper,-0.08675959209601078,0.03286444488912821,0.034509762097150086
ssrd_wm2_slope_2000_2025,upper,-0.0865077873071034,0.03288071667775512,0.0345085228793323
ssrd_wm2_slope_2000_2025,upper,-0.08625598251819605,0.032891735434532166,0.03450791062787175
ssrd_wm2_slope_2000_2025,upper,-0.08600417772928867,0.032894556596875194,0.03450316805392504
ssrd_wm2_slope_2000_2025,upper,-0.0857523729403813,0.032897062879055736,0.034493970684707165
ssrd_wm2_slope_2000_2025,upper,-0.08550056815147394,0.03291208194568753,0.03449444426223636
ssrd_wm2_slope_2000_2025,upper,-0.08524876336256657,0.032922166772186755,0.03449566848576069
ssrd_wm2_slope_2000_2025,upper,-0.08499695857365919,0.03291747337207198,0.03449840424582362
ssrd_wm2_slope_2000_2025,upper,-0.08474515378475182,0.03292414611205459,0.03450032081454992
ssrd_wm2_slope_2000_2025,upper,-0.08449334899584446,0.03293510507792234,0.03450468638911843
ssrd_wm2_slope_2000_2025,upper,-0.0842415442069371,0.03295076135545969,0.03452288107946515
ssrd_wm2_slope_2000_2025,upper,-0.08398973941802972,0.032968181371688846,0.03453714083880186
ssrd_wm2_slope_2000_2025,upper,-0.08373793462912235,0.03296529175713658,0.03455501887947321
ssrd_wm2_slope_2000_2025,upper,-0.08348612984021499,0.0329892698675394,0.034564498253166674
ssrd_wm2_slope_2000_2025,upper,-0.08323432505130761,0.03299675052985549,0.03456754367798567
ssrd_wm2_slope_2000_2025,upper,-0.08298252026240024,0.033026653062552216,0.034578929748386146
ssrd_wm2_slope_2000_2025,upper,-0.08273071547349288,0.03304440574720502,0.03459810735657811
ssrd_wm2_slope_2000_2025,upper,-0.0824789106845855,0.03305715313181281,0.03461460554972291
ssrd_wm2_slope_2000_2025,upper,-0.08222710589567814,0.033080754615366456,0.034631360042840245
ssrd_wm2_slope_2000_2025,upper,-0.08197530110677077,0.03310375967994332,0.03464638767763972
ssrd_wm2_slope_2000_2025,upper,-0.0817234963178634,0.03312450461089611,0.03466087942942977
ssrd_wm2_slope_2000_2025,upper,-0.08147169152895603,0.033151638507843015,0.034668426308780906
ssrd_wm2_slope_2000_2025,upper,-0.08121988674004867,0.0331751667894423,0.03469317108392715
ssrd_wm2_slope_2000_2025,upper,-0.08096808195114129,0.033200836088508365,0.03471827609464526
ssrd_wm2_slope_2000_2025,upper,-0.08071627716223392,0.03321760818362236,0.03473647367209196
ssrd_wm2_slope_2000_2025,upper,-0.08046447237332656,0.03323574420064688,0.03476796317845583
ssrd_wm2_slope_2000_2025,upper,-0.08021266758441918,0.03325200090184808,0.03480040328577161
ssrd_wm2_slope_2000_2025,upper,-0.07996086279551182,0.03327337577939034,0.03483865251764655
ssrd_wm2_slope_2000_2025,upper,-0.07970905800660445,0.03328160019591451,0.0348603243008256
ssrd_wm2_slope_2000_2025,upper,-0.07945725321769707,0.033305213507264855,0.034896834287792444
ssrd_wm2_slope_2000_2025,upper,-0.07920544842878971,0.03334662141278386,0.03493618182837963
ssrd_wm2_slope_2000_2025,upper,-0.07895364363988235,0.033373297192156315,0.034962184820324184
ssrd_wm2_slope_2000_2025,upper,-0.07870183885097497,0.0333975070156157,0.03500547436997294
ssrd_wm2_slope_2000_2025,upper,-0.0784500340620676,0.033421330712735654,0.03506318936124444
ssrd_wm2_slope_2000_2025,upper,-0.07819822927316024,0.033441031351685524,0.035113041289150715
ssrd_wm2_slope_2000_2025,upper,-0.07794642448425286,0.03345804465934634,0.03515695938840509
ssrd_wm2_slope_2000_2025,upper,-0.0776946196953455,0.033494845125824214,0.035204810090363026
ssrd_wm2_slope_2000_2025,upper,-0.07744281490643813,0.03352958550676703,0.03525809710845351
ssrd_wm2_slope_2000_2025,upper,-0.07719101011753075,0.03354562427848577,0.035309093352407214
ssrd_wm2_slope_2000_2025,upper,-0.07693920532862339,0.03357086917385459,0.03536522770300508
ssrd_wm2_slope_2000_2025,upper,-0.07668740053971602,0.03358809910714626,0.03543249648064375
ssrd_wm2_slope_2000_2025,upper,-0.07643559575080865,0.033603528048843145,0.03550140410661697
ssrd_wm2_slope_2000_2025,upper,-0.07618379096190128,0.03363287039101124,0.03557004751637578
ssrd_wm2_slope_2000_2025,upper,-0.07593198617299392,0.033638324867933986,0.035625189263373616
ssrd_wm2_slope_2000_2025,upper,-0.07568018138408654,0.03365296674892306,0.03570369333028793
ssrd_wm2_slope_2000_2025,upper,-0.07542837659517918,0.03367585577070713,0.03578477650880814
ssrd_wm2_slope_2000_2025,upper,-0.07517657180627181,0.03371182810515165,0.035862880386412145
ssrd_wm2_slope_2000_2025,upper,-0.07492476701736443,0.03376208897680044,0.03593963040038943
ssrd_wm2_slope_2000_2025,upper,-0.07467296222845707,0.03380238227546215,0.036023896932601926
ssrd_wm2_slope_2000_2025,upper,-0.0744211574395497,0.0338290361687541,0.036110217683017254
ssrd_wm2_slope_2000_2025,upper,-0.07416935265064233,0.03385505136102438,0.036203484237194064
ssrd_wm2_slope_2000_2025,upper,-0.07391754786173496,0.03389514284208417,0.03629704294726253
ssrd_wm2_slope_2000_2025,upper,-0.0736657430728276,0.033936656545847654,0.036387418396770954
ssrd_wm2_slope_2000_2025,upper,-0.07341393828392022,0.033979468047618866,0.036501805670559405
ssrd_wm2_slope_2000_2025,upper,-0.07316213349501285,0.03402334274724126,0.03660282753407955
ssrd_wm2_slope_2000_2025,upper,-0.07291032870610549,0.03407443910837173,0.03668362209573388
ssrd_wm2_slope_2000_2025,upper,-0.07265852391719811,0.03413212765008211,0.03678600499406457
ssrd_wm2_slope_2000_2025,upper,-0.07240671912829075,0.034163026884198186,0.03689707536250353
ssrd_wm2_slope_2000_2025,upper,-0.07215491433938338,0.034208303317427635,0.03700458193197846
ssrd_wm2_slope_2000_2025,upper,-0.071903109550476,0.03425667928531766,0.03712654234841466
ssrd_wm2_slope_2000_2025,lower,-0.1474445462226867,0.0001902411073388067,0.016021803207695483
ssrd_wm2_slope_2000_2025,lower,-0.14719274143377933,0.00018306430538359572,0.015730720898136496
ssrd_wm2_slope_2000_2025,lower,-0.14694093664487198,0.0001758990874805023,0.015370553871616715
ssrd_wm2_slope_2000_2025,lower,-0.1466891318559646,0.0001687454683633406,0.015138064767234024
ssrd_wm2_slope_2000_2025,lower,-0.14643732706705723,0.00016160343366209432,0.014906834578141568
ssrd_wm2_slope_2000_2025,lower,-0.14618552227814988,0.00015448000376636645,0.014677073038183152
ssrd_wm2_slope_2000_2025,lower,-0.1459337174892425,0.00014780144265387225,0.014460509503260255
ssrd_wm2_slope_2000_2025,lower,-0.14568191270033512,0.00014265405679907424,0.014273236482404172
ssrd_wm2_slope_2000_2025,lower,-0.14543010791142777,0.00017070434660126926,0.014077580976299941
ssrd_wm2_slope_2000_2025,lower,-0.1451783031225204,0.00014368230986292477,0.013797030178830025
ssrd_wm2_slope_2000_2025,lower,-0.144926498333613,0.00012346296352916397,0.013562474842183288
ssrd_wm2_slope_2000_2025,lower,-0.14467469354470566,0.00011680191728373757,0.013351121358573434
ssrd_wm2_slope_2000_2025,lower,-0.14442288875579828,0.00010711065933719516,0.013166378485038873
ssrd_wm2_slope_2000_2025,lower,-0.1441710839668909,6.678387971987835e-05,0.012985064066015182
ssrd_wm2_slope_2000_2025,lower,-0.14391927917798356,2.6835922130885613e-05,0.012803192762657999
ssrd_wm2_slope_2000_2025,lower,-0.14366747438907618,8.996073756861765e-06,0.012537345685996116
ssrd_wm2_slope_2000_2025,lower,-0.1434156696001688,5.396733104134979e-06,0.012314818846061826
ssrd_wm2_slope_2000_2025,lower,-0.14316386481126145,-1.4074172395339623e-05,0.012115904828533529
ssrd_wm2_slope_2000_2025,lower,-0.14291206002235407,-5.197746377234574e-05,0.011913789599202574
ssrd_wm2_slope_2000_2025,lower,-0.1426602552334467,-8.95491270057391e-05,0.01167538131121546
ssrd_wm2_slope_2000_2025,lower,-0.14240845044453934,-0.00012678915409196633,0.01151421358808875
ssrd_wm2_slope_2000_2025,lower,-0.14215664565563196,-0.00016369757358916103,0.01131944772787392
ssrd_wm2_slope_2000_2025,lower,-0.14190484086672459,-0.00011056000366806973,0.011123074125498532
ssrd_wm2_slope_2000_2025,lower,-0.14165303607781723,-0.00012689053946814951,0.010929247783496975
ssrd_wm2_slope_2000_2025,lower,-0.14140123128890986,-0.00018049946338578583,0.010740434192121028
ssrd_wm2_slope_2000_2025,lower,-0.14114942650000248,-0.00023360870000033168,0.010577879613265393
ssrd_wm2_slope_2000_2025,lower,-0.14089762171109513,-0.00028621823585126547,0.010418730555102227
ssrd_wm2_slope_2000_2025,lower,-0.14064581692218775,-0.00031834562760195694,0.010244093206711113
ssrd_wm2_slope_2000_2025,lower,-0.14039401213328037,-0.0003756412370421458,0.010012687393464146
ssrd_wm2_slope_2000_2025,lower,-0.14014220734437302,-0.00040574018348706883,0.009834341169334945
ssrd_wm2_slope_2000_2025,lower,-0.13989040255546564,-0.000422732185688801,0.009657185524702069
ssrd_wm2_slope_2000_2025,lower,-0.13963859776655826,-0.0004390988040540832,0.009478772408328949
ssrd_wm2_slope_2000_2025,lower,-0.13938679297765091,-0.00045526757821789926,0.009302077093161642
ssrd_wm2_slope_2000_2025,lower,-0.13913498818874354,-0.00047123847907641885,0.009101928304880857
ssrd_wm2_slope_2000_2025,lower,-0.13888318339983616,-0.0005080577626358716,0.008939624880440533
ssrd_wm2_slope_2000_2025,lower,-0.1386313786109288,-0.000552706213784404,0.008783533610403538
ssrd_wm2_slope_2000_2025,lower,-0.13837957382202143,-0.0005968995610601268,0.008613502979278563
ssrd_wm2_slope_2000_2025,lower,-0.13812776903311405,-0.0006406378612155094,0.008420028071850537
ssrd_wm2_slope_2000_2025,lower,-0.1378759642442067,-0.000683921058953274,0.008275096188299358
ssrd_wm2_slope_2000_2025,lower,-0.13762415945529932,-0.0007267492081155069,0.008109502750448881
ssrd_wm2_slope_2000_2025,lower,-0.13737235466639194,-0.0007691089704167097,0.007945092488080261
ssrd_wm2_slope_2000_2025,lower,-0.1371205498774846,-0.000810689537320286,0.007835463341325519
ssrd_wm2_slope_2000_2025,lower,-0.13686874508857721,-0.0008467763618682511,0.007780192571226507
ssrd_wm2_slope_2000_2025,lower,-0.13661694029966984,-0.0008935110497986897,0.007665399240795521
ssrd_wm2_slope_2000_2025,lower,-0.1363651355107625,-0.0009277240154915489,0.007523837906774132
ssrd_wm2_slope_2000_2025,lower,-0.1361133307218551,-0.0009572117138304748,0.0073828829219564785
ssrd_wm2_slope_2000_2025,lower,-0.13586152593294773,-0.0009863622544799,0.007242566742934286
ssrd_wm2_slope_2000_2025,lower,-0.13560972114404038,-0.0010151758673600851,0.007103311829268932
ssrd_wm2_slope_2000_2025,lower,-0.135357916355133,-0.001043652376392856,0.006958260026294738
ssrd_wm2_slope_2000_2025,lower,-0.13510611156622562,-0.0010717919009039178,0.006799601681996136
ssrd_wm2_slope_2000_2025,lower,-0.13485430677731827,-0.0010995943273883313,0.006665462721139192
ssrd_wm2_slope_2000_2025,lower,-0.1346025019884109,-0.0011270193761447444,0.00649694907478988
ssrd_wm2_slope_2000_2025,lower,-0.13435069719950352,-0.0011536382226040587,0.006384610885288565
ssrd_wm2_slope_2000_2025,lower,-0.13409889241059617,-0.0011799270490882917,0.006307667144574224
ssrd_wm2_slope_2000_2025,lower,-0.1338470876216888,-0.0012058860826073214,0.006241721881087869
ssrd_wm2_slope_2000_2025,lower,-0.1335952828327814,-0.001231514985556714,0.006104955554474144
ssrd_wm2_slope_2000_2025,lower,-0.13334347804387406,-0.0012568140955409035,0.006017402454745024
ssrd_wm2_slope_2000_2025,lower,-0.13309167325496668,-0.0013010554190259426,0.005877074971795081
ssrd_wm2_slope_2000_2025,lower,-0.1328398684660593,-0.0013202964852098375,0.005737853620667009
ssrd_wm2_slope_2000_2025,lower,-0.13258806367715195,-0.0013617082207929342,0.005599738843739031
ssrd_wm2_slope_2000_2025,lower,-0.13233625888824457,-0.0014059794484637678,0.005462731106672434
ssrd_wm2_slope_2000_2025,lower,-0.1320844540993372,-0.0014785637613385916,0.005326829489786175
ssrd_wm2_slope_2000_2025,lower,-0.13183264931042984,-0.0015388174273539335,0.005226616677828131
ssrd_wm2_slope_2000_2025,lower,-0.13158084452152247,-0.001563500688644126,0.005159965169150382
ssrd_wm2_slope_2000_2025,lower,-0.1313290397326151,-0.0015818844694877043,0.005002285947557537
ssrd_wm2_slope_2000_2025,lower,-0.13107723494370774,-0.0016123458481160924,0.004832968546543267
ssrd_wm2_slope_2000_2025,lower,-0.13082543015480036,-0.0016102772468002513,0.004705520067363974
ssrd_wm2_slope_2000_2025,lower,-0.13057362536589298,-0.0016544303769478574,0.004676085058599709
ssrd_wm2_slope_2000_2025,lower,-0.13032182057698563,-0.0016837193630635738,0.004616072203498333
ssrd_wm2_slope_2000_2025,lower,-0.13007001578807825,-0.0017065113584976642,0.004502908524591475
ssrd_wm2_slope_2000_2025,lower,-0.12981821099917087,-0.0017401643708581105,0.004420723184011877
ssrd_wm2_slope_2000_2025,lower,-0.12956640621026352,-0.0017544379748869686,0.004310986050404607
ssrd_wm2_slope_2000_2025,lower,-0.12931460142135615,-0.0017771408602129666,0.004199232475366441
ssrd_wm2_slope_2000_2025,lower,-0.12906279663244877,-0.0018138652347261086,0.004125794873107224
ssrd_wm2_slope_2000_2025,lower,-0.12881099184354142,-0.0018491141556296496,0.0040569057804532346
ssrd_wm2_slope_2000_2025,lower,-0.12855918705463404,-0.0018837886920664458,0.0039683830575086175
ssrd_wm2_slope_2000_2025,lower,-0.12830738226572666,-0.0019318600476253777,0.003865500708343461
ssrd_wm2_slope_2000_2025,lower,-0.1280555774768193,-0.001962361350888386,0.0038003841647878283
ssrd_wm2_slope_2000_2025,lower,-0.12780377268791193,-0.0019860603264532984,0.0037355762440711257
ssrd_wm2_slope_2000_2025,lower,-0.12755196789900455,-0.0020186234149150548,0.003641577356029302
ssrd_wm2_slope_2000_2025,lower,-0.12730016311009718,-0.0020506136526819317,0.0035734716977458445
ssrd_wm2_slope_2000_2025,lower,-0.12704835832118982,-0.002082468627486378,0.0035021367715671655
ssrd_wm2_slope_2000_2025,lower,-0.12679655353228245,-0.0021226506563834847,0.003385023697046561
ssrd_wm2_slope_2000_2025,lower,-0.12654474874337507,-0.0021695060888305305,0.0033383889414835715
ssrd_wm2_slope_2000_2025,lower,-0.12629294395446772,-0.002192707476206124,0.003253606607904657
ssrd_wm2_slope_2000_2025,lower,-0.12604113916556034,-0.002226028358563781,0.0031451118353288616
ssrd_wm2_slope_2000_2025,lower,-0.12578933437665296,-0.0022712393605615945,0.003037660947302356
ssrd_wm2_slope_2000_2025,lower,-0.1255375295877456,-0.0022913300665095447,0.002931253734277561
ssrd_wm2_slope_2000_2025,lower,-0.12528572479883823,-0.00228787986561656,0.0028258906328119337
ssrd_wm2_slope_2000_2025,lower,-0.12503392000993085,-0.0023270593374036252,0.002719185245223343
ssrd_wm2_slope_2000_2025,lower,-0.1247821152210235,-0.002378453564597294,0.0026121313625480976
ssrd_wm2_slope_2000_2025,lower,-0.12453031043211613,-0.002425153134390712,0.0025164716993458566
ssrd_wm2_slope_2000_2025,lower,-0.12427850564320876,-0.0024785251123830678,0.00244871971081011
ssrd_wm2_slope_2000_2025,lower,-0.1240267008543014,-0.0025266288488637657,0.0023979370249435305
ssrd_wm2_slope_2000_2025,lower,-0.12377489606539402,-0.002550147194415331,0.002354180702241137
ssrd_wm2_slope_2000_2025,lower,-0.12352309127648665,-0.0025480987853370605,0.0023066661262419064
ssrd_wm2_slope_2000_2025,lower,-0.12327128648757929,-0.0025867422053124753,0.0022589023748878375
ssrd_wm2_slope_2000_2025,lower,-0.12301948169867191,-0.002624413708690554,0.0022109026263933606
ssrd_wm2_slope_2000_2025,lower,-0.12276767690976455,-0.002636271057417616,0.0021626802976243173
ssrd_wm2_slope_2000_2025,lower,-0.12251587212085718,-0.002668502868618816,0.0021142485551536054
ssrd_wm2_slope_2000_2025,lower,-0.1222640673319498,-0.002709874138236046,0.00206434035208076
ssrd_wm2_slope_2000_2025,lower,-0.12201226254304244,-0.0027369544084649535,0.0020139803527854366
ssrd_wm2_slope_2000_2025,lower,-0.12176045775413508,-0.002762349904514849,0.0019634964817669236
ssrd_wm2_slope_2000_2025,lower,-0.1215086529652277,-0.0028013924893457443,0.0019135486771119756
ssrd_wm2_slope_2000_2025,lower,-0.12125684817632033,-0.0028398549766279757,0.0018643497169250616
ssrd_wm2_slope_2000_2025,lower,-0.12100504338741297,-0.0028703437477815897,0.0018146262300433582
ssrd_wm2_slope_2000_2025,lower,-0.12075323859850559,-0.0028924225771334022,0.0017641565995290872
ssrd_wm2_slope_2000_2025,lower,-0.12050143380959823,-0.0029131317511200904,0.001706238489714451
ssrd_wm2_slope_2000_2025,lower,-0.12024962902069086,-0.002938837883993983,0.0016347991768270727
ssrd_wm2_slope_2000_2025,lower,-0.11999782423178348,-0.0029569806472864004,0.001563136660843156
ssrd_wm2_slope_2000_2025,lower,-0.11974601944287612,-0.002996674948371947,0.0014944423950510096
ssrd_wm2_slope_2000_2025,lower,-0.11949421465396876,-0.003018486557994038,0.0014314039523014798
ssrd_wm2_slope_2000_2025,lower,-0.11924240986506138,-0.0030376928451005367,0.0013505684823030602
ssrd_wm2_slope_2000_2025,lower,-0.11899060507615401,-0.0030825250374618917,0.0012932337878737597
ssrd_wm2_slope_2000_2025,lower,-0.11873880028724665,-0.003099419525824487,0.001256230246508493
ssrd_wm2_slope_2000_2025,lower,-0.11848699549833927,-0.003133247030200437,0.0012181867059553036
ssrd_wm2_slope_2000_2025,lower,-0.1182351907094319,-0.0031662724213674664,0.0011736702785128726
ssrd_wm2_slope_2000_2025,lower,-0.11798338592052454,-0.003198495239485055,0.0010946049791527909
ssrd_wm2_slope_2000_2025,lower,-0.11773158113161716,-0.003229481761809438,0.0010323270573280752
ssrd_wm2_slope_2000_2025,lower,-0.1174797763427098,-0.0032594850345049053,0.0009716978398500936
ssrd_wm2_slope_2000_2025,lower,-0.11722797155380243,-0.0032881271676160396,0.0009173937694868068
ssrd_wm2_slope_2000_2025,lower,-0.11697616676489506,-0.0032958612544462087,0.0008635097183287142
ssrd_wm2_slope_2000_2025,lower,-0.11672436197598769,-0.00330848753801547,0.0008075088291661813
ssrd_wm2_slope_2000_2025,lower,-0.11647255718708033,-0.0033470146590843797,0.0007429545061313545
ssrd_wm2_slope_2000_2025,lower,-0.11622075239817295,-0.0033844413701444864,0.0006787181599065657
ssrd_wm2_slope_2000_2025,lower,-0.11596894760926559,-0.003401076205773279,0.0006228844082215796
ssrd_wm2_slope_2000_2025,lower,-0.11571714282035822,-0.0034310644841752946,0.0005798668309580532
ssrd_wm2_slope_2000_2025,lower,-0.11546533803145084,-0.00346001461148262,0.0005093394502182485
ssrd_wm2_slope_2000_2025,lower,-0.11521353324254348,-0.003488032997120172,0.0004805319062143098
ssrd_wm2_slope_2000_2025,lower,-0.11496172845363611,-0.0035151201009284705,0.00043136050808243397
ssrd_wm2_slope_2000_2025,lower,-0.11470992366472874,-0.003541275695897639,0.00038335892313625584
ssrd_wm2_slope_2000_2025,lower,-0.11445811887582137,-0.003563119343016297,0.00034201085218228347
ssrd_wm2_slope_2000_2025,lower,-0.11420631408691401,-0.0035833493340760468,0.0003166486501868347
ssrd_wm2_slope_2000_2025,lower,-0.11395450929800663,-0.0036026047309860587,0.0002847732917871322
ssrd_wm2_slope_2000_2025,lower,-0.11370270450909926,-0.0036198480345774444,0.0002471505678840912
ssrd_wm2_slope_2000_2025,lower,-0.1134508997201919,-0.003628583886893466,0.00020741782500408555
ssrd_wm2_slope_2000_2025,lower,-0.11319909493128452,-0.003641722584143281,0.00019324891145515717
ssrd_wm2_slope_2000_2025,lower,-0.11294729014237716,-0.003651208692463115,0.00015943661164783386
ssrd_wm2_slope_2000_2025,lower,-0.1126954853534698,-0.0036594389006495477,0.0001519455036032011
ssrd_wm2_slope_2000_2025,lower,-0.11244368056456241,-0.003657983074663207,0.0001443211640435037
ssrd_wm2_slope_2000_2025,lower,-0.11219187577565505,-0.0036530851561110468,9.102442272705929e-05
ssrd_wm2_slope_2000_2025,lower,-0.11194007098674769,-0.003666681726463139,5.824945046697377e-05
ssrd_wm2_slope_2000_2025,lower,-0.11168826619784031,-0.003684786462690681,1.3985032455820543e-05
ssrd_wm2_slope_2000_2025,lower,-0.11143646140893294,-0.003689350688364357,-2.7368795826987575e-05
ssrd_wm2_slope_2000_2025,lower,-0.11118465662002558,-0.0037032513064332306,-7.389032589344496e-05
ssrd_wm2_slope_2000_2025,lower,-0.1109328518311182,-0.0037143463850952685,-0.0001041659515976794
ssrd_wm2_slope_2000_2025,lower,-0.11068104704221084,-0.0037296484922990205,-0.00015912690250843343
ssrd_wm2_slope_2000_2025,lower,-0.11042924225330347,-0.003743073862278834,-0.00019406697538215683
ssrd_wm2_slope_2000_2025,lower,-0.1101774374643961,-0.0037537121737841518,-0.00021994489034114016
ssrd_wm2_slope_2000_2025,lower,-0.10992563267548873,-0.003776798618491739,-0.0002370561265706791
ssrd_wm2_slope_2000_2025,lower,-0.10967382788658137,-0.003802446642657742,-0.0002510467675165275
ssrd_wm2_slope_2000_2025,lower,-0.10942202309767399,-0.003820871323114261,-0.00027821274488815166
ssrd_wm2_slope_2000_2025,lower,-0.10917021830876662,-0.003849431034177542,-0.00030629085813416195
ssrd_wm2_slope_2000_2025,lower,-0.10891841351985926,-0.0038726113154552875,-0.00031349347482319
ssrd_wm2_slope_2000_2025,lower,-0.10866660873095188,-0.0038909772294573484,-0.0003341635114338717
ssrd_wm2_slope_2000_2025,lower,-0.10841480394204452,-0.003898672229843214,-0.0003593273533624602
ssrd_wm2_slope_2000_2025,lower,-0.10816299915313715,-0.003915902785956859,-0.00037526148662436813
ssrd_wm2_slope_2000_2025,lower,-0.10791119436422977,-0.003927081765141338,-0.0003908084909198811
ssrd_wm2_slope_2000_2025,lower,-0.10765938957532241,-0.003928862698376179,-0.00040528441531932917
ssrd_wm2_slope_2000_2025,lower,-0.10740758478641504,-0.003929720097221434,-0.00041336629219586036
ssrd_wm2_slope_2000_2025,lower,-0.10715577999750767,-0.0039297524373978375,-0.00041776260550250335
ssrd_wm2_slope_2000_2025,lower,-0.1069039752086003,-0.003927618486341089,-0.00042480548363528237
ssrd_wm2_slope_2000_2025,lower,-0.10665217041969294,-0.003919422277249396,-0.00043146522802999253
ssrd_wm2_slope_2000_2025,lower,-0.10640036563078556,-0.0039101174916140735,-0.0004376330856757705
ssrd_wm2_slope_2000_2025,lower,-0.1061485608418782,-0.003907252859789878,-0.00044328216972644457
ssrd_wm2_slope_2000_2025,lower,-0.10589675605297083,-0.00392317739315331,-0.0004487608763156459
ssrd_wm2_slope_2000_2025,lower,-0.10564495126406345,-0.0039237283985130485,-0.00046237900533014926
ssrd_wm2_slope_2000_2025,lower,-0.10539314647515609,-0.003936591208912432,-0.0004654178839700762
ssrd_wm2_slope_2000_2025,lower,-0.10514134168624872,-0.003939258330501616,-0.000474086568283383
ssrd_wm2_slope_2000_2025,lower,-0.10488953689734135,-0.003931669844314456,-0.00046845794713590294
ssrd_wm2_slope_2000_2025,lower,-0.10463773210843398,-0.0039229717920534314,-0.0004686248015786988
ssrd_wm2_slope_2000_2025,lower,-0.10438592731952662,-0.0039134806371293965,-0.00046884263647371
ssrd_wm2_slope_2000_2025,lower,-0.10413412253061924,-0.0039085820433683695,-0.0004754692155984231
ssrd_wm2_slope_2000_2025,lower,-0.10388231774171187,-0.003911113832145929,-0.0004882062610704454
ssrd_wm2_slope_2000_2025,lower,-0.10363051295280451,-0.003910119086503983,-0.0004871633369475605
ssrd_wm2_slope_2000_2025,lower,-0.10337870816389713,-0.0039042937278281897,-0.0004915417397569401
ssrd_wm2_slope_2000_2025,lower,-0.10312690337498977,-0.003912382526323199,-0.0004757483482535463
ssrd_wm2_slope_2000_2025,lower,-0.1028750985860824,-0.00391253522830084,-0.0004623207743861713
ssrd_wm2_slope_2000_2025,lower,-0.10262329379717502,-0.003912034968379885,-0.0004592801458784383
ssrd_wm2_slope_2000_2025,lower,-0.10237148900826766,-0.003910749452188611,-0.0004402668550028469
ssrd_wm2_slope_2000_2025,lower,-0.1021196842193603,-0.0039078315487131475,-0.0004154288966674359
ssrd_wm2_slope_2000_2025,lower,-0.10186787943045292,-0.0039040790696162732,-0.000391664633207256
ssrd_wm2_slope_2000_2025,lower,-0.10161607464154555,-0.0038994605478364975,-0.00038894314275239627
ssrd_wm2_slope_2000_2025,lower,-0.10136426985263819,-0.0038940704020205886,-0.000356211103644455
ssrd_wm2_slope_2000_2025,lower,-0.10111246506373081,-0.003887814440531656,-0.00033999922234215777
ssrd_wm2_slope_2000_2025,lower,-0.10086066027482345,-0.003880596294766292,-0.0003282723184383942
ssrd_wm2_slope_2000_2025,lower,-0.10060885548591608,-0.0038725280901417136,-0.0003159633204631976
ssrd_wm2_slope_2000_2025,lower,-0.1003570506970087,-0.0038640395796392113,-0.0003071627506869846
ssrd_wm2_slope_2000_2025,lower,-0.10010524590810134,-0.0038543328642845153,-0.0003104838608123832
ssrd_wm2_slope_2000_2025,lower,-0.09985344111919398,-0.0038435249298345298,-0.0003137467007036327
ssrd_wm2_slope_2000_2025,lower,-0.0996016363302866,-0.0038205690332688393,-0.0003167922848660972
ssrd_wm2_slope_2000_2025,lower,-0.09934983154137923,-0.003796156495809555,-0.00028605473416973856
ssrd_wm2_slope_2000_2025,lower,-0.09909802675247187,-0.0037708167859818787,-0.00027104825494461736
ssrd_wm2_slope_2000_2025,lower,-0.09884622196356449,-0.003744549909606576,-0.00026001964070019315
ssrd_wm2_slope_2000_2025,lower,-0.09859441717465713,-0.0037397438078187405,-0.00025860551904770593
ssrd_wm2_slope_2000_2025,lower,-0.09834261238574976,-0.0037588328996207565,-0.0002519132809538865
ssrd_wm2_slope_2000_2025,lower,-0.09809080759684238,-0.00373351167072542,-0.00023496409230574532
ssrd_wm2_slope_2000_2025,lower,-0.09783900280793502,-0.0037228783417958765,-0.00021259385357552703
ssrd_wm2_slope_2000_2025,lower,-0.09758719801902765,-0.0037107473355717955,-0.00017422329256078253
ssrd_wm2_slope_2000_2025,lower,-0.09733539323012028,-0.00368487533996813,-0.00015275855876097942
ssrd_wm2_slope_2000_2025,lower,-0.09708358844121291,-0.003661091992398724,-0.0001536473231681158
ssrd_wm2_slope_2000_2025,lower,-0.09683178365230555,-0.003655763657297939,-0.00015501823727390732
ssrd_wm2_slope_2000_2025,lower,-0.09657997886339817,-0.0036631146387662737,-0.0001537941679998771
ssrd_wm2_slope_2000_2025,lower,-0.0963281740744908,-0.0036617461242713033,-0.00014646352847194128
ssrd_wm2_slope_2000_2025,lower,-0.09607636928558344,-0.0036656426556874065,-0.00011549461796676084
ssrd_wm2_slope_2000_2025,lower,-0.09582456449667606,-0.003638048068387434,-8.440439987680384e-05
ssrd_wm2_slope_2000_2025,lower,-0.0955727597077687,-0.003609421633882448,-5.4812628286527517e-05
ssrd_wm2_slope_2000_2025,lower,-0.09532095491886133,-0.0035890169674530625,-2.586247383078481e-05
ssrd_wm2_slope_2000_2025,lower,-0.09506915012995396,-0.003591786063043401,2.427049912512164e-06
ssrd_wm2_slope_2000_2025,lower,-0.09481734534104659,-0.003593513969099149,2.7156493206348316e-05
ssrd_wm2_slope_2000_2025,lower,-0.09456554055213923,-0.0035636514134239406,4.65377240288942e-05
ssrd_wm2_slope_2000_2025,lower,-0.09431373576323185,-0.0035391966870520265,8.413728646701151e-05
ssrd_wm2_slope_2000_2025,lower,-0.09406193097432448,-0.0035430775489658116,0.00011064011468988477
ssrd_wm2_slope_2000_2025,lower,-0.09381012618541712,-0.003522124927258119,0.00014086541559663396
ssrd_wm2_slope_2000_2025,lower,-0.09355832139650974,-0.003513730486156419,0.0001761220159096385
ssrd_wm2_slope_2000_2025,lower,-0.09330651660760238,-0.0034986258600838483,0.0002249303252028746
ssrd_wm2_slope_2000_2025,lower,-0.09305471181869501,-0.003467048570746556,0.00028738042237819064
ssrd_wm2_slope_2000_2025,lower,-0.09280290702978763,-0.003434655029559508,0.00032487144781043697
ssrd_wm2_slope_2000_2025,lower,-0.09255110224088027,-0.0034034496056847274,0.00031678789964644015
ssrd_wm2_slope_2000_2025,lower,-0.0922992974519729,-0.0034018080856185406,0.00035162558488081923
ssrd_wm2_slope_2000_2025,lower,-0.09204749266306553,-0.0033537034236360342,0.00039449439063900883
ssrd_wm2_slope_2000_2025,lower,-0.09179568787415816,-0.0033857722242828458,0.00043830772920045846
ssrd_wm2_slope_2000_2025,lower,-0.0915438830852508,-0.003368821641197428,0.00048268790342262825
ssrd_wm2_slope_2000_2025,lower,-0.09129207829634342,-0.00332217431277968,0.0005276349402265616
ssrd_wm2_slope_2000_2025,lower,-0.09104027350743606,-0.00327412475598976,0.0005731488141464065
ssrd_wm2_slope_2000_2025,lower,-0.09078846871852869,-0.0032491324935108425,0.0006178994852234609
ssrd_wm2_slope_2000_2025,lower,-0.09053666392962131,-0.0032329300593119115,0.0006469440806540656
ssrd_wm2_slope_2000_2025,lower,-0.09028485914071394,-0.003220017737476155,0.0006961751467315476
ssrd_wm2_slope_2000_2025,lower,-0.09003305435180659,-0.0031833579123485833,0.0007534070784458889
ssrd_wm2_slope_2000_2025,lower,-0.0897812495628992,-0.0031437497120350598,0.000791247250162996
ssrd_wm2_slope_2000_2025,lower,-0.08952944477399183,-0.003102759958710521,0.0008106590001261792
ssrd_wm2_slope_2000_2025,lower,-0.08927763998508448,-0.0030722122057341037,0.0008343126144609411
ssrd_wm2_slope_2000_2025,lower,-0.0890258351961771,-0.003044443507678807,0.0008776913862675423
ssrd_wm2_slope_2000_2025,lower,-0.08877403040726972,-0.002997145155677572,0.000929431001713965
ssrd_wm2_slope_2000_2025,lower,-0.08852222561836237,-0.002955403825035319,0.0009539883074467062
ssrd_wm2_slope_2000_2025,lower,-0.08827042082945499,-0.0029137439909391106,0.0009777286992175489
ssrd_wm2_slope_2000_2025,lower,-0.08801861604054761,-0.00288895457633771,0.0010380690859165028
ssrd_wm2_slope_2000_2025,lower,-0.08776681125164026,-0.0028639783675316723,0.001120783458463847
ssrd_wm2_slope_2000_2025,lower,-0.08751500646273289,-0.00283693665987812,0.0012007454060949385
ssrd_wm2_slope_2000_2025,lower,-0.08726320167382551,-0.0027697583544068036,0.001277508964994922
ssrd_wm2_slope_2000_2025,lower,-0.08701139688491816,-0.002714153635315597,0.001338327123085036
ssrd_wm2_slope_2000_2025,lower,-0.08675959209601078,-0.002698158414568752,0.0013992360502015789
ssrd_wm2_slope_2000_2025,lower,-0.0865077873071034,-0.0026612918707542123,0.001460674370173364
ssrd_wm2_slope_2000_2025,lower,-0.08625598251819605,-0.002635015919804573,0.0015221627778373658
ssrd_wm2_slope_2000_2025,lower,-0.08600417772928867,-0.002610507805366069,0.0015740722854388875
ssrd_wm2_slope_2000_2025,lower,-0.0857523729403813,-0.002570981869939715,0.0016397395957028491
ssrd_wm2_slope_2000_2025,lower,-0.08550056815147394,-0.002560082316631451,0.0016924554685829203
ssrd_wm2_slope_2000_2025,lower,-0.08524876336256657,-0.002522247831802815,0.0017623559659114107
ssrd_wm2_slope_2000_2025,lower,-0.08499695857365919,-0.0024962430819869042,0.001788701597251929
ssrd_wm2_slope_2000_2025,lower,-0.08474515378475182,-0.002477134007494897,0.0017970170360058543
ssrd_wm2_slope_2000_2025,lower,-0.08449334899584446,-0.002450573811074719,0.0018496249860618262
ssrd_wm2_slope_2000_2025,lower,-0.0842415442069371,-0.0024269643996376543,0.0019073544157436114
ssrd_wm2_slope_2000_2025,lower,-0.08398973941802972,-0.0024069162551313638,0.0019259891210822385
ssrd_wm2_slope_2000_2025,lower,-0.08373793462912235,-0.002384563034866005,0.0019617905199993384
ssrd_wm2_slope_2000_2025,lower,-0.08348612984021499,-0.0023602797999046745,0.0020166789647191757
ssrd_wm2_slope_2000_2025,lower,-0.08323432505130761,-0.002324582857545465,0.0020733462763018896
ssrd_wm2_slope_2000_2025,lower,-0.08298252026240024,-0.002288146159844473,0.0021862482419237484
ssrd_wm2_slope_2000_2025,lower,-0.08273071547349288,-0.00225119503447786,0.0023083398060407484
ssrd_wm2_slope_2000_2025,lower,-0.0824789106845855,-0.0022181527747306973,0.0023900845437310626
ssrd_wm2_slope_2000_2025,lower,-0.08222710589567814,-0.00218586518894881,0.0024977518187370143
ssrd_wm2_slope_2000_2025,lower,-0.08197530110677077,-0.002143397240433842,0.002595588541589677
ssrd_wm2_slope_2000_2025,lower,-0.0817234963178634,-0.002120385685702786,0.002678166556870564
ssrd_wm2_slope_2000_2025,lower,-0.08147169152895603,-0.0020867474551778285,0.00274594982038252
ssrd_wm2_slope_2000_2025,lower,-0.08121988674004867,-0.0020525850413832814,0.002815204311627893
ssrd_wm2_slope_2000_2025,lower,-0.08096808195114129,-0.002015888487221673,0.0028827911650296297
ssrd_wm2_slope_2000_2025,lower,-0.08071627716223392,-0.00197793361148797,0.0029454995063133535
ssrd_wm2_slope_2000_2025,lower,-0.08046447237332656,-0.0019395044218981639,0.0030390544328838583
ssrd_wm2_slope_2000_2025,lower,-0.08021266758441918,-0.0019112497684545815,0.003152090118965134
ssrd_wm2_slope_2000_2025,lower,-0.07996086279551182,-0.0018757613084744661,0.003261995658976957
ssrd_wm2_slope_2000_2025,lower,-0.07970905800660445,-0.0018384542665444313,0.0033625399577431377
ssrd_wm2_slope_2000_2025,lower,-0.07945725321769707,-0.0017818650347180664,0.0034691389417275784
ssrd_wm2_slope_2000_2025,lower,-0.07920544842878971,-0.0017617611563764512,0.003576101764338091
ssrd_wm2_slope_2000_2025,lower,-0.07895364363988235,-0.0017309937597019597,0.003684454917674884
ssrd_wm2_slope_2000_2025,lower,-0.07870183885097497,-0.0017133945017121731,0.0037942117254715405
ssrd_wm2_slope_2000_2025,lower,-0.0784500340620676,-0.0016630628844723106,0.003903832216747105
ssrd_wm2_slope_2000_2025,lower,-0.07819822927316024,-0.001613858525524847,0.004005262989085168
ssrd_wm2_slope_2000_2025,lower,-0.07794642448425286,-0.0015740433445898816,0.00412659419234842
ssrd_wm2_slope_2000_2025,lower,-0.0776946196953455,-0.001563044436625205,0.004198979202192276
ssrd_wm2_slope_2000_2025,lower,-0.07744281490643813,-0.0015248700336087495,0.004322247381787747
ssrd_wm2_slope_2000_2025,lower,-0.07719101011753075,-0.001524861852522008,0.00444639534689486
ssrd_wm2_slope_2000_2025,lower,-0.07693920532862339,-0.0015149644983466714,0.0045435230829752975
ssrd_wm2_slope_2000_2025,lower,-0.07668740053971602,-0.0014890570746501908,0.004636158619541674
ssrd_wm2_slope_2000_2025,lower,-0.07643559575080865,-0.0014536913513438776,0.004762496938928961
ssrd_wm2_slope_2000_2025,lower,-0.07618379096190128,-0.0014372889476362617,0.004877712216693908
ssrd_wm2_slope_2000_2025,lower,-0.07593198617299392,-0.001411010851734318,0.004980479192454368
ssrd_wm2_slope_2000_2025,lower,-0.07568018138408654,-0.0013848463422618806,0.005083822389133274
ssrd_wm2_slope_2000_2025,lower,-0.07542837659517918,-0.0013582854357082395,0.005184101522900164
ssrd_wm2_slope_2000_2025,lower,-0.07517657180627181,-0.0013422865740722045,0.005293746397364884
ssrd_wm2_slope_2000_2025,lower,-0.07492476701736443,-0.0013349752611247821,0.0054459346923977124
ssrd_wm2_slope_2000_2025,lower,-0.07467296222845707,-0.0013528841722290964,0.005588369467295705
ssrd_wm2_slope_2000_2025,lower,-0.0744211574395497,-0.0013229910808149725,0.005730599514208732
ssrd_wm2_slope_2000_2025,lower,-0.07416935265064233,-0.0013027880631852895,0.005885313567705452
ssrd_wm2_slope_2000_2025,lower,-0.07391754786173496,-0.001276756078004837,0.006040400033816694
ssrd_wm2_slope_2000_2025,lower,-0.0736657430728276,-0.001251259769196622,0.006167874555103479
ssrd_wm2_slope_2000_2025,lower,-0.07341393828392022,-0.001203082245774567,0.006312925729434936
ssrd_wm2_slope_2000_2025,lower,-0.07316213349501285,-0.0011656357266474516,0.0064612605376169075
ssrd_wm2_slope_2000_2025,lower,-0.07291032870610549,-0.001128023862838745,0.006610763259232043
ssrd_wm2_slope_2000_2025,lower,-0.07265852391719811,-0.0011002981540514157,0.006788731447886675
ssrd_wm2_slope_2000_2025,lower,-0.07240671912829075,-0.0010807383107021451,0.007000794087070971
ssrd_wm2_slope_2000_2025,lower,-0.07215491433938338,-0.0010606056661345066,0.007108738354872911
ssrd_wm2_slope_2000_2025,lower,-0.071903109550476,-0.0010224542231298984,0.007222393865231423
slope_mean,upper,2.146557888786898,0.01775174681097269,0.028358153905719517
slope_mean,upper,2.2402504039567552,0.018180802557617427,0.02852749857120216
slope_mean,upper,2.3339429191266126,0.01857272693887353,0.028676197631284595
slope_mean,upper,2.4276354342964703,0.018960030376911165,0.02882287842221558
slope_mean,upper,2.5213279494663277,0.019342737318947912,0.028978145448490977
slope_mean,upper,2.615020464636185,0.0197208721190691,0.029139169165864585
slope_mean,upper,2.7087129798060428,0.020094457408413292,0.029304645722731948
slope_mean,upper,2.8024054949759,0.02047670925967395,0.029457809031009675
slope_mean,upper,2.8960980101457574,0.020864784298464657,0.02960922969505191
slope_mean,upper,2.9897905253156147,0.021261597285047174,0.029759350512176753
slope_mean,upper,3.083483040485472,0.021658882824704052,0.029907817486673594
slope_mean,upper,3.17717555565533,0.022053433349356055,0.03005432146601379
slope_mean,upper,3.270868070825187,0.02243659580126405,0.03020409597083926
slope_mean,upper,3.3645605859950445,0.0228129708673805,0.03037131899036467
slope_mean,upper,3.4582531011649023,0.023183160088956357,0.030517830792814494
slope_mean,upper,3.5519456163347596,0.02354811942204833,0.030634852778166532
slope_mean,upper,3.645638131504617,0.02390788234770298,0.030774514097720383
slope_mean,upper,3.7393306466744742,0.024262480344623326,0.030941782426089047
slope_mean,upper,3.8330231618443316,0.02461194503121078,0.0311066007707268
slope_mean,upper,3.9267156770141893,0.024938118038699032,0.03126903641968966
slope_mean,upper,4.020408192184046,0.025243839295580984,0.03140942202880979
slope_mean,upper,4.114100707353904,0.025546221993863583,0.031559815350919965
slope_mean,upper,4.207793222523762,0.025904358737170695,0.031700548436492684
slope_mean,upper,4.3014857376936195,0.026255157124251128,0.031838074978441
slope_mean,upper,4.395178252863476,0.02657481045462191,0.03197228787466884
slope_mean,upper,4.488870768033333,0.026850628620013594,0.03210353702306747
slope_mean,upper,4.582563283203191,0.027109098760411142,0.032244082912802695
slope_mean,upper,4.676255798373049,0.027395607344806193,0.03238291954621673
slope_mean,upper,4.769948313542907,0.027719084918498994,0.03253152901306748
slope_mean,upper,4.8636408287127635,0.027967257983982564,0.032674056384712456
slope_mean,upper,4.957333343882621,0.028274390613660216,0.03281369274482131
slope_mean,upper,5.051025859052478,0.02858229628764093,0.032942574843764304
slope_mean,upper,5.144718374222336,0.028885722858831286,0.0330863943323493
slope_mean,upper,5.238410889392194,0.029108916455879808,0.033220093976706264
slope_mean,upper,5.332103404562051,0.029400963010266422,0.033351771999150515
slope_mean,upper,5.425795919731908,0.029645701963454486,0.03348099132999778
slope_mean,upper,5.519488434901765,0.02987101045437157,0.033609647583216426
slope_mean,upper,5.613180950071623,0.03009276888333261,0.03373051164671779
slope_mean,upper,5.706873465241481,0.03033992638811469,0.03383712759241462
slope_mean,upper,5.8005659804113385,0.030577697837725282,0.03395847762003541
slope_mean,upper,5.894258495581195,0.03078266903758049,0.034074935037642716
slope_mean,upper,5.987951010751052,0.03099016109481454,0.034177490137517454
slope_mean,upper,6.08164352592091,0.03120948765426874,0.03428054768592119
slope_mean,upper,6.175336041090768,0.03143469709903002,0.03439163351431489
slope_mean,upper,6.269028556260626,0.031621966417878865,0.034500947874039414
slope_mean,upper,6.3627210714304825,0.03179973270744085,0.03460869928821921
slope_mean,upper,6.45641358660034,0.031964030023664235,0.03471439843997359
slope_mean,upper,6.550106101770197,0.03213872294872999,0.03481779471039772
slope_mean,upper,6.643798616940055,0.032316260039806366,0.03491916228085756
slope_mean,upper,6.737491132109913,0.032485731039196254,0.035019630752503875
slope_mean,upper,6.83118364727977,0.03265057895332575,0.03513773959130049
slope_mean,upper,6.924876162449627,0.03280969653278589,0.03524472620338202
slope_mean,upper,7.018568677619484,0.03295527612790465,0.03534869272261858
slope_mean,upper,7.112261192789342,0.033102402742952106,0.03544671228155494
slope_mean,upper,7.2059537079592,0.03321332698687911,0.03553881505504251
slope_mean,upper,7.299646223129057,0.03333659404888749,0.03563035679981112
slope_mean,upper,7.393338738298914,0.033466076012700796,0.03572202352806926
slope_mean,upper,7.487031253468772,0.03361275838688016,0.035832539480179545
slope_mean,upper,7.580723768638629,0.03371183834969997,0.03593245185911655
slope_mean,upper,7.674416283808487,0.03380548199638724,0.03601805130019784
slope_mean,upper,7.768108798978345,0.033920813258737324,0.036133692320436235
slope_mean,upper,7.8618013141482015,0.034040437638759614,0.03621446490287781
slope_mean,upper,7.955493829318059,0.03416051082313061,0.03634341089054942
slope_mean,upper,8.049186344487916,0.03426484391093254,0.03643946852535009
slope_mean,upper,8.142878859657774,0.034360753186047074,0.0365242850035429
slope_mean,upper,8.236571374827632,0.034470949601382014,0.03663443922996521
slope_mean,upper,8.33026388999749,0.03456307519227266,0.036735621839761735
slope_mean,upper,8.423956405167345,0.03464438011869788,0.03685018271207809
slope_mean,upper,8.517648920337203,0.03472988959401846,0.03693736512213945
slope_mean,upper,8.611341435507061,0.03480848222970963,0.03706229301169515
slope_mean,upper,8.705033950676919,0.034899599943310024,0.03714842675253749
slope_mean,upper,8.798726465846777,0.034991403389722106,0.037256126571446654
slope_mean,upper,8.892418981016633,0.03507815366610885,0.03736553136259317
slope_mean,upper,8.986111496186492,0.03516216864809394,0.03748117219656706
slope_mean,upper,9.079804011356348,0.03524588607251644,0.037589072994887826
slope_mean,upper,9.173496526526206,0.03533494872972369,0.037676420900970696
slope_mean,upper,9.267189041696064,0.03541496628895402,0.037785346154123545
slope_mean,upper,9.36088155686592,0.03548619085922837,0.03789518000558019
slope_mean,upper,9.45457407203578,0.0355691896751523,0.03798101302236319
slope_mean,upper,9.548266587205635,0.0356415550224483,0.038063634932041165
slope_mean,upper,9.641959102375493,0.03571297461166978,0.038151977490633725
slope_mean,upper,9.73565161754535,0.03578663570806384,0.0382682372815907
slope_mean,upper,9.829344132715207,0.03585921162739396,0.038350247871130706
slope_mean,upper,9.923036647885066,0.035930343251675365,0.03843001602217555
slope_mean,upper,10.016729163054922,0.03600020138546824,0.038503363449126485
slope_mean,upper,10.11042167822478,0.036066329665482046,0.03857475491240621
slope_mean,upper,10.204114193394638,0.03612490128725767,0.03863381445407867
slope_mean,upper,10.297806708564496,0.03619570173323154,0.038698133267462256
slope_mean,upper,10.391499223734353,0.0362570408731699,0.038759877905249596
slope_mean,upper,10.48519173890421,0.03630395578220487,0.03882475160062313
slope_mean,upper,10.578884254074067,0.03635000567883253,0.03889774102717638
slope_mean,upper,10.672576769243925,0.03640081100165844,0.03896981999278069
slope_mean,upper,10.766269284413783,0.03645353028550744,0.039038076717406514
slope_mean,upper,10.85996179958364,0.03650484550744295,0.03909397963434458
slope_mean,upper,10.953654314753496,0.036554784141480924,0.03913943786174059
slope_mean,upper,11.047346829923354,0.03660324262455106,0.03918218156322837
slope_mean,upper,11.141039345093212,0.03665592651814222,0.03922235295176506
slope_mean,upper,11.23473186026307,0.036709992215037346,0.039259962365031244
slope_mean,upper,11.328424375432927,0.03676305180415511,0.03929516337811947
slope_mean,upper,11.422116890602783,0.03679810408502817,0.03932810751721263
slope_mean,upper,11.515809405772641,0.036834998335689303,0.03936819108203053
slope_mean,upper,11.609501920942499,0.03687867857515812,0.03940597167238593
slope_mean,upper,11.703194436112357,0.03692090911790728,0.03944173324853182
slope_mean,upper,11.796886951282215,0.03696183580905199,0.03947395300492644
slope_mean,upper,11.89057946645207,0.036995202861726285,0.039498256612569095
slope_mean,upper,11.984271981621928,0.0370210406370461,0.03951873807236552
slope_mean,upper,12.077964496791786,0.037050430104136466,0.0395335434935987
slope_mean,upper,12.171657011961644,0.037079729698598386,0.03955850964412093
slope_mean,upper,12.265349527131502,0.03711851797997952,0.03958149263635278
slope_mean,upper,12.35904204230136,0.03713714387267828,0.03960219221189618
slope_mean,upper,12.452734557471215,0.03715062495321035,0.03962036119773984
slope_mean,upper,12.546427072641073,0.037175772711634636,0.039636110048741104
slope_mean,upper,12.640119587810931,0.0371997207403183,0.03964739982038736
slope_mean,upper,12.733812102980789,0.03722238028421998,0.039649055991321805
slope_mean,upper,12.827504618150646,0.037244155444204806,0.03964850828051567
slope_mean,upper,12.921197133320502,0.037276333384215835,0.0396457901224494
slope_mean,upper,13.01488964849036,0.0372859057970345,0.039645417034626006
slope_mean,upper,13.108582163660218,0.03730800151824951,0.039647810906171796
slope_mean,upper,13.202274678830076,0.03732243943959475,0.039648326393216846
slope_mean,upper,13.295967193999934,0.03734142705798149,0.039646977465599774
slope_mean,upper,13.389659709169791,0.037359812576323745,0.03964382354170084
slope_mean,upper,13.483352224339647,0.03737186556681991,0.039638894610106945
slope_mean,upper,13.577044739509505,0.037390442471951245,0.03963220939040184
slope_mean,upper,13.670737254679363,0.037401427421718834,0.03962379423901439
slope_mean,upper,13.76442976984922,0.03740268601104617,0.039613668154925105
slope_mean,upper,13.858122285019078,0.03740269783884287,0.03959637824445963
slope_mean,upper,13.951814800188934,0.037407071236521004,0.039557684771716596
slope_mean,upper,14.045507315358792,0.03741310415789485,0.039517123345285655
slope_mean,upper,14.13919983052865,0.03741683922708035,0.039488845597952606
slope_mean,upper,14.232892345698508,0.03741354998201132,0.039462579693645236
slope_mean,upper,14.326584860868365,0.03741182843223214,0.03944738414138555
slope_mean,upper,14.420277376038221,0.03741397820413113,0.03944541392847896
slope_mean,upper,14.51396989120808,0.03741534100845456,0.039441908709704876
slope_mean,upper,14.607662406377937,0.037413212563842536,0.03941121334210038
slope_mean,upper,14.701354921547795,0.037410613428801295,0.0393772030249238
slope_mean,upper,14.795047436717653,0.03740592049434781,0.03934174096211791
slope_mean,upper,14.888739951887509,0.03739265380427241,0.039304727781564
slope_mean,upper,14.982432467057366,0.037376828584820034,0.0392662400379777
slope_mean,upper,15.076124982227224,0.03736263988539577,0.039226390235126016
slope_mean,upper,15.169817497397082,0.037358672451227905,0.03918521925806999
slope_mean,upper,15.26351001256694,0.03735067937523127,0.03914187923073768
slope_mean,upper,15.357202527736797,0.037339760549366476,0.03909206101670861
slope_mean,upper,15.450895042906653,0.03732847534120083,0.03904092637822032
slope_mean,upper,15.544587558076511,0.0373077061958611,0.03900014292448759
slope_mean,upper,15.638280073246369,0.03729062816128135,0.03896127557381988
slope_mean,upper,15.731972588416227,0.03728163745254278,0.038913199491798875
slope_mean,upper,15.825665103586084,0.03727336646988988,0.038863816391676666
slope_mean,upper,15.91935761875594,0.03725516078993678,0.03881334131583571
slope_mean,upper,16.0130501339258,0.03724320288747549,0.038761720340698955
slope_mean,upper,16.106742649095658,0.03722493667155504,0.03870983272790909
slope_mean,upper,16.200435164265514,0.03720301222056151,0.03866546927019954
slope_mean,upper,16.29412767943537,0.03717871643602848,0.03863289691507816
slope_mean,upper,16.38782019460523,0.03715566387400031,0.03861733311787248
slope_mean,upper,16.481512709775085,0.03712702048942447,0.038575840182602406
slope_mean,upper,16.575205224944945,0.03710558656603098,0.03852283600717783
slope_mean,upper,16.6688977401148,0.03708514617756009,0.038493769522756335
slope_mean,upper,16.762590255284657,0.03705865163356066,0.03848388865590095
slope_mean,upper,16.856282770454516,0.037022609263658524,0.03847565967589617
slope_mean,upper,16.949975285624372,0.03698604889214039,0.038425147999078035
slope_mean,upper,17.043667800794232,0.03696072669699788,0.038382834568619725
slope_mean,upper,17.137360315964088,0.03693809732794762,0.038367329817265275
slope_mean,upper,17.231052831133944,0.0369042475707829,0.03834093026816845
slope_mean,upper,17.324745346303803,0.036875579692423346,0.03830840913578868
slope_mean,upper,17.41843786147366,0.03684754734858871,0.038292988855391744
slope_mean,upper,17.51213037664352,0.036817488819360734,0.03826496610417962
slope_mean,upper,17.605822891813375,0.036785141285508874,0.03822153992950916
slope_mean,upper,17.69951540698323,0.036749825440347196,0.03821570128202438
slope_mean,upper,17.79320792215309,0.03671514624729753,0.03820995055139065
slope_mean,upper,17.886900437322947,0.036687536537647246,0.03819673415273428
slope_mean,upper,17.980592952492806,0.03664203630760312,0.03815042432397604
slope_mean,upper,18.074285467662662,0.03660277333110571,0.03811137732118368
slope_mean,upper,18.167977982832518,0.036568738613277675,0.03809736911207438
slope_mean,upper,18.261670498002378,0.03653215058147907,0.038082683458924294
slope_mean,upper,18.355363013172234,0.03649080032482743,0.03806588528677821
slope_mean,upper,18.449055528342093,0.03645806265994907,0.038045153487473726
slope_mean,upper,18.54274804351195,0.03640582961961627,0.03802700359374285
slope_mean,upper,18.63644055868181,0.03636322123929858,0.03800953319296241
slope_mean,upper,18.730133073851665,0.03632659008726478,0.03799464134499431
slope_mean,upper,18.82382558902152,0.036281227506697176,0.03798103556036949
slope_mean,upper,18.91751810419138,0.036235366482287645,0.03795711854472757
slope_mean,upper,19.011210619361236,0.0361929165199399,0.03793146833777428
slope_mean,upper,19.104903134531096,0.036137288063764574,0.03791061565279961
slope_mean,upper,19.198595649700952,0.03608471686020494,0.03788918517529964
slope_mean,upper,19.292288164870808,0.03604647684842348,0.03786721834912896
slope_mean,upper,19.385980680040667,0.036008306033909324,0.037844718899577856
slope_mean,upper,19.479673195210523,0.03595887394621968,0.037821697816252706
slope_mean,upper,19.573365710380383,0.03591237235814333,0.03780464977025986
slope_mean,upper,19.66705822555024,0.03586971741169691,0.037787153106182816
slope_mean,upper,19.760750740720095,0.03580409279093146,0.03776918640360236
slope_mean,upper,19.854443255889954,0.03576187994331122,0.03773289397358894
slope_mean,upper,19.94813577105981,0.03570150500163436,0.0376985595561564
slope_mean,upper,20.04182828622967,0.035653766337782146,0.03767290161922574
slope_mean,upper,20.135520801399526,0.035617930721491574,0.037645718175917865
slope_mean,upper,20.229213316569382,0.03556295828893781,0.037618743255734444
slope_mean,upper,20.32290583173924,0.03549908036366105,0.03759128786623478
slope_mean,upper,20.416598346909097,0.035435729660093784,0.03756336327642203
slope_mean,upper,20.510290862078957,0.03537352746352553,0.03754200506955385
slope_mean,upper,20.603983377248813,0.035323146544396875,0.037521467357873914
slope_mean,upper,20.69767589241867,0.03526764092966914,0.037500529829412696
slope_mean,upper,20.79136840758853,0.035201527271419765,0.03747469130903482
slope_mean,upper,20.885060922758385,0.0351422774605453,0.03744789678603411
slope_mean,upper,20.978753437928244,0.035099842492491005,0.03742062384262681
slope_mean,upper,21.0724459530981,0.03504572324454784,0.03739293431863189
slope_mean,upper,21.166138468267956,0.03499783352017403,0.03736490216106177
slope_mean,upper,21.259830983437816,0.03494460843503475,0.037336680386215446
slope_mean,upper,21.35352349860767,0.0348916532471776,0.03730805413797498
slope_mean,upper,21.44721601377753,0.034838979598134756,0.03727869149297476
slope_mean,upper,21.540908528947387,0.03478412898257375,0.0372546655125916
slope_mean,upper,21.634601044117243,0.03473090464249253,0.03721915176138282
slope_mean,upper,21.728293559287103,0.03468196159228683,0.03718900214880705
slope_mean,upper,21.82198607445696,0.034630774054676294,0.03715831153094769
slope_mean,upper,21.91567858962682,0.034587515890598296,0.03712725304067135
slope_mean,upper,22.009371104796674,0.03453075392171741,0.037095851451158526
slope_mean,upper,22.103063619966534,0.03447160730138421,0.03706411421298981
slope_mean,upper,22.19675613513639,0.03441119818016887,0.03703415170311928
slope_mean,upper,22.290448650306246,0.03435574853792787,0.03700680686160922
slope_mean,upper,22.384141165476105,0.03431374281644821,0.03697923962026835
slope_mean,upper,22.47783368064596,0.03427326008677482,0.03695145733654499
slope_mean,upper,22.57152619581582,0.03423313582316041,0.03692347127944231
slope_mean,upper,22.665218710985677,0.03418474541977048,0.03689528163522482
slope_mean,upper,22.758911226155533,0.03412303375080228,0.036866042856127025
slope_mean,upper,22.852603741325392,0.03407080238685012,0.03683358952403069
slope_mean,upper,22.94629625649525,0.034028283506631854,0.03680100804194808
slope_mean,upper,23.039988771665108,0.0339851900935173,0.03676803400740027
slope_mean,upper,23.133681286834964,0.03393104411661625,0.0367261084727943
slope_mean,upper,23.22737380200482,0.033877646923065184,0.03668179167434573
slope_mean,upper,23.32106631717468,0.03382563376799226,0.03665347946807742
slope_mean,upper,23.414758832344535,0.03377547981217503,0.03663021391257644
slope_mean,upper,23.508451347514395,0.03372831931337714,0.036585869081318376
slope_mean,upper,23.60214386268425,0.03367494931444526,0.03655358133837581
slope_mean,upper,23.695836377854107,0.03362656375393271,0.036535806581377984
slope_mean,upper,23.789528893023967,0.03358984254300594,0.03650243282318115
slope_mean,upper,23.883221408193823,0.03355453033000231,0.03646938949823379
slope_mean,upper,23.976913923363682,0.03352066073566675,0.03643589727580547
slope_mean,upper,24.070606438533538,0.033488730806857346,0.03640210377052426
slope_mean,upper,24.164298953703394,0.03345950301736593,0.03636801959946752
slope_mean,upper,24.257991468873254,0.033431239519268276,0.03632356273010373
slope_mean,upper,24.35168398404311,0.03338688826188445,0.03629192784428596
slope_mean,upper,24.44537649921297,0.03332384238019585,0.036266444437205794
slope_mean,upper,24.539069014382825,0.03327269461005926,0.03623466501012444
slope_mean,upper,24.632761529552685,0.03321625841781497,0.036206608451902864
slope_mean,upper,24.72645404472254,0.033169661182910204,0.03618267979472876
slope_mean,upper,24.820146559892397,0.03310490502044559,0.036159501504153015
slope_mean,upper,24.913839075062256,0.033040579222142694,0.03615345619618893
slope_mean,upper,25.007531590232112,0.033021757658571,0.036143623664975165
slope_mean,upper,25.101224105401972,0.032973314821720126,0.03613494988530874
slope_mean,upper,25.194916620571828,0.032909910567104815,0.036109366733580825
slope_mean,upper,25.288609135741684,0.03284551687538624,0.0360861049965024
slope_mean,upper,25.382301650911543,0.03280617231503129,0.03605179134756326
slope_mean,upper,25.4759941660814,0.0327189102768898,0.03604605589061975
slope_mean,upper,25.56968668125126,0.03264421122148633,0.03601862415671349
slope_mean,upper,25.663379196421115,0.03258588397875428,0.03600917747244239
slope_mean,upper,25.75707171159097,0.03254258995875716,0.035976377502083774
slope_mean,upper,25.85076422676083,0.03249960811808705,0.03597591994330287
slope_mean,upper,25.944456741930686,0.03245085021480918,0.03598058428615332
slope_mean,upper,26.038149257100546,0.032371315825730565,0.03597633596509695
slope_mean,upper,26.131841772270402,0.032292044069617984,0.035978255607187745
slope_mean,upper,26.225534287440258,0.03225219938904047,0.03598336251452565
slope_mean,upper,26.319226802610117,0.032198678608983754,0.03597687650471926
slope_mean,upper,26.412919317779973,0.03214639648795128,0.03599877553060651
slope_mean,upper,26.506611832949833,0.032125733140856025,0.03600672781467438
slope_mean,upper,26.60030434811969,0.032063364423811434,0.03602608256042004
slope_mean,upper,26.693996863289545,0.03199792476370931,0.03603954361751675
slope_mean,upper,26.787689378459405,0.03193081002682448,0.036053499579429625
slope_mean,upper,26.88138189362926,0.03184407250955701,0.036069270223379135
slope_mean,upper,26.97507440879912,0.031748122069984674,0.03608205951750278
slope_mean,upper,27.068766923968976,0.03171491241082549,0.03609811076894402
slope_mean,upper,27.162459439138832,0.031667152605950835,0.03610340701416135
slope_mean,upper,27.25615195430869,0.03161052092909813,0.036116021871566775
slope_mean,upper,27.349844469478548,0.03154404703527689,0.03613333692774177
slope_mean,upper,27.443536984648407,0.031485805101692674,0.03615773255005479
slope_mean,upper,27.537229499818263,0.03141285125166178,0.03619752088561654
slope_mean,upper,27.63092201498812,0.03132603168487549,0.036223912984132765
slope_mean,upper,27.72461453015798,0.03125739805400372,0.03625255674123764
slope_mean,upper,27.818307045327835,0.031178641971200703,0.03629271304234862
slope_mean,upper,27.911999560497694,0.031105352472513913,0.036340315267443656
slope_mean,upper,28.00569207566755,0.031014036759734152,0.03636855874210596
slope_mean,upper,28.09938459083741,0.030928224930539726,0.03641749331727624
slope_mean,upper,28.193077106007266,0.030865607690066098,0.03646409409120679
slope_mean,upper,28.286769621177122,0.030775671638548375,0.03651238009333611
slope_mean,upper,28.38046213634698,0.030675037857145072,0.036562126129865646
slope_mean,upper,28.474154651516837,0.03060355382040143,0.03661352479830384
slope_mean,upper,28.567847166686697,0.03054403318092227,0.03669128753244877
slope_mean,upper,28.661539681856553,0.030488574272021653,0.03676035292446613
slope_mean,upper,28.75523219702641,0.03043200010433793,0.03684739135205746
slope_mean,upper,28.84892471219627,0.030362415499985217,0.03691300358623266
slope_mean,upper,28.942617227366124,0.030281897448003293,0.03699157889932394
slope_mean,upper,29.036309742535984,0.030171399377286433,0.037084787525236605
slope_mean,upper,29.13000225770584,0.03006066121160984,0.03717383267357945
slope_mean,upper,29.223694772875696,0.02999289152212441,0.037265184428542854
slope_mean,upper,29.317387288045555,0.029926108568906783,0.03735660864040256
slope_mean,upper,29.41107980321541,0.02986120842397213,0.037466068658977746
slope_mean,upper,29.50477231838527,0.02979475203901529,0.0375816467218101
slope_mean,upper,29.598464833555127,0.029730993323028088,0.03766707647591829
slope_mean,upper,29.692157348724983,0.029665940115228294,0.03774633631110191
slope_mean,upper,29.785849863894843,0.029601301532238722,0.03787968456745148
slope_mean,upper,29.8795423790647,0.029533380176872015,0.03798234667629004
slope_mean,upper,29.973234894234558,0.02945451601408422,0.03807261427864432
slope_mean,upper,30.066927409404414,0.02937047346495092,0.03819669848307967
slope_mean,upper,30.16061992457427,0.029286107094958425,0.0383078577928245
slope_mean,upper,30.25431243974413,0.029201647639274596,0.038420568034052846
slope_mean,lower,2.146557888786898,-0.02862108265981078,-0.012639046111144126
slope_mean,lower,2.2402504039567552,-0.028208774980157614,-0.012484274874441328
slope_mean,lower,2.3339429191266126,-0.02779290545731783,-0.012330491747707131
slope_mean,lower,2.4276354342964703,-0.02736867405474186,-0.012162382341921333
slope_mean,lower,2.5213279494663277,-0.02696174499578774,-0.011939109372906388
slope_mean,lower,2.615020464636185,-0.026558514079079033,-0.011746020801365376
slope_mean,lower,2.7087129798060428,-0.026158968079835178,-0.011627085949294272
slope_mean,lower,2.8024054949759,-0.025762239191681146,-0.011510210344567898
slope_mean,lower,2.8960980101457574,-0.025353432958945633,-0.01132220590952784
slope_mean,lower,2.9897905253156147,-0.0249655541498214,-0.011100164474919438
slope_mean,lower,3.083483040485472,-0.024543803418055177,-0.01093934550881386
slope_mean,lower,3.17717555565533,-0.024124546023085714,-0.010743197356350721
slope_mean,lower,3.270868070825187,-0.023750470113009216,-0.010552820819430053
slope_mean,lower,3.3645605859950445,-0.02335528312250972,-0.010356032173149288
slope_mean,lower,3.4582531011649023,-0.022988354647532107,-0.010184789332561195
slope_mean,lower,3.5519456163347596,-0.0226245095487684,-0.010067603481002154
slope_mean,lower,3.645638131504617,-0.022274094074964522,-0.009878008253872396
slope_mean,lower,3.7393306466744742,-0.021930119208991527,-0.009680556482635438
slope_mean,lower,3.8330231618443316,-0.021532950922846794,-0.009541054302826524
slope_mean,lower,3.9267156770141893,-0.021201814338564873,-0.00943805314600468
slope_mean,lower,4.020408192184046,-0.0208411933388561,-0.009275545505806806
slope_mean,lower,4.114100707353904,-0.020501102786511183,-0.009115464822389186
slope_mean,lower,4.207793222523762,-0.020169934490695596,-0.008957652258686721
slope_mean,lower,4.3014857376936195,-0.019844355899840592,-0.008801368088461459
slope_mean,lower,4.395178252863476,-0.019522706791758538,-0.008641204982995986
slope_mean,lower,4.488870768033333,-0.019217991875484584,-0.008486686879768968
slope_mean,lower,4.582563283203191,-0.01887867567129433,-0.008336368459276855
slope_mean,lower,4.676255798373049,-0.018574544787406923,-0.008184922067448497
slope_mean,lower,4.769948313542907,-0.01826539309695363,-0.008045808458700777
slope_mean,lower,4.8636408287127635,-0.01795934047549963,-0.007935478840954602
slope_mean,lower,4.957333343882621,-0.01767673222348094,-0.007820701762102545
slope_mean,lower,5.051025859052478,-0.01734919282607734,-0.0076421724981628365
slope_mean,lower,5.144718374222336,-0.017024636222049593,-0.007466091867536307
slope_mean,lower,5.238410889392194,-0.01674439189955592,-0.007310069107916206
slope_mean,lower,5.332103404562051,-0.01648780768737197,-0.007178427558392287
slope_mean,lower,5.425795919731908,-0.016253974149003626,-0.00703048303257674
slope_mean,lower,5.519488434901765,-0.01599204340018332,-0.0068922953563742345
slope_mean,lower,5.613180950071623,-0.015732663590461014,-0.006756312656216324
slope_mean,lower,5.706873465241481,-0.015467439335770905,-0.006622024788521231
slope_mean,lower,5.8005659804113385,-0.015235223434865474,-0.006489618320483715
slope_mean,lower,5.894258495581195,-0.01494000165257603,-0.006338977091945709
slope_mean,lower,5.987951010751052,-0.01465177801437676,-0.006181992660276592
slope_mean,lower,6.08164352592091,-0.014390442846342921,-0.0060459225089289255
slope_mean,lower,6.175336041090768,-0.014159793150611222,-0.005872777709737421
slope_mean,lower,6.269028556260626,-0.013943690853193403,-0.005721305531915278
slope_mean,lower,6.3627210714304825,-0.013715719943866134,-0.005578176176641136
slope_mean,lower,6.45641358660034,-0.013452577404677868,-0.005459400685504079
slope_mean,lower,6.550106101770197,-0.013192525366321206,-0.00534255225211382
slope_mean,lower,6.643798616940055,-0.012954720621928572,-0.005227284936700017
slope_mean,lower,6.737491132109913,-0.01272458762396127,-0.0050874866778031
slope_mean,lower,6.83118364727977,-0.012496743979863823,-0.004973255016375334
slope_mean,lower,6.924876162449627,-0.01227117928210646,-0.004790334880817682
slope_mean,lower,7.018568677619484,-0.012060701078735293,-0.004647369985468687
slope_mean,lower,7.112261192789342,-0.011870021652430295,-0.004508315247949213
slope_mean,lower,7.2059537079592,-0.011699779611080884,-0.004370489064604044
slope_mean,lower,7.299646223129057,-0.011486503784544766,-0.004302254435606302
slope_mean,lower,7.393338738298914,-0.011260241246782243,-0.004175322421360763
slope_mean,lower,7.487031253468772,-0.011053853621706366,-0.004032127931714059
slope_mean,lower,7.580723768638629,-0.01085854519624263,-0.0038897892460227025
slope_mean,lower,7.674416283808487,-0.010668685031123459,-0.003737270244164393
slope_mean,lower,7.768108798978345,-0.01048409822396934,-0.0036178496084176013
slope_mean,lower,7.8618013141482015,-0.010300948284566402,-0.0034848548122681684
slope_mean,lower,7.955493829318059,-0.010119230672717094,-0.0033544544945470992
slope_mean,lower,8.049186344487916,-0.009938939940184355,-0.0032304651220329108
slope_mean,lower,8.142878859657774,-0.009760071546770633,-0.0031003738928120587
slope_mean,lower,8.236571374827632,-0.009582437155768274,-0.002982192119816318
slope_mean,lower,8.33026388999749,-0.009405774646438658,-0.0028757826774381103
slope_mean,lower,8.423956405167345,-0.009230533498339355,-0.0027458686963655055
slope_mean,lower,8.517648920337203,-0.009058567741885782,-0.0026457588886842132
slope_mean,lower,8.611341435507061,-0.0089097760617733,-0.0025500463380012666
slope_mean,lower,8.705033950676919,-0.008761836891062557,-0.0024287163163535298
slope_mean,lower,8.798726465846777,-0.008614751021377742,-0.0023212530824821445
slope_mean,lower,8.892418981016633,-0.008454066840931774,-0.0022181001433636996
slope_mean,lower,8.986111496186492,-0.008299141353927553,-0.002098117978312075
slope_mean,lower,9.079804011356348,-0.00815323970746249,-0.0019855108927004043
slope_mean,lower,9.173496526526206,-0.008006585156545043,-0.0018711393320700158
slope_mean,lower,9.267189041696064,-0.00785774968098849,-0.001772514064214193
slope_mean,lower,9.36088155686592,-0.007722512865439057,-0.001627331296913326
slope_mean,lower,9.45457407203578,-0.0075812112889252605,-0.0015157621412072335
slope_mean,lower,9.548266587205635,-0.007431857683695853,-0.0014067573647480462
slope_mean,lower,9.641959102375493,-0.007269493443891406,-0.0012999847123865043
slope_mean,lower,9.73565161754535,-0.007105270016472787,-0.001203015190549195
slope_mean,lower,9.829344132715207,-0.006948656809981912,-0.001132446809788235
slope_mean,lower,9.923036647885066,-0.006806372245773673,-0.001043151045450941
slope_mean,lower,10.016729163054922,-0.006666353880427777,-0.0009572814073180786
slope_mean,lower,10.11042167822478,-0.006519853335339576,-0.0008584163093473772
slope_mean,lower,10.204114193394638,-0.006364039797335863,-0.0007449835378793077
slope_mean,lower,10.297806708564496,-0.006195915606804192,-0.0006342453343677339
slope_mean,lower,10.391499223734353,-0.006057384097948671,-0.0005258380566374399
slope_mean,lower,10.48519173890421,-0.0059334233868867155,-0.0004523313858953772
slope_mean,lower,10.578884254074067,-0.005792577983811498,-0.00035164399087079807
slope_mean,lower,10.672576769243925,-0.005653702584095299,-0.0002489037251507399
slope_mean,lower,10.766269284413783,-0.005516784021165222,-0.00016105996655824134
slope_mean,lower,10.85996179958364,-0.005381539347581565,-8.855484702507987e-05
slope_mean,lower,10.953654314753496,-0.005247730272822082,1.4186388852975548e-06
slope_mean,lower,11.047346829923354,-0.005147396388929337,8.046503589866866e-05
slope_mean,lower,11.141039345093212,-0.005048722540959716,0.00015783598537382122
slope_mean,lower,11.23473186026307,-0.004928734782151878,0.00023354858858510736
slope_mean,lower,11.328424375432927,-0.004795576119795442,0.0003072233514103562
slope_mean,lower,11.422116890602783,-0.0046867628232575955,0.0004027817099995443
slope_mean,lower,11.515809405772641,-0.0045862113707698885,0.0004781653704412739
slope_mean,lower,11.609501920942499,-0.004465238202828914,0.0005646703386446457
slope_mean,lower,11.703194436112357,-0.0043452304089441895,0.0006424924460588953
slope_mean,lower,11.796886951282215,-0.004226708877831697,0.0007122443013940936
slope_mean,lower,11.89057946645207,-0.004109665437135845,0.000774911874032113
slope_mean,lower,11.984271981621928,-0.003994090994819999,0.0008535709130228496
slope_mean,lower,12.077964496791786,-0.003887387685244903,0.0009365870937472206
slope_mean,lower,12.171657011961644,-0.0037920983566436914,0.0010252587147988378
slope_mean,lower,12.265349527131502,-0.0036977250943891703,0.0011055934272008016
slope_mean,lower,12.35904204230136,-0.003604657104006037,0.0011699587310431525
slope_mean,lower,12.452734557471215,-0.0035128844087012113,0.0012161798280430952
slope_mean,lower,12.546427072641073,-0.00342226256034337,0.0012614086735993615
slope_mean,lower,12.640119587810931,-0.003323608514619991,0.0013056543073616908
slope_mean,lower,12.733812102980789,-0.003221245895838365,0.001359851181041448
slope_mean,lower,12.827504618150646,-0.0031112827360630035,0.0014223906648112448
slope_mean,lower,12.921197133320502,-0.00300181649508886,0.001483075995929538
slope_mean,lower,13.01488964849036,-0.0028930456785019485,0.001541930518578737
slope_mean,lower,13.108582163660218,-0.002785114018479362,0.0015989560168236485
slope_mean,lower,13.202274678830076,-0.0026965003402438016,0.001654200162738561
slope_mean,lower,13.295967193999934,-0.00262445104890503,0.0017076911841286341
slope_mean,lower,13.389659709169791,-0.002555778919486329,0.0017592831660294902
slope_mean,lower,13.483352224339647,-0.0024933827051427217,0.0018093984283041207
slope_mean,lower,13.577044739509505,-0.0024199626059271395,0.0018578777729999273
slope_mean,lower,13.670737254679363,-0.0023341011663433166,0.001898892640019767
slope_mean,lower,13.76442976984922,-0.0022381327231414615,0.00192837608337868
slope_mean,lower,13.858122285019078,-0.002150270575657487,0.001952414339757524
slope_mean,lower,13.951814800188934,-0.0020619833841919897,0.00197513133753091
slope_mean,lower,14.045507315358792,-0.001974115939810872,0.0020330817555077375
slope_mean,lower,14.13919983052865,-0.0018873217806685714,0.0020605056721251457
slope_mean,lower,14.232892345698508,-0.001801220793277025,0.0020929473219439385
slope_mean,lower,14.326584860868365,-0.0017161338299047201,0.0021222617826424537
slope_mean,lower,14.420277376038221,-0.001632033090572804,0.0021590737393125886
slope_mean,lower,14.51396989120808,-0.0015489985846215857,0.002183934592176229
slope_mean,lower,14.607662406377937,-0.0014880045986501499,0.0021939652040600774
slope_mean,lower,14.701354921547795,-0.001444521953817457,0.0022059377690311515
slope_mean,lower,14.795047436717653,-0.0014021059352671728,0.0022235937824007118
slope_mean,lower,14.888739951887509,-0.00133114913769532,0.002239661791827529
slope_mean,lower,14.982432467057366,-0.0012550268322229386,0.002284230291843414
slope_mean,lower,15.076124982227224,-0.0011825202353065833,0.0023121912265196437
slope_mean,lower,15.169817497397082,-0.0011283140542218463,0.0023380939266644403
slope_mean,lower,15.26351001256694,-0.001095916100894101,0.002378782292362301
slope_mean,lower,15.357202527736797,-0.0010575498541584238,0.0024181903514545393
slope_mean,lower,15.450895042906653,-0.0010003438976127655,0.0024557917611673467
slope_mean,lower,15.544587558076511,-0.0009697367844637483,0.0024924658937379718
slope_mean,lower,15.638280073246369,-0.0009456369589315727,0.0025202603254001585
slope_mean,lower,15.731972588416227,-0.0009133723811828532,0.0025488130690064278
slope_mean,lower,15.825665103586084,-0.0008347828668775036,0.0025596551538910714
slope_mean,lower,15.91935761875594,-0.0007729993405519053,0.0025915526028256865
slope_mean,lower,16.0130501339258,-0.0007328750638407655,0.002605860115727409
slope_mean,lower,16.106742649095658,-0.0006939625192899257,0.0026199331565294414
slope_mean,lower,16.200435164265514,-0.0006544809672050178,0.0026346746890339996
slope_mean,lower,16.29412767943537,-0.0006207656988408417,0.0026513786753639577
slope_mean,lower,16.38782019460523,-0.0005865669518243521,0.0026763161818962543
slope_mean,lower,16.481512709775085,-0.0005619390241918153,0.0027101154206320643
slope_mean,lower,16.575205224944945,-0.0005403772927820682,0.002737709000939503
slope_mean,lower,16.6688977401148,-0.000520517177938018,0.0027639629668556147
slope_mean,lower,16.762590255284657,-0.0005163230904145166,0.002825686073629185
slope_mean,lower,16.856282770454516,-0.0004831732134334743,0.002878172200871631
slope_mean,lower,16.949975285624372,-0.0004690378627856262,0.0028794295270927243
slope_mean,lower,17.043667800794232,-0.000448796215641778,0.002872028027195482
slope_mean,lower,17.137360315964088,-0.000412041103845695,0.0029122881067451087
slope_mean,lower,17.231052831133944,-0.0004056968304212205,0.002952975296648219
slope_mean,lower,17.324745346303803,-0.0004051401861943305,0.0029492619156371793
slope_mean,lower,17.41843786147366,-0.00037431668024510143,0.002980037586530669
slope_mean,lower,17.51213037664352,-0.0003462997628957964,0.0030255826190114013
slope_mean,lower,17.605822891813375,-0.0003034022214706055,0.0030648938962258396
slope_mean,lower,17.69951540698323,-0.0003063076888793147,0.003062595409573987
slope_mean,lower,17.79320792215309,-0.0003106021693383809,0.0030610027431976048
slope_mean,lower,17.886900437322947,-0.000315557333669858,0.0030588814464863373
slope_mean,lower,17.980592952492806,-0.0003211596223991364,0.0030595247924793487
slope_mean,lower,18.074285467662662,-0.00031860806338954715,0.0031079715234227463
slope_mean,lower,18.167977982832518,-0.0003201741972588934,0.003157565073342993
slope_mean,lower,18.261670498002378,-0.0003176653182890732,0.003203730471432209
slope_mean,lower,18.355363013172234,-0.00031725409935461356,0.0032140165218152105
slope_mean,lower,18.449055528342093,-0.00032993708518915806,0.0032180156907998026
slope_mean,lower,18.54274804351195,-0.00033834939094958824,0.0032119208772201087
slope_mean,lower,18.63644055868181,-0.00034705688885878767,0.003234155662357807
slope_mean,lower,18.730133073851665,-0.0003556710718839895,0.0032355722913052884
slope_mean,lower,18.82382558902152,-0.0003612785010773223,0.003242565534310415
slope_mean,lower,18.91751810419138,-0.0003564189129974693,0.0032547530077863484
slope_mean,lower,19.011210619361236,-0.0003837581374682486,0.003254931786796078
slope_mean,lower,19.104903134531096,-0.0003796224998950492,0.0032675081805791707
slope_mean,lower,19.198595649700952,-0.00039096602631616406,0.0032805256079882377
slope_mean,lower,19.292288164870808,-0.0004021140106488019,0.003301775612635538
slope_mean,lower,19.385980680040667,-0.0004310274598537944,0.0033225448278244585
slope_mean,lower,19.479673195210523,-0.00044557512155734,0.003339911694638431
slope_mean,lower,19.573365710380383,-0.00045926682942081236,0.003326601238222792
slope_mean,lower,19.66705822555024,-0.0004718782802228816,0.0033450238464865826
slope_mean,lower,19.760750740720095,-0.0004543087386991828,0.003378789563430473
slope_mean,lower,19.854443255889954,-0.0004890450509265065,0.003410324116703123
slope_mean,lower,19.94813577105981,-0.0005134561084560119,0.0034173328429460523
slope_mean,lower,20.04182828622967,-0.0005293212714605033,0.0034366309642791747
slope_mean,lower,20.135520801399526,-0.0005470893112942577,0.003451059112558141
slope_mean,lower,20.229213316569382,-0.000560249199043028,0.0034624414693098515
slope_mean,lower,20.32290583173924,-0.000576273382466752,0.0034728525963146238
slope_mean,lower,20.416598346909097,-0.0006056299433112144,0.0034819531778339297
slope_mean,lower,20.510290862078957,-0.0006153565351269207,0.0034879170765634627
slope_mean,lower,20.603983377248813,-0.0006438838623580522,0.003479100012918934
slope_mean,lower,20.69767589241867,-0.0006717804484651424,0.003486552339745685
slope_mean,lower,20.79136840758853,-0.0006995478746830486,0.003504206199431792
slope_mean,lower,20.885060922758385,-0.0007208651935798116,0.003502667444990948
slope_mean,lower,20.978753437928244,-0.0007535783719504252,0.003514812863431871
slope_mean,lower,21.0724459530981,-0.0007728920507361181,0.0035181295301299543
slope_mean,lower,21.166138468267956,-0.0007850416019209661,0.003527669626055285
slope_mean,lower,21.259830983437816,-0.0007973156520165503,0.0035402477311436086
slope_mean,lower,21.35352349860767,-0.0008096698555164039,0.00353022989584133
slope_mean,lower,21.44721601377753,-0.0008220387462642975,0.003533863282063976
slope_mean,lower,21.540908528947387,-0.0008345905836904421,0.0035378327884245655
slope_mean,lower,21.634601044117243,-0.0008473118330584839,0.0035526921157725145
slope_mean,lower,21.728293559287103,-0.0008601891880971379,0.0035810002067591987
slope_mean,lower,21.82198607445696,-0.0008700313468580134,0.0036046338675078003
slope_mean,lower,21.91567858962682,-0.0008693896539625712,0.0036335600598249584
slope_mean,lower,22.009371104796674,-0.0008786162376054563,0.0036619155784137544
slope_mean,lower,22.103063619966534,-0.0009020057841553353,0.0036895658529829236
slope_mean,lower,22.19675613513639,-0.000923122100357432,0.0036957546719349915
slope_mean,lower,22.290448650306246,-0.0009408519676071591,0.003693642513826489
slope_mean,lower,22.384141165476105,-0.0009448221855564042,0.0036715363967232397
slope_mean,lower,22.47783368064596,-0.0009405666409293189,0.0036829292075708504
slope_mean,lower,22.57152619581582,-0.0009570067442837171,0.003693562455009669
slope_mean,lower,22.665218710985677,-0.000988609078922309,0.00368359851418063
slope_mean,lower,22.758911226155533,-0.0010115760349435731,0.003685671841958538
slope_mean,lower,22.852603741325392,-0.0010307240154361352,0.003683918563183397
slope_mean,lower,22.94629625649525,-0.0010543045558733866,0.0036811633850447833
slope_mean,lower,23.039988771665108,-0.0010797946306411177,0.003674646868603304
slope_mean,lower,23.133681286834964,-0.0010994417301844806,0.003669433580944314
slope_mean,lower,23.22737380200482,-0.0011129100254038348,0.003680023230845108
slope_mean,lower,23.32106631717468,-0.0011291667993646114,0.003691974491812288
slope_mean,lower,23.414758832344535,-0.0011171738035045565,0.003703534911619499
slope_mean,lower,23.508451347514395,-0.0011243165878113358,0.003715213155373931
slope_mean,lower,23.60214386268425,-0.0011380846379324793,0.003721502545522526
slope_mean,lower,23.695836377854107,-0.0011517424165504054,0.003722070786170661
slope_mean,lower,23.789528893023967,-0.0011652765999315307,0.003733274521073326
slope_mean,lower,23.883221408193823,-0.0011786740913521498,0.003748280514264479
slope_mean,lower,23.976913923363682,-0.0011915413051610813,0.0037567105842754244
slope_mean,lower,24.070606438533538,-0.0012040889239870011,0.003752492333296686
slope_mean,lower,24.164298953703394,-0.001206911410554312,0.003760186827275902
slope_mean,lower,24.257991468873254,-0.0012295619788346812,0.003767971263732761
slope_mean,lower,24.35168398404311,-0.0012424191809259355,0.003766032977728173
slope_mean,lower,24.44537649921297,-0.001255074082291685,0.0037565551872830835
slope_mean,lower,24.539069014382825,-0.0012675134843448176,0.003752314392477274
slope_mean,lower,24.632761529552685,-0.0012793403904652221,0.0037538914300967005
slope_mean,lower,24.72645404472254,-0.001290910699754022,0.0037513519404456016
slope_mean,lower,24.820146559892397,-0.0013022118771914392,0.0037430945376399896
slope_mean,lower,24.913839075062256,-0.0013127169135259463,0.003736562374979256
slope_mean,lower,25.007531590232112,-0.0013235127116786316,0.003728656977182253
slope_mean,lower,25.101224105401972,-0.0013336112140677869,0.0037200302933342744
slope_mean,lower,25.194916620571828,-0.001330173946917057,0.0037219118268694723
slope_mean,lower,25.288609135741684,-0.0013257978425826877,0.003730162710417062
slope_mean,lower,25.382301650911543,-0.0013236799481092022,0.0037579377531073987
slope_mean,lower,25.4759941660814,-0.0013219768123235553,0.0037479059188626697
slope_mean,lower,25.56968668125126,-0.0013284753862535582,0.003755628014914691
slope_mean,lower,25.663379196421115,-0.0013157305598724633,0.003764046926517039
slope_mean,lower,25.75707171159097,-0.0013296676916070282,0.0037593881890643386
slope_mean,lower,25.85076422676083,-0.0013487847783835603,0.003779659525025636
slope_mean,lower,25.944456741930686,-0.0013673347741132603,0.0037876214890275152
slope_mean,lower,26.038149257100546,-0.0013855436845915392,0.003796263708500191
slope_mean,lower,26.131841772270402,-0.0014174373849527911,0.003807139635318889
slope_mean,lower,26.225534287440258,-0.0014303512958576902,0.0038294154917821272
slope_mean,lower,26.319226802610117,-0.0014356004423461855,0.0038515119289513665
slope_mean,lower,26.412919317779973,-0.0014279447495937347,0.0038742004719097157
slope_mean,lower,26.506611832949833,-0.0014389589690836147,0.0038974949973635373
slope_mean,lower,26.60030434811969,-0.0014378519059391691,0.003921410744078457
slope_mean,lower,26.693996863289545,-0.001437165233073756,0.003928832290694117
slope_mean,lower,26.787689378459405,-0.0014580049988580867,0.003934771101921797
slope_mean,lower,26.88138189362926,-0.001487392623675987,0.003941333096008747
slope_mean,lower,26.97507440879912,-0.0015134036948438734,0.003948255989234893
slope_mean,lower,27.068766923968976,-0.0015440186369232833,0.003981282212771475
slope_mean,lower,27.162459439138832,-0.0015428679966134951,0.004038548830430954
slope_mean,lower,27.25615195430869,-0.001560565727413632,0.004070962127298116
slope_mean,lower,27.349844469478548,-0.0016076678584795445,0.004080910701304673
slope_mean,lower,27.443536984648407,-0.0015942787111271172,0.004092122067231683
slope_mean,lower,27.537229499818263,-0.0016317900270223617,0.004105116706341503
slope_mean,lower,27.63092201498812,-0.0016190243972232564,0.004181794251780956
slope_mean,lower,27.72461453015798,-0.001653641599114053,0.004208315815776587
slope_mean,lower,27.818307045327835,-0.0017041896120645107,0.004273206705693156
slope_mean,lower,27.911999560497694,-0.0017543637659400702,0.004319688875693828
slope_mean,lower,28.00569207566755,-0.0017937835305929183,0.004349934251513332
slope_mean,lower,28.09938459083741,-0.001809143036371097,0.0044097441830672325
slope_mean,lower,28.193077106007266,-0.0018691483477596192,0.004460752150043845
slope_mean,lower,28.286769621177122,-0.0019285432383185253,0.004536057752557098
slope_mean,lower,28.38046213634698,-0.0019886189606040717,0.004611778713297099
slope_mean,lower,28.474154651516837,-0.002020307065686211,0.0046353603946045025
slope_mean,lower,28.567847166686697,-0.0020459302701056003,0.004681450105272231
slope_mean,lower,28.661539681856553,-0.0021316014288458975,0.0048187750275246796
slope_mean,lower,28.75523219702641,-0.0021980206132866443,0.004919611231889575
slope_mean,lower,28.84892471219627,-0.0022475178935565054,0.005006400879938156
slope_mean,lower,28.942617227366124,-0.0023377055418677627,0.0050340523361228386
slope_mean,lower,29.036309742535984,-0.0024038467032369225,0.005123400571756064
slope_mean,lower,29.13000225770584,-0.002459527744213119,0.005217102798633277
slope_mean,lower,29.223694772875696,-0.0025313758291304112,0.005287505500018596
slope_mean,lower,29.317387288045555,-0.002608790260273963,0.005413214338477701
slope_mean,lower,29.41107980321541,-0.0026522953994572163,0.005514392699114978
slope_mean,lower,29.50477231838527,-0.0026945289166178553,0.005617003934457898
slope_mean,lower,29.598464833555127,-0.002750459261005744,0.00571402843343094
slope_mean,lower,29.692157348724983,-0.0027500700671225786,0.005808121035806834
slope_mean,lower,29.785849863894843,-0.0028586901957169176,0.0059147713705897335
slope_mean,lower,29.8795423790647,-0.0029200724384281784,0.006014326284639536
slope_mean,lower,29.973234894234558,-0.0029910293989814816,0.00612924153683707
slope_mean,lower,30.066927409404414,-0.0030354038288351146,0.0062373901833780105
slope_mean,lower,30.16061992457427,-0.0031428986694663763,0.006365164392627775
slope_mean,lower,30.25431243974413,-0.0031774377275723964,0.006485187273938209
ntl_viirs_slope_2014_2025,upper,-0.169976548605519,0.031830758601427075,0.04074121722951531
ntl_viirs_slope_2014_2025,upper,-0.16251321312396744,0.03197638364508748,0.040604121331125495
ntl_viirs_slope_2014_2025,upper,-0.1550498776424159,0.032152559421956536,0.04044767329469323
ntl_viirs_slope_2014_2025,upper,-0.14758654216086434,0.03241161592304707,0.040263790264725687
ntl_viirs_slope_2014_2025,upper,-0.14012320667931277,0.03251249231398105,0.04008990358561278
ntl_viirs_slope_2014_2025,upper,-0.13265987119776124,0.03265450792387128,0.03990236530080438
ntl_viirs_slope_2014_2025,upper,-0.12519653571620967,0.032811893802136186,0.039723483752459286
ntl_viirs_slope_2014_2025,upper,-0.11773320023465812,0.03296508099883795,0.03958339039236307
ntl_viirs_slope_2014_2025,upper,-0.11026986475310657,0.033112264890223744,0.03945444393903017
ntl_viirs_slope_2014_2025,upper,-0.10280652927155502,0.03320784578099847,0.03931374317035079
ntl_viirs_slope_2014_2025,upper,-0.09534319379000347,0.03329741023480892,0.039180048555135724
ntl_viirs_slope_2014_2025,upper,-0.08787985830845191,0.03337274445220828,0.039044775534421206
ntl_viirs_slope_2014_2025,upper,-0.08041652282690036,0.033458221703767776,0.0388727867975831
ntl_viirs_slope_2014_2025,upper,-0.07295318734534881,0.03348638517782092,0.03868114585056901
ntl_viirs_slope_2014_2025,upper,-0.06548985186379724,0.03352800793945789,0.038547780457884075
ntl_viirs_slope_2014_2025,upper,-0.058026516382245694,0.03357370691373944,0.03846354838460684
ntl_viirs_slope_2014_2025,upper,-0.050563180900694144,0.03367047281935811,0.03829465853050351
ntl_viirs_slope_2014_2025,upper,-0.04309984541914258,0.03372725062072277,0.03818691493943334
ntl_viirs_slope_2014_2025,upper,-0.03563650993759104,0.03377576405182481,0.0380760719999671
ntl_viirs_slope_2014_2025,upper,-0.02817317445603948,0.033788857981562614,0.03794138915836811
ntl_viirs_slope_2014_2025,upper,-0.020709838974487943,0.03383081248030066,0.03786153728142381
ntl_viirs_slope_2014_2025,upper,-0.013246503492936379,0.033864917885512116,0.03779993848875165
ntl_viirs_slope_2014_2025,upper,-0.005783168011384815,0.03388128224760294,0.03773639965802431
ntl_viirs_slope_2014_2025,upper,0.0016801674701667213,0.033901026006788015,0.03765781093388796
ntl_viirs_slope_2014_2025,upper,0.009143502951718285,0.033944382518529895,0.037597990967333315
ntl_viirs_slope_2014_2025,upper,0.01660683843326985,0.03395095057785511,0.03754871459677815
ntl_viirs_slope_2014_2025,upper,0.024070173914821386,0.03392883036285639,0.03746145144104957
ntl_viirs_slope_2014_2025,upper,0.03153350939637295,0.03384647564962506,0.037439492903649806
ntl_viirs_slope_2014_2025,upper,0.038996844877924514,0.03377749845385551,0.0373914048075676
ntl_viirs_slope_2014_2025,upper,0.04646018035947605,0.03376753237098455,0.03737833965569735
ntl_viirs_slope_2014_2025,upper,0.053923515841027614,0.03375147804617882,0.0373404641635716
ntl_viirs_slope_2014_2025,upper,0.06138685132257915,0.03371381219476462,0.0372987556271255
ntl_viirs_slope_2014_2025,upper,0.06885018680413071,0.033645559754222634,0.037271653208881615
ntl_viirs_slope_2014_2025,upper,0.07631352228568228,0.033572258148342374,0.03724762946367264
ntl_viirs_slope_2014_2025,upper,0.08377685776723384,0.033488052617758515,0.0371974459849298
ntl_viirs_slope_2014_2025,upper,0.09124019324878538,0.033418402448296546,0.037147984560579064
ntl_viirs_slope_2014_2025,upper,0.09870352873033691,0.033370433188974855,0.03709172261878848
ntl_viirs_slope_2014_2025,upper,0.1061668642118885,0.03329483587294817,0.03703175652772188
ntl_viirs_slope_2014_2025,upper,0.11363019969344004,0.033217102754861116,0.037008881382644174
ntl_viirs_slope_2014_2025,upper,0.12109353517499158,0.033139712922275064,0.03698756033554673
ntl_viirs_slope_2014_2025,upper,0.12855687065654312,0.03306075911968946,0.036934349685907364
ntl_viirs_slope_2014_2025,upper,0.1360202061380947,0.03293057391420007,0.036889290902763605
ntl_viirs_slope_2014_2025,upper,0.14348354161964624,0.032828090339899064,0.03680830737575889
ntl_viirs_slope_2014_2025,upper,0.15094687710119778,0.03269160399213433,0.036722011398524046
ntl_viirs_slope_2014_2025,upper,0.15841021258274937,0.03260341789573431,0.036630106158554554
ntl_viirs_slope_2014_2025,upper,0.1658735480643009,0.03247909499332309,0.03658742718398571
ntl_viirs_slope_2014_2025,upper,0.17333688354585244,0.032386282179504636,0.03652976993471384
ntl_viirs_slope_2014_2025,upper,0.18080021902740404,0.032266628835350274,0.03641696171835065
ntl_viirs_slope_2014_2025,upper,0.18826355450895557,0.03212987435981631,0.03636073227971792
ntl_viirs_slope_2014_2025,upper,0.1957268899905071,0.031991456728428604,0.036278802528977395
ntl_viirs_slope_2014_2025,upper,0.2031902254720587,0.03186364965513348,0.036179134622216225
ntl_viirs_slope_2014_2025,upper,0.21065356095361024,0.031733938679099086,0.03615962313488126
ntl_viirs_slope_2014_2025,upper,0.21811689643516177,0.031595530454069376,0.03607047600671649
ntl_viirs_slope_2014_2025,upper,0.22558023191671336,0.03145594745874405,0.03602991234511137
ntl_viirs_slope_2014_2025,upper,0.2330435673982649,0.03135436251759529,0.03598248055204749
ntl_viirs_slope_2014_2025,upper,0.24050690287981644,0.03121675504371524,0.03592943781986833
ntl_viirs_slope_2014_2025,upper,0.24797023836136803,0.031077330838888882,0.03586191292852163
ntl_viirs_slope_2014_2025,upper,0.25543357384291954,0.03093684958294034,0.035809543915092945
ntl_viirs_slope_2014_2025,upper,0.2628969093244711,0.030800157599151133,0.035677819047123194
ntl_viirs_slope_2014_2025,upper,0.2703602448060226,0.03065405981615186,0.03559952648356557
ntl_viirs_slope_2014_2025,upper,0.27782358028757426,0.030512794200330973,0.035486656986176965
ntl_viirs_slope_2014_2025,upper,0.2852869157691258,0.03037634682841599,0.03534118104726076
ntl_viirs_slope_2014_2025,upper,0.29275025125067733,0.030239339033141733,0.03527283612638712
ntl_viirs_slope_2014_2025,upper,0.30021358673222887,0.03009914802387357,0.03520279955118895
ntl_viirs_slope_2014_2025,upper,0.3076769222137804,0.029964100942015647,0.035084471106529236
ntl_viirs_slope_2014_2025,upper,0.31514025769533194,0.029825229849666356,0.034952374547719954
ntl_viirs_slope_2014_2025,upper,0.3226035931768836,0.029686997830867767,0.03486773958429694
ntl_viirs_slope_2014_2025,upper,0.330066928658435,0.029529188806191087,0.03481481112539768
ntl_viirs_slope_2014_2025,upper,0.33753026413998666,0.029408401949331163,0.034760626219213005
ntl_viirs_slope_2014_2025,upper,0.3449935996215382,0.029273734893649817,0.034665014035999774
ntl_viirs_slope_2014_2025,upper,0.35245693510308973,0.02912702444009483,0.03459740560501814
ntl_viirs_slope_2014_2025,upper,0.35992027058464127,0.02898529078811407,0.03452100548893213
ntl_viirs_slope_2014_2025,upper,0.3673836060661928,0.02880696072243154,0.03445690432563424
ntl_viirs_slope_2014_2025,upper,0.37484694154774434,0.028649595379829407,0.03437701491639018
ntl_viirs_slope_2014_2025,upper,0.382310277029296,0.028530270233750342,0.03427523039281368
ntl_viirs_slope_2014_2025,upper,0.3897736125108475,0.028371818969026207,0.03420143248513341
ntl_viirs_slope_2014_2025,upper,0.39723694799239906,0.02823439734056592,0.03411782206967473
ntl_viirs_slope_2014_2025,upper,0.4047002834739506,0.028097137343138456,0.03400815324857831
ntl_viirs_slope_2014_2025,upper,0.41216361895550213,0.027960040792822837,0.03389535853639245
ntl_viirs_slope_2014_2025,upper,0.41962695443705367,0.027823105966672302,0.03379811737686396
ntl_viirs_slope_2014_2025,upper,0.4270902899186052,0.027626304980367423,0.033730377070605756
ntl_viirs_slope_2014_2025,upper,0.43455362540015685,0.027445037616416812,0.03362328698858619
ntl_viirs_slope_2014_2025,upper,0.4420169608817084,0.027235881239175797,0.03354501221328974
ntl_viirs_slope_2014_2025,upper,0.4494802963632599,0.027064749831333758,0.033448456320911646
ntl_viirs_slope_2014_2025,upper,0.45694363184481146,0.026857685297727585,0.03331788070499897
ntl_viirs_slope_2014_2025,upper,0.464406967326363,0.02665021326392889,0.033211786579340694
ntl_viirs_slope_2014_2025,upper,0.47187030280791453,0.02646159487776458,0.03311025397852063
ntl_viirs_slope_2014_2025,upper,0.4793336382894662,0.026321613416075706,0.033006956335157156
ntl_viirs_slope_2014_2025,upper,0.4867969737710177,0.026183242024853826,0.03288136878982186
ntl_viirs_slope_2014_2025,upper,0.49426030925256925,0.02604572311975062,0.032778648845851424
ntl_viirs_slope_2014_2025,upper,0.5017236447341208,0.025905108638107778,0.032689150888472795
ntl_viirs_slope_2014_2025,upper,0.5091869802156723,0.025684828823432326,0.0326115570962429
ntl_viirs_slope_2014_2025,upper,0.5166503156972239,0.025536613073199987,0.0324775667861104
ntl_viirs_slope_2014_2025,upper,0.5241136511787755,0.025292915012687444,0.032407959830015896
ntl_viirs_slope_2014_2025,upper,0.531576986660327,0.025001328717917205,0.032297261990606785
ntl_viirs_slope_2014_2025,upper,0.5390403221418786,0.024767310451716186,0.03221484748646617
ntl_viirs_slope_2014_2025,upper,0.5465036576234301,0.024542680755257607,0.032086684741079806
ntl_viirs_slope_2014_2025,upper,0.5539669931049817,0.024378342367708684,0.03198607452213764
ntl_viirs_slope_2014_2025,upper,0.5614303285865332,0.024215349508449436,0.03190736873075366
ntl_viirs_slope_2014_2025,upper,0.5688936640680847,0.02400985490530729,0.03183834506198764
ntl_viirs_slope_2014_2025,upper,0.5763569995496364,0.02375068422406912,0.03176789088174701
ntl_viirs_slope_2014_2025,upper,0.5838203350311879,0.023549186484888195,0.03167197396978736
ntl_viirs_slope_2014_2025,upper,0.5912836705127394,0.02337992386892438,0.03156111827120185
ntl_viirs_slope_2014_2025,upper,0.598747005994291,0.023196408012881874,0.03144768299534917
ntl_viirs_slope_2014_2025,upper,0.6062103414758425,0.022984694922342896,0.03137279311195016
ntl_viirs_slope_2014_2025,upper,0.613673676957394,0.02281650984659791,0.031272621173411605
ntl_viirs_slope_2014_2025,upper,0.6211370124389457,0.022649404453113677,0.031168913701549172
ntl_viirs_slope_2014_2025,upper,0.6286003479204972,0.022450141655281187,0.031063593085855244
ntl_viirs_slope_2014_2025,upper,0.6360636834020488,0.022249424690380694,0.030959031125530598
ntl_viirs_slope_2014_2025,upper,0.6435270188836003,0.022038307134062053,0.030873204208910463
ntl_viirs_slope_2014_2025,upper,0.6509903543651518,0.021814486617222427,0.03078561765141785
ntl_viirs_slope_2014_2025,upper,0.6584536898467034,0.02160142338834703,0.03069253875873983
ntl_viirs_slope_2014_2025,upper,0.665917025328255,0.021335755288600922,0.03058495679870248
ntl_viirs_slope_2014_2025,upper,0.6733803608098066,0.0210796772968024,0.03049925025552511
ntl_viirs_slope_2014_2025,upper,0.6808436962913581,0.020918219909071924,0.03041290887631476
ntl_viirs_slope_2014_2025,upper,0.6883070317729096,0.020757647044956685,0.030325733963400124
ntl_viirs_slope_2014_2025,upper,0.6957703672544612,0.020521061634644865,0.03018001187592745
ntl_viirs_slope_2014_2025,upper,0.7032337027360127,0.0202818866353482,0.030066712340340015
ntl_viirs_slope_2014_2025,upper,0.7106970382175642,0.020081445248797535,0.02997673000209033
ntl_viirs_slope_2014_2025,upper,0.7181603736991159,0.01988249784335494,0.02989311711862683
ntl_viirs_slope_2014_2025,upper,0.7256237091806674,0.01968334070406854,0.029809032659977672
ntl_viirs_slope_2014_2025,upper,0.733087044662219,0.019483995577320456,0.02972583551891148
ntl_viirs_slope_2014_2025,upper,0.7405503801437705,0.019304196164011956,0.02963720904663205
ntl_viirs_slope_2014_2025,upper,0.748013715625322,0.019099672418087722,0.029551115073263644
ntl_viirs_slope_2014_2025,upper,0.7554770511068736,0.01896002972498536,0.029464277485385538
ntl_viirs_slope_2014_2025,upper,0.7629403865884252,0.018789491895586253,0.0293774445541203
ntl_viirs_slope_2014_2025,upper,0.7704037220699768,0.01850764751434326,0.029294018726795913
ntl_viirs_slope_2014_2025,upper,0.7778670575515283,0.01829027393832803,0.029199059959501027
ntl_viirs_slope_2014_2025,upper,0.7853303930330798,0.018105414509773255,0.02910930011421442
ntl_viirs_slope_2014_2025,upper,0.7927937285146314,0.017939869314432144,0.029018360143527388
ntl_viirs_slope_2014_2025,upper,0.8002570639961829,0.017697435757145285,0.028920503752306103
ntl_viirs_slope_2014_2025,upper,0.8077203994777344,0.01749103721231222,0.02881708210334182
ntl_viirs_slope_2014_2025,upper,0.8151837349592861,0.017257490381598472,0.028717213263735174
ntl_viirs_slope_2014_2025,upper,0.8226470704408376,0.017024757992476224,0.02863477300852537
ntl_viirs_slope_2014_2025,upper,0.830110405922389,0.01679843319579959,0.028533918550238013
ntl_viirs_slope_2014_2025,upper,0.8375737414039407,0.016567144356667996,0.0284365339204669
ntl_viirs_slope_2014_2025,upper,0.8450370768854923,0.01629540896974504,0.028354269918054342
ntl_viirs_slope_2014_2025,upper,0.8525004123670438,0.016031662188470363,0.028262750478461385
ntl_viirs_slope_2014_2025,upper,0.8599637478485954,0.015760725317522883,0.02816836112178862
ntl_viirs_slope_2014_2025,upper,0.8674270833301468,0.015507872309535741,0.02806584252975881
ntl_viirs_slope_2014_2025,upper,0.8748904188116985,0.015255363285541534,0.027962860325351356
ntl_viirs_slope_2014_2025,upper,0.8823537542932501,0.015003063320182263,0.02785941632464528
ntl_viirs_slope_2014_2025,upper,0.8898170897748016,0.014844967820681631,0.02775537590496242
ntl_viirs_slope_2014_2025,upper,0.8972804252563532,0.014688274241052568,0.027639993466436863
ntl_viirs_slope_2014_2025,upper,0.9047437607379046,0.01450853592250496,0.027532276092097165
ntl_viirs_slope_2014_2025,upper,0.9122070962194563,0.014334400231018663,0.027437655813992025
ntl_viirs_slope_2014_2025,upper,0.9196704317010077,0.014073924161493778,0.027334754448384048
ntl_viirs_slope_2014_2025,upper,0.9271337671825594,0.013814127049408853,0.027228760300204158
ntl_viirs_slope_2014_2025,upper,0.934597102664111,0.01358602384570986,0.027122313482686875
ntl_viirs_slope_2014_2025,upper,0.9420604381456624,0.01341059075202793,0.027015220606699586
ntl_viirs_slope_2014_2025,upper,0.9495237736272141,0.013271342776715756,0.026907615177333356
ntl_viirs_slope_2014_2025,upper,0.9569871091087655,0.013041604915633798,0.026799453143030404
ntl_viirs_slope_2014_2025,upper,0.9644504445903171,0.012811724888160824,0.026690152101218702
ntl_viirs_slope_2014_2025,upper,0.9719137800718686,0.012536951596848667,0.026554531417787075
ntl_viirs_slope_2014_2025,upper,0.9793771155534202,0.01227036975324154,0.026442997297272085
ntl_viirs_slope_2014_2025,upper,0.9868404510349719,0.011963287787511944,0.026330834347754715
ntl_viirs_slope_2014_2025,upper,0.9943037865165233,0.011695065023377537,0.026225096732378005
ntl_viirs_slope_2014_2025,upper,1.001767121998075,0.011537325941026211,0.026104475511237978
ntl_viirs_slope_2014_2025,upper,1.0092304574796265,0.011227700300514698,0.025990531407296655
ntl_viirs_slope_2014_2025,upper,1.0166937929611781,0.010907426546327769,0.025872083194553853
ntl_viirs_slope_2014_2025,upper,1.0241571284427295,0.01059470120817423,0.025759698636829854
ntl_viirs_slope_2014_2025,upper,1.0316204639242812,0.01027496256865561,0.02564994036220014
ntl_viirs_slope_2014_2025,upper,1.0390837994058328,0.010075357696041464,0.025562212243676184
ntl_viirs_slope_2014_2025,upper,1.0465471348873843,0.00987970307469368,0.0254579144064337
ntl_viirs_slope_2014_2025,upper,1.054010470368936,0.009689454594627023,0.025352039188146592
ntl_viirs_slope_2014_2025,upper,1.0614738058504873,0.009530050121247769,0.025237800646573307
ntl_viirs_slope_2014_2025,upper,1.068937141332039,0.009363907226361334,0.025139879994094373
ntl_viirs_slope_2014_2025,upper,1.0764004768135906,0.009141948842443525,0.025022347271442414
ntl_viirs_slope_2014_2025,upper,1.083863812295142,0.008967473008669912,0.024901711149141192
ntl_viirs_slope_2014_2025,upper,1.0913271477766937,0.008795737475156785,0.02478158832527697
ntl_viirs_slope_2014_2025,upper,1.0987904832582451,0.008516239281743766,0.02468638285063207
ntl_viirs_slope_2014_2025,upper,1.1062538187397968,0.008401700085960329,0.024542750045657157
ntl_viirs_slope_2014_2025,upper,1.1137171542213482,0.008229932538233698,0.024425305705517528
ntl_viirs_slope_2014_2025,upper,1.1211804897028999,0.008078815741464495,0.024336628476157782
ntl_viirs_slope_2014_2025,upper,1.1286438251844515,0.00785822186153382,0.024260255647823213
ntl_viirs_slope_2014_2025,upper,1.136107160666003,0.007667428883723915,0.024161316594108938
ntl_viirs_slope_2014_2025,upper,1.1435704961475546,0.007450964080635458,0.024049806175753474
ntl_viirs_slope_2014_2025,upper,1.151033831629106,0.007190143212210387,0.023937642574310303
ntl_viirs_slope_2014_2025,upper,1.1584971671106576,0.0069699419895187026,0.023824731027707456
ntl_viirs_slope_2014_2025,upper,1.165960502592209,0.006755712896119803,0.023710841266438364
ntl_viirs_slope_2014_2025,upper,1.1734238380737607,0.006613786146044731,0.023595247603952884
ntl_viirs_slope_2014_2025,upper,1.1808871735553124,0.006449990754481405,0.02346936254762113
ntl_viirs_slope_2014_2025,upper,1.1883505090368638,0.006245300802402198,0.023334148759022354
ntl_viirs_slope_2014_2025,upper,1.1958138445184154,0.006043055886402727,0.02319826711900532
ntl_viirs_slope_2014_2025,upper,1.2032771799999669,0.005842709599528461,0.02306102463044226
ntl_viirs_slope_2014_2025,upper,1.2107405154815185,0.005644301266875118,0.022931561479344963
ntl_viirs_slope_2014_2025,upper,1.2182038509630702,0.005446838308125734,0.022814749693498015
ntl_viirs_slope_2014_2025,upper,1.2256671864446216,0.005251060624141246,0.022695886529982088
ntl_viirs_slope_2014_2025,upper,1.2331305219261732,0.005057302839122713,0.02257647537626326
ntl_viirs_slope_2014_2025,upper,1.2405938574077247,0.004802640969865024,0.02254565581679344
ntl_viirs_slope_2014_2025,upper,1.2480571928892763,0.004603201826103032,0.022425648104399443
ntl_viirs_slope_2014_2025,upper,1.2555205283708277,0.00439066959079355,0.022287720767781138
ntl_viirs_slope_2014_2025,upper,1.2629838638523794,0.004186738235875964,0.022171750804409383
ntl_viirs_slope_2014_2025,upper,1.270447199333931,0.003985915111843497,0.02206398737616837
ntl_viirs_slope_2014_2025,upper,1.2779105348154824,0.003787000820739195,0.021947913151234386
ntl_viirs_slope_2014_2025,upper,1.285373870297034,0.0035900303337257355,0.02182233263738453
ntl_viirs_slope_2014_2025,upper,1.2928372057785855,0.003406378935324028,0.02185729593038559
ntl_viirs_slope_2014_2025,upper,1.3003005412601372,0.0032150013314094393,0.021787749556824564
ntl_viirs_slope_2014_2025,upper,1.3077638767416886,0.0030086384620517494,0.02168051395565271
ntl_viirs_slope_2014_2025,upper,1.3152272122232402,0.0027346404909621923,0.021752353012561797
ntl_viirs_slope_2014_2025,upper,1.3226905477047919,0.0023913829121738673,0.021660493174567818
ntl_viirs_slope_2014_2025,upper,1.3301538831863433,0.002046251902356744,0.021592373866587876
ntl_viirs_slope_2014_2025,upper,1.337617218667895,0.001881600948399864,0.02149136257357895
ntl_viirs_slope_2014_2025,upper,1.3450805541494464,0.0017044462758349255,0.02144341771490872
ntl_viirs_slope_2014_2025,upper,1.352543889630998,0.0014147745008813218,0.02137556495144963
ntl_viirs_slope_2014_2025,upper,1.3600072251125497,0.001152951130643487,0.02126812594942748
ntl_viirs_slope_2014_2025,upper,1.367470560594101,0.0008904321613954383,0.02136960462667048
ntl_viirs_slope_2014_2025,upper,1.3749338960756528,0.0005392188773839737,0.021355343237519264
ntl_viirs_slope_2014_2025,upper,1.3823972315572042,0.00022577065865334595,0.021272947592660785
ntl_viirs_slope_2014_2025,upper,1.3898605670387558,-0.0001850912591180529,0.0211854999884963
ntl_viirs_slope_2014_2025,upper,1.3973239025203072,-0.0005497147358255459,0.02106325300410389
ntl_viirs_slope_2014_2025,upper,1.404787238001859,-0.0009162282105535267,0.021204514987766737
ntl_viirs_slope_2014_2025,upper,1.4122505734834105,-0.0012846316967625169,0.021071393042802797
ntl_viirs_slope_2014_2025,upper,1.419713908964962,-0.0016640139307128265,0.02120402976870536
ntl_viirs_slope_2014_2025,upper,1.4271772444465136,-0.002094268496148288,0.021509636472910643
ntl_viirs_slope_2014_2025,upper,1.434640579928065,-0.0024563568760640913,0.02150416313670575
ntl_viirs_slope_2014_2025,upper,1.4421039154096167,-0.002813584572868421,0.021381743997335424
ntl_viirs_slope_2014_2025,upper,1.4495672508911681,-0.0031724609027151017,0.021372705278918137
ntl_viirs_slope_2014_2025,upper,1.4570305863727198,-0.003539003216428682,0.02169334986247122
ntl_viirs_slope_2014_2025,upper,1.4644939218542714,-0.0039191339747048914,0.021923235058784483
ntl_viirs_slope_2014_2025,upper,1.4719572573358228,-0.004308282549027353,0.022154023032635445
ntl_viirs_slope_2014_2025,upper,1.4794205928173745,-0.004692310106474906,0.022408095374703407
ntl_viirs_slope_2014_2025,upper,1.486883928298926,-0.005084539344534278,0.02248860239051282
ntl_viirs_slope_2014_2025,upper,1.4943472637804776,-0.005472712591290473,0.022571044042706483
ntl_viirs_slope_2014_2025,upper,1.5018105992620292,-0.005861986032687127,0.022655437141656867
ntl_viirs_slope_2014_2025,upper,1.5092739347435806,-0.006253131327684969,0.02274380945600568
ntl_viirs_slope_2014_2025,upper,1.5167372702251323,-0.006646148487925529,0.022836200380697835
ntl_viirs_slope_2014_2025,upper,1.5242006057066837,-0.007005061535164714,0.02293264744803308
ntl_viirs_slope_2014_2025,upper,1.5316639411882353,-0.0073108424548991024,0.023033191915601475
ntl_viirs_slope_2014_2025,upper,1.5391272766697868,-0.007626309141051024,0.023137867730110867
ntl_viirs_slope_2014_2025,upper,1.5465906121513384,-0.00800883111078292,0.02330611459910868
ntl_viirs_slope_2014_2025,upper,1.55405394763289,-0.008392927632667123,0.02367517123930155
ntl_viirs_slope_2014_2025,upper,1.5615172831144415,-0.008777302736416458,0.024052832368761292
ntl_viirs_slope_2014_2025,upper,1.5689806185959931,-0.009163333801552653,0.024439160991460082
ntl_viirs_slope_2014_2025,upper,1.5764439540775446,-0.009551019966602325,0.024820729345083236
ntl_viirs_slope_2014_2025,upper,1.5839072895590962,-0.009940361184999347,0.025031475117430087
ntl_viirs_slope_2014_2025,upper,1.5913706250406476,-0.010331358411349356,0.025248301029205313
ntl_viirs_slope_2014_2025,upper,1.5988339605221993,-0.01072401162236929,0.025468785502016533
ntl_viirs_slope_2014_2025,upper,1.606297296003751,-0.011103141005150974,0.025693485792726265
ntl_viirs_slope_2014_2025,upper,1.6137606314853024,-0.011460154759697616,0.025924363080412134
ntl_viirs_slope_2014_2025,upper,1.621223966966854,-0.011818438698537648,0.026161471474915727
ntl_viirs_slope_2014_2025,upper,1.6286873024484054,-0.012177993776276708,0.02640486136078833
ntl_viirs_slope_2014_2025,upper,1.636150637929957,-0.012538818176835775,0.026654581353068335
ntl_viirs_slope_2014_2025,upper,1.6436139734115085,-0.012900912784971297,0.02694415594451128
ntl_viirs_slope_2014_2025,upper,1.6510773088930601,-0.013264278508722782,0.027433018246665584
ntl_viirs_slope_2014_2025,upper,1.6585406443746118,-0.013628913555294275,0.027932045003399245
ntl_viirs_slope_2014_2025,upper,1.6660039798561632,-0.013994819717481732,0.02850695610977709
ntl_viirs_slope_2014_2025,upper,1.6734673153377149,-0.014361996110528706,0.02896913853473961
ntl_viirs_slope_2014_2025,upper,1.6809306508192663,-0.014730442711152135,0.029509042855352153
ntl_viirs_slope_2014_2025,upper,1.688393986300818,-0.015100159542635083,0.03005957766436039
ntl_viirs_slope_2014_2025,upper,1.6958573217823696,-0.01547114655841142,0.030620816303417068
ntl_viirs_slope_2014_2025,upper,1.703320657263921,-0.0158434038516134,0.03119283053092656
ntl_viirs_slope_2014_2025,upper,1.7107839927454727,-0.016285771597176788,0.03177569359540936
ntl_viirs_slope_2014_2025,upper,1.718247328227024,-0.016883375868201256,0.03236948084086176
ntl_viirs_slope_2014_2025,upper,1.7257106637085757,-0.017486508144065736,0.03297426188364621
ntl_viirs_slope_2014_2025,upper,1.7331739991901272,-0.01809407747350633,0.03358829813078042
ntl_viirs_slope_2014_2025,upper,1.7406373346716788,-0.018524226360023023,0.03420935487374659
ntl_viirs_slope_2014_2025,upper,1.7481006701532305,-0.018956141825765372,0.034841499757021624
ntl_viirs_slope_2014_2025,upper,1.7555640056347819,-0.019389826385304332,0.03548480328172441
ntl_viirs_slope_2014_2025,upper,1.7630273411163335,-0.01982527901418507,0.03613933976739641
ntl_viirs_slope_2014_2025,upper,1.770490676597885,-0.020261667761951683,0.03685423564165827
ntl_viirs_slope_2014_2025,upper,1.7779540120794366,-0.02069600289687514,0.037655131984502044
ntl_viirs_slope_2014_2025,upper,1.785417347560988,-0.021132007194682955,0.038469140231609314
ntl_viirs_slope_2014_2025,upper,1.7928806830425397,-0.021569684240967033,0.03929633460938928
ntl_viirs_slope_2014_2025,upper,1.8003440185240913,-0.02200903226621449,0.04013680396601555
ntl_viirs_slope_2014_2025,upper,1.8078073540056427,-0.02245005122385919,0.040990622434765075
ntl_viirs_slope_2014_2025,upper,1.8152706894871944,-0.022892743023112415,0.041857875231653435
ntl_viirs_slope_2014_2025,upper,1.8227340249687458,-0.023337103938683865,0.04273863667622207
ntl_viirs_slope_2014_2025,upper,1.8301973604502972,-0.023783137649297712,0.043632991705089795
ntl_viirs_slope_2014_2025,upper,1.837660695931849,-0.024230842338874934,0.04454102208837866
ntl_viirs_slope_2014_2025,upper,1.8451240314134005,-0.024680219776928424,0.045462801866233346
ntl_viirs_slope_2014_2025,upper,1.852587366894952,-0.025131266424432395,0.04639841616153717
ntl_viirs_slope_2014_2025,upper,1.8600507023765038,-0.02570171132683754,0.04719798397272825
ntl_viirs_slope_2014_2025,upper,1.8675140378580553,-0.026310203224420545,0.04799576168879866
ntl_viirs_slope_2014_2025,upper,1.8749773733396067,-0.026923146564513445,0.04880497474223374
ntl_viirs_slope_2014_2025,upper,1.882440708821158,-0.02754055941477418,0.04962568692862986
ntl_viirs_slope_2014_2025,upper,1.88990404430271,-0.028162461798638103,0.050452733784914
ntl_viirs_slope_2014_2025,upper,1.8973673797842614,-0.028788870060816405,0.05129077723249792
ntl_viirs_slope_2014_2025,upper,1.9048307152658128,-0.02941980417817831,0.052140420768409954
ntl_viirs_slope_2014_2025,upper,1.9122940507473647,-0.030055284081026912,0.05300173126161097
ntl_viirs_slope_2014_2025,upper,1.9197573862289161,-0.030695326160639524,0.05387476813048123
ntl_viirs_slope_2014_2025,upper,1.9272207217104675,-0.03130992176011205,0.05475960196927189
ntl_viirs_slope_2014_2025,upper,1.9346840571920194,-0.03181439246982336,0.0556562921963632
ntl_viirs_slope_2014_2025,upper,1.9421473926735708,-0.03231757879257202,0.05656490214169025
ntl_viirs_slope_2014_2025,upper,1.9496107281551223,-0.032822662778198716,0.05748549867421388
ntl_viirs_slope_2014_2025,upper,1.9570740636366737,-0.03332963725551963,0.05841814484447241
ntl_viirs_slope_2014_2025,upper,1.9645373991182256,-0.03383850939571857,0.05936290388926863
ntl_viirs_slope_2014_2025,upper,1.972000734599777,-0.03434927212074399,0.06031983904540539
ntl_viirs_slope_2014_2025,upper,1.9794640700813284,-0.0348619288764894,0.06128901354968548
ntl_viirs_slope_2014_2025,upper,1.9869274055628803,-0.03537647975608706,0.062224699277430774
ntl_viirs_slope_2014_2025,upper,1.9943907410444317,-0.03589292475953698,0.06316016595810652
ntl_viirs_slope_2014_2025,upper,2.001854076525983,-0.03647342706099153,0.06410711668431758
ntl_viirs_slope_2014_2025,upper,2.0093174120075346,-0.036991631146520376,0.06506148930639029
ntl_viirs_slope_2014_2025,upper,2.0167807474890864,-0.03751178178936243,0.06603101007640362
ntl_viirs_slope_2014_2025,upper,2.024244082970638,-0.038033879827708006,0.06701591871678829
ntl_viirs_slope_2014_2025,upper,2.0317074184521893,-0.03855792600661516,0.06801097504794597
ntl_viirs_slope_2014_2025,upper,2.039170753933741,-0.03908392135053873,0.06901624854654073
ntl_viirs_slope_2014_2025,upper,2.0466340894152926,-0.03961186297237873,0.07006107755005359
ntl_viirs_slope_2014_2025,upper,2.054097424896844,-0.04014975326135754,0.07133021000772714
ntl_viirs_slope_2014_2025,upper,2.0615607603783954,-0.04069188348948955,0.0726892938837409
ntl_viirs_slope_2014_2025,upper,2.0690240958599473,-0.041236049775034186,0.07392231784760951
ntl_viirs_slope_2014_2025,lower,-0.169976548605519,-0.018266135500743984,0.0018965746625326564
ntl_viirs_slope_2014_2025,lower,-0.16251321312396744,-0.018220574175938965,0.0014731810544617453
ntl_viirs_slope_2014_2025,lower,-0.1550498776424159,-0.017941408883780242,0.0010533912834944168
ntl_viirs_slope_2014_2025,lower,-0.14758654216086434,-0.01775306174531579,0.0006360052298987248
ntl_viirs_slope_2014_2025,lower,-0.14012320667931277,-0.017614388000220062,0.00021949907422822305
ntl_viirs_slope_2014_2025,lower,-0.13265987119776124,-0.01748189111240208,-0.0002355705524678352
ntl_viirs_slope_2014_2025,lower,-0.12519653571620967,-0.017300642374902964,-0.0007395846449071575
ntl_viirs_slope_2014_2025,lower,-0.11773320023465812,-0.01717357584275305,-0.001227606969769118
ntl_viirs_slope_2014_2025,lower,-0.11026986475310657,-0.017146320594474674,-0.0015474366664420848
ntl_viirs_slope_2014_2025,lower,-0.10280652927155502,-0.017072114162147045,-0.0018089631077600646
ntl_viirs_slope_2014_2025,lower,-0.09534319379000347,-0.01702338382601738,-0.0022400882444344465
ntl_viirs_slope_2014_2025,lower,-0.08787985830845191,-0.016969999019056558,-0.002666483150096612
ntl_viirs_slope_2014_2025,lower,-0.08041652282690036,-0.01703811688348651,-0.0030911453301087043
ntl_viirs_slope_2014_2025,lower,-0.07295318734534881,-0.017089505074545742,-0.0035124272108078025
ntl_viirs_slope_2014_2025,lower,-0.06548985186379724,-0.016975018102675675,-0.003930730413412677
ntl_viirs_slope_2014_2025,lower,-0.058026516382245694,-0.017085566045716406,-0.0043463324080221365
ntl_viirs_slope_2014_2025,lower,-0.050563180900694144,-0.017153507005423306,-0.004758723266422749
ntl_viirs_slope_2014_2025,lower,-0.04309984541914258,-0.017254527239128948,-0.0051028481917455805
ntl_viirs_slope_2014_2025,lower,-0.03563650993759104,-0.01732944240793586,-0.005457368283532562
ntl_viirs_slope_2014_2025,lower,-0.02817317445603948,-0.01741985478438437,-0.005854274204466493
ntl_viirs_slope_2014_2025,lower,-0.020709838974487943,-0.01752372453920543,-0.0062791196978651
ntl_viirs_slope_2014_2025,lower,-0.013246503492936379,-0.017607131460681557,-0.006633586098905653
ntl_viirs_slope_2014_2025,lower,-0.005783168011384815,-0.017754701804369687,-0.00701793582411483
ntl_viirs_slope_2014_2025,lower,0.0016801674701667213,-0.017872238531708717,-0.007375620969105512
ntl_viirs_slope_2014_2025,lower,0.009143502951718285,-0.018016021978110076,-0.007697495049796999
ntl_viirs_slope_2014_2025,lower,0.01660683843326985,-0.01815876797772944,-0.007847484934609385
ntl_viirs_slope_2014_2025,lower,0.024070173914821386,-0.01830097921192646,-0.008170957746915522
ntl_viirs_slope_2014_2025,lower,0.03153350939637295,-0.018429402215406298,-0.008371870685368777
ntl_viirs_slope_2014_2025,lower,0.038996844877924514,-0.01856856718659401,-0.008575205761007966
ntl_viirs_slope_2014_2025,lower,0.04646018035947605,-0.018695108126848936,-0.00883804981131107
ntl_viirs_slope_2014_2025,lower,0.053923515841027614,-0.018822624161839486,-0.009052521944977346
ntl_viirs_slope_2014_2025,lower,0.06138685132257915,-0.01891456884332001,-0.009284266061149538
ntl_viirs_slope_2014_2025,lower,0.06885018680413071,-0.019010241236537696,-0.009478890011087062
ntl_viirs_slope_2014_2025,lower,0.07631352228568228,-0.019152086740359665,-0.009650208265520634
ntl_viirs_slope_2014_2025,lower,0.08377685776723384,-0.019350501149892806,-0.009814217407256366
ntl_viirs_slope_2014_2025,lower,0.09124019324878538,-0.01953023667447269,-0.010000052582472564
ntl_viirs_slope_2014_2025,lower,0.09870352873033691,-0.019635448791086675,-0.010175881045870484
ntl_viirs_slope_2014_2025,lower,0.1061668642118885,-0.019771555531769992,-0.010447026090696455
ntl_viirs_slope_2014_2025,lower,0.11363019969344004,-0.019873704621568324,-0.0106626431690529
ntl_viirs_slope_2014_2025,lower,0.12109353517499158,-0.020034922892227768,-0.010891702421940864
ntl_viirs_slope_2014_2025,lower,0.12855687065654312,-0.02016628971323371,-0.011086780414916574
ntl_viirs_slope_2014_2025,lower,0.1360202061380947,-0.02033335347659886,-0.011313895205967128
ntl_viirs_slope_2014_2025,lower,0.14348354161964624,-0.020474361022934318,-0.011523019266314804
ntl_viirs_slope_2014_2025,lower,0.15094687710119778,-0.020603218534961342,-0.011743595148436725
ntl_viirs_slope_2014_2025,lower,0.15841021258274937,-0.020743496576324107,-0.011920907348394395
ntl_viirs_slope_2014_2025,lower,0.1658735480643009,-0.020896781887859105,-0.012126498413272202
ntl_viirs_slope_2014_2025,lower,0.17333688354585244,-0.021058002999052406,-0.012307068146765235
ntl_viirs_slope_2014_2025,lower,0.18080021902740404,-0.021180991502478718,-0.01244202486705035
ntl_viirs_slope_2014_2025,lower,0.18826355450895557,-0.021313703525811432,-0.012629070621915163
ntl_viirs_slope_2014_2025,lower,0.1957268899905071,-0.021440787753090263,-0.01278574678581208
ntl_viirs_slope_2014_2025,lower,0.2031902254720587,-0.021593614015728235,-0.012953658681362869
ntl_viirs_slope_2014_2025,lower,0.21065356095361024,-0.021700069960206746,-0.013127067056484521
ntl_viirs_slope_2014_2025,lower,0.21811689643516177,-0.02181698805652559,-0.013330686115659773
ntl_viirs_slope_2014_2025,lower,0.22558023191671336,-0.021979295928031207,-0.013545009377412499
ntl_viirs_slope_2014_2025,lower,0.2330435673982649,-0.0221474165096879,-0.013732609618455174
ntl_viirs_slope_2014_2025,lower,0.24050690287981644,-0.022321609826758505,-0.013870986946858465
ntl_viirs_slope_2014_2025,lower,0.24797023836136803,-0.02249567983672023,-0.014068636484444143
ntl_viirs_slope_2014_2025,lower,0.25543357384291954,-0.022615215741097927,-0.014272100827656689
ntl_viirs_slope_2014_2025,lower,0.2628969093244711,-0.02279473142698407,-0.014455071394331755
ntl_viirs_slope_2014_2025,lower,0.2703602448060226,-0.022994002746418118,-0.014597450499422848
ntl_viirs_slope_2014_2025,lower,0.27782358028757426,-0.02317169439047575,-0.014786857389844954
ntl_viirs_slope_2014_2025,lower,0.2852869157691258,-0.023358117416501047,-0.015025979653000832
ntl_viirs_slope_2014_2025,lower,0.29275025125067733,-0.023541099531576036,-0.015229993220418693
ntl_viirs_slope_2014_2025,lower,0.30021358673222887,-0.023720669886097313,-0.01545594781637192
ntl_viirs_slope_2014_2025,lower,0.3076769222137804,-0.023896850226446987,-0.015567420935258272
ntl_viirs_slope_2014_2025,lower,0.31514025769533194,-0.024062022846192122,-0.015663824696093797
ntl_viirs_slope_2014_2025,lower,0.3226035931768836,-0.02418010765686631,-0.01589797209016979
ntl_viirs_slope_2014_2025,lower,0.330066928658435,-0.024359074840322136,-0.016167826484888792
ntl_viirs_slope_2014_2025,lower,0.33753026413998666,-0.024543018033728003,-0.01643728758208454
ntl_viirs_slope_2014_2025,lower,0.3449935996215382,-0.02466880828142166,-0.01663580727763474
ntl_viirs_slope_2014_2025,lower,0.35245693510308973,-0.024863036023452877,-0.016824217373505236
ntl_viirs_slope_2014_2025,lower,0.35992027058464127,-0.02498448030091822,-0.017002027528360487
ntl_viirs_slope_2014_2025,lower,0.3673836060661928,-0.025186234200373293,-0.0171437275595963
ntl_viirs_slope_2014_2025,lower,0.37484694154774434,-0.025332935573533177,-0.017295629344880582
ntl_viirs_slope_2014_2025,lower,0.382310277029296,-0.025481439381837844,-0.017478969553485515
ntl_viirs_slope_2014_2025,lower,0.3897736125108475,-0.025682623451575636,-0.017627449985593558
ntl_viirs_slope_2014_2025,lower,0.39723694799239906,-0.02579179676249623,-0.017811954487115145
ntl_viirs_slope_2014_2025,lower,0.4047002834739506,-0.025957187311723827,-0.017998272273689508
ntl_viirs_slope_2014_2025,lower,0.41216361895550213,-0.026125050662085415,-0.018156140856444836
ntl_viirs_slope_2014_2025,lower,0.41962695443705367,-0.026297775283455848,-0.018375960551202296
ntl_viirs_slope_2014_2025,lower,0.4270902899186052,-0.026478784112259745,-0.018583610421046615
ntl_viirs_slope_2014_2025,lower,0.43455362540015685,-0.026682057650759816,-0.018802415626123548
ntl_viirs_slope_2014_2025,lower,0.4420169608817084,-0.02689912826754153,-0.018967674300074577
ntl_viirs_slope_2014_2025,lower,0.4494802963632599,-0.027053539687767626,-0.019137200387194752
ntl_viirs_slope_2014_2025,lower,0.45694363184481146,-0.027303214697167278,-0.01931237243115902
ntl_viirs_slope_2014_2025,lower,0.464406967326363,-0.027450364036485552,-0.01945627238601446
ntl_viirs_slope_2014_2025,lower,0.47187030280791453,-0.02757554450072348,-0.019616306899115445
ntl_viirs_slope_2014_2025,lower,0.4793336382894662,-0.027732405718415974,-0.019776344206184147
ntl_viirs_slope_2014_2025,lower,0.4867969737710177,-0.027827567281201483,-0.019961119815707206
ntl_viirs_slope_2014_2025,lower,0.49426030925256925,-0.02793039344251156,-0.0201273902785033
ntl_viirs_slope_2014_2025,lower,0.5017236447341208,-0.028068031184375286,-0.020260125631466508
ntl_viirs_slope_2014_2025,lower,0.5091869802156723,-0.0282016817945987,-0.02042598049156368
ntl_viirs_slope_2014_2025,lower,0.5166503156972239,-0.028375861048698426,-0.020662208041176203
ntl_viirs_slope_2014_2025,lower,0.5241136511787755,-0.02853085226379335,-0.0208418601192534
ntl_viirs_slope_2014_2025,lower,0.531576986660327,-0.028705607261508705,-0.020983911119401455
ntl_viirs_slope_2014_2025,lower,0.5390403221418786,-0.02883807593025267,-0.02110311621800065
ntl_viirs_slope_2014_2025,lower,0.5465036576234301,-0.028901756182312964,-0.021211531618610023
ntl_viirs_slope_2014_2025,lower,0.5539669931049817,-0.029019857104867697,-0.0213248407933861
ntl_viirs_slope_2014_2025,lower,0.5614303285865332,-0.029159601777791977,-0.021445540245622396
ntl_viirs_slope_2014_2025,lower,0.5688936640680847,-0.02938754647038877,-0.02160289827734232
ntl_viirs_slope_2014_2025,lower,0.5763569995496364,-0.029595029912889002,-0.021720212977379562
ntl_viirs_slope_2014_2025,lower,0.5838203350311879,-0.029716682387515903,-0.021865661162883042
ntl_viirs_slope_2014_2025,lower,0.5912836705127394,-0.02987912381067872,-0.021964728087186813
ntl_viirs_slope_2014_2025,lower,0.598747005994291,-0.02999517247080803,-0.02204693155363202
ntl_viirs_slope_2014_2025,lower,0.6062103414758425,-0.030243266234174372,-0.022155446466058493
ntl_viirs_slope_2014_2025,lower,0.613673676957394,-0.03043749127537012,-0.022308201994746923
ntl_viirs_slope_2014_2025,lower,0.6211370124389457,-0.030607365630567075,-0.022440722677856684
ntl_viirs_slope_2014_2025,lower,0.6286003479204972,-0.030762610910460352,-0.022565695829689505
ntl_viirs_slope_2014_2025,lower,0.6360636834020488,-0.0308713486418128,-0.022701380494982007
ntl_viirs_slope_2014_2025,lower,0.6435270188836003,-0.03096516951918602,-0.022818191768601538
ntl_viirs_slope_2014_2025,lower,0.6509903543651518,-0.03115240246988833,-0.022915937658399343
ntl_viirs_slope_2014_2025,lower,0.6584536898467034,-0.031361230090260504,-0.023010079143568875
ntl_viirs_slope_2014_2025,lower,0.665917025328255,-0.031527811847627166,-0.02310364367440343
ntl_viirs_slope_2014_2025,lower,0.6733803608098066,-0.031676817964762446,-0.02321867351420224
ntl_viirs_slope_2014_2025,lower,0.6808436962913581,-0.031813901755958794,-0.02331764013506472
ntl_viirs_slope_2014_2025,lower,0.6883070317729096,-0.032056663651019335,-0.02340507539920509
ntl_viirs_slope_2014_2025,lower,0.6957703672544612,-0.03214631974697113,-0.02349709765985608
ntl_viirs_slope_2014_2025,lower,0.7032337027360127,-0.03220334425568581,-0.023588552605360746
ntl_viirs_slope_2014_2025,lower,0.7106970382175642,-0.03240347104147077,-0.02371321776881814
ntl_viirs_slope_2014_2025,lower,0.7181603736991159,-0.03247003369033337,-0.023882863624021415
ntl_viirs_slope_2014_2025,lower,0.7256237091806674,-0.032608353067189455,-0.023979959124699236
ntl_viirs_slope_2014_2025,lower,0.733087044662219,-0.03279003808274865,-0.02408396187238395
ntl_viirs_slope_2014_2025,lower,0.7405503801437705,-0.03294726070016622,-0.024236238189041616
ntl_viirs_slope_2014_2025,lower,0.748013715625322,-0.033096637856215236,-0.02431641547009349
ntl_viirs_slope_2014_2025,lower,0.7554770511068736,-0.03316542729735374,-0.02438627853989601
ntl_viirs_slope_2014_2025,lower,0.7629403865884252,-0.03331141071394086,-0.0244555760640651
ntl_viirs_slope_2014_2025,lower,0.7704037220699768,-0.03352016815915704,-0.024538081232458354
ntl_viirs_slope_2014_2025,lower,0.7778670575515283,-0.03361898623406887,-0.02464427282102406
ntl_viirs_slope_2014_2025,lower,0.7853303930330798,-0.033650899585336444,-0.024746755231171848
ntl_viirs_slope_2014_2025,lower,0.7927937285146314,-0.03373836595565081,-0.024830002896487714
ntl_viirs_slope_2014_2025,lower,0.8002570639961829,-0.03384113181382418,-0.024907816061750056
ntl_viirs_slope_2014_2025,lower,0.8077203994777344,-0.033923736214637755,-0.024980510864406825
ntl_viirs_slope_2014_2025,lower,0.8151837349592861,-0.03407193506136537,-0.025052318442612888
ntl_viirs_slope_2014_2025,lower,0.8226470704408376,-0.034180292300879954,-0.025121723674237727
ntl_viirs_slope_2014_2025,lower,0.830110405922389,-0.034313748311251405,-0.025183078646659852
ntl_viirs_slope_2014_2025,lower,0.8375737414039407,-0.03444807222113013,-0.02524273921735585
ntl_viirs_slope_2014_2025,lower,0.8450370768854923,-0.034570328425616026,-0.025278388848528267
ntl_viirs_slope_2014_2025,lower,0.8525004123670438,-0.03459759214892984,-0.02533230003900826
ntl_viirs_slope_2014_2025,lower,0.8599637478485954,-0.03466695472598076,-0.025401884457096457
ntl_viirs_slope_2014_2025,lower,0.8674270833301468,-0.03475711429491639,-0.025475999619811774
ntl_viirs_slope_2014_2025,lower,0.8748904188116985,-0.03478601900860667,-0.025532618211582304
ntl_viirs_slope_2014_2025,lower,0.8823537542932501,-0.034808365255594255,-0.025641968986019493
ntl_viirs_slope_2014_2025,lower,0.8898170897748016,-0.0348596528172493,-0.025710064498707653
ntl_viirs_slope_2014_2025,lower,0.8972804252563532,-0.03490647617727518,-0.02576929065398872
ntl_viirs_slope_2014_2025,lower,0.9047437607379046,-0.03492614580318332,-0.02579281940124929
ntl_viirs_slope_2014_2025,lower,0.9122070962194563,-0.03493884624913335,-0.025822984473779797
ntl_viirs_slope_2014_2025,lower,0.9196704317010077,-0.03496233569458127,-0.025863517029210924
ntl_viirs_slope_2014_2025,lower,0.9271337671825594,-0.034993571043014524,-0.025933331483975055
ntl_viirs_slope_2014_2025,lower,0.934597102664111,-0.035015405341982844,-0.026002515247091653
ntl_viirs_slope_2014_2025,lower,0.9420604381456624,-0.035019269678741693,-0.026071068318560722
ntl_viirs_slope_2014_2025,lower,0.9495237736272141,-0.03497812738642096,-0.02613277239724994
ntl_viirs_slope_2014_2025,lower,0.9569871091087655,-0.03496742667630315,-0.026178563479334116
ntl_viirs_slope_2014_2025,lower,0.9644504445903171,-0.03498479938134551,-0.026223743800073862
ntl_viirs_slope_2014_2025,lower,0.9719137800718686,-0.034954017121344806,-0.026268315222114327
ntl_viirs_slope_2014_2025,lower,0.9793771155534202,-0.03494055587798357,-0.026312277698889375
ntl_viirs_slope_2014_2025,lower,0.9868404510349719,-0.03494264474138618,-0.026355629460886123
ntl_viirs_slope_2014_2025,lower,0.9943037865165233,-0.03494327161461115,-0.026358797308057548
ntl_viirs_slope_2014_2025,lower,1.001767121998075,-0.03499082494527102,-0.026405675057321786
ntl_viirs_slope_2014_2025,lower,1.0092304574796265,-0.03502471540123224,-0.02645387835800648
ntl_viirs_slope_2014_2025,lower,1.0166937929611781,-0.03508972516283393,-0.026513033313676715
ntl_viirs_slope_2014_2025,lower,1.0241571284427295,-0.03503877194598317,-0.02655339315533638
ntl_viirs_slope_2014_2025,lower,1.0316204639242812,-0.03498753849416971,-0.026585438987240195
ntl_viirs_slope_2014_2025,lower,1.0390837994058328,-0.03484418150037527,-0.026609061891213058
ntl_viirs_slope_2014_2025,lower,1.0465471348873843,-0.03481952706351876,-0.02665577870793641
ntl_viirs_slope_2014_2025,lower,1.054010470368936,-0.034817877877503636,-0.026703271176666023
ntl_viirs_slope_2014_2025,lower,1.0614738058504873,-0.034814140759408474,-0.026750209275633097
ntl_viirs_slope_2014_2025,lower,1.068937141332039,-0.03473874367773533,-0.026793172722682355
ntl_viirs_slope_2014_2025,lower,1.0764004768135906,-0.03465921469032764,-0.026784215355291963
ntl_viirs_slope_2014_2025,lower,1.083863812295142,-0.03457095492631197,-0.026763114053756
ntl_viirs_slope_2014_2025,lower,1.0913271477766937,-0.03450222872197628,-0.026801851112395525
ntl_viirs_slope_2014_2025,lower,1.0987904832582451,-0.03445948604494333,-0.02684021699242294
ntl_viirs_slope_2014_2025,lower,1.1062538187397968,-0.034393413737416265,-0.026848585158586503
ntl_viirs_slope_2014_2025,lower,1.1137171542213482,-0.03432905795052647,-0.026796987652778628
ntl_viirs_slope_2014_2025,lower,1.1211804897028999,-0.034291114564985035,-0.02663249275647104
ntl_viirs_slope_2014_2025,lower,1.1286438251844515,-0.03424611864611506,-0.026653721695765856
ntl_viirs_slope_2014_2025,lower,1.136107160666003,-0.034148343000561,-0.026638907473534347
ntl_viirs_slope_2014_2025,lower,1.1435704961475546,-0.03411526540294289,-0.026545842364430427
ntl_viirs_slope_2014_2025,lower,1.151033831629106,-0.03409085692837834,-0.026516661560162906
ntl_viirs_slope_2014_2025,lower,1.1584971671106576,-0.03409678973257542,-0.026376667805016043
ntl_viirs_slope_2014_2025,lower,1.165960502592209,-0.03408610401675105,-0.026227125944569708
ntl_viirs_slope_2014_2025,lower,1.1734238380737607,-0.034013815224170685,-0.026091731758788227
ntl_viirs_slope_2014_2025,lower,1.1808871735553124,-0.03393551725894213,-0.025849748635664582
ntl_viirs_slope_2014_2025,lower,1.1883505090368638,-0.03385574677959084,-0.025832073483616116
ntl_viirs_slope_2014_2025,lower,1.1958138445184154,-0.03391656456515193,-0.02564262403175235
ntl_viirs_slope_2014_2025,lower,1.2032771799999669,-0.0339763056486845,-0.025263090105727318
ntl_viirs_slope_2014_2025,lower,1.2107405154815185,-0.03391994684934616,-0.024816098622977734
ntl_viirs_slope_2014_2025,lower,1.2182038509630702,-0.03381953928619623,-0.024526371387764815
ntl_viirs_slope_2014_2025,lower,1.2256671864446216,-0.03388619851320982,-0.024161542439833286
ntl_viirs_slope_2014_2025,lower,1.2331305219261732,-0.033884867839515206,-0.0237935577519238
ntl_viirs_slope_2014_2025,lower,1.2405938574077247,-0.03384985774755478,-0.023375801043584943
ntl_viirs_slope_2014_2025,lower,1.2480571928892763,-0.033860576804727316,-0.02293177265673876
ntl_viirs_slope_2014_2025,lower,1.2555205283708277,-0.03385501699522138,-0.02250734688714147
ntl_viirs_slope_2014_2025,lower,1.2629838638523794,-0.03386955764144659,-0.021915267407894137
ntl_viirs_slope_2014_2025,lower,1.270447199333931,-0.03386870911344886,-0.021681475359946495
ntl_viirs_slope_2014_2025,lower,1.2779105348154824,-0.033862391300499436,-0.021457938617095364
ntl_viirs_slope_2014_2025,lower,1.285373870297034,-0.033862737007439137,-0.021039400389418022
ntl_viirs_slope_2014_2025,lower,1.2928372057785855,-0.03387138582766056,-0.02060895105823876
ntl_viirs_slope_2014_2025,lower,1.3003005412601372,-0.033859435375779866,-0.02012625229544939
ntl_viirs_slope_2014_2025,lower,1.3077638767416886,-0.03386016804724932,-0.01941306227818132
ntl_viirs_slope_2014_2025,lower,1.3152272122232402,-0.03385973731055856,-0.01889255810528994
ntl_viirs_slope_2014_2025,lower,1.3226905477047919,-0.033858260698616506,-0.01857521827332677
ntl_viirs_slope_2014_2025,lower,1.3301538831863433,-0.03388437079265714,-0.018025247566401975
ntl_viirs_slope_2014_2025,lower,1.337617218667895,-0.0339451014995575,-0.017277724947780383
ntl_viirs_slope_2014_2025,lower,1.3450805541494464,-0.03395814970135689,-0.016510192910209304
ntl_viirs_slope_2014_2025,lower,1.352543889630998,-0.03390623796731233,-0.01572246188297868
ntl_viirs_slope_2014_2025,lower,1.3600072251125497,-0.03387724682688713,-0.015063135395757854
ntl_viirs_slope_2014_2025,lower,1.367470560594101,-0.0338220002129674,-0.014462647354230288
ntl_viirs_slope_2014_2025,lower,1.3749338960756528,-0.033837597072124484,-0.013846127828583129
ntl_viirs_slope_2014_2025,lower,1.3823972315572042,-0.03382083820179105,-0.013215453014709068
ntl_viirs_slope_2014_2025,lower,1.3898605670387558,-0.03380236551165581,-0.012384164566174163
ntl_viirs_slope_2014_2025,lower,1.3973239025203072,-0.0338068681769073,-0.011538335075601947
ntl_viirs_slope_2014_2025,lower,1.404787238001859,-0.03382194703444839,-0.010680814622901385
ntl_viirs_slope_2014_2025,lower,1.4122505734834105,-0.03381350189447403,-0.009912460925988855
ntl_viirs_slope_2014_2025,lower,1.419713908964962,-0.03381719142198562,-0.009329534857533883
ntl_viirs_slope_2014_2025,lower,1.4271772444465136,-0.03381978701800108,-0.008631813200190679
ntl_viirs_slope_2014_2025,lower,1.434640579928065,-0.033821288589388133,-0.007605370029341438
ntl_viirs_slope_2014_2025,lower,1.4421039154096167,-0.033821692597121,-0.006558493757620456
ntl_viirs_slope_2014_2025,lower,1.4495672508911681,-0.03382100621238351,-0.005684649944305425
ntl_viirs_slope_2014_2025,lower,1.4570305863727198,-0.033819169364869596,-0.004609312757384033
ntl_viirs_slope_2014_2025,lower,1.4644939218542714,-0.03381514027714729,-0.0036741323536261957
ntl_viirs_slope_2014_2025,lower,1.4719572573358228,-0.033810006268322465,-0.0027758624928537856
ntl_viirs_slope_2014_2025,lower,1.4794205928173745,-0.033803767338395116,-0.001860814698738993
ntl_viirs_slope_2014_2025,lower,1.486883928298926,-0.033796419762074946,-0.0009288679095334589
ntl_viirs_slope_2014_2025,lower,1.4943472637804776,-0.03372947862371802,1.3138814210812249e-05
ntl_viirs_slope_2014_2025,lower,1.5018105992620292,-0.03369258558377623,0.001123576614190814
ntl_viirs_slope_2014_2025,lower,1.5092739347435806,-0.033682733122259376,0.0022199119557626532
ntl_viirs_slope_2014_2025,lower,1.5167372702251323,-0.033653441723436116,0.002933045913232478
ntl_viirs_slope_2014_2025,lower,1.5242006057066837,-0.03361179996281862,0.003949127939995361
ntl_viirs_slope_2014_2025,lower,1.5316639411882353,-0.033570640813559295,0.0050137681653722906
ntl_viirs_slope_2014_2025,lower,1.5391272766697868,-0.033570618461817504,0.006290355755481848
ntl_viirs_slope_2014_2025,lower,1.5465906121513384,-0.033532457519322635,0.007585972372908129
ntl_viirs_slope_2014_2025,lower,1.55405394763289,-0.03350051017478108,0.008903499809093763
ntl_viirs_slope_2014_2025,lower,1.5615172831144415,-0.0335204066708684,0.010244693583808836
ntl_viirs_slope_2014_2025,lower,1.5689806185959931,-0.03350088195875287,0.011530195618979631
ntl_viirs_slope_2014_2025,lower,1.5764439540775446,-0.0334781538695097,0.012653299397788934
ntl_viirs_slope_2014_2025,lower,1.5839072895590962,-0.03347149761393666,0.013795440690591916
ntl_viirs_slope_2014_2025,lower,1.5913706250406476,-0.03346396200358868,0.014956749114207902
ntl_viirs_slope_2014_2025,lower,1.5988339605221993,-0.03345555420964956,0.016202702326700066
ntl_viirs_slope_2014_2025,lower,1.606297296003751,-0.03344627069309354,0.01758870133198795
ntl_viirs_slope_2014_2025,lower,1.6137606314853024,-0.03343611154705286,0.018996906233951418
ntl_viirs_slope_2014_2025,lower,1.621223966966854,-0.033424040768295527,0.020421664789319012
ntl_viirs_slope_2014_2025,lower,1.6286873024484054,-0.033413667045533654,0.021869609132409075
ntl_viirs_slope_2014_2025,lower,1.636150637929957,-0.033405202254652974,0.023340894188731892
ntl_viirs_slope_2014_2025,lower,1.6436139734115085,-0.03340374743565917,0.024835676699876772
ntl_viirs_slope_2014_2025,lower,1.6510773088930601,-0.03340742504224181,0.026354109682142725
ntl_viirs_slope_2014_2025,lower,1.6585406443746118,-0.03341702865436673,0.027896348014473913
ntl_viirs_slope_2014_2025,lower,1.6660039798561632,-0.033425236213952304,0.02937989453785121
ntl_viirs_slope_2014_2025,lower,1.6734673153377149,-0.033432690799236296,0.030748960934579364
ntl_viirs_slope_2014_2025,lower,1.6809306508192663,-0.0334294194355607,0.03213584572076796
ntl_viirs_slope_2014_2025,lower,1.688393986300818,-0.03341340124607086,0.03354064729064701
ntl_viirs_slope_2014_2025,lower,1.6958573217823696,-0.03340085484087467,0.03496345495805142
ntl_viirs_slope_2014_2025,lower,1.703320657263921,-0.03340052720159292,0.036404367070645066
ntl_viirs_slope_2014_2025,lower,1.7107839927454727,-0.033385437726974485,0.03786340262740847
ntl_viirs_slope_2014_2025,lower,1.718247328227024,-0.033346617966890334,0.03931996654719112
ntl_viirs_slope_2014_2025,lower,1.7257106637085757,-0.03331784754991531,0.04079443458467721
ntl_viirs_slope_2014_2025,lower,1.7331739991901272,-0.033295491989701984,0.042164535727351904
ntl_viirs_slope_2014_2025,lower,1.7406373346716788,-0.033272122871130703,0.04368133787065744
ntl_viirs_slope_2014_2025,lower,1.7481006701532305,-0.03327323254197836,0.045360211934894326
ntl_viirs_slope_2014_2025,lower,1.7555640056347819,-0.03324954826384783,0.04702056059613824
ntl_viirs_slope_2014_2025,lower,1.7630273411163335,-0.03320922059938312,0.04884097147732973
ntl_viirs_slope_2014_2025,lower,1.770490676597885,-0.03316787369549275,0.050661923550069335
ntl_viirs_slope_2014_2025,lower,1.7779540120794366,-0.033125767949968576,0.052469016704708334
ntl_viirs_slope_2014_2025,lower,1.785417347560988,-0.033102428913116454,0.054300253000110384
ntl_viirs_slope_2014_2025,lower,1.7928806830425397,-0.03307984946295619,0.05615577436983585
ntl_viirs_slope_2014_2025,lower,1.8003440185240913,-0.033073362056165935,0.05803571864962577
ntl_viirs_slope_2014_2025,lower,1.8078073540056427,-0.033082807902246714,0.05994022758677601
ntl_viirs_slope_2014_2025,lower,1.8152706894871944,-0.033107281941920516,0.06186944656074046
ntl_viirs_slope_2014_2025,lower,1.8227340249687458,-0.03313124217092991,0.06382351722568272
ntl_viirs_slope_2014_2025,lower,1.8301973604502972,-0.033154422882944345,0.06580257043242453
ntl_viirs_slope_2014_2025,lower,1.837660695931849,-0.033177152276039124,0.06780676227062939
ntl_viirs_slope_2014_2025,lower,1.8451240314134005,-0.033102215733379126,0.0698362201452255
ntl_viirs_slope_2014_2025,lower,1.852587366894952,-0.03307013045996428,0.07189109995961188
ntl_viirs_slope_2014_2025,lower,1.8600507023765038,-0.03316136337816715,0.0739715291187167
ntl_viirs_slope_2014_2025,lower,1.8675140378580553,-0.03319865372031927,0.07607764918357132
ntl_viirs_slope_2014_2025,lower,1.8749773733396067,-0.033117429446429016,0.07820961643010375
ntl_viirs_slope_2014_2025,lower,1.882440708821158,-0.03313181363046169,0.08036755789071319
ntl_viirs_slope_2014_2025,lower,1.88990404430271,-0.03314574658870697,0.08255161549896
ntl_viirs_slope_2014_2025,lower,1.8973673797842614,-0.0331608216278255,0.08476193808019158
ntl_viirs_slope_2014_2025,lower,1.9048307152658128,-0.03317437553778291,0.08699866011738774
ntl_viirs_slope_2014_2025,lower,1.9122940507473647,-0.03318725749850273,0.0892619231715798
ntl_viirs_slope_2014_2025,lower,1.9197573862289161,-0.03320014765486121,0.09155187625437972
ntl_viirs_slope_2014_2025,lower,1.9272207217104675,-0.033212548680603506,0.09386865403503175
ntl_viirs_slope_2014_2025,lower,1.9346840571920194,-0.033224761858582495,0.09621239770203825
ntl_viirs_slope_2014_2025,lower,1.9421473926735708,-0.03323393845930696,0.09858324937522407
ntl_viirs_slope_2014_2025,lower,1.9496107281551223,-0.033278331812471154,0.10098134335130449
ntl_viirs_slope_2014_2025,lower,1.9570740636366737,-0.03333978271111846,0.10345268826931711
ntl_viirs_slope_2014_2025,lower,1.9645373991182256,-0.033413846231997016,0.10599811580032105
ntl_viirs_slope_2014_2025,lower,1.972000734599777,-0.03347075898200273,0.10857283063232893
ntl_viirs_slope_2014_2025,lower,1.9794640700813284,-0.03353140512481332,0.11117697451263661
ntl_viirs_slope_2014_2025,lower,1.9869274055628803,-0.03354888530448079,0.11381070353090758
ntl_viirs_slope_2014_2025,lower,1.9943907410444317,-0.033564870897680524,0.11647114921361204
ntl_viirs_slope_2014_2025,lower,2.001854076525983,-0.03366247629746795,0.11915979888290162
ntl_viirs_slope_2014_2025,lower,2.0093174120075346,-0.03374298391863704,0.1218783792108297
ntl_viirs_slope_2014_2025,lower,2.0167807474890864,-0.03389867637306452,0.1246270531788468
ntl_viirs_slope_2014_2025,lower,2.024244082970638,-0.03405784796923399,0.12740596868097778
ntl_viirs_slope_2014_2025,lower,2.0317074184521893,-0.03421794679015875,0.13021526671946046
ntl_viirs_slope_2014_2025,lower,2.039170753933741,-0.03425277471542358,0.13305511735379694
ntl_viirs_slope_2014_2025,lower,2.0466340894152926,-0.03425733270123601,0.13592563979327676
ntl_viirs_slope_2014_2025,lower,2.054097424896844,-0.034379405342042445,0.13882701098918915
ntl_viirs_slope_2014_2025,lower,2.0615607603783954,-0.03450250402092934,0.14175937995314597
ntl_viirs_slope_2014_2025,lower,2.0690240958599473,-0.034562097117304805,0.144566610455513
