pair_number,panel,feature_x,feature_y,x,y,predicted_original,predicted_joint_land_cover_change
1,a,forest_frac_slope_2000_2025,mndwi_slope_2000_2025,-0.0092343238920763,-0.0052469340192418,0.0025526448152959347,-0.0073476252146065235
1,a,forest_frac_slope_2000_2025,mndwi_slope_2000_2025,-0.0088549641192882,-0.0052469340192418,0.0027184600476175547,-0.007000898476690054
1,a,forest_frac_slope_2000_2025,mndwi_slope_2000_2025,-0.0084756043465002,-0.0052469340192418,0.002985926577821374,-0.006477158982306719
1,a,forest_frac_slope_2000_2025,mndwi_slope_2000_2025,-0.0080962445737121,-0.0052469340192418,0.003472936572507024,-0.0055412184447050095
1,a,forest_frac_slope_2000_2025,mndwi_slope_2000_2025,-0.007716884800924,-0.0052469340192418,0.004070605617016554,-0.004607930779457092
1,a,forest_frac_slope_2000_2025,mndwi_slope_2000_2025,-0.007337525028136,-0.0052469340192418,0.004310243763029575,-0.004112347960472107
1,a,forest_frac_slope_2000_2025,mndwi_slope_2000_2025,-0.0069581652553479,-0.0052469340192418,0.004618386272341013,-0.0032973408233374357
1,a,forest_frac_slope_2000_2025,mndwi_slope_2000_2025,-0.0065788054825598,-0.0052469340192418,0.004817652981728315,-0.0029442808590829372
1,a,forest_frac_slope_2000_2025,mndwi_slope_2000_2025,-0.0061994457097717,-0.0052469340192418,0.004837998654693365,-0.002513990504667163
1,a,forest_frac_slope_2000_2025,mndwi_slope_2000_2025,-0.0058200859369837,-0.0052469340192418,0.005511097609996796,-0.0012404511217027903
1,a,forest_frac_slope_2000_2025,mndwi_slope_2000_2025,-0.0054407261641956,-0.0052469340192418,0.006958835758268833,0.001260856632143259
1,a,forest_frac_slope_2000_2025,mndwi_slope_2000_2025,-0.0050613663914075,-0.0052469340192418,0.006949679926037788,0.001453250297345221
1,a,forest_frac_slope_2000_2025,mndwi_slope_2000_2025,-0.0046820066186195,-0.0052469340192418,0.008263617753982544,0.0030267315451055765
1,a,forest_frac_slope_2000_2025,mndwi_slope_2000_2025,-0.0043026468458314,-0.0052469340192418,0.008794900961220264,0.004190672188997269
1,a,forest_frac_slope_2000_2025,mndwi_slope_2000_2025,-0.0039232870730433,-0.0052469340192418,0.008946225978434086,0.004651668015867472
1,a,forest_frac_slope_2000_2025,mndwi_slope_2000_2025,-0.0035439273002553,-0.0052469340192418,0.009582209400832653,0.005811349488794804
1,a,forest_frac_slope_2000_2025,mndwi_slope_2000_2025,-0.0031645675274672,-0.0052469340192418,0.010098444297909737,0.006646228488534689
1,a,forest_frac_slope_2000_2025,mndwi_slope_2000_2025,-0.0027852077546791,-0.0052469340192418,0.0118245929479599,0.008441942743957043
1,a,forest_frac_slope_2000_2025,mndwi_slope_2000_2025,-0.0024058479818911,-0.0052469340192418,0.012063471600413322,0.008995826356112957
1,a,forest_frac_slope_2000_2025,mndwi_slope_2000_2025,-0.002026488209103,-0.0052469340192418,0.012789991684257984,0.010123459622263908
1,a,forest_frac_slope_2000_2025,mndwi_slope_2000_2025,-0.0016471284363149,-0.0052469340192418,0.013516136445105076,0.011335174553096294
1,a,forest_frac_slope_2000_2025,mndwi_slope_2000_2025,-0.0012677686635269,-0.0052469340192418,0.01517331600189209,0.013527723960578442
1,a,forest_frac_slope_2000_2025,mndwi_slope_2000_2025,-0.0008884088907388,-0.0052469340192418,0.016203759238123894,0.014835544861853123
1,a,forest_frac_slope_2000_2025,mndwi_slope_2000_2025,-0.0005090491179507,-0.0052469340192418,0.01704045571386814,0.016061658039689064
1,a,forest_frac_slope_2000_2025,mndwi_slope_2000_2025,-0.0001296893451627,-0.0052469340192418,0.01830996386706829,0.018273187801241875
1,a,forest_frac_slope_2000_2025,mndwi_slope_2000_2025,0.0002496704276253,-0.0052469340192418,0.020658452063798904,0.02158660627901554
1,a,forest_frac_slope_2000_2025,mndwi_slope_2000_2025,0.0006290302004134,-0.0052469340192418,0.0209449864923954,0.02228451706469059
1,a,forest_frac_slope_2000_2025,mndwi_slope_2000_2025,0.0010083899732014,-0.0052469340192418,0.021779272705316544,0.023382611572742462
1,a,forest_frac_slope_2000_2025,mndwi_slope_2000_2025,0.0013877497459895,-0.0052469340192418,0.021987654268741608,0.0237147007137537
1,a,forest_frac_slope_2000_2025,mndwi_slope_2000_2025,0.0017671095187776,-0.0052469340192418,0.02204616740345955,0.024047043174505234
1,a,forest_frac_slope_2000_2025,mndwi_slope_2000_2025,0.0021464692915656,-0.0052469340192418,0.022179635241627693,0.024355854839086533
1,a,forest_frac_slope_2000_2025,mndwi_slope_2000_2025,0.0025258290643537,-0.0052469340192418,0.02234962210059166,0.02467094175517559
1,a,forest_frac_slope_2000_2025,mndwi_slope_2000_2025,0.0029051888371418,-0.0052469340192418,0.02266155369579792,0.0250705499202013
1,a,forest_frac_slope_2000_2025,mndwi_slope_2000_2025,0.0032845486099298,-0.0052469340192418,0.022904910147190094,0.025394560769200325
1,a,forest_frac_slope_2000_2025,mndwi_slope_2000_2025,0.0036639083827179,-0.0052469340192418,0.02291249670088291,0.025489354506134987
1,a,forest_frac_slope_2000_2025,mndwi_slope_2000_2025,0.004043268155506,-0.0052469340192418,0.023023860529065132,0.025733664631843567
1,a,forest_frac_slope_2000_2025,mndwi_slope_2000_2025,0.004422627928294,-0.0052469340192418,0.023151684552431107,0.025886988267302513
1,a,forest_frac_slope_2000_2025,mndwi_slope_2000_2025,0.0048019877010821,-0.0052469340192418,0.023177096620202065,0.02602306939661503
1,a,forest_frac_slope_2000_2025,mndwi_slope_2000_2025,0.0051813474738702,-0.0052469340192418,0.023306194692850113,0.02638431265950203
1,a,forest_frac_slope_2000_2025,mndwi_slope_2000_2025,0.0055607072466582,-0.0052469340192418,0.023306407034397125,0.026472758501768112
1,a,forest_frac_slope_2000_2025,mndwi_slope_2000_2025,0.0059400670194463,-0.0052469340192418,0.023286694660782814,0.026615841314196587
1,a,forest_frac_slope_2000_2025,mndwi_slope_2000_2025,-0.0092343238920763,-0.0051181110650912,0.0027051488868892193,-0.007341346703469753
1,a,forest_frac_slope_2000_2025,mndwi_slope_2000_2025,-0.0088549641192882,-0.0051181110650912,0.0028818054124712944,-0.006994223687797785
1,a,forest_frac_slope_2000_2025,mndwi_slope_2000_2025,-0.0084756043465002,-0.0051181110650912,0.00314927170984447,-0.006469699554145336
1,a,forest_frac_slope_2000_2025,mndwi_slope_2000_2025,-0.0080962445737121,-0.0051181110650912,0.0036574325058609247,-0.0055327084846794605
1,a,forest_frac_slope_2000_2025,mndwi_slope_2000_2025,-0.007716884800924,-0.0051181110650912,0.0042551010847091675,-0.0045984177850186825
1,a,forest_frac_slope_2000_2025,mndwi_slope_2000_2025,-0.007337525028136,-0.0051181110650912,0.004494739230722189,-0.004101881291717291
1,a,forest_frac_slope_2000_2025,mndwi_slope_2000_2025,-0.0069581652553479,-0.0051181110650912,0.004935171455144882,-0.0032330171670764685
1,a,forest_frac_slope_2000_2025,mndwi_slope_2000_2025,-0.0065788054825598,-0.0051181110650912,0.005134437698870897,-0.002884969813749194
1,a,forest_frac_slope_2000_2025,mndwi_slope_2000_2025,-0.0061994457097717,-0.0051181110650912,0.005154783837497234,-0.0024572229012846947
1,a,forest_frac_slope_2000_2025,mndwi_slope_2000_2025,-0.0058200859369837,-0.0051181110650912,0.005827882792800665,-0.0011841247323900461
1,a,forest_frac_slope_2000_2025,mndwi_slope_2000_2025,-0.0054407261641956,-0.0051181110650912,0.007275620475411415,0.0013180227251723409
1,a,forest_frac_slope_2000_2025,mndwi_slope_2000_2025,-0.0050613663914075,-0.0051181110650912,0.007267375010997057,0.0015134442364796996
1,a,forest_frac_slope_2000_2025,mndwi_slope_2000_2025,-0.0046820066186195,-0.0051181110650912,0.008649155497550964,0.003157519968226552
1,a,forest_frac_slope_2000_2025,mndwi_slope_2000_2025,-0.0043026468458314,-0.0051181110650912,0.00918043963611126,0.004323746543377638
1,a,forest_frac_slope_2000_2025,mndwi_slope_2000_2025,-0.0039232870730433,-0.0051181110650912,0.009331765584647655,0.004797456786036491
1,a,forest_frac_slope_2000_2025,mndwi_slope_2000_2025,-0.0035439273002553,-0.0051181110650912,0.009979268535971642,0.0060440609231591225
1,a,forest_frac_slope_2000_2025,mndwi_slope_2000_2025,-0.0031645675274672,-0.0051181110650912,0.010495503433048725,0.006895983126014471
1,a,forest_frac_slope_2000_2025,mndwi_slope_2000_2025,-0.0027852077546791,-0.0051181110650912,0.012271975167095661,0.008755192160606384
1,a,forest_frac_slope_2000_2025,mndwi_slope_2000_2025,-0.0024058479818911,-0.0051181110650912,0.012545415200293064,0.009354798123240471
1,a,forest_frac_slope_2000_2025,mndwi_slope_2000_2025,-0.002026488209103,-0.0051181110650912,0.013251746073365211,0.010486150160431862
1,a,forest_frac_slope_2000_2025,mndwi_slope_2000_2025,-0.0016471284363149,-0.0051181110650912,0.01397716160863638,0.011738322675228119
1,a,forest_frac_slope_2000_2025,mndwi_slope_2000_2025,-0.0012677686635269,-0.0051181110650912,0.015566499903798103,0.013839381746947765
1,a,forest_frac_slope_2000_2025,mndwi_slope_2000_2025,-0.0008884088907388,-0.0051181110650912,0.016619304195046425,0.015169642865657806
1,a,forest_frac_slope_2000_2025,mndwi_slope_2000_2025,-0.0005090491179507,-0.0051181110650912,0.017434850335121155,0.016412833705544472
1,a,forest_frac_slope_2000_2025,mndwi_slope_2000_2025,-0.0001296893451627,-0.0051181110650912,0.01869351789355278,0.018646452575922012
1,a,forest_frac_slope_2000_2025,mndwi_slope_2000_2025,0.0002496704276253,-0.0051181110650912,0.021129567176103592,0.022063858807086945
1,a,forest_frac_slope_2000_2025,mndwi_slope_2000_2025,0.0006290302004134,-0.0051181110650912,0.02141610160470009,0.022751804441213608
1,a,forest_frac_slope_2000_2025,mndwi_slope_2000_2025,0.0010083899732014,-0.0051181110650912,0.02197788655757904,0.02357415109872818
1,a,forest_frac_slope_2000_2025,mndwi_slope_2000_2025,0.0013877497459895,-0.0051181110650912,0.022186269983649254,0.0239042229950428
1,a,forest_frac_slope_2000_2025,mndwi_slope_2000_2025,0.0017671095187776,-0.0051181110650912,0.02224428579211235,0.02423400804400444
1,a,forest_frac_slope_2000_2025,mndwi_slope_2000_2025,0.0021464692915656,-0.0051181110650912,0.022377755492925644,0.02454286813735962
1,a,forest_frac_slope_2000_2025,mndwi_slope_2000_2025,0.0025258290643537,-0.0051181110650912,0.022547738626599312,0.024858111515641212
1,a,forest_frac_slope_2000_2025,mndwi_slope_2000_2025,0.0029051888371418,-0.0051181110650912,0.02285967394709587,0.02525891549885273
1,a,forest_frac_slope_2000_2025,mndwi_slope_2000_2025,0.0032845486099298,-0.0051181110650912,0.023103028535842896,0.025583311915397644
1,a,forest_frac_slope_2000_2025,mndwi_slope_2000_2025,0.0036639083827179,-0.0051181110650912,0.023110615089535713,0.025678925216197968
1,a,forest_frac_slope_2000_2025,mndwi_slope_2000_2025,0.004043268155506,-0.0051181110650912,0.023221978917717934,0.0259243231266737
1,a,forest_frac_slope_2000_2025,mndwi_slope_2000_2025,0.004422627928294,-0.0051181110650912,0.023349802941083908,0.02607879973948002
1,a,forest_frac_slope_2000_2025,mndwi_slope_2000_2025,0.0048019877010821,-0.0051181110650912,0.023375215008854866,0.02621610090136528
1,a,forest_frac_slope_2000_2025,mndwi_slope_2000_2025,0.0051813474738702,-0.0051181110650912,0.023504314944148064,0.026578960940241814
1,a,forest_frac_slope_2000_2025,mndwi_slope_2000_2025,0.0055607072466582,-0.0051181110650912,0.023504523560404778,0.026667963713407516
1,a,forest_frac_slope_2000_2025,mndwi_slope_2000_2025,0.0059400670194463,-0.0051181110650912,0.023484814912080765,0.026813030242919922
1,a,forest_frac_slope_2000_2025,mndwi_slope_2000_2025,-0.0092343238920763,-0.0049892881109406,0.0030424045398831367,-0.007063789293169975
1,a,forest_frac_slope_2000_2025,mndwi_slope_2000_2025,-0.0088549641192882,-0.0049892881109406,0.003219060832634568,-0.006710621528327465
1,a,forest_frac_slope_2000_2025,mndwi_slope_2000_2025,-0.0084756043465002,-0.0049892881109406,0.003516560420393944,-0.006148071493953466
1,a,forest_frac_slope_2000_2025,mndwi_slope_2000_2025,-0.0080962445737121,-0.0049892881109406,0.004064684733748436,-0.005169082898646593
1,a,forest_frac_slope_2000_2025,mndwi_slope_2000_2025,-0.007716884800924,-0.0049892881109406,0.004689056891947985,-0.004202062729746103
1,a,forest_frac_slope_2000_2025,mndwi_slope_2000_2025,-0.007337525028136,-0.0049892881109406,0.00504186050966382,-0.003672452410683036
1,a,forest_frac_slope_2000_2025,mndwi_slope_2000_2025,-0.0069581652553479,-0.0049892881109406,0.005483041983097792,-0.002800107467919588
1,a,forest_frac_slope_2000_2025,mndwi_slope_2000_2025,-0.0065788054825598,-0.0049892881109406,0.005682308692485094,-0.002448456361889839
1,a,forest_frac_slope_2000_2025,mndwi_slope_2000_2025,-0.0061994457097717,-0.0049892881109406,0.0057026538997888565,-0.002017761580646038
1,a,forest_frac_slope_2000_2025,mndwi_slope_2000_2025,-0.0058200859369837,-0.0049892881109406,0.006433486007153988,-0.0006895391270518303
1,a,forest_frac_slope_2000_2025,mndwi_slope_2000_2025,-0.0054407261641956,-0.0049892881109406,0.008034245111048222,0.001993970014154911
1,a,forest_frac_slope_2000_2025,mndwi_slope_2000_2025,-0.0050613663914075,-0.0049892881109406,0.008025416173040867,0.0021898257546126842
1,a,forest_frac_slope_2000_2025,mndwi_slope_2000_2025,-0.0046820066186195,-0.0049892881109406,0.009347576647996902,0.0038996580988168716
1,a,forest_frac_slope_2000_2025,mndwi_slope_2000_2025,-0.0043026468458314,-0.0049892881109406,0.009881331585347652,0.005051890853792429
1,a,forest_frac_slope_2000_2025,mndwi_slope_2000_2025,-0.0039232870730433,-0.0049892881109406,0.010032656602561474,0.005519384518265724
1,a,forest_frac_slope_2000_2025,mndwi_slope_2000_2025,-0.0035439273002553,-0.0049892881109406,0.010605834424495697,0.0066344416700303555
1,a,forest_frac_slope_2000_2025,mndwi_slope_2000_2025,-0.0031645675274672,-0.0049892881109406,0.011101320385932922,0.0074546728283166885
1,a,forest_frac_slope_2000_2025,mndwi_slope_2000_2025,-0.0027852077546791,-0.0049892881109406,0.012813113629817963,0.009238488040864468
1,a,forest_frac_slope_2000_2025,mndwi_slope_2000_2025,-0.0024058479818911,-0.0049892881109406,0.013086555525660515,0.009848007932305336
1,a,forest_frac_slope_2000_2025,mndwi_slope_2000_2025,-0.002026488209103,-0.0049892881109406,0.013851035386323929,0.011028943583369255
1,a,forest_frac_slope_2000_2025,mndwi_slope_2000_2025,-0.0016471284363149,-0.0049892881109406,0.014623774215579033,0.01231064647436142
1,a,forest_frac_slope_2000_2025,mndwi_slope_2000_2025,-0.0012677686635269,-0.0049892881109406,0.015790028497576714,0.013987134210765362
1,a,forest_frac_slope_2000_2025,mndwi_slope_2000_2025,-0.0008884088907388,-0.0049892881109406,0.01684243232011795,0.015316158533096313
1,a,forest_frac_slope_2000_2025,mndwi_slope_2000_2025,-0.0005090491179507,-0.0049892881109406,0.0176601130515337,0.016566595062613487
1,a,forest_frac_slope_2000_2025,mndwi_slope_2000_2025,-0.0001296893451627,-0.0049892881109406,0.018889890983700752,0.018775522708892822
1,a,forest_frac_slope_2000_2025,mndwi_slope_2000_2025,0.0002496704276253,-0.0049892881109406,0.021340029314160347,0.022213729098439217
1,a,forest_frac_slope_2000_2025,mndwi_slope_2000_2025,0.0006290302004134,-0.0049892881109406,0.021625814959406853,0.022899484261870384
1,a,forest_frac_slope_2000_2025,mndwi_slope_2000_2025,0.0010083899732014,-0.0049892881109406,0.022187601774930954,0.023720942437648773
1,a,forest_frac_slope_2000_2025,mndwi_slope_2000_2025,0.0013877497459895,-0.0049892881109406,0.022395983338356018,0.024049390107393265
1,a,forest_frac_slope_2000_2025,mndwi_slope_2000_2025,0.0017671095187776,-0.0049892881109406,0.022453997284173965,0.02437787875533104
1,a,forest_frac_slope_2000_2025,mndwi_slope_2000_2025,0.0021464692915656,-0.0049892881109406,0.02258746698498726,0.02468627318739891
1,a,forest_frac_slope_2000_2025,mndwi_slope_2000_2025,0.0025258290643537,-0.0049892881109406,0.022696278989315033,0.024939464405179024
1,a,forest_frac_slope_2000_2025,mndwi_slope_2000_2025,0.0029051888371418,-0.0049892881109406,0.02300828881561756,0.025340350344777107
1,a,forest_frac_slope_2000_2025,mndwi_slope_2000_2025,0.0032845486099298,-0.0049892881109406,0.023251645267009735,0.02566402032971382
1,a,forest_frac_slope_2000_2025,mndwi_slope_2000_2025,0.0036639083827179,-0.0049892881109406,0.023259229958057404,0.02575913444161415
1,a,forest_frac_slope_2000_2025,mndwi_slope_2000_2025,0.004043268155506,-0.0049892881109406,0.023370595648884773,0.026003815233707428
1,a,forest_frac_slope_2000_2025,mndwi_slope_2000_2025,0.004422627928294,-0.0049892881109406,0.023498421534895897,0.026158349588513374
1,a,forest_frac_slope_2000_2025,mndwi_slope_2000_2025,0.0048019877010821,-0.0049892881109406,0.023523831740021706,0.026295427232980728
1,a,forest_frac_slope_2000_2025,mndwi_slope_2000_2025,0.0051813474738702,-0.0049892881109406,0.023652929812669754,0.026658128947019577
1,a,forest_frac_slope_2000_2025,mndwi_slope_2000_2025,0.0055607072466582,-0.0049892881109406,0.023653142154216766,0.026747865602374077
1,a,forest_frac_slope_2000_2025,mndwi_slope_2000_2025,0.0059400670194463,-0.0049892881109406,0.023633431643247604,0.026893017813563347
1,a,forest_frac_slope_2000_2025,mndwi_slope_2000_2025,-0.0092343238920763,-0.00486046515679,0.0031934170983731747,-0.0069658756256103516
1,a,forest_frac_slope_2000_2025,mndwi_slope_2000_2025,-0.0088549641192882,-0.00486046515679,0.0033698873594403267,-0.006603708490729332
1,a,forest_frac_slope_2000_2025,mndwi_slope_2000_2025,-0.0084756043465002,-0.00486046515679,0.0037201198283582926,-0.005984347779303789
1,a,forest_frac_slope_2000_2025,mndwi_slope_2000_2025,-0.0080962445737121,-0.00486046515679,0.00428395252674818,-0.004982014186680317
1,a,forest_frac_slope_2000_2025,mndwi_slope_2000_2025,-0.007716884800924,-0.00486046515679,0.004908325616270304,-0.004009377211332321
1,a,forest_frac_slope_2000_2025,mndwi_slope_2000_2025,-0.007337525028136,-0.00486046515679,0.005261129233986139,-0.003476180136203766
1,a,forest_frac_slope_2000_2025,mndwi_slope_2000_2025,-0.0069581652553479,-0.00486046515679,0.005702310241758823,-0.0025979685597121716
1,a,forest_frac_slope_2000_2025,mndwi_slope_2000_2025,-0.0065788054825598,-0.00486046515679,0.0059015764854848385,-0.002239347668364644
1,a,forest_frac_slope_2000_2025,mndwi_slope_2000_2025,-0.0061994457097717,-0.00486046515679,0.0059219226241111755,-0.0017929738387465477
1,a,forest_frac_slope_2000_2025,mndwi_slope_2000_2025,-0.0058200859369837,-0.00486046515679,0.006707727909088135,-0.00040609578718431294
1,a,forest_frac_slope_2000_2025,mndwi_slope_2000_2025,-0.0054407261641956,-0.00486046515679,0.008409569039940834,0.002441320102661848
1,a,forest_frac_slope_2000_2025,mndwi_slope_2000_2025,-0.0050613663914075,-0.00486046515679,0.008400741033256054,0.0026401260402053595
1,a,forest_frac_slope_2000_2025,mndwi_slope_2000_2025,-0.0046820066186195,-0.00486046515679,0.00988027360290289,0.004501106683164835
1,a,forest_frac_slope_2000_2025,mndwi_slope_2000_2025,-0.0043026468458314,-0.00486046515679,0.01049911417067051,0.005699860397726297
1,a,forest_frac_slope_2000_2025,mndwi_slope_2000_2025,-0.0039232870730433,-0.00486046515679,0.010652928613126278,0.006153411697596312
1,a,forest_frac_slope_2000_2025,mndwi_slope_2000_2025,-0.0035439273002553,-0.00486046515679,0.011286566033959389,0.007302587851881981
1,a,forest_frac_slope_2000_2025,mndwi_slope_2000_2025,-0.0031645675274672,-0.00486046515679,0.01179997157305479,0.008126386441290379
1,a,forest_frac_slope_2000_2025,mndwi_slope_2000_2025,-0.0027852077546791,-0.00486046515679,0.013303974643349648,0.009694170206785202
1,a,forest_frac_slope_2000_2025,mndwi_slope_2000_2025,-0.0024058479818911,-0.00486046515679,0.013581156730651855,0.010305220261216164
1,a,forest_frac_slope_2000_2025,mndwi_slope_2000_2025,-0.002026488209103,-0.00486046515679,0.014373372308909893,0.01151212863624096
1,a,forest_frac_slope_2000_2025,mndwi_slope_2000_2025,-0.0016471284363149,-0.00486046515679,0.01512038242071867,0.012761692516505718
1,a,forest_frac_slope_2000_2025,mndwi_slope_2000_2025,-0.0012677686635269,-0.00486046515679,0.016208304092288017,0.014352534897625446
1,a,forest_frac_slope_2000_2025,mndwi_slope_2000_2025,-0.0008884088907388,-0.00486046515679,0.017036959528923035,0.015471312217414379
1,a,forest_frac_slope_2000_2025,mndwi_slope_2000_2025,-0.0005090491179507,-0.00486046515679,0.017868738621473312,0.016739966347813606
1,a,forest_frac_slope_2000_2025,mndwi_slope_2000_2025,-0.0001296893451627,-0.00486046515679,0.019102443009614944,0.018957095220685005
1,a,forest_frac_slope_2000_2025,mndwi_slope_2000_2025,0.0002496704276253,-0.00486046515679,0.021437857300043106,0.02227236144244671
1,a,forest_frac_slope_2000_2025,mndwi_slope_2000_2025,0.0006290302004134,-0.00486046515679,0.021723715588450432,0.02295709401369095
1,a,forest_frac_slope_2000_2025,mndwi_slope_2000_2025,0.0010083899732014,-0.00486046515679,0.022285502403974533,0.023777397349476814
1,a,forest_frac_slope_2000_2025,mndwi_slope_2000_2025,0.0013877497459895,-0.00486046515679,0.022493883967399597,0.02410486713051796
1,a,forest_frac_slope_2000_2025,mndwi_slope_2000_2025,0.0017671095187776,-0.00486046515679,0.022551899775862694,0.024431807920336723
1,a,forest_frac_slope_2000_2025,mndwi_slope_2000_2025,0.0021464692915656,-0.00486046515679,0.022685369476675987,0.024739405140280724
1,a,forest_frac_slope_2000_2025,mndwi_slope_2000_2025,0.0025258290643537,-0.00486046515679,0.022794179618358612,0.024985458701848984
1,a,forest_frac_slope_2000_2025,mndwi_slope_2000_2025,0.0029051888371418,-0.00486046515679,0.023106612265110016,0.025385243818163872
1,a,forest_frac_slope_2000_2025,mndwi_slope_2000_2025,0.0032845486099298,-0.00486046515679,0.02334996685385704,0.025708409026265144
1,a,forest_frac_slope_2000_2025,mndwi_slope_2000_2025,0.0036639083827179,-0.00486046515679,0.023357553407549858,0.025803009048104286
1,a,forest_frac_slope_2000_2025,mndwi_slope_2000_2025,0.004043268155506,-0.00486046515679,0.02346891723573208,0.0260476041585207
1,a,forest_frac_slope_2000_2025,mndwi_slope_2000_2025,0.004422627928294,-0.00486046515679,0.023596741259098053,0.02620195411145687
1,a,forest_frac_slope_2000_2025,mndwi_slope_2000_2025,0.0048019877010821,-0.00486046515679,0.02362215332686901,0.02633921429514885
1,a,forest_frac_slope_2000_2025,mndwi_slope_2000_2025,0.0051813474738702,-0.00486046515679,0.02375125139951706,0.02670220099389553
1,a,forest_frac_slope_2000_2025,mndwi_slope_2000_2025,0.0055607072466582,-0.00486046515679,0.023751461878418922,0.026792023330926895
1,a,forest_frac_slope_2000_2025,mndwi_slope_2000_2025,0.0059400670194463,-0.00486046515679,0.02373175323009491,0.026937413960695267
1,a,forest_frac_slope_2000_2025,mndwi_slope_2000_2025,-0.0092343238920763,-0.0047316422026394,0.0032638146076351404,-0.006873514037579298
1,a,forest_frac_slope_2000_2025,mndwi_slope_2000_2025,-0.0088549641192882,-0.0047316422026394,0.003439356805756688,-0.006511854473501444
1,a,forest_frac_slope_2000_2025,mndwi_slope_2000_2025,-0.0084756043465002,-0.0047316422026394,0.0037819095887243748,-0.005900625605136156
1,a,forest_frac_slope_2000_2025,mndwi_slope_2000_2025,-0.0080962445737121,-0.0047316422026394,0.004345742054283619,-0.004897757433354855
1,a,forest_frac_slope_2000_2025,mndwi_slope_2000_2025,-0.007716884800924,-0.0047316422026394,0.004970114678144455,-0.003924732096493244
1,a,forest_frac_slope_2000_2025,mndwi_slope_2000_2025,-0.007337525028136,-0.0047316422026394,0.005322918761521578,-0.0033912674989551306
1,a,forest_frac_slope_2000_2025,mndwi_slope_2000_2025,-0.0069581652553479,-0.0047316422026394,0.005764099769294262,-0.0025125404354184866
1,a,forest_frac_slope_2000_2025,mndwi_slope_2000_2025,-0.0065788054825598,-0.0047316422026394,0.005963366478681564,-0.002153914188966155
1,a,forest_frac_slope_2000_2025,mndwi_slope_2000_2025,-0.0061994457097717,-0.0047316422026394,0.005983456969261169,-0.0017078088130801916
1,a,forest_frac_slope_2000_2025,mndwi_slope_2000_2025,-0.0058200859369837,-0.0047316422026394,0.0067751663736999035,-0.000314529228489846
1,a,forest_frac_slope_2000_2025,mndwi_slope_2000_2025,-0.0054407261641956,-0.0047316422026394,0.00847700797021389,0.002532880287617445
1,a,forest_frac_slope_2000_2025,mndwi_slope_2000_2025,-0.0050613663914075,-0.0047316422026394,0.00846817996352911,0.0027323532849550247
1,a,forest_frac_slope_2000_2025,mndwi_slope_2000_2025,-0.0046820066186195,-0.0047316422026394,0.009947712533175945,0.004594018682837486
1,a,forest_frac_slope_2000_2025,mndwi_slope_2000_2025,-0.0043026468458314,-0.0047316422026394,0.010540281422436237,0.005786410998553038
1,a,forest_frac_slope_2000_2025,mndwi_slope_2000_2025,-0.0039232870730433,-0.0047316422026394,0.010694094933569431,0.006235822103917599
1,a,forest_frac_slope_2000_2025,mndwi_slope_2000_2025,-0.0035439273002553,-0.0047316422026394,0.011327732354402542,0.0073557463474571705
1,a,forest_frac_slope_2000_2025,mndwi_slope_2000_2025,-0.0031645675274672,-0.0047316422026394,0.011819092556834221,0.008132347837090492
1,a,forest_frac_slope_2000_2025,mndwi_slope_2000_2025,-0.0027852077546791,-0.0047316422026394,0.013349033892154694,0.009723125025629997
1,a,forest_frac_slope_2000_2025,mndwi_slope_2000_2025,-0.0024058479818911,-0.0047316422026394,0.013626215048134327,0.010333796963095665
1,a,forest_frac_slope_2000_2025,mndwi_slope_2000_2025,-0.002026488209103,-0.0047316422026394,0.01442424114793539,0.011545966379344463
1,a,forest_frac_slope_2000_2025,mndwi_slope_2000_2025,-0.0016471284363149,-0.0047316422026394,0.015171253122389317,0.012794634327292442
1,a,forest_frac_slope_2000_2025,mndwi_slope_2000_2025,-0.0012677686635269,-0.0047316422026394,0.016259172931313515,0.014398154802620411
1,a,forest_frac_slope_2000_2025,mndwi_slope_2000_2025,-0.0008884088907388,-0.0047316422026394,0.017094602808356285,0.015522416681051254
1,a,forest_frac_slope_2000_2025,mndwi_slope_2000_2025,-0.0005090491179507,-0.0047316422026394,0.017900537699460983,0.016763215884566307
1,a,forest_frac_slope_2000_2025,mndwi_slope_2000_2025,-0.0001296893451627,-0.0047316422026394,0.019133342429995537,0.018977638334035873
1,a,forest_frac_slope_2000_2025,mndwi_slope_2000_2025,0.0002496704276253,-0.0047316422026394,0.02145085670053959,0.02227216772735119
1,a,forest_frac_slope_2000_2025,mndwi_slope_2000_2025,0.0006290302004134,-0.0047316422026394,0.021736573427915573,0.022955693304538727
1,a,forest_frac_slope_2000_2025,mndwi_slope_2000_2025,0.0010083899732014,-0.0047316422026394,0.022298358380794525,0.02377840131521225
1,a,forest_frac_slope_2000_2025,mndwi_slope_2000_2025,0.0013877497459895,-0.0047316422026394,0.02250674180686474,0.02410626970231533
1,a,forest_frac_slope_2000_2025,mndwi_slope_2000_2025,0.0017671095187776,-0.0047316422026394,0.022564753890037537,0.024432767182588577
1,a,forest_frac_slope_2000_2025,mndwi_slope_2000_2025,0.0021464692915656,-0.0047316422026394,0.02269241400063038,0.024734271690249443
1,a,forest_frac_slope_2000_2025,mndwi_slope_2000_2025,0.0025258290643537,-0.0047316422026394,0.022801673039793968,0.024979673326015472
1,a,forest_frac_slope_2000_2025,mndwi_slope_2000_2025,0.0029051888371418,-0.0047316422026394,0.023114105686545372,0.025379324331879616
1,a,forest_frac_slope_2000_2025,mndwi_slope_2000_2025,0.0032845486099298,-0.0047316422026394,0.023357462137937546,0.025702571496367455
1,a,forest_frac_slope_2000_2025,mndwi_slope_2000_2025,0.0036639083827179,-0.0047316422026394,0.023365046828985214,0.025797422975301743
1,a,forest_frac_slope_2000_2025,mndwi_slope_2000_2025,0.004043268155506,-0.0047316422026394,0.023476412519812584,0.026041937991976738
1,a,forest_frac_slope_2000_2025,mndwi_slope_2000_2025,0.004422627928294,-0.0047316422026394,0.02360423654317856,0.026196638122200966
1,a,forest_frac_slope_2000_2025,mndwi_slope_2000_2025,0.0048019877010821,-0.0047316422026394,0.023629648610949516,0.02633398398756981
1,a,forest_frac_slope_2000_2025,mndwi_slope_2000_2025,0.0051813474738702,-0.0047316422026394,0.023758744820952415,0.0266969483345747
1,a,forest_frac_slope_2000_2025,mndwi_slope_2000_2025,0.0055607072466582,-0.0047316422026394,0.023758959025144577,0.026786625385284424
1,a,forest_frac_slope_2000_2025,mndwi_slope_2000_2025,0.0059400670194463,-0.0047316422026394,0.023739028722047806,0.02693195268511772
1,a,forest_frac_slope_2000_2025,mndwi_slope_2000_2025,-0.0092343238920763,-0.0046028192484888,0.0034607239067554474,-0.0068160900846123695
1,a,forest_frac_slope_2000_2025,mndwi_slope_2000_2025,-0.0088549641192882,-0.0046028192484888,0.003636266104876995,-0.006454447750002146
1,a,forest_frac_slope_2000_2025,mndwi_slope_2000_2025,-0.0084756043465002,-0.0046028192484888,0.00397180812433362,-0.0058496566489338875
1,a,forest_frac_slope_2000_2025,mndwi_slope_2000_2025,-0.0080962445737121,-0.0046028192484888,0.0045362976379692554,-0.004846560303121805
1,a,forest_frac_slope_2000_2025,mndwi_slope_2000_2025,-0.007716884800924,-0.0046028192484888,0.005191601347178221,-0.003841911908239126
1,a,forest_frac_slope_2000_2025,mndwi_slope_2000_2025,-0.007337525028136,-0.0046028192484888,0.005678501911461353,-0.003305155551061034
1,a,forest_frac_slope_2000_2025,mndwi_slope_2000_2025,-0.0069581652553479,-0.0046028192484888,0.006121910642832518,-0.002423419151455164
1,a,forest_frac_slope_2000_2025,mndwi_slope_2000_2025,-0.0065788054825598,-0.0046028192484888,0.006321176886558533,-0.002064912114292383
1,a,forest_frac_slope_2000_2025,mndwi_slope_2000_2025,-0.0061994457097717,-0.0046028192484888,0.00637860968708992,-0.0015824799193069339
1,a,forest_frac_slope_2000_2025,mndwi_slope_2000_2025,-0.0058200859369837,-0.0046028192484888,0.007223725318908691,-0.00013442256022244692
1,a,forest_frac_slope_2000_2025,mndwi_slope_2000_2025,-0.0054407261641956,-0.0046028192484888,0.008922893553972244,0.0028196729253977537
1,a,forest_frac_slope_2000_2025,mndwi_slope_2000_2025,-0.0050613663914075,-0.0046028192484888,0.008909882046282291,0.0030155295971781015
1,a,forest_frac_slope_2000_2025,mndwi_slope_2000_2025,-0.0046820066186195,-0.0046028192484888,0.010389414615929127,0.00487845204770565
1,a,forest_frac_slope_2000_2025,mndwi_slope_2000_2025,-0.0043026468458314,-0.0046028192484888,0.010903803631663322,0.006075206212699413
1,a,forest_frac_slope_2000_2025,mndwi_slope_2000_2025,-0.0039232870730433,-0.0046028192484888,0.011057617142796516,0.006523939780890942
1,a,forest_frac_slope_2000_2025,mndwi_slope_2000_2025,-0.0035439273002553,-0.0046028192484888,0.011713542975485325,0.007675596978515387
1,a,forest_frac_slope_2000_2025,mndwi_slope_2000_2025,-0.0031645675274672,-0.0046028192484888,0.012218146584928036,0.008467205800116062
1,a,forest_frac_slope_2000_2025,mndwi_slope_2000_2025,-0.0027852077546791,-0.0046028192484888,0.01360517367720604,0.009916329756379128
1,a,forest_frac_slope_2000_2025,mndwi_slope_2000_2025,-0.0024058479818911,-0.0046028192484888,0.01388485636562109,0.010532625950872898
1,a,forest_frac_slope_2000_2025,mndwi_slope_2000_2025,-0.002026488209103,-0.0046028192484888,0.014757568016648293,0.011830469593405724
1,a,forest_frac_slope_2000_2025,mndwi_slope_2000_2025,-0.0016471284363149,-0.0046028192484888,0.01550695113837719,0.013084319420158863
1,a,forest_frac_slope_2000_2025,mndwi_slope_2000_2025,-0.0012677686635269,-0.0046028192484888,0.016593463718891144,0.01469472236931324
1,a,forest_frac_slope_2000_2025,mndwi_slope_2000_2025,-0.0008884088907388,-0.0046028192484888,0.017373988404870033,0.01576615497469902
1,a,forest_frac_slope_2000_2025,mndwi_slope_2000_2025,-0.0005090491179507,-0.0046028192484888,0.01818293333053589,0.01701338402926922
1,a,forest_frac_slope_2000_2025,mndwi_slope_2000_2025,-0.0001296893451627,-0.0046028192484888,0.019423535093665123,0.019249429926276207
1,a,forest_frac_slope_2000_2025,mndwi_slope_2000_2025,0.0002496704276253,-0.0046028192484888,0.021957919001579285,0.022860003635287285
1,a,forest_frac_slope_2000_2025,mndwi_slope_2000_2025,0.0006290302004134,-0.0046028192484888,0.02224411629140377,0.02357463911175728
1,a,forest_frac_slope_2000_2025,mndwi_slope_2000_2025,0.0010083899732014,-0.0046028192484888,0.022718172520399094,0.024318752810359
1,a,forest_frac_slope_2000_2025,mndwi_slope_2000_2025,0.0013877497459895,-0.0046028192484888,0.02292625419795513,0.024653710424900055
1,a,forest_frac_slope_2000_2025,mndwi_slope_2000_2025,0.0017671095187776,-0.0046028192484888,0.022984271869063377,0.024982478469610214
1,a,forest_frac_slope_2000_2025,mndwi_slope_2000_2025,0.0021464692915656,-0.0046028192484888,0.02311273291707039,0.025286896154284477
1,a,forest_frac_slope_2000_2025,mndwi_slope_2000_2025,0.0025258290643537,-0.0046028192484888,0.023173430934548378,0.025487566366791725
1,a,forest_frac_slope_2000_2025,mndwi_slope_2000_2025,0.0029051888371418,-0.0046028192484888,0.02343590185046196,0.025837399065494537
1,a,forest_frac_slope_2000_2025,mndwi_slope_2000_2025,0.0032845486099298,-0.0046028192484888,0.02367902174592018,0.026159441098570824
1,a,forest_frac_slope_2000_2025,mndwi_slope_2000_2025,0.0036639083827179,-0.0046028192484888,0.023686608299613,0.02625269815325737
1,a,forest_frac_slope_2000_2025,mndwi_slope_2000_2025,0.004043268155506,-0.0046028192484888,0.0237427931278944,0.02644016034901142
1,a,forest_frac_slope_2000_2025,mndwi_slope_2000_2025,0.004422627928294,-0.0046028192484888,0.023801933974027634,0.02651822380721569
1,a,forest_frac_slope_2000_2025,mndwi_slope_2000_2025,0.0048019877010821,-0.0046028192484888,0.02382734604179859,0.02659178338944912
1,a,forest_frac_slope_2000_2025,mndwi_slope_2000_2025,0.0051813474738702,-0.0046028192484888,0.02395644225180149,0.02689189277589321
1,a,forest_frac_slope_2000_2025,mndwi_slope_2000_2025,0.0055607072466582,-0.0046028192484888,0.023956652730703354,0.026958608999848366
1,a,forest_frac_slope_2000_2025,mndwi_slope_2000_2025,0.0059400670194463,-0.0046028192484888,0.02393672615289688,0.0270914975553751
1,a,forest_frac_slope_2000_2025,mndwi_slope_2000_2025,-0.0092343238920763,-0.0044739962943382,0.004073652438819408,-0.006440530065447092
1,a,forest_frac_slope_2000_2025,mndwi_slope_2000_2025,-0.0088549641192882,-0.0044739962943382,0.004308501724153757,-0.006075900513678789
1,a,forest_frac_slope_2000_2025,mndwi_slope_2000_2025,-0.0084756043465002,-0.0044739962943382,0.004644043277949095,-0.0054682837799191475
1,a,forest_frac_slope_2000_2025,mndwi_slope_2000_2025,-0.0080962445737121,-0.0044739962943382,0.0051228879019618034,-0.004547391552478075
1,a,forest_frac_slope_2000_2025,mndwi_slope_2000_2025,-0.007716884800924,-0.0044739962943382,0.005775134544819593,-0.0035027489066123962
1,a,forest_frac_slope_2000_2025,mndwi_slope_2000_2025,-0.007337525028136,-0.0044739962943382,0.006262035574764013,-0.0029637122061103582
1,a,forest_frac_slope_2000_2025,mndwi_slope_2000_2025,-0.0069581652553479,-0.0044739962943382,0.0067303418181836605,-0.001995737897232175
1,a,forest_frac_slope_2000_2025,mndwi_slope_2000_2025,-0.0065788054825598,-0.0044739962943382,0.006929608061909676,-0.0016370333032682538
1,a,forest_frac_slope_2000_2025,mndwi_slope_2000_2025,-0.0061994457097717,-0.0044739962943382,0.006987040862441063,-0.0011526845628395677
1,a,forest_frac_slope_2000_2025,mndwi_slope_2000_2025,-0.0058200859369837,-0.0044739962943382,0.007885636761784554,0.00035339349415153265
1,a,forest_frac_slope_2000_2025,mndwi_slope_2000_2025,-0.0054407261641956,-0.0044739962943382,0.009775721468031406,0.0035002075601369143
1,a,forest_frac_slope_2000_2025,mndwi_slope_2000_2025,-0.0050613663914075,-0.0044739962943382,0.009762709960341454,0.0036976218689233065
1,a,forest_frac_slope_2000_2025,mndwi_slope_2000_2025,-0.0046820066186195,-0.0044739962943382,0.011293595656752586,0.005611589178442955
1,a,forest_frac_slope_2000_2025,mndwi_slope_2000_2025,-0.0043026468458314,-0.0044739962943382,0.01174752227962017,0.0067519377917051315
1,a,forest_frac_slope_2000_2025,mndwi_slope_2000_2025,-0.0039232870730433,-0.0044739962943382,0.01194350328296423,0.007264507468789816
1,a,forest_frac_slope_2000_2025,mndwi_slope_2000_2025,-0.0035439273002553,-0.0044739962943382,0.012469740584492683,0.008417993783950806
1,a,forest_frac_slope_2000_2025,mndwi_slope_2000_2025,-0.0031645675274672,-0.0044739962943382,0.013014507479965687,0.009252863936126232
1,a,forest_frac_slope_2000_2025,mndwi_slope_2000_2025,-0.0027852077546791,-0.0044739962943382,0.01402653381228447,0.010329408571124077
1,a,forest_frac_slope_2000_2025,mndwi_slope_2000_2025,-0.0024058479818911,-0.0044739962943382,0.01433794479817152,0.010973329655826092
1,a,forest_frac_slope_2000_2025,mndwi_slope_2000_2025,-0.002026488209103,-0.0044739962943382,0.015143216587603092,0.01220331434160471
1,a,forest_frac_slope_2000_2025,mndwi_slope_2000_2025,-0.0016471284363149,-0.0044739962943382,0.01590278558433056,0.01349534373730421
1,a,forest_frac_slope_2000_2025,mndwi_slope_2000_2025,-0.0012677686635269,-0.0044739962943382,0.01711781695485115,0.015277107246220112
1,a,forest_frac_slope_2000_2025,mndwi_slope_2000_2025,-0.0008884088907388,-0.0044739962943382,0.01791621558368206,0.016374463215470314
1,a,forest_frac_slope_2000_2025,mndwi_slope_2000_2025,-0.0005090491179507,-0.0044739962943382,0.018687337636947632,0.0175467561930418
1,a,forest_frac_slope_2000_2025,mndwi_slope_2000_2025,-0.0001296893451627,-0.0044739962943382,0.01988949440419674,0.019750500097870827
1,a,forest_frac_slope_2000_2025,mndwi_slope_2000_2025,0.0002496704276253,-0.0044739962943382,0.02220381423830986,0.023064225912094116
1,a,forest_frac_slope_2000_2025,mndwi_slope_2000_2025,0.0006290302004134,-0.0044739962943382,0.022490013390779495,0.023770729079842567
1,a,forest_frac_slope_2000_2025,mndwi_slope_2000_2025,0.0010083899732014,-0.0044739962943382,0.02296406775712967,0.024511393159627914
1,a,forest_frac_slope_2000_2025,mndwi_slope_2000_2025,0.0013877497459895,-0.0044739962943382,0.023170098662376404,0.024843398481607437
1,a,forest_frac_slope_2000_2025,mndwi_slope_2000_2025,0.0017671095187776,-0.0044739962943382,0.0232281144708395,0.025170810520648956
1,a,forest_frac_slope_2000_2025,mndwi_slope_2000_2025,0.0021464692915656,-0.0044739962943382,0.023355739191174507,0.02546890638768673
1,a,forest_frac_slope_2000_2025,mndwi_slope_2000_2025,0.0025258290643537,-0.0044739962943382,0.023415731266140938,0.025664538145065308
1,a,forest_frac_slope_2000_2025,mndwi_slope_2000_2025,0.0029051888371418,-0.0044739962943382,0.023645196110010147,0.025980202481150627
1,a,forest_frac_slope_2000_2025,mndwi_slope_2000_2025,0.0032845486099298,-0.0044739962943382,0.023888317868113518,0.026301424950361252
1,a,forest_frac_slope_2000_2025,mndwi_slope_2000_2025,0.0036639083827179,-0.0044739962943382,0.02389632910490036,0.026394568383693695
1,a,forest_frac_slope_2000_2025,mndwi_slope_2000_2025,0.004043268155506,-0.0044739962943382,0.023952512070536613,0.026581531390547752
1,a,forest_frac_slope_2000_2025,mndwi_slope_2000_2025,0.004422627928294,-0.0044739962943382,0.024011652916669846,0.026659740135073662
1,a,forest_frac_slope_2000_2025,mndwi_slope_2000_2025,0.0048019877010821,-0.0044739962943382,0.024037158116698265,0.02673276513814926
1,a,forest_frac_slope_2000_2025,mndwi_slope_2000_2025,0.0051813474738702,-0.0044739962943382,0.024165267124772072,0.02703094854950905
1,a,forest_frac_slope_2000_2025,mndwi_slope_2000_2025,0.0055607072466582,-0.0044739962943382,0.024165479466319084,0.02709704451262951
1,a,forest_frac_slope_2000_2025,mndwi_slope_2000_2025,0.0059400670194463,-0.0044739962943382,0.024145551025867462,0.02722720429301262
1,a,forest_frac_slope_2000_2025,mndwi_slope_2000_2025,-0.0092343238920763,-0.0043451733401876,0.004637148231267929,-0.006340266205370426
1,a,forest_frac_slope_2000_2025,mndwi_slope_2000_2025,-0.0088549641192882,-0.0043451733401876,0.004871997982263565,-0.006003161426633596
1,a,forest_frac_slope_2000_2025,mndwi_slope_2000_2025,-0.0084756043465002,-0.0043451733401876,0.005062985233962536,-0.0054009598679840565
1,a,forest_frac_slope_2000_2025,mndwi_slope_2000_2025,-0.0080962445737121,-0.0043451733401876,0.005541830323636532,-0.004485995043069124
1,a,forest_frac_slope_2000_2025,mndwi_slope_2000_2025,-0.007716884800924,-0.0043451733401876,0.006027450785040855,-0.003485827473923564
1,a,forest_frac_slope_2000_2025,mndwi_slope_2000_2025,-0.007337525028136,-0.0043451733401876,0.006514351814985275,-0.0029485831037163734
1,a,forest_frac_slope_2000_2025,mndwi_slope_2000_2025,-0.0069581652553479,-0.0043451733401876,0.006982835009694099,-0.0019819235894829035
1,a,forest_frac_slope_2000_2025,mndwi_slope_2000_2025,-0.0065788054825598,-0.0043451733401876,0.007182102184742689,-0.001623510499484837
1,a,forest_frac_slope_2000_2025,mndwi_slope_2000_2025,-0.0061994457097717,-0.0043451733401876,0.007239535450935364,-0.0011390236904844642
1,a,forest_frac_slope_2000_2025,mndwi_slope_2000_2025,-0.0058200859369837,-0.0043451733401876,0.008163221180438995,0.00039313622983172536
1,a,forest_frac_slope_2000_2025,mndwi_slope_2000_2025,-0.0054407261641956,-0.0043451733401876,0.010076576843857765,0.0035627135075628757
1,a,forest_frac_slope_2000_2025,mndwi_slope_2000_2025,-0.0050613663914075,-0.0043451733401876,0.010063564404845238,0.0037626910489052534
1,a,forest_frac_slope_2000_2025,mndwi_slope_2000_2025,-0.0046820066186195,-0.0043451733401876,0.011487692594528198,0.005744326859712601
1,a,forest_frac_slope_2000_2025,mndwi_slope_2000_2025,-0.0043026468458314,-0.0043451733401876,0.012017780914902687,0.0069370572455227375
1,a,forest_frac_slope_2000_2025,mndwi_slope_2000_2025,-0.0039232870730433,-0.0043451733401876,0.012213761918246746,0.007450236473232508
1,a,forest_frac_slope_2000_2025,mndwi_slope_2000_2025,-0.0035439273002553,-0.0043451733401876,0.012740000151097775,0.008604254573583603
1,a,forest_frac_slope_2000_2025,mndwi_slope_2000_2025,-0.0031645675274672,-0.0043451733401876,0.013293030671775341,0.009455417282879353
1,a,forest_frac_slope_2000_2025,mndwi_slope_2000_2025,-0.0027852077546791,-0.0043451733401876,0.014396082609891891,0.010638630948960781
1,a,forest_frac_slope_2000_2025,mndwi_slope_2000_2025,-0.0024058479818911,-0.0043451733401876,0.014707259833812714,0.011306223459541798
1,a,forest_frac_slope_2000_2025,mndwi_slope_2000_2025,-0.002026488209103,-0.0043451733401876,0.015610580332577229,0.012674941681325436
1,a,forest_frac_slope_2000_2025,mndwi_slope_2000_2025,-0.0016471284363149,-0.0043451733401876,0.016370151191949844,0.013975449837744236
1,a,forest_frac_slope_2000_2025,mndwi_slope_2000_2025,-0.0012677686635269,-0.0043451733401876,0.01777608133852482,0.015981895849108696
1,a,forest_frac_slope_2000_2025,mndwi_slope_2000_2025,-0.0008884088907388,-0.0043451733401876,0.01874513551592827,0.017243925482034683
1,a,forest_frac_slope_2000_2025,mndwi_slope_2000_2025,-0.0005090491179507,-0.0043451733401876,0.01946890912950039,0.018363839015364647
1,a,forest_frac_slope_2000_2025,mndwi_slope_2000_2025,-0.0001296893451627,-0.0043451733401876,0.020573517307639122,0.02044878527522087
1,a,forest_frac_slope_2000_2025,mndwi_slope_2000_2025,0.0002496704276253,-0.0043451733401876,0.022377874702215195,0.02319497801363468
1,a,forest_frac_slope_2000_2025,mndwi_slope_2000_2025,0.0006290302004134,-0.0043451733401876,0.02266407385468483,0.02388819307088852
1,a,forest_frac_slope_2000_2025,mndwi_slope_2000_2025,0.0010083899732014,-0.0043451733401876,0.023136258125305176,0.02462446130812168
1,a,forest_frac_slope_2000_2025,mndwi_slope_2000_2025,0.0013877497459895,-0.0043451733401876,0.02334229089319706,0.024953274056315422
1,a,forest_frac_slope_2000_2025,mndwi_slope_2000_2025,0.0017671095187776,-0.0043451733401876,0.023400306701660156,0.025279169902205467
1,a,forest_frac_slope_2000_2025,mndwi_slope_2000_2025,0.0021464692915656,-0.0043451733401876,0.023527929559350014,0.02557564713060856
1,a,forest_frac_slope_2000_2025,mndwi_slope_2000_2025,0.0025258290643537,-0.0043451733401876,0.023587919771671295,0.025769876316189766
1,a,forest_frac_slope_2000_2025,mndwi_slope_2000_2025,0.0029051888371418,-0.0043451733401876,0.023817388340830803,0.02608422189950943
1,a,forest_frac_slope_2000_2025,mndwi_slope_2000_2025,0.0032845486099298,-0.0043451733401876,0.024060506373643875,0.026404762640595436
1,a,forest_frac_slope_2000_2025,mndwi_slope_2000_2025,0.0036639083827179,-0.0043451733401876,0.024068517610430717,0.02649751678109169
1,a,forest_frac_slope_2000_2025,mndwi_slope_2000_2025,0.004043268155506,-0.0043451733401876,0.02412470430135727,0.02668413519859314
1,a,forest_frac_slope_2000_2025,mndwi_slope_2000_2025,0.004422627928294,-0.0043451733401876,0.024183843284845352,0.02676212228834629
1,a,forest_frac_slope_2000_2025,mndwi_slope_2000_2025,0.0048019877010821,-0.0043451733401876,0.02420935034751892,0.026834361255168915
1,a,forest_frac_slope_2000_2025,mndwi_slope_2000_2025,0.0051813474738702,-0.0043451733401876,0.02434074692428112,0.027135714888572693
1,a,forest_frac_slope_2000_2025,mndwi_slope_2000_2025,0.0055607072466582,-0.0043451733401876,0.024340959265828133,0.027201831340789795
1,a,forest_frac_slope_2000_2025,mndwi_slope_2000_2025,0.0059400670194463,-0.0043451733401876,0.02432103082537651,0.027331635355949402
1,a,forest_frac_slope_2000_2025,mndwi_slope_2000_2025,-0.0092343238920763,-0.004216350386037,0.004994022194296122,-0.005843097809702158
1,a,forest_frac_slope_2000_2025,mndwi_slope_2000_2025,-0.0088549641192882,-0.004216350386037,0.005227146670222282,-0.005508278496563435
1,a,forest_frac_slope_2000_2025,mndwi_slope_2000_2025,-0.0084756043465002,-0.004216350386037,0.005341215059161186,-0.004931321367621422
1,a,forest_frac_slope_2000_2025,mndwi_slope_2000_2025,-0.0080962445737121,-0.004216350386037,0.0058200606144964695,-0.004019085317850113
1,a,forest_frac_slope_2000_2025,mndwi_slope_2000_2025,-0.007716884800924,-0.004216350386037,0.006284154951572418,-0.003042270429432392
1,a,forest_frac_slope_2000_2025,mndwi_slope_2000_2025,-0.007337525028136,-0.004216350386037,0.006774683948606253,-0.0025070831179618835
1,a,forest_frac_slope_2000_2025,mndwi_slope_2000_2025,-0.0069581652553479,-0.004216350386037,0.007275918498635292,-0.0015202631475403905
1,a,forest_frac_slope_2000_2025,mndwi_slope_2000_2025,-0.0065788054825598,-0.004216350386037,0.007475184742361307,-0.0011624697363004088
1,a,forest_frac_slope_2000_2025,mndwi_slope_2000_2025,-0.0061994457097717,-0.004216350386037,0.007532617077231407,-0.000679826713167131
1,a,forest_frac_slope_2000_2025,mndwi_slope_2000_2025,-0.0058200859369837,-0.004216350386037,0.008456303738057613,0.0008495302172377706
1,a,forest_frac_slope_2000_2025,mndwi_slope_2000_2025,-0.0054407261641956,-0.004216350386037,0.010366896167397499,0.0037359842099249363
1,a,forest_frac_slope_2000_2025,mndwi_slope_2000_2025,-0.0050613663914075,-0.004216350386037,0.010353884659707546,0.003937792964279652
1,a,forest_frac_slope_2000_2025,mndwi_slope_2000_2025,-0.0046820066186195,-0.004216350386037,0.01181759312748909,0.005959452595561743
1,a,forest_frac_slope_2000_2025,mndwi_slope_2000_2025,-0.0043026468458314,-0.004216350386037,0.012391915544867516,0.007194331381469965
1,a,forest_frac_slope_2000_2025,mndwi_slope_2000_2025,-0.0039232870730433,-0.004216350386037,0.012591313570737839,0.007714361418038607
1,a,forest_frac_slope_2000_2025,mndwi_slope_2000_2025,-0.0035439273002553,-0.004216350386037,0.013117551803588867,0.008886054158210754
1,a,forest_frac_slope_2000_2025,mndwi_slope_2000_2025,-0.0031645675274672,-0.004216350386037,0.013670628890395164,0.009740780107676983
1,a,forest_frac_slope_2000_2025,mndwi_slope_2000_2025,-0.0027852077546791,-0.004216350386037,0.014800996519625187,0.010956436395645142
1,a,forest_frac_slope_2000_2025,mndwi_slope_2000_2025,-0.0024058479818911,-0.004216350386037,0.015112175606191158,0.01162395067512989
1,a,forest_frac_slope_2000_2025,mndwi_slope_2000_2025,-0.002026488209103,-0.004216350386037,0.016031216830015182,0.013014048337936401
1,a,forest_frac_slope_2000_2025,mndwi_slope_2000_2025,-0.0016471284363149,-0.004216350386037,0.016823232173919678,0.014352928847074509
1,a,forest_frac_slope_2000_2025,mndwi_slope_2000_2025,-0.0012677686635269,-0.004216350386037,0.018193542957305908,0.01631866581737995
1,a,forest_frac_slope_2000_2025,mndwi_slope_2000_2025,-0.0008884088907388,-0.004216350386037,0.01918279007077217,0.017620360478758812
1,a,forest_frac_slope_2000_2025,mndwi_slope_2000_2025,-0.0005090491179507,-0.004216350386037,0.01992737501859665,0.018750762566924095
1,a,forest_frac_slope_2000_2025,mndwi_slope_2000_2025,-0.0001296893451627,-0.004216350386037,0.021033061668276787,0.0208416935056448
1,a,forest_frac_slope_2000_2025,mndwi_slope_2000_2025,0.0002496704276253,-0.004216350386037,0.022837206721305847,0.023572584614157677
1,a,forest_frac_slope_2000_2025,mndwi_slope_2000_2025,0.0006290302004134,-0.004216350386037,0.02311626449227333,0.024269914254546165
1,a,forest_frac_slope_2000_2025,mndwi_slope_2000_2025,0.0010083899732014,-0.004216350386037,0.023588893935084343,0.02501544915139675
1,a,forest_frac_slope_2000_2025,mndwi_slope_2000_2025,0.0013877497459895,-0.004216350386037,0.023794924840331078,0.025347920134663582
1,a,forest_frac_slope_2000_2025,mndwi_slope_2000_2025,0.0017671095187776,-0.004216350386037,0.023852940648794174,0.025685040280222893
1,a,forest_frac_slope_2000_2025,mndwi_slope_2000_2025,0.0021464692915656,-0.004216350386037,0.024049917235970497,0.02604609727859497
1,a,forest_frac_slope_2000_2025,mndwi_slope_2000_2025,0.0025258290643537,-0.004216350386037,0.024109911173582077,0.026240650564432144
1,a,forest_frac_slope_2000_2025,mndwi_slope_2000_2025,0.0029051888371418,-0.004216350386037,0.024339649826288223,0.026554260402917862
1,a,forest_frac_slope_2000_2025,mndwi_slope_2000_2025,0.0032845486099298,-0.004216350386037,0.024582771584391594,0.026872847229242325
1,a,forest_frac_slope_2000_2025,mndwi_slope_2000_2025,0.0036639083827179,-0.004216350386037,0.024590784683823586,0.02696024626493454
1,a,forest_frac_slope_2000_2025,mndwi_slope_2000_2025,0.004043268155506,-0.004216350386037,0.024646969512104988,0.02713972143828869
1,a,forest_frac_slope_2000_2025,mndwi_slope_2000_2025,0.004422627928294,-0.004216350386037,0.02470610849559307,0.027214819565415382
1,a,forest_frac_slope_2000_2025,mndwi_slope_2000_2025,0.0048019877010821,-0.004216350386037,0.02473161369562149,0.027284685522317886
1,a,forest_frac_slope_2000_2025,mndwi_slope_2000_2025,0.0051813474738702,-0.004216350386037,0.02486301399767399,0.027584034949541092
1,a,forest_frac_slope_2000_2025,mndwi_slope_2000_2025,0.0055607072466582,-0.004216350386037,0.02486322447657585,0.027648519724607468
1,a,forest_frac_slope_2000_2025,mndwi_slope_2000_2025,0.0059400670194463,-0.004216350386037,0.02484329603612423,0.027777276933193207
1,a,forest_frac_slope_2000_2025,mndwi_slope_2000_2025,-0.0092343238920763,-0.0040875274318864,0.005504519212990999,-0.005563440266996622
1,a,forest_frac_slope_2000_2025,mndwi_slope_2000_2025,-0.0088549641192882,-0.0040875274318864,0.005737643223255873,-0.005225352942943573
1,a,forest_frac_slope_2000_2025,mndwi_slope_2000_2025,-0.0084756043465002,-0.0040875274318864,0.005933927837759256,-0.004565313458442688
1,a,forest_frac_slope_2000_2025,mndwi_slope_2000_2025,-0.0080962445737121,-0.0040875274318864,0.006433018948882818,-0.003662735689431429
1,a,forest_frac_slope_2000_2025,mndwi_slope_2000_2025,-0.007716884800924,-0.0040875274318864,0.006886519491672516,-0.002695191651582718
1,a,forest_frac_slope_2000_2025,mndwi_slope_2000_2025,-0.007337525028136,-0.0040875274318864,0.00737704848870635,-0.0021566578652709723
1,a,forest_frac_slope_2000_2025,mndwi_slope_2000_2025,-0.0069581652553479,-0.0040875274318864,0.007773228455334902,-0.0011079884134232998
1,a,forest_frac_slope_2000_2025,mndwi_slope_2000_2025,-0.0065788054825598,-0.0040875274318864,0.007973573170602322,-0.0007461518398486078
1,a,forest_frac_slope_2000_2025,mndwi_slope_2000_2025,-0.0061994457097717,-0.0040875274318864,0.008146106265485287,-0.00014588508929591626
1,a,forest_frac_slope_2000_2025,mndwi_slope_2000_2025,-0.0058200859369837,-0.0040875274318864,0.009052662178874016,0.001382799120619893
1,a,forest_frac_slope_2000_2025,mndwi_slope_2000_2025,-0.0054407261641956,-0.0040875274318864,0.010700834915041924,0.0040110317058861256
1,a,forest_frac_slope_2000_2025,mndwi_slope_2000_2025,-0.0050613663914075,-0.0040875274318864,0.010689811781048775,0.0042221941985189915
1,a,forest_frac_slope_2000_2025,mndwi_slope_2000_2025,-0.0046820066186195,-0.0040875274318864,0.012156589888036251,0.006253689993172884
1,a,forest_frac_slope_2000_2025,mndwi_slope_2000_2025,-0.0043026468458314,-0.0040875274318864,0.012733345851302147,0.007499423809349537
1,a,forest_frac_slope_2000_2025,mndwi_slope_2000_2025,-0.0039232870730433,-0.0040875274318864,0.01286360528320074,0.007954513654112816
1,a,forest_frac_slope_2000_2025,mndwi_slope_2000_2025,-0.0035439273002553,-0.0040875274318864,0.01338842511177063,0.009127573110163212
1,a,forest_frac_slope_2000_2025,mndwi_slope_2000_2025,-0.0031645675274672,-0.0040875274318864,0.013826313428580761,0.009866073727607727
1,a,forest_frac_slope_2000_2025,mndwi_slope_2000_2025,-0.0027852077546791,-0.0040875274318864,0.014956683851778507,0.01107556652277708
1,a,forest_frac_slope_2000_2025,mndwi_slope_2000_2025,-0.0024058479818911,-0.0040875274318864,0.015267862007021904,0.011747222393751144
1,a,forest_frac_slope_2000_2025,mndwi_slope_2000_2025,-0.002026488209103,-0.0040875274318864,0.016232483088970184,0.01318546012043953
1,a,forest_frac_slope_2000_2025,mndwi_slope_2000_2025,-0.0016471284363149,-0.0040875274318864,0.01704225316643715,0.01453606877475977
1,a,forest_frac_slope_2000_2025,mndwi_slope_2000_2025,-0.0012677686635269,-0.0040875274318864,0.018421471118927002,0.016513526439666748
1,a,forest_frac_slope_2000_2025,mndwi_slope_2000_2025,-0.0008884088907388,-0.0040875274318864,0.019433530047535896,0.01784624345600605
1,a,forest_frac_slope_2000_2025,mndwi_slope_2000_2025,-0.0005090491179507,-0.0040875274318864,0.02012784406542778,0.018989378586411476
1,a,forest_frac_slope_2000_2025,mndwi_slope_2000_2025,-0.0001296893451627,-0.0040875274318864,0.021250296384096146,0.02110466919839382
1,a,forest_frac_slope_2000_2025,mndwi_slope_2000_2025,0.0002496704276253,-0.0040875274318864,0.023208802565932274,0.02394517883658409
1,a,forest_frac_slope_2000_2025,mndwi_slope_2000_2025,0.0006290302004134,-0.0040875274318864,0.02349073253571987,0.024684099480509758
1,a,forest_frac_slope_2000_2025,mndwi_slope_2000_2025,0.0010083899732014,-0.0040875274318864,0.023972589522600174,0.02545204572379589
1,a,forest_frac_slope_2000_2025,mndwi_slope_2000_2025,0.0013877497459895,-0.0040875274318864,0.02417861856520176,0.02579312212765217
1,a,forest_frac_slope_2000_2025,mndwi_slope_2000_2025,0.0017671095187776,-0.0040875274318864,0.024236636236310005,0.02613815665245056
1,a,forest_frac_slope_2000_2025,mndwi_slope_2000_2025,0.0021464692915656,-0.0040875274318864,0.02473684772849083,0.026812518015503883
1,a,forest_frac_slope_2000_2025,mndwi_slope_2000_2025,0.0025258290643537,-0.0040875274318864,0.02489539235830307,0.02715190313756466
1,a,forest_frac_slope_2000_2025,mndwi_slope_2000_2025,0.0029051888371418,-0.0040875274318864,0.025311658158898354,0.027691790834069252
1,a,forest_frac_slope_2000_2025,mndwi_slope_2000_2025,0.0032845486099298,-0.0040875274318864,0.025554778054356575,0.028012631461024284
1,a,forest_frac_slope_2000_2025,mndwi_slope_2000_2025,0.0036639083827179,-0.0040875274318864,0.025562789291143417,0.02809850126504898
1,a,forest_frac_slope_2000_2025,mndwi_slope_2000_2025,0.004043268155506,-0.0040875274318864,0.025751927867531776,0.028367221355438232
1,a,forest_frac_slope_2000_2025,mndwi_slope_2000_2025,0.004422627928294,-0.0040875274318864,0.02581106498837471,0.02844853140413761
1,a,forest_frac_slope_2000_2025,mndwi_slope_2000_2025,0.0048019877010821,-0.0040875274318864,0.02583657205104828,0.02857671119272709
1,a,forest_frac_slope_2000_2025,mndwi_slope_2000_2025,0.0051813474738702,-0.0040875274318864,0.025897366926074028,0.0288262739777565
1,a,forest_frac_slope_2000_2025,mndwi_slope_2000_2025,0.0055607072466582,-0.0040875274318864,0.02589757926762104,0.028899256139993668
1,a,forest_frac_slope_2000_2025,mndwi_slope_2000_2025,0.0059400670194463,-0.0040875274318864,0.02587765082716942,0.029031001031398773
1,a,forest_frac_slope_2000_2025,mndwi_slope_2000_2025,-0.0092343238920763,-0.0039587044777359,0.005761474836617708,-0.005471659824252129
1,a,forest_frac_slope_2000_2025,mndwi_slope_2000_2025,-0.0088549641192882,-0.0039587044777359,0.00603540288284421,-0.0051171621307730675
1,a,forest_frac_slope_2000_2025,mndwi_slope_2000_2025,-0.0084756043465002,-0.0039587044777359,0.006230367347598076,-0.004458811599761248
1,a,forest_frac_slope_2000_2025,mndwi_slope_2000_2025,-0.0080962445737121,-0.0039587044777359,0.006751710548996925,-0.0035410842392593622
1,a,forest_frac_slope_2000_2025,mndwi_slope_2000_2025,-0.007716884800924,-0.0039587044777359,0.007220556028187275,-0.002557707019150257
1,a,forest_frac_slope_2000_2025,mndwi_slope_2000_2025,-0.007337525028136,-0.0039587044777359,0.007772307377308607,-0.0019565580878406763
1,a,forest_frac_slope_2000_2025,mndwi_slope_2000_2025,-0.0069581652553479,-0.0039587044777359,0.00820124801248312,-0.0009059885051101446
1,a,forest_frac_slope_2000_2025,mndwi_slope_2000_2025,-0.0065788054825598,-0.0039587044777359,0.00840312335640192,-0.0005423295660875738
1,a,forest_frac_slope_2000_2025,mndwi_slope_2000_2025,-0.0061994457097717,-0.0039587044777359,0.00857565738260746,5.877998410142027e-05
1,a,forest_frac_slope_2000_2025,mndwi_slope_2000_2025,-0.0058200859369837,-0.0039587044777359,0.009518236853182316,0.0016233305213972926
1,a,forest_frac_slope_2000_2025,mndwi_slope_2000_2025,-0.0054407261641956,-0.0039587044777359,0.011144696734845638,0.004232526756823063
1,a,forest_frac_slope_2000_2025,mndwi_slope_2000_2025,-0.0050613663914075,-0.0039587044777359,0.011131320148706436,0.004443073179572821
1,a,forest_frac_slope_2000_2025,mndwi_slope_2000_2025,-0.0046820066186195,-0.0039587044777359,0.0125989755615592,0.00647993478924036
1,a,forest_frac_slope_2000_2025,mndwi_slope_2000_2025,-0.0043026468458314,-0.0039587044777359,0.013171973638236523,0.00773266889154911
1,a,forest_frac_slope_2000_2025,mndwi_slope_2000_2025,-0.0039232870730433,-0.0039587044777359,0.013302233070135117,0.008190994150936604
1,a,forest_frac_slope_2000_2025,mndwi_slope_2000_2025,-0.0035439273002553,-0.0039587044777359,0.013836813159286976,0.009389338083565235
1,a,forest_frac_slope_2000_2025,mndwi_slope_2000_2025,-0.0031645675274672,-0.0039587044777359,0.014280814677476883,0.010132544673979282
1,a,forest_frac_slope_2000_2025,mndwi_slope_2000_2025,-0.0027852077546791,-0.0039587044777359,0.015430603176355362,0.011363331228494644
1,a,forest_frac_slope_2000_2025,mndwi_slope_2000_2025,-0.0024058479818911,-0.0039587044777359,0.015740903094410896,0.01203671470284462
1,a,forest_frac_slope_2000_2025,mndwi_slope_2000_2025,-0.002026488209103,-0.0039587044777359,0.016643082723021507,0.01341625489294529
1,a,forest_frac_slope_2000_2025,mndwi_slope_2000_2025,-0.0016471284363149,-0.0039587044777359,0.017405720427632332,0.014752850867807865
1,a,forest_frac_slope_2000_2025,mndwi_slope_2000_2025,-0.0012677686635269,-0.0039587044777359,0.018764713779091835,0.016739673912525177
1,a,forest_frac_slope_2000_2025,mndwi_slope_2000_2025,-0.0008884088907388,-0.0039587044777359,0.01977677270770073,0.018079934641718864
1,a,forest_frac_slope_2000_2025,mndwi_slope_2000_2025,-0.0005090491179507,-0.0039587044777359,0.02048199251294136,0.01925569958984852
1,a,forest_frac_slope_2000_2025,mndwi_slope_2000_2025,-0.0001296893451627,-0.0039587044777359,0.02151869423687458,0.02134130150079727
1,a,forest_frac_slope_2000_2025,mndwi_slope_2000_2025,0.0002496704276253,-0.0039587044777359,0.023416878655552864,0.02412053756415844
1,a,forest_frac_slope_2000_2025,mndwi_slope_2000_2025,0.0006290302004134,-0.0039587044777359,0.023697033524513245,0.024868151172995567
1,a,forest_frac_slope_2000_2025,mndwi_slope_2000_2025,0.0010083899732014,-0.0039587044777359,0.02417186088860035,0.025633882731199265
1,a,forest_frac_slope_2000_2025,mndwi_slope_2000_2025,0.0013877497459895,-0.0039587044777359,0.024376729503273964,0.02597600594162941
1,a,forest_frac_slope_2000_2025,mndwi_slope_2000_2025,0.0017671095187776,-0.0039587044777359,0.024434247985482216,0.026320794597268105
1,a,forest_frac_slope_2000_2025,mndwi_slope_2000_2025,0.0021464692915656,-0.0039587044777359,0.02493446134030819,0.026994241401553154
1,a,forest_frac_slope_2000_2025,mndwi_slope_2000_2025,0.0025258290643537,-0.0039587044777359,0.02509300597012043,0.027330350130796432
1,a,forest_frac_slope_2000_2025,mndwi_slope_2000_2025,0.0029051888371418,-0.0039587044777359,0.025499258190393448,0.027860412374138832
1,a,forest_frac_slope_2000_2025,mndwi_slope_2000_2025,0.0032845486099298,-0.0039587044777359,0.025737127289175987,0.02817540429532528
1,a,forest_frac_slope_2000_2025,mndwi_slope_2000_2025,0.0036639083827179,-0.0039587044777359,0.025742575526237488,0.02825854904949665
1,a,forest_frac_slope_2000_2025,mndwi_slope_2000_2025,0.004043268155506,-0.0039587044777359,0.025931712239980698,0.028527062386274338
1,a,forest_frac_slope_2000_2025,mndwi_slope_2000_2025,0.004422627928294,-0.0039587044777359,0.02599085122346878,0.028607189655303955
1,a,forest_frac_slope_2000_2025,mndwi_slope_2000_2025,0.0048019877010821,-0.0039587044777359,0.02601635828614235,0.028734683990478516
1,a,forest_frac_slope_2000_2025,mndwi_slope_2000_2025,0.0051813474738702,-0.0039587044777359,0.0260771531611681,0.02898406609892845
1,a,forest_frac_slope_2000_2025,mndwi_slope_2000_2025,0.0055607072466582,-0.0039587044777359,0.02607736550271511,0.029055774211883545
1,a,forest_frac_slope_2000_2025,mndwi_slope_2000_2025,0.0059400670194463,-0.0039587044777359,0.02605743706226349,0.02918539009988308
1,a,forest_frac_slope_2000_2025,mndwi_slope_2000_2025,-0.0092343238920763,-0.0038298815235853,0.005941282492130995,-0.005532213486731052
1,a,forest_frac_slope_2000_2025,mndwi_slope_2000_2025,-0.0088549641192882,-0.0038298815235853,0.006215033587068319,-0.0051704454235732555
1,a,forest_frac_slope_2000_2025,mndwi_slope_2000_2025,-0.0084756043465002,-0.0038298815235853,0.006411626469343901,-0.004502158612012863
1,a,forest_frac_slope_2000_2025,mndwi_slope_2000_2025,-0.0080962445737121,-0.0038298815235853,0.006958885118365288,-0.0035558382514864206
1,a,forest_frac_slope_2000_2025,mndwi_slope_2000_2025,-0.007716884800924,-0.0038298815235853,0.007603384554386139,-0.002388875698670745
1,a,forest_frac_slope_2000_2025,mndwi_slope_2000_2025,-0.007337525028136,-0.0038298815235853,0.008155136369168758,-0.0017786459065973759
1,a,forest_frac_slope_2000_2025,mndwi_slope_2000_2025,-0.0069581652553479,-0.0038298815235853,0.008604000322520733,-0.0006998999742791057
1,a,forest_frac_slope_2000_2025,mndwi_slope_2000_2025,-0.0065788054825598,-0.0038298815235853,0.008805875666439533,-0.00032902011298574507
1,a,forest_frac_slope_2000_2025,mndwi_slope_2000_2025,-0.0061994457097717,-0.0038298815235853,0.008978409692645073,0.0002778322668746114
1,a,forest_frac_slope_2000_2025,mndwi_slope_2000_2025,-0.0058200859369837,-0.0038298815235853,0.009920990094542503,0.0018500041915103793
1,a,forest_frac_slope_2000_2025,mndwi_slope_2000_2025,-0.0054407261641956,-0.0038298815235853,0.011947816237807274,0.004865901544690132
1,a,forest_frac_slope_2000_2025,mndwi_slope_2000_2025,-0.0050613663914075,-0.0038298815235853,0.011934437789022923,0.005085613112896681
1,a,forest_frac_slope_2000_2025,mndwi_slope_2000_2025,-0.0046820066186195,-0.0038298815235853,0.013493865728378296,0.007243197876960039
1,a,forest_frac_slope_2000_2025,mndwi_slope_2000_2025,-0.0043026468458314,-0.0038298815235853,0.013982277363538742,0.008572360500693321
1,a,forest_frac_slope_2000_2025,mndwi_slope_2000_2025,-0.0039232870730433,-0.0038298815235853,0.014117412269115448,0.009045068174600601
1,a,forest_frac_slope_2000_2025,mndwi_slope_2000_2025,-0.0035439273002553,-0.0038298815235853,0.014661572873592377,0.010255272500216961
1,a,forest_frac_slope_2000_2025,mndwi_slope_2000_2025,-0.0031645675274672,-0.0038298815235853,0.015151740983128548,0.011029443703591824
1,a,forest_frac_slope_2000_2025,mndwi_slope_2000_2025,-0.0027852077546791,-0.0038298815235853,0.016251659020781517,0.012196443043649197
1,a,forest_frac_slope_2000_2025,mndwi_slope_2000_2025,-0.0024058479818911,-0.0038298815235853,0.0164642333984375,0.012766524218022823
1,a,forest_frac_slope_2000_2025,mndwi_slope_2000_2025,-0.002026488209103,-0.0038298815235853,0.017270727083086967,0.014040895737707615
1,a,forest_frac_slope_2000_2025,mndwi_slope_2000_2025,-0.0016471284363149,-0.0038298815235853,0.017869295552372932,0.015171750448644161
1,a,forest_frac_slope_2000_2025,mndwi_slope_2000_2025,-0.0012677686635269,-0.0038298815235853,0.018923357129096985,0.01685715653002262
1,a,forest_frac_slope_2000_2025,mndwi_slope_2000_2025,-0.0008884088907388,-0.0038298815235853,0.019882837310433388,0.01816570572555065
1,a,forest_frac_slope_2000_2025,mndwi_slope_2000_2025,-0.0005090491179507,-0.0038298815235853,0.02058642916381359,0.019342545419931412
1,a,forest_frac_slope_2000_2025,mndwi_slope_2000_2025,-0.0001296893451627,-0.0038298815235853,0.021610913798213005,0.0214151032269001
1,a,forest_frac_slope_2000_2025,mndwi_slope_2000_2025,0.0002496704276253,-0.0038298815235853,0.02352406270802021,0.024200765416026115
1,a,forest_frac_slope_2000_2025,mndwi_slope_2000_2025,0.0006290302004134,-0.0038298815235853,0.02380436845123768,0.02494075708091259
1,a,forest_frac_slope_2000_2025,mndwi_slope_2000_2025,0.0010083899732014,-0.0038298815235853,0.02427852340042591,0.025703728199005127
1,a,forest_frac_slope_2000_2025,mndwi_slope_2000_2025,0.0013877497459895,-0.0038298815235853,0.02447979710996151,0.02604016102850437
1,a,forest_frac_slope_2000_2025,mndwi_slope_2000_2025,0.0017671095187776,-0.0038298815235853,0.02453731931746006,0.026383746415376663
1,a,forest_frac_slope_2000_2025,mndwi_slope_2000_2025,0.0021464692915656,-0.0038298815235853,0.025034049525856972,0.02705361694097519
1,a,forest_frac_slope_2000_2025,mndwi_slope_2000_2025,0.0025258290643537,-0.0038298815235853,0.025192594155669212,0.027394644916057587
1,a,forest_frac_slope_2000_2025,mndwi_slope_2000_2025,0.0029051888371418,-0.0038298815235853,0.02559884637594223,0.027924038469791412
1,a,forest_frac_slope_2000_2025,mndwi_slope_2000_2025,0.0032845486099298,-0.0038298815235853,0.02583671361207962,0.02823926880955696
1,a,forest_frac_slope_2000_2025,mndwi_slope_2000_2025,0.0036639083827179,-0.0038298815235853,0.02584216184914112,0.02832246758043766
1,a,forest_frac_slope_2000_2025,mndwi_slope_2000_2025,0.004043268155506,-0.0038298815235853,0.02603130228817463,0.02859014831483364
1,a,forest_frac_slope_2000_2025,mndwi_slope_2000_2025,0.004422627928294,-0.0038298815235853,0.026090441271662712,0.02867073379456997
1,a,forest_frac_slope_2000_2025,mndwi_slope_2000_2025,0.0048019877010821,-0.0038298815235853,0.02611594647169113,0.028798338025808334
1,a,forest_frac_slope_2000_2025,mndwi_slope_2000_2025,0.0051813474738702,-0.0038298815235853,0.026177240535616875,0.029048245400190353
1,a,forest_frac_slope_2000_2025,mndwi_slope_2000_2025,0.0055607072466582,-0.0038298815235853,0.026177452877163887,0.02911994978785515
1,a,forest_frac_slope_2000_2025,mndwi_slope_2000_2025,0.0059400670194463,-0.0038298815235853,0.02615373395383358,0.029245872050523758
1,a,forest_frac_slope_2000_2025,mndwi_slope_2000_2025,-0.0092343238920763,-0.0037010585694347,0.0062607754953205585,-0.005213809199631214
1,a,forest_frac_slope_2000_2025,mndwi_slope_2000_2025,-0.0088549641192882,-0.0037010585694347,0.006547549739480019,-0.004845896270126104
1,a,forest_frac_slope_2000_2025,mndwi_slope_2000_2025,-0.0084756043465002,-0.0037010585694347,0.0067611257545650005,-0.0041507030837237835
1,a,forest_frac_slope_2000_2025,mndwi_slope_2000_2025,-0.0080962445737121,-0.0037010585694347,0.007364282384514809,-0.0031706190202385187
1,a,forest_frac_slope_2000_2025,mndwi_slope_2000_2025,-0.007716884800924,-0.0037010585694347,0.00800878182053566,-0.0019862246699631214
1,a,forest_frac_slope_2000_2025,mndwi_slope_2000_2025,-0.007337525028136,-0.0037010585694347,0.008666432462632656,-0.001135951722972095
1,a,forest_frac_slope_2000_2025,mndwi_slope_2000_2025,-0.0069581652553479,-0.0037010585694347,0.009175222367048264,6.537039007525891e-05
1,a,forest_frac_slope_2000_2025,mndwi_slope_2000_2025,-0.0065788054825598,-0.0037010585694347,0.009377097710967064,0.0004885682137683034
1,a,forest_frac_slope_2000_2025,mndwi_slope_2000_2025,-0.0061994457097717,-0.0037010585694347,0.009549631737172604,0.0011712720151990652
1,a,forest_frac_slope_2000_2025,mndwi_slope_2000_2025,-0.0058200859369837,-0.0037010585694347,0.010492213070392609,0.0027576617430895567
1,a,forest_frac_slope_2000_2025,mndwi_slope_2000_2025,-0.0054407261641956,-0.0037010585694347,0.012480221688747406,0.0057494137436151505
1,a,forest_frac_slope_2000_2025,mndwi_slope_2000_2025,-0.0050613663914075,-0.0037010585694347,0.01246684417128563,0.005760121159255505
1,a,forest_frac_slope_2000_2025,mndwi_slope_2000_2025,-0.0046820066186195,-0.0037010585694347,0.01396569050848484,0.007852964103221893
1,a,forest_frac_slope_2000_2025,mndwi_slope_2000_2025,-0.0043026468458314,-0.0037010585694347,0.014341993257403374,0.009027717635035515
1,a,forest_frac_slope_2000_2025,mndwi_slope_2000_2025,-0.0039232870730433,-0.0037010585694347,0.014477129094302654,0.009494388476014137
1,a,forest_frac_slope_2000_2025,mndwi_slope_2000_2025,-0.0035439273002553,-0.0037010585694347,0.01499593909829855,0.010725772939622402
1,a,forest_frac_slope_2000_2025,mndwi_slope_2000_2025,-0.0031645675274672,-0.0037010585694347,0.015522140078246593,0.011535429395735264
1,a,forest_frac_slope_2000_2025,mndwi_slope_2000_2025,-0.0027852077546791,-0.0037010585694347,0.016654329374432564,0.012732281349599361
1,a,forest_frac_slope_2000_2025,mndwi_slope_2000_2025,-0.0024058479818911,-0.0037010585694347,0.01688646525144577,0.013315614312887192
1,a,forest_frac_slope_2000_2025,mndwi_slope_2000_2025,-0.002026488209103,-0.0037010585694347,0.017623409628868103,0.014489371329545975
1,a,forest_frac_slope_2000_2025,mndwi_slope_2000_2025,-0.0016471284363149,-0.0037010585694347,0.01816469244658947,0.01554664596915245
1,a,forest_frac_slope_2000_2025,mndwi_slope_2000_2025,-0.0012677686635269,-0.0037010585694347,0.019227828830480576,0.017218545079231262
1,a,forest_frac_slope_2000_2025,mndwi_slope_2000_2025,-0.0008884088907388,-0.0037010585694347,0.020167449489235878,0.01849290169775486
1,a,forest_frac_slope_2000_2025,mndwi_slope_2000_2025,-0.0005090491179507,-0.0037010585694347,0.020888421684503555,0.019663328304886818
1,a,forest_frac_slope_2000_2025,mndwi_slope_2000_2025,-0.0001296893451627,-0.0037010585694347,0.02187183126807213,0.021656595170497894
1,a,forest_frac_slope_2000_2025,mndwi_slope_2000_2025,0.0002496704276253,-0.0037010585694347,0.02375488355755806,0.02439825050532818
1,a,forest_frac_slope_2000_2025,mndwi_slope_2000_2025,0.0006290302004134,-0.0037010585694347,0.02403518743813038,0.02512923814356327
1,a,forest_frac_slope_2000_2025,mndwi_slope_2000_2025,0.0010083899732014,-0.0037010585694347,0.024494199082255363,0.025872059166431427
1,a,forest_frac_slope_2000_2025,mndwi_slope_2000_2025,0.0013877497459895,-0.0037010585694347,0.024695787578821182,0.026203908026218414
1,a,forest_frac_slope_2000_2025,mndwi_slope_2000_2025,0.0017671095187776,-0.0037010585694347,0.024752311408519745,0.02654373086988926
1,a,forest_frac_slope_2000_2025,mndwi_slope_2000_2025,0.0021464692915656,-0.0037010585694347,0.025247426703572273,0.02721119485795498
1,a,forest_frac_slope_2000_2025,mndwi_slope_2000_2025,0.0025258290643537,-0.0037010585694347,0.025405969470739365,0.027549130842089653
1,a,forest_frac_slope_2000_2025,mndwi_slope_2000_2025,0.0029051888371418,-0.0037010585694347,0.02579505555331707,0.028059110045433044
1,a,forest_frac_slope_2000_2025,mndwi_slope_2000_2025,0.0032845486099298,-0.0037010585694347,0.02603292465209961,0.028372332453727722
1,a,forest_frac_slope_2000_2025,mndwi_slope_2000_2025,0.0036639083827179,-0.0037010585694347,0.02603837288916111,0.028453394770622253
1,a,forest_frac_slope_2000_2025,mndwi_slope_2000_2025,0.004043268155506,-0.0037010585694347,0.02622751146554947,0.028720200061798096
1,a,forest_frac_slope_2000_2025,mndwi_slope_2000_2025,0.004422627928294,-0.0037010585694347,0.026286650449037552,0.02880016341805458
1,a,forest_frac_slope_2000_2025,mndwi_slope_2000_2025,0.0048019877010821,-0.0037010585694347,0.02631215751171112,0.028927650302648544
1,a,forest_frac_slope_2000_2025,mndwi_slope_2000_2025,0.0051813474738702,-0.0037010585694347,0.026373449712991714,0.029176928102970123
1,a,forest_frac_slope_2000_2025,mndwi_slope_2000_2025,0.0055607072466582,-0.0037010585694347,0.026373662054538727,0.02924780547618866
1,a,forest_frac_slope_2000_2025,mndwi_slope_2000_2025,0.0059400670194463,-0.0037010585694347,0.026349946856498718,0.029373537749052048
1,a,forest_frac_slope_2000_2025,mndwi_slope_2000_2025,-0.0092343238920763,-0.0035722356152841,0.006602794863283634,-0.004479726776480675
1,a,forest_frac_slope_2000_2025,mndwi_slope_2000_2025,-0.0088549641192882,-0.0035722356152841,0.006889569107443094,-0.004079857841134071
1,a,forest_frac_slope_2000_2025,mndwi_slope_2000_2025,-0.0084756043465002,-0.0035722356152841,0.007134392391890287,-0.003344815457239747
1,a,forest_frac_slope_2000_2025,mndwi_slope_2000_2025,-0.0080962445737121,-0.0035722356152841,0.007777895778417587,-0.002327249152585864
1,a,forest_frac_slope_2000_2025,mndwi_slope_2000_2025,-0.007716884800924,-0.0035722356152841,0.008448224514722824,-0.0011003583204001188
1,a,forest_frac_slope_2000_2025,mndwi_slope_2000_2025,-0.007337525028136,-0.0035722356152841,0.009105876088142395,-0.0002574979152996093
1,a,forest_frac_slope_2000_2025,mndwi_slope_2000_2025,-0.0069581652553479,-0.0035722356152841,0.009617947973310947,0.0009364727302454412
1,a,forest_frac_slope_2000_2025,mndwi_slope_2000_2025,-0.0065788054825598,-0.0035722356152841,0.00981826614588499,0.0013591361930593848
1,a,forest_frac_slope_2000_2025,mndwi_slope_2000_2025,-0.0061994457097717,-0.0035722356152841,0.010002638213336468,0.0020357687026262283
1,a,forest_frac_slope_2000_2025,mndwi_slope_2000_2025,-0.0058200859369837,-0.0035722356152841,0.010950540192425251,0.003511474933475256
1,a,forest_frac_slope_2000_2025,mndwi_slope_2000_2025,-0.0054407261641956,-0.0035722356152841,0.013007119297981262,0.006554856896400452
1,a,forest_frac_slope_2000_2025,mndwi_slope_2000_2025,-0.0050613663914075,-0.0035722356152841,0.012994611635804176,0.006555553060024977
1,a,forest_frac_slope_2000_2025,mndwi_slope_2000_2025,-0.0046820066186195,-0.0035722356152841,0.014580413699150085,0.008716986514627934
1,a,forest_frac_slope_2000_2025,mndwi_slope_2000_2025,-0.0043026468458314,-0.0035722356152841,0.014954776503145695,0.009782484732568264
1,a,forest_frac_slope_2000_2025,mndwi_slope_2000_2025,-0.0039232870730433,-0.0035722356152841,0.01511705107986927,0.010281359776854515
1,a,forest_frac_slope_2000_2025,mndwi_slope_2000_2025,-0.0035439273002553,-0.0035722356152841,0.01570754684507847,0.011552898213267326
1,a,forest_frac_slope_2000_2025,mndwi_slope_2000_2025,-0.0031645675274672,-0.0035722356152841,0.01623816043138504,0.012361994944512844
1,a,forest_frac_slope_2000_2025,mndwi_slope_2000_2025,-0.0027852077546791,-0.0035722356152841,0.017433738335967064,0.013630676083266735
1,a,forest_frac_slope_2000_2025,mndwi_slope_2000_2025,-0.0024058479818911,-0.0035722356152841,0.01766485720872879,0.014206520281732082
1,a,forest_frac_slope_2000_2025,mndwi_slope_2000_2025,-0.002026488209103,-0.0035722356152841,0.01840570941567421,0.015372033230960369
1,a,forest_frac_slope_2000_2025,mndwi_slope_2000_2025,-0.0016471284363149,-0.0035722356152841,0.018874049186706543,0.016372768208384514
1,a,forest_frac_slope_2000_2025,mndwi_slope_2000_2025,-0.0012677686635269,-0.0035722356152841,0.019823061302304268,0.017837628722190857
1,a,forest_frac_slope_2000_2025,mndwi_slope_2000_2025,-0.0008884088907388,-0.0035722356152841,0.020639730617403984,0.018977925181388855
1,a,forest_frac_slope_2000_2025,mndwi_slope_2000_2025,-0.0005090491179507,-0.0035722356152841,0.021362559869885445,0.020130736753344536
1,a,forest_frac_slope_2000_2025,mndwi_slope_2000_2025,-0.0001296893451627,-0.0035722356152841,0.022192150354385376,0.021962275728583336
1,a,forest_frac_slope_2000_2025,mndwi_slope_2000_2025,0.0002496704276253,-0.0035722356152841,0.024103615432977676,0.024699833244085312
1,a,forest_frac_slope_2000_2025,mndwi_slope_2000_2025,0.0006290302004134,-0.0035722356152841,0.024398600682616234,0.025444936007261276
1,a,forest_frac_slope_2000_2025,mndwi_slope_2000_2025,0.0010083899732014,-0.0035722356152841,0.024891041219234467,0.026224562898278236
1,a,forest_frac_slope_2000_2025,mndwi_slope_2000_2025,0.0013877497459895,-0.0035722356152841,0.025050489231944084,0.02651774324476719
1,a,forest_frac_slope_2000_2025,mndwi_slope_2000_2025,0.0017671095187776,-0.0035722356152841,0.025107013061642647,0.026854844763875008
1,a,forest_frac_slope_2000_2025,mndwi_slope_2000_2025,0.0021464692915656,-0.0035722356152841,0.02563673071563244,0.027552083134651184
1,a,forest_frac_slope_2000_2025,mndwi_slope_2000_2025,0.0025258290643537,-0.0035722356152841,0.0257949847728014,0.02788730338215828
1,a,forest_frac_slope_2000_2025,mndwi_slope_2000_2025,0.0029051888371418,-0.0035722356152841,0.026184068992733955,0.028394361957907677
1,a,forest_frac_slope_2000_2025,mndwi_slope_2000_2025,0.0032845486099298,-0.0035722356152841,0.02637637034058571,0.0286488626152277
1,a,forest_frac_slope_2000_2025,mndwi_slope_2000_2025,0.0036639083827179,-0.0035722356152841,0.02638181857764721,0.028727995231747627
1,a,forest_frac_slope_2000_2025,mndwi_slope_2000_2025,0.004043268155506,-0.0035722356152841,0.026565708220005035,0.028987934812903404
1,a,forest_frac_slope_2000_2025,mndwi_slope_2000_2025,0.004422627928294,-0.0035722356152841,0.02662484720349312,0.029066454619169235
1,a,forest_frac_slope_2000_2025,mndwi_slope_2000_2025,0.0048019877010821,-0.0035722356152841,0.02665061503648758,0.029193401336669922
1,a,forest_frac_slope_2000_2025,mndwi_slope_2000_2025,0.0051813474738702,-0.0035722356152841,0.026711909100413322,0.02944270521402359
1,a,forest_frac_slope_2000_2025,mndwi_slope_2000_2025,0.0055607072466582,-0.0035722356152841,0.026712119579315186,0.029514869675040245
1,a,forest_frac_slope_2000_2025,mndwi_slope_2000_2025,0.0059400670194463,-0.0035722356152841,0.02668790891766548,0.02964049018919468
1,a,forest_frac_slope_2000_2025,mndwi_slope_2000_2025,-0.0092343238920763,-0.0034434126611335,0.0067506106570363045,-0.004348815884441137
1,a,forest_frac_slope_2000_2025,mndwi_slope_2000_2025,-0.0088549641192882,-0.0034434126611335,0.0070373862981796265,-0.0039578769356012344
1,a,forest_frac_slope_2000_2025,mndwi_slope_2000_2025,-0.0084756043465002,-0.0034434126611335,0.007288880180567503,-0.00322388531640172
1,a,forest_frac_slope_2000_2025,mndwi_slope_2000_2025,-0.0080962445737121,-0.0034434126611335,0.007988682016730309,-0.0021280194632709026
1,a,forest_frac_slope_2000_2025,mndwi_slope_2000_2025,-0.007716884800924,-0.0034434126611335,0.00865901168435812,-0.0008792883018031716
1,a,forest_frac_slope_2000_2025,mndwi_slope_2000_2025,-0.007337525028136,-0.0034434126611335,0.009412947110831738,4.632584750652313e-05
1,a,forest_frac_slope_2000_2025,mndwi_slope_2000_2025,-0.0069581652553479,-0.0034434126611335,0.009925018064677715,0.0012444255407899618
1,a,forest_frac_slope_2000_2025,mndwi_slope_2000_2025,-0.0065788054825598,-0.0034434126611335,0.010124355554580688,0.0016682259738445282
1,a,forest_frac_slope_2000_2025,mndwi_slope_2000_2025,-0.0061994457097717,-0.0034434126611335,0.010309416800737381,0.0023479650262743235
1,a,forest_frac_slope_2000_2025,mndwi_slope_2000_2025,-0.0058200859369837,-0.0034434126611335,0.011299483478069305,0.0038681402802467346
1,a,forest_frac_slope_2000_2025,mndwi_slope_2000_2025,-0.0054407261641956,-0.0034434126611335,0.013312683440744877,0.006870007608085871
1,a,forest_frac_slope_2000_2025,mndwi_slope_2000_2025,-0.0050613663914075,-0.0034434126611335,0.013299682177603245,0.0068737175315618515
1,a,forest_frac_slope_2000_2025,mndwi_slope_2000_2025,-0.0046820066186195,-0.0034434126611335,0.014854181557893753,0.009006597101688385
1,a,forest_frac_slope_2000_2025,mndwi_slope_2000_2025,-0.0043026468458314,-0.0034434126611335,0.015229439362883568,0.010075257159769535
1,a,forest_frac_slope_2000_2025,mndwi_slope_2000_2025,-0.0039232870730433,-0.0034434126611335,0.01541155856102705,0.010596397332847118
1,a,forest_frac_slope_2000_2025,mndwi_slope_2000_2025,-0.0035439273002553,-0.0034434126611335,0.01593419536948204,0.011794972233474255
1,a,forest_frac_slope_2000_2025,mndwi_slope_2000_2025,-0.0031645675274672,-0.0034434126611335,0.016476444900035858,0.012601636350154877
1,a,forest_frac_slope_2000_2025,mndwi_slope_2000_2025,-0.0027852077546791,-0.0034434126611335,0.017597489058971405,0.013794858939945698
1,a,forest_frac_slope_2000_2025,mndwi_slope_2000_2025,-0.0024058479818911,-0.0034434126611335,0.017881331965327263,0.014418204315006733
1,a,forest_frac_slope_2000_2025,mndwi_slope_2000_2025,-0.002026488209103,-0.0034434126611335,0.01862805336713791,0.015587447211146355
1,a,forest_frac_slope_2000_2025,mndwi_slope_2000_2025,-0.0016471284363149,-0.0034434126611335,0.01910075731575489,0.0165938101708889
1,a,forest_frac_slope_2000_2025,mndwi_slope_2000_2025,-0.0012677686635269,-0.0034434126611335,0.020025761798024178,0.01803550496697426
1,a,forest_frac_slope_2000_2025,mndwi_slope_2000_2025,-0.0008884088907388,-0.0034434126611335,0.02084716223180294,0.01918105036020279
1,a,forest_frac_slope_2000_2025,mndwi_slope_2000_2025,-0.0005090491179507,-0.0034434126611335,0.021542975679039955,0.020308980718255043
1,a,forest_frac_slope_2000_2025,mndwi_slope_2000_2025,-0.0001296893451627,-0.0034434126611335,0.022381633520126343,0.022150196135044098
1,a,forest_frac_slope_2000_2025,mndwi_slope_2000_2025,0.0002496704276253,-0.0034434126611335,0.024326978251338005,0.024918770417571068
1,a,forest_frac_slope_2000_2025,mndwi_slope_2000_2025,0.0006290302004134,-0.0034434126611335,0.02462128922343254,0.025681568309664726
1,a,forest_frac_slope_2000_2025,mndwi_slope_2000_2025,0.0010083899732014,-0.0034434126611335,0.02511373534798622,0.02646549604833126
1,a,forest_frac_slope_2000_2025,mndwi_slope_2000_2025,0.0013877497459895,-0.0034434126611335,0.025263236835598946,0.026751238852739334
1,a,forest_frac_slope_2000_2025,mndwi_slope_2000_2025,0.0017671095187776,-0.0034434126611335,0.025319760665297508,0.027084751054644585
1,a,forest_frac_slope_2000_2025,mndwi_slope_2000_2025,0.0021464692915656,-0.0034434126611335,0.025838227942585945,0.027766209095716476
1,a,forest_frac_slope_2000_2025,mndwi_slope_2000_2025,0.0025258290643537,-0.0034434126611335,0.025996316224336624,0.02809981070458889
1,a,forest_frac_slope_2000_2025,mndwi_slope_2000_2025,0.0029051888371418,-0.0034434126611335,0.02637775056064129,0.0285979975014925
1,a,forest_frac_slope_2000_2025,mndwi_slope_2000_2025,0.0032845486099298,-0.0034434126611335,0.026566684246063232,0.02884792722761631
1,a,forest_frac_slope_2000_2025,mndwi_slope_2000_2025,0.0036639083827179,-0.0034434126611335,0.026572132483124733,0.028928805142641068
1,a,forest_frac_slope_2000_2025,mndwi_slope_2000_2025,0.004043268155506,-0.0034434126611335,0.02675601653754711,0.029185093939304352
1,a,forest_frac_slope_2000_2025,mndwi_slope_2000_2025,0.004422627928294,-0.0034434126611335,0.026815157383680344,0.029261499643325806
1,a,forest_frac_slope_2000_2025,mndwi_slope_2000_2025,0.0048019877010821,-0.0034434126611335,0.026840925216674805,0.0293866153806448
1,a,forest_frac_slope_2000_2025,mndwi_slope_2000_2025,0.0051813474738702,-0.0034434126611335,0.02688327245414257,0.029616279527544975
1,a,forest_frac_slope_2000_2025,mndwi_slope_2000_2025,0.0055607072466582,-0.0034434126611335,0.02688348852097988,0.029687175527215004
1,a,forest_frac_slope_2000_2025,mndwi_slope_2000_2025,0.0059400670194463,-0.0034434126611335,0.02685927040874958,0.02981216460466385
1,a,forest_frac_slope_2000_2025,mndwi_slope_2000_2025,-0.0092343238920763,-0.0033145897069829,0.007014129776507616,-0.004324847832322121
1,a,forest_frac_slope_2000_2025,mndwi_slope_2000_2025,-0.0088549641192882,-0.0033145897069829,0.007319687865674496,-0.003928815480321646
1,a,forest_frac_slope_2000_2025,mndwi_slope_2000_2025,-0.0084756043465002,-0.0033145897069829,0.0075711822137236595,-0.0031975340098142624
1,a,forest_frac_slope_2000_2025,mndwi_slope_2000_2025,-0.0080962445737121,-0.0033145897069829,0.008332252502441406,-0.0020582680590450764
1,a,forest_frac_slope_2000_2025,mndwi_slope_2000_2025,-0.007716884800924,-0.0033145897069829,0.009032942354679108,-0.0008105000015348196
1,a,forest_frac_slope_2000_2025,mndwi_slope_2000_2025,-0.007337525028136,-0.0033145897069829,0.00984505470842123,0.00011871033348143101
1,a,forest_frac_slope_2000_2025,mndwi_slope_2000_2025,-0.0069581652553479,-0.0033145897069829,0.010405111126601696,0.0012941650347784162
1,a,forest_frac_slope_2000_2025,mndwi_slope_2000_2025,-0.0065788054825598,-0.0033145897069829,0.01060361135751009,0.0017198296263813972
1,a,forest_frac_slope_2000_2025,mndwi_slope_2000_2025,-0.0061994457097717,-0.0033145897069829,0.010763067752122879,0.0023870819713920355
1,a,forest_frac_slope_2000_2025,mndwi_slope_2000_2025,-0.0058200859369837,-0.0033145897069829,0.011734869331121445,0.0038986694999039173
1,a,forest_frac_slope_2000_2025,mndwi_slope_2000_2025,-0.0054407261641956,-0.0033145897069829,0.01366430427879095,0.006894813384860754
1,a,forest_frac_slope_2000_2025,mndwi_slope_2000_2025,-0.0050613663914075,-0.0033145897069829,0.013651303946971893,0.006906431633979082
1,a,forest_frac_slope_2000_2025,mndwi_slope_2000_2025,-0.0046820066186195,-0.0033145897069829,0.015134244225919247,0.009135328233242035
1,a,forest_frac_slope_2000_2025,mndwi_slope_2000_2025,-0.0043026468458314,-0.0033145897069829,0.015461751259863377,0.010205819271504879
1,a,forest_frac_slope_2000_2025,mndwi_slope_2000_2025,-0.0039232870730433,-0.0033145897069829,0.01564386859536171,0.010732017457485199
1,a,forest_frac_slope_2000_2025,mndwi_slope_2000_2025,-0.0035439273002553,-0.0033145897069829,0.016168393194675446,0.011937853880226612
1,a,forest_frac_slope_2000_2025,mndwi_slope_2000_2025,-0.0031645675274672,-0.0033145897069829,0.016633592545986176,0.012708828784525394
1,a,forest_frac_slope_2000_2025,mndwi_slope_2000_2025,-0.0027852077546791,-0.0033145897069829,0.017705338075757027,0.013850895687937737
1,a,forest_frac_slope_2000_2025,mndwi_slope_2000_2025,-0.0024058479818911,-0.0033145897069829,0.017977429553866386,0.014473460614681244
1,a,forest_frac_slope_2000_2025,mndwi_slope_2000_2025,-0.002026488209103,-0.0033145897069829,0.01867445930838585,0.015618151053786278
1,a,forest_frac_slope_2000_2025,mndwi_slope_2000_2025,-0.0016471284363149,-0.0033145897069829,0.01913287863135338,0.016613520681858063
1,a,forest_frac_slope_2000_2025,mndwi_slope_2000_2025,-0.0012677686635269,-0.0033145897069829,0.020034752786159515,0.0180452149361372
1,a,forest_frac_slope_2000_2025,mndwi_slope_2000_2025,-0.0008884088907388,-0.0033145897069829,0.020865678787231445,0.019193941727280617
1,a,forest_frac_slope_2000_2025,mndwi_slope_2000_2025,-0.0005090491179507,-0.0033145897069829,0.02156149223446846,0.020319247618317604
1,a,forest_frac_slope_2000_2025,mndwi_slope_2000_2025,-0.0001296893451627,-0.0033145897069829,0.0223556999117136,0.022119712084531784
1,a,forest_frac_slope_2000_2025,mndwi_slope_2000_2025,0.0002496704276253,-0.0033145897069829,0.02429676614701748,0.024883467704057693
1,a,forest_frac_slope_2000_2025,mndwi_slope_2000_2025,0.0006290302004134,-0.0033145897069829,0.024591080844402313,0.02564576454460621
1,a,forest_frac_slope_2000_2025,mndwi_slope_2000_2025,0.0010083899732014,-0.0033145897069829,0.025083523243665695,0.026430023834109306
1,a,forest_frac_slope_2000_2025,mndwi_slope_2000_2025,0.0013877497459895,-0.0033145897069829,0.02523302473127842,0.026716556400060654
1,a,forest_frac_slope_2000_2025,mndwi_slope_2000_2025,0.0017671095187776,-0.0033145897069829,0.025289548560976982,0.02705135941505432
1,a,forest_frac_slope_2000_2025,mndwi_slope_2000_2025,0.0021464692915656,-0.0033145897069829,0.025809524580836296,0.027735557407140732
1,a,forest_frac_slope_2000_2025,mndwi_slope_2000_2025,0.0025258290643537,-0.0033145897069829,0.025967614725232124,0.028069613501429558
1,a,forest_frac_slope_2000_2025,mndwi_slope_2000_2025,0.0029051888371418,-0.0033145897069829,0.02634904719889164,0.02856788970530033
1,a,forest_frac_slope_2000_2025,mndwi_slope_2000_2025,0.0032845486099298,-0.0033145897069829,0.026537979021668434,0.02881791815161705
1,a,forest_frac_slope_2000_2025,mndwi_slope_2000_2025,0.0036639083827179,-0.0033145897069829,0.026543427258729935,0.028898989781737328
1,a,forest_frac_slope_2000_2025,mndwi_slope_2000_2025,0.004043268155506,-0.0033145897069829,0.026727313175797462,0.02915555238723755
1,a,forest_frac_slope_2000_2025,mndwi_slope_2000_2025,0.004422627928294,-0.0033145897069829,0.026786454021930695,0.029232429340481758
1,a,forest_frac_slope_2000_2025,mndwi_slope_2000_2025,0.0048019877010821,-0.0033145897069829,0.026812223717570305,0.029357941821217537
1,a,forest_frac_slope_2000_2025,mndwi_slope_2000_2025,0.0051813474738702,-0.0033145897069829,0.026854565367102623,0.029587866738438606
1,a,forest_frac_slope_2000_2025,mndwi_slope_2000_2025,0.0055607072466582,-0.0033145897069829,0.026854781433939934,0.029658794403076172
1,a,forest_frac_slope_2000_2025,mndwi_slope_2000_2025,0.0059400670194463,-0.0033145897069829,0.026812700554728508,0.029766060411930084
1,a,forest_frac_slope_2000_2025,mndwi_slope_2000_2025,-0.0092343238920763,-0.0031857667528323,0.007158010732382536,-0.004294432699680328
1,a,forest_frac_slope_2000_2025,mndwi_slope_2000_2025,-0.0088549641192882,-0.0031857667528323,0.007397633511573076,-0.0038986532017588615
1,a,forest_frac_slope_2000_2025,mndwi_slope_2000_2025,-0.0084756043465002,-0.0031857667528323,0.00764912785962224,-0.003167063230648637
1,a,forest_frac_slope_2000_2025,mndwi_slope_2000_2025,-0.0080962445737121,-0.0031857667528323,0.008430185727775097,-0.0020074776839464903
1,a,forest_frac_slope_2000_2025,mndwi_slope_2000_2025,-0.007716884800924,-0.0031857667528323,0.009136774577200413,-0.0007562685059383512
1,a,forest_frac_slope_2000_2025,mndwi_slope_2000_2025,-0.007337525028136,-0.0031857667528323,0.00994888786226511,0.00017429252329748124
1,a,forest_frac_slope_2000_2025,mndwi_slope_2000_2025,-0.0069581652553479,-0.0031857667528323,0.010580944828689098,0.0014169502537697554
1,a,forest_frac_slope_2000_2025,mndwi_slope_2000_2025,-0.0065788054825598,-0.0031857667528323,0.010779445059597492,0.0018442919244989753
1,a,forest_frac_slope_2000_2025,mndwi_slope_2000_2025,-0.0061994457097717,-0.0031857667528323,0.010938901454210281,0.0025135509204119444
1,a,forest_frac_slope_2000_2025,mndwi_slope_2000_2025,-0.0058200859369837,-0.0031857667528323,0.011910702101886272,0.00402789656072855
1,a,forest_frac_slope_2000_2025,mndwi_slope_2000_2025,-0.0054407261641956,-0.0031857667528323,0.01386429462581873,0.0070506492629647255
1,a,forest_frac_slope_2000_2025,mndwi_slope_2000_2025,-0.0050613663914075,-0.0031857667528323,0.013850351795554161,0.00706488685682416
1,a,forest_frac_slope_2000_2025,mndwi_slope_2000_2025,-0.0046820066186195,-0.0031857667528323,0.015319779515266418,0.009281766600906849
1,a,forest_frac_slope_2000_2025,mndwi_slope_2000_2025,-0.0043026468458314,-0.0031857667528323,0.015649782493710518,0.010358411818742752
1,a,forest_frac_slope_2000_2025,mndwi_slope_2000_2025,-0.0039232870730433,-0.0031857667528323,0.015831900760531425,0.010889633558690548
1,a,forest_frac_slope_2000_2025,mndwi_slope_2000_2025,-0.0035439273002553,-0.0031857667528323,0.01636398583650589,0.012105237692594528
1,a,forest_frac_slope_2000_2025,mndwi_slope_2000_2025,-0.0031645675274672,-0.0031857667528323,0.016818996518850327,0.012870485894382
1,a,forest_frac_slope_2000_2025,mndwi_slope_2000_2025,-0.0027852077546791,-0.0031857667528323,0.017868772149086,0.013994783163070679
1,a,forest_frac_slope_2000_2025,mndwi_slope_2000_2025,-0.0024058479818911,-0.0031857667528323,0.01814906857907772,0.014635922387242317
1,a,forest_frac_slope_2000_2025,mndwi_slope_2000_2025,-0.002026488209103,-0.0031857667528323,0.01881127618253231,0.015753988176584244
1,a,forest_frac_slope_2000_2025,mndwi_slope_2000_2025,-0.0016471284363149,-0.0031857667528323,0.019248174503445625,0.016750842332839966
1,a,forest_frac_slope_2000_2025,mndwi_slope_2000_2025,-0.0012677686635269,-0.0031857667528323,0.020127085968852043,0.018173299729824066
1,a,forest_frac_slope_2000_2025,mndwi_slope_2000_2025,-0.0008884088907388,-0.0031857667528323,0.02094946801662445,0.019326521083712578
1,a,forest_frac_slope_2000_2025,mndwi_slope_2000_2025,-0.0005090491179507,-0.0031857667528323,0.021645281463861465,0.020469913259148598
1,a,forest_frac_slope_2000_2025,mndwi_slope_2000_2025,-0.0001296893451627,-0.0031857667528323,0.02243892103433609,0.02229582518339157
1,a,forest_frac_slope_2000_2025,mndwi_slope_2000_2025,0.0002496704276253,-0.0031857667528323,0.024377914145588875,0.02517508901655674
1,a,forest_frac_slope_2000_2025,mndwi_slope_2000_2025,0.0006290302004134,-0.0031857667528323,0.02467222698032856,0.02594529464840889
1,a,forest_frac_slope_2000_2025,mndwi_slope_2000_2025,0.0010083899732014,-0.0031857667528323,0.025156168267130852,0.026730725541710854
1,a,forest_frac_slope_2000_2025,mndwi_slope_2000_2025,0.0013877497459895,-0.0031857667528323,0.025304416194558144,0.027023080736398697
1,a,forest_frac_slope_2000_2025,mndwi_slope_2000_2025,0.0017671095187776,-0.0031857667528323,0.025360938161611557,0.027363348752260208
1,a,forest_frac_slope_2000_2025,mndwi_slope_2000_2025,0.0021464692915656,-0.0031857667528323,0.025881631299853325,0.028052877634763718
1,a,forest_frac_slope_2000_2025,mndwi_slope_2000_2025,0.0025258290643537,-0.0031857667528323,0.026039717718958855,0.028392435982823372
1,a,forest_frac_slope_2000_2025,mndwi_slope_2000_2025,0.0029051888371418,-0.0031857667528323,0.026462627574801445,0.028994370251893997
1,a,forest_frac_slope_2000_2025,mndwi_slope_2000_2025,0.0032845486099298,-0.0031857667528323,0.026651127263903618,0.029244093224406242
1,a,forest_frac_slope_2000_2025,mndwi_slope_2000_2025,0.0036639083827179,-0.0031857667528323,0.026656577363610268,0.029308030381798744
1,a,forest_frac_slope_2000_2025,mndwi_slope_2000_2025,0.004043268155506,-0.0031857667528323,0.02684035897254944,0.029560692608356476
1,a,forest_frac_slope_2000_2025,mndwi_slope_2000_2025,0.004422627928294,-0.0031857667528323,0.027179939672350883,0.029920227825641632
1,a,forest_frac_slope_2000_2025,mndwi_slope_2000_2025,0.0048019877010821,-0.0031857667528323,0.027205709367990494,0.030096963047981262
1,a,forest_frac_slope_2000_2025,mndwi_slope_2000_2025,0.0051813474738702,-0.0031857667528323,0.027455270290374756,0.030551573261618614
1,a,forest_frac_slope_2000_2025,mndwi_slope_2000_2025,0.0055607072466582,-0.0031857667528323,0.027455482631921768,0.03062889166176319
1,a,forest_frac_slope_2000_2025,mndwi_slope_2000_2025,0.0059400670194463,-0.0031857667528323,0.027413638308644295,0.030741093680262566
1,a,forest_frac_slope_2000_2025,mndwi_slope_2000_2025,-0.0092343238920763,-0.0030569437986817,0.007326801773160696,-0.0042004515416920185
1,a,forest_frac_slope_2000_2025,mndwi_slope_2000_2025,-0.0088549641192882,-0.0030569437986817,0.007566425018012524,-0.003804408246651292
1,a,forest_frac_slope_2000_2025,mndwi_slope_2000_2025,-0.0084756043465002,-0.0030569437986817,0.007823937572538853,-0.003065479686483741
1,a,forest_frac_slope_2000_2025,mndwi_slope_2000_2025,-0.0080962445737121,-0.0030569437986817,0.008624318987131119,-0.0018977475119754672
1,a,forest_frac_slope_2000_2025,mndwi_slope_2000_2025,-0.007716884800924,-0.0030569437986817,0.009293699637055397,-0.0006798290996812284
1,a,forest_frac_slope_2000_2025,mndwi_slope_2000_2025,-0.007337525028136,-0.0030569437986817,0.010105812922120094,0.00025147164706140757
1,a,forest_frac_slope_2000_2025,mndwi_slope_2000_2025,-0.0069581652553479,-0.0030569437986817,0.010786905884742737,0.001543732243590057
1,a,forest_frac_slope_2000_2025,mndwi_slope_2000_2025,-0.0065788054825598,-0.0030569437986817,0.010986403562128544,0.001977937063202262
1,a,forest_frac_slope_2000_2025,mndwi_slope_2000_2025,-0.0061994457097717,-0.0030569437986817,0.011168927885591984,0.0026730962563306093
1,a,forest_frac_slope_2000_2025,mndwi_slope_2000_2025,-0.0058200859369837,-0.0030569437986817,0.01215329673141241,0.004206270445138216
1,a,forest_frac_slope_2000_2025,mndwi_slope_2000_2025,-0.0054407261641956,-0.0030569437986817,0.014121762476861477,0.007266918197274208
1,a,forest_frac_slope_2000_2025,mndwi_slope_2000_2025,-0.0050613663914075,-0.0030569437986817,0.014107029885053635,0.007280833553522825
1,a,forest_frac_slope_2000_2025,mndwi_slope_2000_2025,-0.0046820066186195,-0.0030569437986817,0.015589254908263683,0.00950958114117384
1,a,forest_frac_slope_2000_2025,mndwi_slope_2000_2025,-0.0043026468458314,-0.0030569437986817,0.015923894941806793,0.010589436627924442
1,a,forest_frac_slope_2000_2025,mndwi_slope_2000_2025,-0.0039232870730433,-0.0030569437986817,0.01609373465180397,0.011108714155852795
1,a,forest_frac_slope_2000_2025,mndwi_slope_2000_2025,-0.0035439273002553,-0.0030569437986817,0.016620930284261703,0.012318619526922703
1,a,forest_frac_slope_2000_2025,mndwi_slope_2000_2025,-0.0031645675274672,-0.0030569437986817,0.017058048397302628,0.01306526456028223
1,a,forest_frac_slope_2000_2025,mndwi_slope_2000_2025,-0.0027852077546791,-0.0030569437986817,0.018096724525094032,0.014173651114106178
1,a,forest_frac_slope_2000_2025,mndwi_slope_2000_2025,-0.0024058479818911,-0.0030569437986817,0.01839246042072773,0.014823603443801403
1,a,forest_frac_slope_2000_2025,mndwi_slope_2000_2025,-0.002026488209103,-0.0030569437986817,0.019043197855353355,0.015928370878100395
1,a,forest_frac_slope_2000_2025,mndwi_slope_2000_2025,-0.0016471284363149,-0.0030569437986817,0.019413800910115242,0.01688924804329872
1,a,forest_frac_slope_2000_2025,mndwi_slope_2000_2025,-0.0012677686635269,-0.0030569437986817,0.020280182361602783,0.018297957256436348
1,a,forest_frac_slope_2000_2025,mndwi_slope_2000_2025,-0.0008884088907388,-0.0030569437986817,0.02110307663679123,0.019449608400464058
1,a,forest_frac_slope_2000_2025,mndwi_slope_2000_2025,-0.0005090491179507,-0.0030569437986817,0.021747322753071785,0.020558228716254234
1,a,forest_frac_slope_2000_2025,mndwi_slope_2000_2025,-0.0001296893451627,-0.0030569437986817,0.02250659093260765,0.022349201142787933
1,a,forest_frac_slope_2000_2025,mndwi_slope_2000_2025,0.0002496704276253,-0.0030569437986817,0.024389469996094704,0.025176871567964554
1,a,forest_frac_slope_2000_2025,mndwi_slope_2000_2025,0.0006290302004134,-0.0030569437986817,0.024679452180862427,0.02594427764415741
1,a,forest_frac_slope_2000_2025,mndwi_slope_2000_2025,0.0010083899732014,-0.0030569437986817,0.025172362104058266,0.026737887412309647
1,a,forest_frac_slope_2000_2025,mndwi_slope_2000_2025,0.0013877497459895,-0.0030569437986817,0.025330007076263428,0.02703913301229477
1,a,forest_frac_slope_2000_2025,mndwi_slope_2000_2025,0.0017671095187776,-0.0030569437986817,0.02538616955280304,0.027379242703318596
1,a,forest_frac_slope_2000_2025,mndwi_slope_2000_2025,0.0021464692915656,-0.0030569437986817,0.025906860828399658,0.028069986030459404
1,a,forest_frac_slope_2000_2025,mndwi_slope_2000_2025,0.0025258290643537,-0.0030569437986817,0.026062259450554848,0.028403857722878456
1,a,forest_frac_slope_2000_2025,mndwi_slope_2000_2025,0.0029051888371418,-0.0030569437986817,0.026483850553631783,0.029003934934735298
1,a,forest_frac_slope_2000_2025,mndwi_slope_2000_2025,0.0032845486099298,-0.0030569437986817,0.02667011320590973,0.0292514618486166
1,a,forest_frac_slope_2000_2025,mndwi_slope_2000_2025,0.0036639083827179,-0.0030569437986817,0.02667556144297123,0.029314998537302017
1,a,forest_frac_slope_2000_2025,mndwi_slope_2000_2025,0.004043268155506,-0.0030569437986817,0.02685934118926525,0.029567699879407883
1,a,forest_frac_slope_2000_2025,mndwi_slope_2000_2025,0.004422627928294,-0.0030569437986817,0.027198925614356995,0.029927095398306847
1,a,forest_frac_slope_2000_2025,mndwi_slope_2000_2025,0.0048019877010821,-0.0030569437986817,0.027224693447351456,0.030103670433163643
1,a,forest_frac_slope_2000_2025,mndwi_slope_2000_2025,0.0051813474738702,-0.0030569437986817,0.02747425064444542,0.030558006837964058
1,a,forest_frac_slope_2000_2025,mndwi_slope_2000_2025,0.0055607072466582,-0.0030569437986817,0.02747446298599243,0.03063526749610901
1,a,forest_frac_slope_2000_2025,mndwi_slope_2000_2025,0.0059400670194463,-0.0030569437986817,0.027432620525360107,0.030747121199965477
1,a,forest_frac_slope_2000_2025,mndwi_slope_2000_2025,-0.0092343238920763,-0.0029281208445311,0.007469153497368097,-0.0041300710290670395
1,a,forest_frac_slope_2000_2025,mndwi_slope_2000_2025,-0.0088549641192882,-0.0029281208445311,0.00770877581089735,-0.003733809106051922
1,a,forest_frac_slope_2000_2025,mndwi_slope_2000_2025,-0.0084756043465002,-0.0029281208445311,0.007972058840095997,-0.0029889936558902264
1,a,forest_frac_slope_2000_2025,mndwi_slope_2000_2025,-0.0080962445737121,-0.0029281208445311,0.008752737194299698,-0.0018402868881821632
1,a,forest_frac_slope_2000_2025,mndwi_slope_2000_2025,-0.007716884800924,-0.0029281208445311,0.009466412477195263,-0.0005773524171672761
1,a,forest_frac_slope_2000_2025,mndwi_slope_2000_2025,-0.007337525028136,-0.0029281208445311,0.01027852576225996,0.0003541362821124494
1,a,forest_frac_slope_2000_2025,mndwi_slope_2000_2025,-0.0069581652553479,-0.0029281208445311,0.010964998044073582,0.0016593222972005606
1,a,forest_frac_slope_2000_2025,mndwi_slope_2000_2025,-0.0065788054825598,-0.0029281208445311,0.011164494790136814,0.002094143768772483
1,a,forest_frac_slope_2000_2025,mndwi_slope_2000_2025,-0.0061994457097717,-0.0029281208445311,0.011347020044922829,0.002789861988276243
1,a,forest_frac_slope_2000_2025,mndwi_slope_2000_2025,-0.0058200859369837,-0.0029281208445311,0.012277742847800255,0.004318677354604006
1,a,forest_frac_slope_2000_2025,mndwi_slope_2000_2025,-0.0054407261641956,-0.0029281208445311,0.014247325249016285,0.007380747701972723
1,a,forest_frac_slope_2000_2025,mndwi_slope_2000_2025,-0.0050613663914075,-0.0029281208445311,0.014235428534448147,0.007397791370749474
1,a,forest_frac_slope_2000_2025,mndwi_slope_2000_2025,-0.0046820066186195,-0.0029281208445311,0.015717653557658195,0.009627290070056915
1,a,forest_frac_slope_2000_2025,mndwi_slope_2000_2025,-0.0043026468458314,-0.0029281208445311,0.016054697334766388,0.010709639638662338
1,a,forest_frac_slope_2000_2025,mndwi_slope_2000_2025,-0.0039232870730433,-0.0029281208445311,0.01623331755399704,0.011238455772399902
1,a,forest_frac_slope_2000_2025,mndwi_slope_2000_2025,-0.0035439273002553,-0.0029281208445311,0.016716215759515762,0.012405211105942726
1,a,forest_frac_slope_2000_2025,mndwi_slope_2000_2025,-0.0031645675274672,-0.0029281208445311,0.017158102244138718,0.01315755769610405
1,a,forest_frac_slope_2000_2025,mndwi_slope_2000_2025,-0.0027852077546791,-0.0029281208445311,0.018191849812865257,0.01426216121762991
1,a,forest_frac_slope_2000_2025,mndwi_slope_2000_2025,-0.0024058479818911,-0.0029281208445311,0.018487583845853806,0.014912418089807034
1,a,forest_frac_slope_2000_2025,mndwi_slope_2000_2025,-0.002026488209103,-0.0029281208445311,0.01913832128047943,0.016012759879231453
1,a,forest_frac_slope_2000_2025,mndwi_slope_2000_2025,-0.0016471284363149,-0.0029281208445311,0.01951325125992298,0.016976697370409966
1,a,forest_frac_slope_2000_2025,mndwi_slope_2000_2025,-0.0012677686635269,-0.0029281208445311,0.020395496860146523,0.018400566652417183
1,a,forest_frac_slope_2000_2025,mndwi_slope_2000_2025,-0.0008884088907388,-0.0029281208445311,0.021217985078692436,0.019553136080503464
1,a,forest_frac_slope_2000_2025,mndwi_slope_2000_2025,-0.0005090491179507,-0.0029281208445311,0.021858418360352516,0.020660802721977234
1,a,forest_frac_slope_2000_2025,mndwi_slope_2000_2025,-0.0001296893451627,-0.0029281208445311,0.02261418290436268,0.02245153672993183
1,a,forest_frac_slope_2000_2025,mndwi_slope_2000_2025,0.0002496704276253,-0.0029281208445311,0.02448335662484169,0.025266246870160103
1,a,forest_frac_slope_2000_2025,mndwi_slope_2000_2025,0.0006290302004134,-0.0029281208445311,0.024771763011813164,0.02602996863424778
1,a,forest_frac_slope_2000_2025,mndwi_slope_2000_2025,0.0010083899732014,-0.0029281208445311,0.025300243869423866,0.026859117671847343
1,a,forest_frac_slope_2000_2025,mndwi_slope_2000_2025,0.0013877497459895,-0.0029281208445311,0.02549871802330017,0.027201633900403976
1,a,forest_frac_slope_2000_2025,mndwi_slope_2000_2025,0.0017671095187776,-0.0029281208445311,0.025562573224306107,0.027559954673051834
1,a,forest_frac_slope_2000_2025,mndwi_slope_2000_2025,0.0021464692915656,-0.0029281208445311,0.026083262637257576,0.028252970427274704
1,a,forest_frac_slope_2000_2025,mndwi_slope_2000_2025,0.0025258290643537,-0.0029281208445311,0.026238663122057915,0.02858678810298443
1,a,forest_frac_slope_2000_2025,mndwi_slope_2000_2025,0.0029051888371418,-0.0029281208445311,0.026660479605197906,0.029186923056840897
1,a,forest_frac_slope_2000_2025,mndwi_slope_2000_2025,0.0032845486099298,-0.0029281208445311,0.026846738532185555,0.029435304924845695
1,a,forest_frac_slope_2000_2025,mndwi_slope_2000_2025,0.0036639083827179,-0.0029281208445311,0.026852188631892204,0.02949819527566433
1,a,forest_frac_slope_2000_2025,mndwi_slope_2000_2025,0.004043268155506,-0.0029281208445311,0.027035970240831375,0.02974862791597843
1,a,forest_frac_slope_2000_2025,mndwi_slope_2000_2025,0.004422627928294,-0.0029281208445311,0.027375558391213417,0.030107250437140465
1,a,forest_frac_slope_2000_2025,mndwi_slope_2000_2025,0.0048019877010821,-0.0029281208445311,0.02740132249891758,0.03028392232954502
1,a,forest_frac_slope_2000_2025,mndwi_slope_2000_2025,0.0051813474738702,-0.0029281208445311,0.027650883421301842,0.0307381059974432
1,a,forest_frac_slope_2000_2025,mndwi_slope_2000_2025,0.0055607072466582,-0.0029281208445311,0.027651093900203705,0.03081556037068367
1,a,forest_frac_slope_2000_2025,mndwi_slope_2000_2025,0.0059400670194463,-0.0029281208445311,0.027608605101704597,0.03092716820538044
1,a,forest_frac_slope_2000_2025,mndwi_slope_2000_2025,-0.0092343238920763,-0.0027992978903805,0.007520830724388361,-0.00409422954544425
1,a,forest_frac_slope_2000_2025,mndwi_slope_2000_2025,-0.0088549641192882,-0.0027992978903805,0.007759823929518461,-0.003698166226968169
1,a,forest_frac_slope_2000_2025,mndwi_slope_2000_2025,-0.0084756043465002,-0.0027992978903805,0.008023107424378395,-0.002953470917418599
1,a,forest_frac_slope_2000_2025,mndwi_slope_2000_2025,-0.0080962445737121,-0.0027992978903805,0.008798916824162006,-0.0018093568505719304
1,a,forest_frac_slope_2000_2025,mndwi_slope_2000_2025,-0.007716884800924,-0.0027992978903805,0.009512593038380146,-0.0005471574258990586
1,a,forest_frac_slope_2000_2025,mndwi_slope_2000_2025,-0.007337525028136,-0.0027992978903805,0.010324705392122269,0.0003777348028961569
1,a,forest_frac_slope_2000_2025,mndwi_slope_2000_2025,-0.0069581652553479,-0.0027992978903805,0.011011176742613316,0.0016844207420945168
1,a,forest_frac_slope_2000_2025,mndwi_slope_2000_2025,-0.0065788054825598,-0.0027992978903805,0.011210673488676548,0.0021191593259572983
1,a,forest_frac_slope_2000_2025,mndwi_slope_2000_2025,-0.0061994457097717,-0.0027992978903805,0.011391808278858662,0.002813416300341487
1,a,forest_frac_slope_2000_2025,mndwi_slope_2000_2025,-0.0058200859369837,-0.0027992978903805,0.012321528978645802,0.0043412200175225735
1,a,forest_frac_slope_2000_2025,mndwi_slope_2000_2025,-0.0054407261641956,-0.0027992978903805,0.014296967536211014,0.007408862002193928
1,a,forest_frac_slope_2000_2025,mndwi_slope_2000_2025,-0.0050613663914075,-0.0027992978903805,0.01428507175296545,0.007426331751048565
1,a,forest_frac_slope_2000_2025,mndwi_slope_2000_2025,-0.0046820066186195,-0.0027992978903805,0.0157672967761755,0.009656338952481747
1,a,forest_frac_slope_2000_2025,mndwi_slope_2000_2025,-0.0043026468458314,-0.0027992978903805,0.016104338690638542,0.010739072225987911
1,a,forest_frac_slope_2000_2025,mndwi_slope_2000_2025,-0.0039232870730433,-0.0027992978903805,0.016282958909869194,0.011269043199717999
1,a,forest_frac_slope_2000_2025,mndwi_slope_2000_2025,-0.0035439273002553,-0.0027992978903805,0.01677374728024006,0.012446405366063118
1,a,forest_frac_slope_2000_2025,mndwi_slope_2000_2025,-0.0031645675274672,-0.0027992978903805,0.017215630039572716,0.013201401568949223
1,a,forest_frac_slope_2000_2025,mndwi_slope_2000_2025,-0.0027852077546791,-0.0027992978903805,0.018245410174131393,0.014308411628007889
1,a,forest_frac_slope_2000_2025,mndwi_slope_2000_2025,-0.0024058479818911,-0.0027992978903805,0.01854114606976509,0.014968984760344028
1,a,forest_frac_slope_2000_2025,mndwi_slope_2000_2025,-0.002026488209103,-0.0027992978903805,0.019191881641745567,0.016072608530521393
1,a,forest_frac_slope_2000_2025,mndwi_slope_2000_2025,-0.0016471284363149,-0.0027992978903805,0.019565269351005554,0.01703352853655815
1,a,forest_frac_slope_2000_2025,mndwi_slope_2000_2025,-0.0012677686635269,-0.0027992978903805,0.020443614572286606,0.018449557945132256
1,a,forest_frac_slope_2000_2025,mndwi_slope_2000_2025,-0.0008884088907388,-0.0027992978903805,0.021258218213915825,0.01959243416786194
1,a,forest_frac_slope_2000_2025,mndwi_slope_2000_2025,-0.0005090491179507,-0.0027992978903805,0.02190035581588745,0.02070007659494877
1,a,forest_frac_slope_2000_2025,mndwi_slope_2000_2025,-0.0001296893451627,-0.0027992978903805,0.022647621110081673,0.02248038351535797
1,a,forest_frac_slope_2000_2025,mndwi_slope_2000_2025,0.0002496704276253,-0.0027992978903805,0.02452286146581173,0.025294313207268715
1,a,forest_frac_slope_2000_2025,mndwi_slope_2000_2025,0.0006290302004134,-0.0027992978903805,0.02481161057949066,0.026058737188577652
1,a,forest_frac_slope_2000_2025,mndwi_slope_2000_2025,0.0010083899732014,-0.0027992978903805,0.02534165419638157,0.026889381930232048
1,a,forest_frac_slope_2000_2025,mndwi_slope_2000_2025,0.0013877497459895,-0.0027992978903805,0.025540130212903023,0.02723230980336666
1,a,forest_frac_slope_2000_2025,mndwi_slope_2000_2025,0.0017671095187776,-0.0027992978903805,0.02560398355126381,0.02759205549955368
1,a,forest_frac_slope_2000_2025,mndwi_slope_2000_2025,0.0021464692915656,-0.0027992978903805,0.026124674826860428,0.02828674018383026
1,a,forest_frac_slope_2000_2025,mndwi_slope_2000_2025,0.0025258290643537,-0.0027992978903805,0.026280073449015617,0.02862079069018364
1,a,forest_frac_slope_2000_2025,mndwi_slope_2000_2025,0.0029051888371418,-0.0027992978903805,0.026701418682932854,0.029220985248684883
1,a,forest_frac_slope_2000_2025,mndwi_slope_2000_2025,0.0032845486099298,-0.0027992978903805,0.026886895298957825,0.02946789376437664
1,a,forest_frac_slope_2000_2025,mndwi_slope_2000_2025,0.0036639083827179,-0.0027992978903805,0.026892343536019325,0.029530206695199013
1,a,forest_frac_slope_2000_2025,mndwi_slope_2000_2025,0.004043268155506,-0.0027992978903805,0.027075475081801414,0.02977881394326687
1,a,forest_frac_slope_2000_2025,mndwi_slope_2000_2025,0.004422627928294,-0.0027992978903805,0.02741505578160286,0.0301361121237278
1,a,forest_frac_slope_2000_2025,mndwi_slope_2000_2025,0.0048019877010821,-0.0027992978903805,0.02744082733988762,0.030312124639749527
1,a,forest_frac_slope_2000_2025,mndwi_slope_2000_2025,0.0051813474738702,-0.0027992978903805,0.027690384536981583,0.030766379088163376
1,a,forest_frac_slope_2000_2025,mndwi_slope_2000_2025,0.0055607072466582,-0.0027992978903805,0.027690595015883446,0.030845094472169876
1,a,forest_frac_slope_2000_2025,mndwi_slope_2000_2025,0.0059400670194463,-0.0027992978903805,0.02764810621738434,0.03096773475408554
1,a,forest_frac_slope_2000_2025,mndwi_slope_2000_2025,-0.0092343238920763,-0.0026704749362299,0.008010828867554665,-0.003890539752319455
1,a,forest_frac_slope_2000_2025,mndwi_slope_2000_2025,-0.0088549641192882,-0.0026704749362299,0.008251628838479519,-0.0034922545310109854
1,a,forest_frac_slope_2000_2025,mndwi_slope_2000_2025,-0.0084756043465002,-0.0026704749362299,0.00851491093635559,-0.0027433971408754587
1,a,forest_frac_slope_2000_2025,mndwi_slope_2000_2025,-0.0080962445737121,-0.0026704749362299,0.009226455353200436,-0.001603043987415731
1,a,forest_frac_slope_2000_2025,mndwi_slope_2000_2025,-0.007716884800924,-0.0026704749362299,0.009940131567418575,-0.0003373981162440032
1,a,forest_frac_slope_2000_2025,mndwi_slope_2000_2025,-0.007337525028136,-0.0026704749362299,0.010752243921160698,0.0005923880962654948
1,a,forest_frac_slope_2000_2025,mndwi_slope_2000_2025,-0.0069581652553479,-0.0026704749362299,0.011385015211999416,0.0018573711859062314
1,a,forest_frac_slope_2000_2025,mndwi_slope_2000_2025,-0.0065788054825598,-0.0026704749362299,0.011584511958062649,0.0022947106044739485
1,a,forest_frac_slope_2000_2025,mndwi_slope_2000_2025,-0.0061994457097717,-0.0026704749362299,0.011742225848138332,0.0029897072818130255
1,a,forest_frac_slope_2000_2025,mndwi_slope_2000_2025,-0.0058200859369837,-0.0026704749362299,0.01266986969858408,0.00453513627871871
1,a,forest_frac_slope_2000_2025,mndwi_slope_2000_2025,-0.0054407261641956,-0.0026704749362299,0.014477810822427273,0.007583600468933582
1,a,forest_frac_slope_2000_2025,mndwi_slope_2000_2025,-0.0050613663914075,-0.0026704749362299,0.01446591503918171,0.007604977115988731
1,a,forest_frac_slope_2000_2025,mndwi_slope_2000_2025,-0.0046820066186195,-0.0026704749362299,0.01593567244708538,0.009834221564233303
1,a,forest_frac_slope_2000_2025,mndwi_slope_2000_2025,-0.0043026468458314,-0.0026704749362299,0.016272714361548424,0.010924048721790314
1,a,forest_frac_slope_2000_2025,mndwi_slope_2000_2025,-0.0039232870730433,-0.0026704749362299,0.016445795074105263,0.011454204097390175
1,a,forest_frac_slope_2000_2025,mndwi_slope_2000_2025,-0.0035439273002553,-0.0026704749362299,0.0169355608522892,0.012636656872928143
1,a,forest_frac_slope_2000_2025,mndwi_slope_2000_2025,-0.0031645675274672,-0.0026704749362299,0.01737143285572529,0.013392909429967403
1,a,forest_frac_slope_2000_2025,mndwi_slope_2000_2025,-0.0027852077546791,-0.0026704749362299,0.01840503141283989,0.014512772671878338
1,a,forest_frac_slope_2000_2025,mndwi_slope_2000_2025,-0.0024058479818911,-0.0026704749362299,0.018700696527957916,0.015180584974586964
1,a,forest_frac_slope_2000_2025,mndwi_slope_2000_2025,-0.002026488209103,-0.0026704749362299,0.01934841088950634,0.01629382185637951
1,a,forest_frac_slope_2000_2025,mndwi_slope_2000_2025,-0.0016471284363149,-0.0026704749362299,0.019725242629647255,0.017264915630221367
1,a,forest_frac_slope_2000_2025,mndwi_slope_2000_2025,-0.0012677686635269,-0.0026704749362299,0.020601125434041023,0.018674738705158234
1,a,forest_frac_slope_2000_2025,mndwi_slope_2000_2025,-0.0008884088907388,-0.0026704749362299,0.021406395360827446,0.019805466756224632
1,a,forest_frac_slope_2000_2025,mndwi_slope_2000_2025,-0.0005090491179507,-0.0026704749362299,0.022039450705051422,0.020911620929837227
1,a,forest_frac_slope_2000_2025,mndwi_slope_2000_2025,-0.0001296893451627,-0.0026704749362299,0.0227805208414793,0.022690579295158386
1,a,forest_frac_slope_2000_2025,mndwi_slope_2000_2025,0.0002496704276253,-0.0026704749362299,0.024657074362039566,0.025426236912608147
1,a,forest_frac_slope_2000_2025,mndwi_slope_2000_2025,0.0006290302004134,-0.0026704749362299,0.024947183206677437,0.026188407093286514
1,a,forest_frac_slope_2000_2025,mndwi_slope_2000_2025,0.0010083899732014,-0.0026704749362299,0.025482775643467903,0.027033112943172455
1,a,forest_frac_slope_2000_2025,mndwi_slope_2000_2025,0.0013877497459895,-0.0026704749362299,0.025679083541035652,0.02737167291343212
1,a,forest_frac_slope_2000_2025,mndwi_slope_2000_2025,0.0017671095187776,-0.0026704749362299,0.02574293687939644,0.02773314155638218
1,a,forest_frac_slope_2000_2025,mndwi_slope_2000_2025,0.0021464692915656,-0.0026704749362299,0.026259345933794975,0.02842811308801174
1,a,forest_frac_slope_2000_2025,mndwi_slope_2000_2025,0.0025258290643537,-0.0026704749362299,0.026414746418595314,0.028767051175236702
1,a,forest_frac_slope_2000_2025,mndwi_slope_2000_2025,0.0029051888371418,-0.0026704749362299,0.026841234415769577,0.029373187571763992
1,a,forest_frac_slope_2000_2025,mndwi_slope_2000_2025,0.0032845486099298,-0.0026704749362299,0.027026711031794548,0.029622014611959457
1,a,forest_frac_slope_2000_2025,mndwi_slope_2000_2025,0.0036639083827179,-0.0026704749362299,0.02703215926885605,0.029686693102121353
1,a,forest_frac_slope_2000_2025,mndwi_slope_2000_2025,0.004043268155506,-0.0026704749362299,0.027215290814638138,0.029936179518699646
1,a,forest_frac_slope_2000_2025,mndwi_slope_2000_2025,0.004422627928294,-0.0026704749362299,0.02755487523972988,0.030294246971607208
1,a,forest_frac_slope_2000_2025,mndwi_slope_2000_2025,0.0048019877010821,-0.0026704749362299,0.027580639347434044,0.03047177568078041
1,a,forest_frac_slope_2000_2025,mndwi_slope_2000_2025,0.0051813474738702,-0.0026704749362299,0.027830200269818306,0.030926717445254326
1,a,forest_frac_slope_2000_2025,mndwi_slope_2000_2025,0.0055607072466582,-0.0026704749362299,0.02783041074872017,0.03100614622235298
1,a,forest_frac_slope_2000_2025,mndwi_slope_2000_2025,0.0059400670194463,-0.0026704749362299,0.02778792381286621,0.03112974762916565
1,a,forest_frac_slope_2000_2025,mndwi_slope_2000_2025,-0.0092343238920763,-0.0025416519820793,0.008057374507188797,-0.0038436453323811293
1,a,forest_frac_slope_2000_2025,mndwi_slope_2000_2025,-0.0088549641192882,-0.0025416519820793,0.008303772658109665,-0.003444614354521036
1,a,forest_frac_slope_2000_2025,mndwi_slope_2000_2025,-0.0084756043465002,-0.0025416519820793,0.008567054755985737,-0.002695308765396476
1,a,forest_frac_slope_2000_2025,mndwi_slope_2000_2025,-0.0080962445737121,-0.0025416519820793,0.00928783230483532,-0.0015485313488170505
1,a,forest_frac_slope_2000_2025,mndwi_slope_2000_2025,-0.007716884800924,-0.0025416519820793,0.01000150851905346,-0.0002822931273840368
1,a,forest_frac_slope_2000_2025,mndwi_slope_2000_2025,-0.007337525028136,-0.0025416519820793,0.010813620872795582,0.0006485726335085928
1,a,forest_frac_slope_2000_2025,mndwi_slope_2000_2025,-0.0069581652553479,-0.0025416519820793,0.01145435031503439,0.0019180669914931059
1,a,forest_frac_slope_2000_2025,mndwi_slope_2000_2025,-0.0065788054825598,-0.0025416519820793,0.011655809357762337,0.0023575483355671167
1,a,forest_frac_slope_2000_2025,mndwi_slope_2000_2025,-0.0061994457097717,-0.0025416519820793,0.01181318424642086,0.0030447475146502256
1,a,forest_frac_slope_2000_2025,mndwi_slope_2000_2025,-0.0058200859369837,-0.0025416519820793,0.012734690681099892,0.0045827277936041355
1,a,forest_frac_slope_2000_2025,mndwi_slope_2000_2025,-0.0054407261641956,-0.0025416519820793,0.014546716585755348,0.007634502835571766
1,a,forest_frac_slope_2000_2025,mndwi_slope_2000_2025,-0.0050613663914075,-0.0025416519820793,0.01453482173383236,0.007655602414160967
1,a,forest_frac_slope_2000_2025,mndwi_slope_2000_2025,-0.0046820066186195,-0.0025416519820793,0.015995483845472336,0.009876471012830734
1,a,forest_frac_slope_2000_2025,mndwi_slope_2000_2025,-0.0043026468458314,-0.0025416519820793,0.01633252575993538,0.010967005044221878
1,a,forest_frac_slope_2000_2025,mndwi_slope_2000_2025,-0.0039232870730433,-0.0025416519820793,0.01649598963558674,0.011489314958453178
1,a,forest_frac_slope_2000_2025,mndwi_slope_2000_2025,-0.0035439273002553,-0.0025416519820793,0.016982149332761765,0.012671614065766335
1,a,forest_frac_slope_2000_2025,mndwi_slope_2000_2025,-0.0031645675274672,-0.0025416519820793,0.017418021336197853,0.01342787779867649
1,a,forest_frac_slope_2000_2025,mndwi_slope_2000_2025,-0.0027852077546791,-0.0025416519820793,0.018451619893312454,0.01454856712371111
1,a,forest_frac_slope_2000_2025,mndwi_slope_2000_2025,-0.0024058479818911,-0.0025416519820793,0.018748071044683456,0.015216744504868984
1,a,forest_frac_slope_2000_2025,mndwi_slope_2000_2025,-0.002026488209103,-0.0025416519820793,0.01939357817173004,0.016322501003742218
1,a,forest_frac_slope_2000_2025,mndwi_slope_2000_2025,-0.0016471284363149,-0.0025416519820793,0.019770409911870956,0.017295049503445625
1,a,forest_frac_slope_2000_2025,mndwi_slope_2000_2025,-0.0012677686635269,-0.0025416519820793,0.02063985913991928,0.018699659034609795
1,a,forest_frac_slope_2000_2025,mndwi_slope_2000_2025,-0.0008884088907388,-0.0025416519820793,0.02144436538219452,0.019832145422697067
1,a,forest_frac_slope_2000_2025,mndwi_slope_2000_2025,-0.0005090491179507,-0.0025416519820793,0.02207748033106327,0.020940454676747322
1,a,forest_frac_slope_2000_2025,mndwi_slope_2000_2025,-0.0001296893451627,-0.0025416519820793,0.02283588983118534,0.022738439962267876
1,a,forest_frac_slope_2000_2025,mndwi_slope_2000_2025,0.0002496704276253,-0.0025416519820793,0.02473466284573078,0.025502577424049377
1,a,forest_frac_slope_2000_2025,mndwi_slope_2000_2025,0.0006290302004134,-0.0025416519820793,0.025043001398444176,0.026284076273441315
1,a,forest_frac_slope_2000_2025,mndwi_slope_2000_2025,0.0010083899732014,-0.0025416519820793,0.025624575093388557,0.027174891903996468
1,a,forest_frac_slope_2000_2025,mndwi_slope_2000_2025,0.0013877497459895,-0.0025416519820793,0.025820814073085785,0.027512868866324425
1,a,forest_frac_slope_2000_2025,mndwi_slope_2000_2025,0.0017671095187776,-0.0025416519820793,0.02588467113673687,0.027873478829860687
1,a,forest_frac_slope_2000_2025,mndwi_slope_2000_2025,0.0021464692915656,-0.0025416519820793,0.026400715112686157,0.028567112982273102
1,a,forest_frac_slope_2000_2025,mndwi_slope_2000_2025,0.0025258290643537,-0.0025416519820793,0.026542475447058678,0.028891460970044136
1,a,forest_frac_slope_2000_2025,mndwi_slope_2000_2025,0.0029051888371418,-0.0025416519820793,0.026956802234053612,0.02948446199297905
1,a,forest_frac_slope_2000_2025,mndwi_slope_2000_2025,0.0032845486099298,-0.0025416519820793,0.02713956870138645,0.029730122536420822
1,a,forest_frac_slope_2000_2025,mndwi_slope_2000_2025,0.0036639083827179,-0.0025416519820793,0.02714459039270878,0.029793376103043556
1,a,forest_frac_slope_2000_2025,mndwi_slope_2000_2025,0.004043268155506,-0.0025416519820793,0.027327721938490868,0.030042212456464767
1,a,forest_frac_slope_2000_2025,mndwi_slope_2000_2025,0.004422627928294,-0.0025416519820793,0.027667302638292313,0.030399853363633156
1,a,forest_frac_slope_2000_2025,mndwi_slope_2000_2025,0.0048019877010821,-0.0025416519820793,0.027693074196577072,0.03057699464261532
1,a,forest_frac_slope_2000_2025,mndwi_slope_2000_2025,0.0051813474738702,-0.0025416519820793,0.027942631393671036,0.03103174827992916
1,a,forest_frac_slope_2000_2025,mndwi_slope_2000_2025,0.0055607072466582,-0.0025416519820793,0.0279428418725729,0.03110971860587597
1,a,forest_frac_slope_2000_2025,mndwi_slope_2000_2025,0.0059400670194463,-0.0025416519820793,0.02790035493671894,0.03121153824031353
1,a,forest_frac_slope_2000_2025,mndwi_slope_2000_2025,-0.0092343238920763,-0.0024128290279287,0.008452179841697216,-0.003656223649159074
1,a,forest_frac_slope_2000_2025,mndwi_slope_2000_2025,-0.0088549641192882,-0.0024128290279287,0.008698579855263233,-0.003254568437114358
1,a,forest_frac_slope_2000_2025,mndwi_slope_2000_2025,-0.0084756043465002,-0.0024128290279287,0.008973249234259129,-0.002488289726898074
1,a,forest_frac_slope_2000_2025,mndwi_slope_2000_2025,-0.0080962445737121,-0.0024128290279287,0.0097452811896801,-0.0012855295790359378
1,a,forest_frac_slope_2000_2025,mndwi_slope_2000_2025,-0.007716884800924,-0.0024128290279287,0.010447800159454346,-2.4771628886810504e-05
1,a,forest_frac_slope_2000_2025,mndwi_slope_2000_2025,-0.007337525028136,-0.0024128290279287,0.011259913444519043,0.0009102128678932786
1,a,forest_frac_slope_2000_2025,mndwi_slope_2000_2025,-0.0069581652553479,-0.0024128290279287,0.01190455537289381,0.0021882117725908756
1,a,forest_frac_slope_2000_2025,mndwi_slope_2000_2025,-0.0065788054825598,-0.0024128290279287,0.012106013484299183,0.002632374409586191
1,a,forest_frac_slope_2000_2025,mndwi_slope_2000_2025,-0.0061994457097717,-0.0024128290279287,0.012259849347174168,0.0033217347227036953
1,a,forest_frac_slope_2000_2025,mndwi_slope_2000_2025,-0.0058200859369837,-0.0024128290279287,0.013120971620082855,0.004804552998393774
1,a,forest_frac_slope_2000_2025,mndwi_slope_2000_2025,-0.0054407261641956,-0.0024128290279287,0.014874543994665146,0.0078025390394032
1,a,forest_frac_slope_2000_2025,mndwi_slope_2000_2025,-0.0050613663914075,-0.0024128290279287,0.014862650074064732,0.007827941328287125
1,a,forest_frac_slope_2000_2025,mndwi_slope_2000_2025,-0.0046820066186195,-0.0024128290279287,0.01630394533276558,0.01005646213889122
1,a,forest_frac_slope_2000_2025,mndwi_slope_2000_2025,-0.0043026468458314,-0.0024128290279287,0.016673194244503975,0.011184222996234894
1,a,forest_frac_slope_2000_2025,mndwi_slope_2000_2025,-0.0039232870730433,-0.0024128290279287,0.016836659982800484,0.01171106193214655
1,a,forest_frac_slope_2000_2025,mndwi_slope_2000_2025,-0.0035439273002553,-0.0024128290279287,0.017248544842004776,0.012886125594377518
1,a,forest_frac_slope_2000_2025,mndwi_slope_2000_2025,-0.0031645675274672,-0.0024128290279287,0.017672311514616013,0.013631897047162056
1,a,forest_frac_slope_2000_2025,mndwi_slope_2000_2025,-0.0027852077546791,-0.0024128290279287,0.018686538562178612,0.014737297780811787
1,a,forest_frac_slope_2000_2025,mndwi_slope_2000_2025,-0.0024058479818911,-0.0024128290279287,0.01895362138748169,0.015378274954855442
1,a,forest_frac_slope_2000_2025,mndwi_slope_2000_2025,-0.002026488209103,-0.0024128290279287,0.019582217559218407,0.016489695757627487
1,a,forest_frac_slope_2000_2025,mndwi_slope_2000_2025,-0.0016471284363149,-0.0024128290279287,0.01994934491813183,0.017452891916036606
1,a,forest_frac_slope_2000_2025,mndwi_slope_2000_2025,-0.0012677686635269,-0.0024128290279287,0.02081858180463314,0.018858881667256355
1,a,forest_frac_slope_2000_2025,mndwi_slope_2000_2025,-0.0008884088907388,-0.0024128290279287,0.021606940776109695,0.019976086914539337
1,a,forest_frac_slope_2000_2025,mndwi_slope_2000_2025,-0.0005090491179507,-0.0024128290279287,0.022208847105503082,0.02106783539056778
1,a,forest_frac_slope_2000_2025,mndwi_slope_2000_2025,-0.0001296893451627,-0.0024128290279287,0.022958828136324883,0.022861992940306664
1,a,forest_frac_slope_2000_2025,mndwi_slope_2000_2025,0.0002496704276253,-0.0024128290279287,0.02485138177871704,0.025609111413359642
1,a,forest_frac_slope_2000_2025,mndwi_slope_2000_2025,0.0006290302004134,-0.0024128290279287,0.025150151923298836,0.02637702040374279
1,a,forest_frac_slope_2000_2025,mndwi_slope_2000_2025,0.0010083899732014,-0.0024128290279287,0.02573625184595585,0.027269573882222176
1,a,forest_frac_slope_2000_2025,mndwi_slope_2000_2025,0.0013877497459895,-0.0024128290279287,0.025932492688298225,0.027606811374425888
1,a,forest_frac_slope_2000_2025,mndwi_slope_2000_2025,0.0017671095187776,-0.0024128290279287,0.025996191427111626,0.02796672098338604
1,a,forest_frac_slope_2000_2025,mndwi_slope_2000_2025,0.0021464692915656,-0.0024128290279287,0.026515187695622444,0.028668353334069252
1,a,forest_frac_slope_2000_2025,mndwi_slope_2000_2025,0.0025258290643537,-0.0024128290279287,0.026656948029994965,0.02900722436606884
1,a,forest_frac_slope_2000_2025,mndwi_slope_2000_2025,0.0029051888371418,-0.0024128290279287,0.0270712748169899,0.029601065441966057
1,a,forest_frac_slope_2000_2025,mndwi_slope_2000_2025,0.0032845486099298,-0.0024128290279287,0.027249524369835854,0.02984270080924034
1,a,forest_frac_slope_2000_2025,mndwi_slope_2000_2025,0.0036639083827179,-0.0024128290279287,0.02725454978644848,0.02990628592669964
1,a,forest_frac_slope_2000_2025,mndwi_slope_2000_2025,0.004043268155506,-0.0024128290279287,0.027438122779130936,0.03015577234327793
1,a,forest_frac_slope_2000_2025,mndwi_slope_2000_2025,0.004422627928294,-0.0024128290279287,0.02777770347893238,0.030513327568769455
1,a,forest_frac_slope_2000_2025,mndwi_slope_2000_2025,0.0048019877010821,-0.0024128290279287,0.027803471311926842,0.030690742656588554
1,a,forest_frac_slope_2000_2025,mndwi_slope_2000_2025,0.0051813474738702,-0.0024128290279287,0.028042972087860107,0.031135346740484238
1,a,forest_frac_slope_2000_2025,mndwi_slope_2000_2025,0.0055607072466582,-0.0024128290279287,0.02804318070411682,0.031213603913784027
1,a,forest_frac_slope_2000_2025,mndwi_slope_2000_2025,0.0059400670194463,-0.0024128290279287,0.028000691905617714,0.03131560608744621
1,a,forest_frac_slope_2000_2025,mndwi_slope_2000_2025,-0.0092343238920763,-0.0022840060737781,0.00856810063123703,-0.003596687223762274
1,a,forest_frac_slope_2000_2025,mndwi_slope_2000_2025,-0.0088549641192882,-0.0022840060737781,0.008814172819256783,-0.0031954075675457716
1,a,forest_frac_slope_2000_2025,mndwi_slope_2000_2025,-0.0084756043465002,-0.0022840060737781,0.009088842198252678,-0.0024349417071789503
1,a,forest_frac_slope_2000_2025,mndwi_slope_2000_2025,-0.0080962445737121,-0.0022840060737781,0.009878036566078663,-0.0012326501309871674
1,a,forest_frac_slope_2000_2025,mndwi_slope_2000_2025,-0.007716884800924,-0.0022840060737781,0.010580555535852909,2.797031083900947e-05
1,a,forest_frac_slope_2000_2025,mndwi_slope_2000_2025,-0.007337525028136,-0.0022840060737781,0.011392667889595032,0.0009636264876462519
1,a,forest_frac_slope_2000_2025,mndwi_slope_2000_2025,-0.0069581652553479,-0.0022840060737781,0.012037309817969799,0.002242360496893525
1,a,forest_frac_slope_2000_2025,mndwi_slope_2000_2025,-0.0065788054825598,-0.0022840060737781,0.012238767929375172,0.0026886817067861557
1,a,forest_frac_slope_2000_2025,mndwi_slope_2000_2025,-0.0061994457097717,-0.0022840060737781,0.012392930686473846,0.003378727473318577
1,a,forest_frac_slope_2000_2025,mndwi_slope_2000_2025,-0.0058200859369837,-0.0022840060737781,0.013254051096737385,0.004862988833338022
1,a,forest_frac_slope_2000_2025,mndwi_slope_2000_2025,-0.0054407261641956,-0.0022840060737781,0.0150076262652874,0.007862313650548458
1,a,forest_frac_slope_2000_2025,mndwi_slope_2000_2025,-0.0050613663914075,-0.0022840060737781,0.014995729550719261,0.007888530381023884
1,a,forest_frac_slope_2000_2025,mndwi_slope_2000_2025,-0.0046820066186195,-0.0022840060737781,0.016437025740742683,0.010116567835211754
1,a,forest_frac_slope_2000_2025,mndwi_slope_2000_2025,-0.0043026468458314,-0.0022840060737781,0.016824891790747643,0.011263432912528515
1,a,forest_frac_slope_2000_2025,mndwi_slope_2000_2025,-0.0039232870730433,-0.0022840060737781,0.016967857256531715,0.011771529912948608
1,a,forest_frac_slope_2000_2025,mndwi_slope_2000_2025,-0.0035439273002553,-0.0022840060737781,0.017379743978381157,0.01294882595539093
1,a,forest_frac_slope_2000_2025,mndwi_slope_2000_2025,-0.0031645675274672,-0.0022840060737781,0.017772892490029335,0.01367989368736744
1,a,forest_frac_slope_2000_2025,mndwi_slope_2000_2025,-0.0027852077546791,-0.0022840060737781,0.018766669556498528,0.01476978324353695
1,a,forest_frac_slope_2000_2025,mndwi_slope_2000_2025,-0.0024058479818911,-0.0022840060737781,0.018996674567461014,0.015384944155812263
1,a,forest_frac_slope_2000_2025,mndwi_slope_2000_2025,-0.002026488209103,-0.0022840060737781,0.019625268876552582,0.016496583819389343
1,a,forest_frac_slope_2000_2025,mndwi_slope_2000_2025,-0.0016471284363149,-0.0022840060737781,0.020007124170660973,0.01747732236981392
1,a,forest_frac_slope_2000_2025,mndwi_slope_2000_2025,-0.0012677686635269,-0.0022840060737781,0.020876359194517136,0.018886560574173927
1,a,forest_frac_slope_2000_2025,mndwi_slope_2000_2025,-0.0008884088907388,-0.0022840060737781,0.021652519702911377,0.019999193027615547
1,a,forest_frac_slope_2000_2025,mndwi_slope_2000_2025,-0.0005090491179507,-0.0022840060737781,0.022230612114071846,0.02108575589954853
1,a,forest_frac_slope_2000_2025,mndwi_slope_2000_2025,-0.0001296893451627,-0.0022840060737781,0.022961897775530815,0.022863782942295074
1,a,forest_frac_slope_2000_2025,mndwi_slope_2000_2025,0.0002496704276253,-0.0022840060737781,0.024851104244589806,0.02559700421988964
1,a,forest_frac_slope_2000_2025,mndwi_slope_2000_2025,0.0006290302004134,-0.0022840060737781,0.025152962654829025,0.02636766992509365
1,a,forest_frac_slope_2000_2025,mndwi_slope_2000_2025,0.0010083899732014,-0.0022840060737781,0.025739064440131187,0.02725941687822342
1,a,forest_frac_slope_2000_2025,mndwi_slope_2000_2025,0.0013877497459895,-0.0022840060737781,0.025935307145118713,0.027595074847340584
1,a,forest_frac_slope_2000_2025,mndwi_slope_2000_2025,0.0017671095187776,-0.0022840060737781,0.025999002158641815,0.02795478142797947
1,a,forest_frac_slope_2000_2025,mndwi_slope_2000_2025,0.0021464692915656,-0.0022840060737781,0.026518000289797783,0.02865602821111679
1,a,forest_frac_slope_2000_2025,mndwi_slope_2000_2025,0.0025258290643537,-0.0022840060737781,0.026659762486815453,0.028993643820285797
1,a,forest_frac_slope_2000_2025,mndwi_slope_2000_2025,0.0029051888371418,-0.0022840060737781,0.027069861069321632,0.029583949595689774
1,a,forest_frac_slope_2000_2025,mndwi_slope_2000_2025,0.0032845486099298,-0.0022840060737781,0.02724592201411724,0.029823245480656624
1,a,forest_frac_slope_2000_2025,mndwi_slope_2000_2025,0.0036639083827179,-0.0022840060737781,0.027250947430729866,0.029885800555348396
1,a,forest_frac_slope_2000_2025,mndwi_slope_2000_2025,0.004043268155506,-0.0022840060737781,0.027434520423412323,0.03013414330780506
1,a,forest_frac_slope_2000_2025,mndwi_slope_2000_2025,0.004422627928294,-0.0022840060737781,0.027774101123213768,0.030490892007946968
1,a,forest_frac_slope_2000_2025,mndwi_slope_2000_2025,0.0048019877010821,-0.0022840060737781,0.027799872681498528,0.030669523403048515
1,a,forest_frac_slope_2000_2025,mndwi_slope_2000_2025,0.0051813474738702,-0.0022840060737781,0.028039366006851196,0.031113872304558754
1,a,forest_frac_slope_2000_2025,mndwi_slope_2000_2025,0.0055607072466582,-0.0022840060737781,0.028039580211043358,0.031192146241664886
1,a,forest_frac_slope_2000_2025,mndwi_slope_2000_2025,0.0059400670194463,-0.0022840060737781,0.027997087687253952,0.03129402920603752
1,a,forest_frac_slope_2000_2025,mndwi_slope_2000_2025,-0.0092343238920763,-0.0021551831196275,0.008724912069737911,-0.0035214165691286325
1,a,forest_frac_slope_2000_2025,mndwi_slope_2000_2025,-0.0088549641192882,-0.0021551831196275,0.00897178053855896,-0.0031184309627860785
1,a,forest_frac_slope_2000_2025,mndwi_slope_2000_2025,-0.0084756043465002,-0.0021551831196275,0.009246449917554855,-0.0023570277262479067
1,a,forest_frac_slope_2000_2025,mndwi_slope_2000_2025,-0.0080962445737121,-0.0021551831196275,0.009984450414776802,-0.001155109261162579
1,a,forest_frac_slope_2000_2025,mndwi_slope_2000_2025,-0.007716884800924,-0.0021551831196275,0.010686969384551048,0.00010606851719785482
1,a,forest_frac_slope_2000_2025,mndwi_slope_2000_2025,-0.007337525028136,-0.0021551831196275,0.011514656245708466,0.0010534548200666904
1,a,forest_frac_slope_2000_2025,mndwi_slope_2000_2025,-0.0069581652553479,-0.0021551831196275,0.012156310491263866,0.0023288829252123833
1,a,forest_frac_slope_2000_2025,mndwi_slope_2000_2025,-0.0065788054825598,-0.0021551831196275,0.012359155341982841,0.0027763759717345238
1,a,forest_frac_slope_2000_2025,mndwi_slope_2000_2025,-0.0061994457097717,-0.0021551831196275,0.012513316236436367,0.003467059228569269
1,a,forest_frac_slope_2000_2025,mndwi_slope_2000_2025,-0.0058200859369837,-0.0021551831196275,0.01337443944066763,0.004951830953359604
1,a,forest_frac_slope_2000_2025,mndwi_slope_2000_2025,-0.0054407261641956,-0.0021551831196275,0.015128308907151222,0.007951310835778713
1,a,forest_frac_slope_2000_2025,mndwi_slope_2000_2025,-0.0050613663914075,-0.0021551831196275,0.015116413123905659,0.00797741673886776
1,a,forest_frac_slope_2000_2025,mndwi_slope_2000_2025,-0.0046820066186195,-0.0021551831196275,0.016557710245251656,0.010206165723502636
1,a,forest_frac_slope_2000_2025,mndwi_slope_2000_2025,-0.0043026468458314,-0.0021551831196275,0.01694885641336441,0.011357826180756092
1,a,forest_frac_slope_2000_2025,mndwi_slope_2000_2025,-0.0039232870730433,-0.0021551831196275,0.017091821879148483,0.011867385357618332
1,a,forest_frac_slope_2000_2025,mndwi_slope_2000_2025,-0.0035439273002553,-0.0021551831196275,0.017492972314357758,0.013035962358117104
1,a,forest_frac_slope_2000_2025,mndwi_slope_2000_2025,-0.0031645675274672,-0.0021551831196275,0.017886117100715637,0.013768965378403664
1,a,forest_frac_slope_2000_2025,mndwi_slope_2000_2025,-0.0027852077546791,-0.0021551831196275,0.018845906481146812,0.014827865175902843
1,a,forest_frac_slope_2000_2025,mndwi_slope_2000_2025,-0.0024058479818911,-0.0021551831196275,0.019076798111200333,0.015448549762368202
1,a,forest_frac_slope_2000_2025,mndwi_slope_2000_2025,-0.002026488209103,-0.0021551831196275,0.0197053924202919,0.016563406214118004
1,a,forest_frac_slope_2000_2025,mndwi_slope_2000_2025,-0.0016471284363149,-0.0021551831196275,0.020085914060473442,0.017544390633702278
1,a,forest_frac_slope_2000_2025,mndwi_slope_2000_2025,-0.0012677686635269,-0.0021551831196275,0.020940303802490234,0.018946798518300056
1,a,forest_frac_slope_2000_2025,mndwi_slope_2000_2025,-0.0008884088907388,-0.0021551831196275,0.021716762334108353,0.020059851929545403
1,a,forest_frac_slope_2000_2025,mndwi_slope_2000_2025,-0.0005090491179507,-0.0021551831196275,0.02229282259941101,0.021139828488230705
1,a,forest_frac_slope_2000_2025,mndwi_slope_2000_2025,-0.0001296893451627,-0.0021551831196275,0.023024551570415497,0.022913550958037376
1,a,forest_frac_slope_2000_2025,mndwi_slope_2000_2025,0.0002496704276253,-0.0021551831196275,0.02489282377064228,0.025621958076953888
1,a,forest_frac_slope_2000_2025,mndwi_slope_2000_2025,0.0006290302004134,-0.0021551831196275,0.0251946821808815,0.02639070153236389
1,a,forest_frac_slope_2000_2025,mndwi_slope_2000_2025,0.0010083899732014,-0.0021551831196275,0.025780780240893364,0.027281634509563446
1,a,forest_frac_slope_2000_2025,mndwi_slope_2000_2025,0.0013877497459895,-0.0021551831196275,0.02597702294588089,0.027617018669843674
1,a,forest_frac_slope_2000_2025,mndwi_slope_2000_2025,0.0017671095187776,-0.0021551831196275,0.026039650663733482,0.0279757808893919
1,a,forest_frac_slope_2000_2025,mndwi_slope_2000_2025,0.0021464692915656,-0.0021551831196275,0.026559527963399887,0.02867804281413555
1,a,forest_frac_slope_2000_2025,mndwi_slope_2000_2025,0.0025258290643537,-0.0021551831196275,0.026701288297772408,0.02901655249297619
1,a,forest_frac_slope_2000_2025,mndwi_slope_2000_2025,0.0029051888371418,-0.0021551831196275,0.027111390605568886,0.02960684522986412
1,a,forest_frac_slope_2000_2025,mndwi_slope_2000_2025,0.0032845486099298,-0.0021551831196275,0.027287451550364494,0.029846254736185074
1,a,forest_frac_slope_2000_2025,mndwi_slope_2000_2025,0.0036639083827179,-0.0021551831196275,0.027292471379041672,0.029908889904618263
1,a,forest_frac_slope_2000_2025,mndwi_slope_2000_2025,0.004043268155506,-0.0021551831196275,0.027476049959659576,0.03015730530023575
1,a,forest_frac_slope_2000_2025,mndwi_slope_2000_2025,0.004422627928294,-0.0021551831196275,0.02781563065946102,0.030514203011989594
1,a,forest_frac_slope_2000_2025,mndwi_slope_2000_2025,0.0048019877010821,-0.0021551831196275,0.02784140035510063,0.030692914500832558
1,a,forest_frac_slope_2000_2025,mndwi_slope_2000_2025,0.0051813474738702,-0.0021551831196275,0.02808089181780815,0.031137362122535706
1,a,forest_frac_slope_2000_2025,mndwi_slope_2000_2025,0.0055607072466582,-0.0021551831196275,0.028081106022000313,0.03121574968099594
1,a,forest_frac_slope_2000_2025,mndwi_slope_2000_2025,0.0059400670194463,-0.0021551831196275,0.028038615360856056,0.03131755068898201
1,a,forest_frac_slope_2000_2025,mndwi_slope_2000_2025,-0.0092343238920763,-0.0020263601654769,0.008797971531748772,-0.0034695020876824856
1,a,forest_frac_slope_2000_2025,mndwi_slope_2000_2025,-0.0088549641192882,-0.0020263601654769,0.009039466269314289,-0.0030713193118572235
1,a,forest_frac_slope_2000_2025,mndwi_slope_2000_2025,-0.0084756043465002,-0.0020263601654769,0.00931413471698761,-0.002308950526639819
1,a,forest_frac_slope_2000_2025,mndwi_slope_2000_2025,-0.0080962445737121,-0.0020263601654769,0.010055454447865486,-0.0011062199482694268
1,a,forest_frac_slope_2000_2025,mndwi_slope_2000_2025,-0.007716884800924,-0.0020263601654769,0.010757974348962307,0.00015558823361061513
1,a,forest_frac_slope_2000_2025,mndwi_slope_2000_2025,-0.007337525028136,-0.0020263601654769,0.011584796011447906,0.0011025532148778439
1,a,forest_frac_slope_2000_2025,mndwi_slope_2000_2025,-0.0069581652553479,-0.0020263601654769,0.01223237905651331,0.0023848589044064283
1,a,forest_frac_slope_2000_2025,mndwi_slope_2000_2025,-0.0065788054825598,-0.0020263601654769,0.01243522297590971,0.0028327738400548697
1,a,forest_frac_slope_2000_2025,mndwi_slope_2000_2025,-0.0061994457097717,-0.0020263601654769,0.01258938480168581,0.003524479456245899
1,a,forest_frac_slope_2000_2025,mndwi_slope_2000_2025,-0.0058200859369837,-0.0020263601654769,0.013450506143271923,0.005010467488318682
1,a,forest_frac_slope_2000_2025,mndwi_slope_2000_2025,-0.0054407261641956,-0.0020263601654769,0.01520437840372324,0.008010324090719223
1,a,forest_frac_slope_2000_2025,mndwi_slope_2000_2025,-0.0050613663914075,-0.0020263601654769,0.015188070945441723,0.008032355457544327
1,a,forest_frac_slope_2000_2025,mndwi_slope_2000_2025,-0.0046820066186195,-0.0020263601654769,0.016630860045552254,0.010266002267599106
1,a,forest_frac_slope_2000_2025,mndwi_slope_2000_2025,-0.0043026468458314,-0.0020263601654769,0.01702200621366501,0.01141975075006485
1,a,forest_frac_slope_2000_2025,mndwi_slope_2000_2025,-0.0039232870730433,-0.0020263601654769,0.01716471277177334,0.011931497603654861
1,a,forest_frac_slope_2000_2025,mndwi_slope_2000_2025,-0.0035439273002553,-0.0020263601654769,0.017568839713931084,0.013081377372145653
1,a,forest_frac_slope_2000_2025,mndwi_slope_2000_2025,-0.0031645675274672,-0.0020263601654769,0.017961984500288963,0.013817011378705502
1,a,forest_frac_slope_2000_2025,mndwi_slope_2000_2025,-0.0027852077546791,-0.0020263601654769,0.01891079545021057,0.014866041950881481
1,a,forest_frac_slope_2000_2025,mndwi_slope_2000_2025,-0.0024058479818911,-0.0020263601654769,0.01914168708026409,0.015490840189158916
1,a,forest_frac_slope_2000_2025,mndwi_slope_2000_2025,-0.002026488209103,-0.0020263601654769,0.01977028138935566,0.01660926081240177
1,a,forest_frac_slope_2000_2025,mndwi_slope_2000_2025,-0.0016471284363149,-0.0020263601654769,0.020152509212493896,0.0175949614495039
1,a,forest_frac_slope_2000_2025,mndwi_slope_2000_2025,-0.0012677686635269,-0.0020263601654769,0.021001962944865227,0.018999572843313217
1,a,forest_frac_slope_2000_2025,mndwi_slope_2000_2025,-0.0008884088907388,-0.0020263601654769,0.021768776699900627,0.0201116856187582
1,a,forest_frac_slope_2000_2025,mndwi_slope_2000_2025,-0.0005090491179507,-0.0020263601654769,0.022335350513458252,0.02119160071015358
1,a,forest_frac_slope_2000_2025,mndwi_slope_2000_2025,-0.0001296893451627,-0.0020263601654769,0.023066719993948936,0.022959893569350243
1,a,forest_frac_slope_2000_2025,mndwi_slope_2000_2025,0.0002496704276253,-0.0020263601654769,0.024935638532042503,0.02567419968545437
1,a,forest_frac_slope_2000_2025,mndwi_slope_2000_2025,0.0006290302004134,-0.0020263601654769,0.02524447813630104,0.026452595368027687
1,a,forest_frac_slope_2000_2025,mndwi_slope_2000_2025,0.0010083899732014,-0.0020263601654769,0.025830579921603203,0.027345027774572372
1,a,forest_frac_slope_2000_2025,mndwi_slope_2000_2025,0.0013877497459895,-0.0020263601654769,0.02602682076394558,0.027680549770593643
1,a,forest_frac_slope_2000_2025,mndwi_slope_2000_2025,0.0017671095187776,-0.0020263601654769,0.026089448481798172,0.02803747169673443
1,a,forest_frac_slope_2000_2025,mndwi_slope_2000_2025,0.0021464692915656,-0.0020263601654769,0.026609325781464577,0.02873796410858631
1,a,forest_frac_slope_2000_2025,mndwi_slope_2000_2025,0.0025258290643537,-0.0020263601654769,0.0267504695802927,0.029074816033244133
1,a,forest_frac_slope_2000_2025,mndwi_slope_2000_2025,0.0029051888371418,-0.0020263601654769,0.02715914323925972,0.02966371551156044
1,a,forest_frac_slope_2000_2025,mndwi_slope_2000_2025,0.0032845486099298,-0.0020263601654769,0.02733520418405533,0.02990325354039669
1,a,forest_frac_slope_2000_2025,mndwi_slope_2000_2025,0.0036639083827179,-0.0020263601654769,0.027340227738022804,0.029965734109282494
1,a,forest_frac_slope_2000_2025,mndwi_slope_2000_2025,0.004043268155506,-0.0020263601654769,0.02752380445599556,0.03021411970257759
1,a,forest_frac_slope_2000_2025,mndwi_slope_2000_2025,0.004422627928294,-0.0020263601654769,0.027863388881087303,0.03057137504220009
1,a,forest_frac_slope_2000_2025,mndwi_slope_2000_2025,0.0048019877010821,-0.0020263601654769,0.027889156714081764,0.030749810859560966
1,a,forest_frac_slope_2000_2025,mndwi_slope_2000_2025,0.0051813474738702,-0.0020263601654769,0.028128646314144135,0.03119424171745777
1,a,forest_frac_slope_2000_2025,mndwi_slope_2000_2025,0.0055607072466582,-0.0020263601654769,0.028128858655691147,0.03127237781882286
1,a,forest_frac_slope_2000_2025,mndwi_slope_2000_2025,0.0059400670194463,-0.0020263601654769,0.02808636985719204,0.031374067068099976
1,a,forest_frac_slope_2000_2025,mndwi_slope_2000_2025,-0.0092343238920763,-0.0018975372113263,0.008884315378963947,-0.003411040408536792
1,a,forest_frac_slope_2000_2025,mndwi_slope_2000_2025,-0.0088549641192882,-0.0018975372113263,0.009125810116529465,-0.0030117672868072987
1,a,forest_frac_slope_2000_2025,mndwi_slope_2000_2025,-0.0084756043465002,-0.0018975372113263,0.009400478564202785,-0.0022486650850623846
1,a,forest_frac_slope_2000_2025,mndwi_slope_2000_2025,-0.0080962445737121,-0.0018975372113263,0.010141797363758087,-0.0010455911979079247
1,a,forest_frac_slope_2000_2025,mndwi_slope_2000_2025,-0.007716884800924,-0.0018975372113263,0.010844317264854908,0.0002169557410525158
1,a,forest_frac_slope_2000_2025,mndwi_slope_2000_2025,-0.007337525028136,-0.0018975372113263,0.011680863797664642,0.0011747359531000257
1,a,forest_frac_slope_2000_2025,mndwi_slope_2000_2025,-0.0069581652553479,-0.0018975372113263,0.01233259029686451,0.002462846925482154
1,a,forest_frac_slope_2000_2025,mndwi_slope_2000_2025,-0.0065788054825598,-0.0018975372113263,0.012536676600575447,0.0029125434812158346
1,a,forest_frac_slope_2000_2025,mndwi_slope_2000_2025,-0.0061994457097717,-0.0018975372113263,0.012690839357674122,0.003605200443416834
1,a,forest_frac_slope_2000_2025,mndwi_slope_2000_2025,-0.0058200859369837,-0.0018975372113263,0.013532202690839767,0.0050726658664643764
1,a,forest_frac_slope_2000_2025,mndwi_slope_2000_2025,-0.0054407261641956,-0.0018975372113263,0.01528607401996851,0.008073023520410061
1,a,forest_frac_slope_2000_2025,mndwi_slope_2000_2025,-0.0050613663914075,-0.0018975372113263,0.015269769355654716,0.00809564534574747
1,a,forest_frac_slope_2000_2025,mndwi_slope_2000_2025,-0.0046820066186195,-0.0018975372113263,0.016712557524442673,0.010330543853342533
1,a,forest_frac_slope_2000_2025,mndwi_slope_2000_2025,-0.0043026468458314,-0.0018975372113263,0.017103703692555428,0.011485750786960125
1,a,forest_frac_slope_2000_2025,mndwi_slope_2000_2025,-0.0039232870730433,-0.0018975372113263,0.017246408388018608,0.011999530717730522
1,a,forest_frac_slope_2000_2025,mndwi_slope_2000_2025,-0.0035439273002553,-0.0018975372113263,0.017651958391070366,0.0131536815315485
1,a,forest_frac_slope_2000_2025,mndwi_slope_2000_2025,-0.0031645675274672,-0.0018975372113263,0.01804816536605358,0.013895997777581215
1,a,forest_frac_slope_2000_2025,mndwi_slope_2000_2025,-0.0027852077546791,-0.0018975372113263,0.01899697445333004,0.014948705211281776
1,a,forest_frac_slope_2000_2025,mndwi_slope_2000_2025,-0.0024058479818911,-0.0018975372113263,0.01922786794602871,0.015587914735078812
1,a,forest_frac_slope_2000_2025,mndwi_slope_2000_2025,-0.002026488209103,-0.0018975372113263,0.019879881292581558,0.016716912388801575
1,a,forest_frac_slope_2000_2025,mndwi_slope_2000_2025,-0.0016471284363149,-0.0018975372113263,0.020252829417586327,0.01770358718931675
1,a,forest_frac_slope_2000_2025,mndwi_slope_2000_2025,-0.0012677686635269,-0.0018975372113263,0.02109472081065178,0.01910306140780449
1,a,forest_frac_slope_2000_2025,mndwi_slope_2000_2025,-0.0008884088907388,-0.0018975372113263,0.021867193281650543,0.02022390067577362
1,a,forest_frac_slope_2000_2025,mndwi_slope_2000_2025,-0.0005090491179507,-0.0018975372113263,0.02242877706885338,0.021300625056028366
1,a,forest_frac_slope_2000_2025,mndwi_slope_2000_2025,-0.0001296893451627,-0.0018975372113263,0.02315099723637104,0.023060141131281853
1,a,forest_frac_slope_2000_2025,mndwi_slope_2000_2025,0.0002496704276253,-0.0018975372113263,0.025005176663398743,0.025777233764529228
1,a,forest_frac_slope_2000_2025,mndwi_slope_2000_2025,0.0006290302004134,-0.0018975372113263,0.025314686819911003,0.02655019238591194
1,a,forest_frac_slope_2000_2025,mndwi_slope_2000_2025,0.0010083899732014,-0.0018975372113263,0.025904830545186996,0.027448397129774094
1,a,forest_frac_slope_2000_2025,mndwi_slope_2000_2025,0.0013877497459895,-0.0018975372113263,0.02610054612159729,0.027784200385212898
1,a,forest_frac_slope_2000_2025,mndwi_slope_2000_2025,0.0017671095187776,-0.0018975372113263,0.026163173839449883,0.028141384944319725
1,a,forest_frac_slope_2000_2025,mndwi_slope_2000_2025,0.0021464692915656,-0.0018975372113263,0.026683051139116287,0.02884342148900032
1,a,forest_frac_slope_2000_2025,mndwi_slope_2000_2025,0.0025258290643537,-0.0018975372113263,0.026824194937944412,0.029187189415097237
1,a,forest_frac_slope_2000_2025,mndwi_slope_2000_2025,0.0029051888371418,-0.0018975372113263,0.02723286859691143,0.02977781929075718
1,a,forest_frac_slope_2000_2025,mndwi_slope_2000_2025,0.0032845486099298,-0.0018975372113263,0.027425847947597504,0.030035145580768585
1,a,forest_frac_slope_2000_2025,mndwi_slope_2000_2025,0.0036639083827179,-0.0018975372113263,0.02743087150156498,0.030099188908934593
1,a,forest_frac_slope_2000_2025,mndwi_slope_2000_2025,0.004043268155506,-0.0018975372113263,0.027614446356892586,0.03034883551299572
1,a,forest_frac_slope_2000_2025,mndwi_slope_2000_2025,0.004422627928294,-0.0018975372113263,0.02795403078198433,0.030707594007253647
1,a,forest_frac_slope_2000_2025,mndwi_slope_2000_2025,0.0048019877010821,-0.0018975372113263,0.02797989919781685,0.030887577682733536
1,a,forest_frac_slope_2000_2025,mndwi_slope_2000_2025,0.0051813474738702,-0.0018975372113263,0.02821938879787922,0.03133317455649376
1,a,forest_frac_slope_2000_2025,mndwi_slope_2000_2025,0.0055607072466582,-0.0018975372113263,0.02821960486471653,0.0314127616584301
1,a,forest_frac_slope_2000_2025,mndwi_slope_2000_2025,0.0059400670194463,-0.0018975372113263,0.028177114203572273,0.031515806913375854
1,a,forest_frac_slope_2000_2025,mndwi_slope_2000_2025,-0.0092343238920763,-0.0017687142571757,0.00886064674705267,-0.0034248430747538805
1,a,forest_frac_slope_2000_2025,mndwi_slope_2000_2025,-0.0088549641192882,-0.0017687142571757,0.009102141484618187,-0.0030253713484853506
1,a,forest_frac_slope_2000_2025,mndwi_slope_2000_2025,-0.0084756043465002,-0.0017687142571757,0.009376810863614082,-0.0022607578430324793
1,a,forest_frac_slope_2000_2025,mndwi_slope_2000_2025,-0.0080962445737121,-0.0017687142571757,0.010118129663169384,-0.001056346925906837
1,a,forest_frac_slope_2000_2025,mndwi_slope_2000_2025,-0.007716884800924,-0.0017687142571757,0.010820649564266205,0.00020630532526411116
1,a,forest_frac_slope_2000_2025,mndwi_slope_2000_2025,-0.007337525028136,-0.0017687142571757,0.011657197028398514,0.0011646173661574721
1,a,forest_frac_slope_2000_2025,mndwi_slope_2000_2025,-0.0069581652553479,-0.0017687142571757,0.012308923527598381,0.0024542100727558136
1,a,forest_frac_slope_2000_2025,mndwi_slope_2000_2025,-0.0065788054825598,-0.0017687142571757,0.01251209620386362,0.002905119676142931
1,a,forest_frac_slope_2000_2025,mndwi_slope_2000_2025,-0.0061994457097717,-0.0017687142571757,0.012665840797126293,0.003596506081521511
1,a,forest_frac_slope_2000_2025,mndwi_slope_2000_2025,-0.0058200859369837,-0.0017687142571757,0.013507205992937088,0.005054592154920101
1,a,forest_frac_slope_2000_2025,mndwi_slope_2000_2025,-0.0054407261641956,-0.0017687142571757,0.015261074528098106,0.008054598234593868
1,a,forest_frac_slope_2000_2025,mndwi_slope_2000_2025,-0.0050613663914075,-0.0017687142571757,0.015244769863784313,0.008078204467892647
1,a,forest_frac_slope_2000_2025,mndwi_slope_2000_2025,-0.0046820066186195,-0.0017687142571757,0.016687558963894844,0.010314523242413998
1,a,forest_frac_slope_2000_2025,mndwi_slope_2000_2025,-0.0043026468458314,-0.0017687142571757,0.0170787051320076,0.01147113461047411
1,a,forest_frac_slope_2000_2025,mndwi_slope_2000_2025,-0.0039232870730433,-0.0017687142571757,0.01722141169011593,0.011986538767814636
1,a,forest_frac_slope_2000_2025,mndwi_slope_2000_2025,-0.0035439273002553,-0.0017687142571757,0.017615722492337227,0.013132346794009209
1,a,forest_frac_slope_2000_2025,mndwi_slope_2000_2025,-0.0031645675274672,-0.0017687142571757,0.018003173172473907,0.013869056478142738
1,a,forest_frac_slope_2000_2025,mndwi_slope_2000_2025,-0.0027852077546791,-0.0017687142571757,0.018938060849905014,0.0149066261947155
1,a,forest_frac_slope_2000_2025,mndwi_slope_2000_2025,-0.0024058479818911,-0.0017687142571757,0.019166594371199608,0.015537943691015244
1,a,forest_frac_slope_2000_2025,mndwi_slope_2000_2025,-0.002026488209103,-0.0017687142571757,0.019818603992462158,0.016666250303387642
1,a,forest_frac_slope_2000_2025,mndwi_slope_2000_2025,-0.0016471284363149,-0.0017687142571757,0.020180953666567802,0.017643315717577934
1,a,forest_frac_slope_2000_2025,mndwi_slope_2000_2025,-0.0012677686635269,-0.0017687142571757,0.02102283388376236,0.019040286540985107
1,a,forest_frac_slope_2000_2025,mndwi_slope_2000_2025,-0.0008884088907388,-0.0017687142571757,0.021789425984025,0.02014186792075634
1,a,forest_frac_slope_2000_2025,mndwi_slope_2000_2025,-0.0005090491179507,-0.0017687142571757,0.022334136068820953,0.02121032029390335
1,a,forest_frac_slope_2000_2025,mndwi_slope_2000_2025,-0.0001296893451627,-0.0017687142571757,0.023049717769026756,0.02297184057533741
1,a,forest_frac_slope_2000_2025,mndwi_slope_2000_2025,0.0002496704276253,-0.0017687142571757,0.024901261553168297,0.025677917525172234
1,a,forest_frac_slope_2000_2025,mndwi_slope_2000_2025,0.0006290302004134,-0.0017687142571757,0.025235190987586975,0.026464425027370453
1,a,forest_frac_slope_2000_2025,mndwi_slope_2000_2025,0.0010083899732014,-0.0017687142571757,0.025825602933764458,0.027370795607566833
1,a,forest_frac_slope_2000_2025,mndwi_slope_2000_2025,0.0013877497459895,-0.0017687142571757,0.02603694424033165,0.027732722461223602
1,a,forest_frac_slope_2000_2025,mndwi_slope_2000_2025,0.0017671095187776,-0.0017687142571757,0.026099037379026413,0.028091128915548325
1,a,forest_frac_slope_2000_2025,mndwi_slope_2000_2025,0.0021464692915656,-0.0017687142571757,0.026619285345077515,0.02879493683576584
1,a,forest_frac_slope_2000_2025,mndwi_slope_2000_2025,0.0025258290643537,-0.0017687142571757,0.02676043100655079,0.029141515493392944
1,a,forest_frac_slope_2000_2025,mndwi_slope_2000_2025,0.0029051888371418,-0.0017687142571757,0.027169106528162956,0.029732761904597282
1,a,forest_frac_slope_2000_2025,mndwi_slope_2000_2025,0.0032845486099298,-0.0017687142571757,0.02736208215355873,0.02998996153473854
1,a,forest_frac_slope_2000_2025,mndwi_slope_2000_2025,0.0036639083827179,-0.0017687142571757,0.027367109432816505,0.030053889378905296
1,a,forest_frac_slope_2000_2025,mndwi_slope_2000_2025,0.004043268155506,-0.0017687142571757,0.027550680562853813,0.030303068459033966
1,a,forest_frac_slope_2000_2025,mndwi_slope_2000_2025,0.004422627928294,-0.0017687142571757,0.027890263125300407,0.030661435797810555
1,a,forest_frac_slope_2000_2025,mndwi_slope_2000_2025,0.0048019877010821,-0.0017687142571757,0.027916133403778076,0.03084082342684269
1,a,forest_frac_slope_2000_2025,mndwi_slope_2000_2025,0.0051813474738702,-0.0017687142571757,0.028155624866485596,0.0312858410179615
1,a,forest_frac_slope_2000_2025,mndwi_slope_2000_2025,0.0055607072466582,-0.0017687142571757,0.028155839070677757,0.03136501461267471
1,a,forest_frac_slope_2000_2025,mndwi_slope_2000_2025,0.0059400670194463,-0.0017687142571757,0.0281133484095335,0.03146778792142868
1,a,forest_frac_slope_2000_2025,mndwi_slope_2000_2025,-0.0092343238920763,-0.0016398913030251,0.008901095017790794,-0.003383263014256954
1,a,forest_frac_slope_2000_2025,mndwi_slope_2000_2025,-0.0088549641192882,-0.0016398913030251,0.0091432249173522,-0.0029836588073521852
1,a,forest_frac_slope_2000_2025,mndwi_slope_2000_2025,-0.0084756043465002,-0.0016398913030251,0.009417894296348095,-0.002218571025878191
1,a,forest_frac_slope_2000_2025,mndwi_slope_2000_2025,-0.0080962445737121,-0.0016398913030251,0.010159213095903397,-0.0010140136582776904
1,a,forest_frac_slope_2000_2025,mndwi_slope_2000_2025,-0.007716884800924,-0.0016398913030251,0.010861732065677643,0.00024932756787166
1,a,forest_frac_slope_2000_2025,mndwi_slope_2000_2025,-0.007337525028136,-0.0016398913030251,0.011698279529809952,0.0012076423736289144
1,a,forest_frac_slope_2000_2025,mndwi_slope_2000_2025,-0.0069581652553479,-0.0016398913030251,0.012355981394648552,0.0025030411779880524
1,a,forest_frac_slope_2000_2025,mndwi_slope_2000_2025,-0.0065788054825598,-0.0016398913030251,0.012559155002236366,0.002954275580123067
1,a,forest_frac_slope_2000_2025,mndwi_slope_2000_2025,-0.0061994457097717,-0.0016398913030251,0.012712899595499039,0.003645384218543768
1,a,forest_frac_slope_2000_2025,mndwi_slope_2000_2025,-0.0058200859369837,-0.0016398913030251,0.013554264791309834,0.005101799499243498
1,a,forest_frac_slope_2000_2025,mndwi_slope_2000_2025,-0.0054407261641956,-0.0016398913030251,0.015309451147913933,0.00810309499502182
1,a,forest_frac_slope_2000_2025,mndwi_slope_2000_2025,-0.0050613663914075,-0.0016398913030251,0.01529314648360014,0.008124686777591705
1,a,forest_frac_slope_2000_2025,mndwi_slope_2000_2025,-0.0046820066186195,-0.0016398913030251,0.016735464334487915,0.010363547131419182
1,a,forest_frac_slope_2000_2025,mndwi_slope_2000_2025,-0.0043026468458314,-0.0016398913030251,0.017126552760601044,0.011521825566887856
1,a,forest_frac_slope_2000_2025,mndwi_slope_2000_2025,-0.0039232870730433,-0.0016398913030251,0.01726989820599556,0.012038024142384529
1,a,forest_frac_slope_2000_2025,mndwi_slope_2000_2025,-0.0035439273002553,-0.0016398913030251,0.01766161620616913,0.013181249611079693
1,a,forest_frac_slope_2000_2025,mndwi_slope_2000_2025,-0.0031645675274672,-0.0016398913030251,0.018046798184514046,0.01391902007162571
1,a,forest_frac_slope_2000_2025,mndwi_slope_2000_2025,-0.0027852077546791,-0.0016398913030251,0.018973825499415398,0.014948224648833275
1,a,forest_frac_slope_2000_2025,mndwi_slope_2000_2025,-0.0024058479818911,-0.0016398913030251,0.01920154318213463,0.015580059960484505
1,a,forest_frac_slope_2000_2025,mndwi_slope_2000_2025,-0.002026488209103,-0.0016398913030251,0.019852876663208008,0.01670430228114128
1,a,forest_frac_slope_2000_2025,mndwi_slope_2000_2025,-0.0016471284363149,-0.0016398913030251,0.020206544548273087,0.017673373222351074
1,a,forest_frac_slope_2000_2025,mndwi_slope_2000_2025,-0.0012677686635269,-0.0016398913030251,0.021034127101302147,0.01905868947505951
1,a,forest_frac_slope_2000_2025,mndwi_slope_2000_2025,-0.0008884088907388,-0.0016398913030251,0.021781202405691147,0.020146839320659637
1,a,forest_frac_slope_2000_2025,mndwi_slope_2000_2025,-0.0005090491179507,-0.0016398913030251,0.022314881905913353,0.021205704659223557
1,a,forest_frac_slope_2000_2025,mndwi_slope_2000_2025,-0.0001296893451627,-0.0016398913030251,0.02299402840435505,0.022923648357391357
1,a,forest_frac_slope_2000_2025,mndwi_slope_2000_2025,0.0002496704276253,-0.0016398913030251,0.024811603128910065,0.02561751753091812
1,a,forest_frac_slope_2000_2025,mndwi_slope_2000_2025,0.0006290302004134,-0.0016398913030251,0.02514723129570484,0.026400474831461906
1,a,forest_frac_slope_2000_2025,mndwi_slope_2000_2025,0.0010083899732014,-0.0016398913030251,0.02574167400598526,0.027308814227581024
1,a,forest_frac_slope_2000_2025,mndwi_slope_2000_2025,0.0013877497459895,-0.0016398913030251,0.025985294952988625,0.027669671922922134
1,a,forest_frac_slope_2000_2025,mndwi_slope_2000_2025,0.0017671095187776,-0.0016398913030251,0.026047388091683388,0.028055191040039062
1,a,forest_frac_slope_2000_2025,mndwi_slope_2000_2025,0.0021464692915656,-0.0016398913030251,0.02656763792037964,0.028759008273482323
1,a,forest_frac_slope_2000_2025,mndwi_slope_2000_2025,0.0025258290643537,-0.0016398913030251,0.026708781719207764,0.029105713590979576
1,a,forest_frac_slope_2000_2025,mndwi_slope_2000_2025,0.0029051888371418,-0.0016398913030251,0.027117379009723663,0.0296965092420578
1,a,forest_frac_slope_2000_2025,mndwi_slope_2000_2025,0.0032845486099298,-0.0016398913030251,0.027310358360409737,0.02995309792459011
1,a,forest_frac_slope_2000_2025,mndwi_slope_2000_2025,0.0036639083827179,-0.0016398913030251,0.027315381914377213,0.030016861855983734
1,a,forest_frac_slope_2000_2025,mndwi_slope_2000_2025,0.004043268155506,-0.0016398913030251,0.02749895676970482,0.030265824869275093
1,a,forest_frac_slope_2000_2025,mndwi_slope_2000_2025,0.004422627928294,-0.0016398913030251,0.027838541194796562,0.03062397614121437
1,a,forest_frac_slope_2000_2025,mndwi_slope_2000_2025,0.0048019877010821,-0.0016398913030251,0.027864405885338783,0.030803056433796883
1,a,forest_frac_slope_2000_2025,mndwi_slope_2000_2025,0.0051813474738702,-0.0016398913030251,0.028103899210691452,0.031247930601239204
1,a,forest_frac_slope_2000_2025,mndwi_slope_2000_2025,0.0055607072466582,-0.0016398913030251,0.028104115277528763,0.03132704645395279
1,a,forest_frac_slope_2000_2025,mndwi_slope_2000_2025,0.0059400670194463,-0.0016398913030251,0.028061622753739357,0.03142955154180527
1,a,forest_frac_slope_2000_2025,mndwi_slope_2000_2025,-0.0092343238920763,-0.0015110683488745,0.00902001652866602,-0.0033550921361893415
1,a,forest_frac_slope_2000_2025,mndwi_slope_2000_2025,-0.0088549641192882,-0.0015110683488745,0.009263630025088787,-0.002949285553768277
1,a,forest_frac_slope_2000_2025,mndwi_slope_2000_2025,-0.0084756043465002,-0.0015110683488745,0.009538300335407257,-0.002177477814257145
1,a,forest_frac_slope_2000_2025,mndwi_slope_2000_2025,-0.0080962445737121,-0.0015110683488745,0.010279619134962559,-0.0009674678440205753
1,a,forest_frac_slope_2000_2025,mndwi_slope_2000_2025,-0.007716884800924,-0.0015110683488745,0.010982138104736805,0.00030657919705845416
1,a,forest_frac_slope_2000_2025,mndwi_slope_2000_2025,-0.007337525028136,-0.0015110683488745,0.011714113876223564,0.0012161799240857363
1,a,forest_frac_slope_2000_2025,mndwi_slope_2000_2025,-0.0069581652553479,-0.0015110683488745,0.012371815741062164,0.0025119094643741846
1,a,forest_frac_slope_2000_2025,mndwi_slope_2000_2025,-0.0065788054825598,-0.0015110683488745,0.012575767934322357,0.002963612787425518
1,a,forest_frac_slope_2000_2025,mndwi_slope_2000_2025,-0.0061994457097717,-0.0015110683488745,0.01272951252758503,0.0036547177005559206
1,a,forest_frac_slope_2000_2025,mndwi_slope_2000_2025,-0.0058200859369837,-0.0015110683488745,0.013576097786426544,0.005116301588714123
1,a,forest_frac_slope_2000_2025,mndwi_slope_2000_2025,-0.0054407261641956,-0.0015110683488745,0.015331282280385494,0.008117575198411942
1,a,forest_frac_slope_2000_2025,mndwi_slope_2000_2025,-0.0050613663914075,-0.0015110683488745,0.015315226279199123,0.008139599114656448
1,a,forest_frac_slope_2000_2025,mndwi_slope_2000_2025,-0.0046820066186195,-0.0015110683488745,0.016757545992732048,0.010378731414675713
1,a,forest_frac_slope_2000_2025,mndwi_slope_2000_2025,-0.0043026468458314,-0.0015110683488745,0.017147446051239967,0.011535956524312496
1,a,forest_frac_slope_2000_2025,mndwi_slope_2000_2025,-0.0039232870730433,-0.0015110683488745,0.017290793359279633,0.012052538804709911
1,a,forest_frac_slope_2000_2025,mndwi_slope_2000_2025,-0.0035439273002553,-0.0015110683488745,0.0176825113594532,0.013195618987083435
1,a,forest_frac_slope_2000_2025,mndwi_slope_2000_2025,-0.0031645675274672,-0.0015110683488745,0.01806769147515297,0.013933639973402023
1,a,forest_frac_slope_2000_2025,mndwi_slope_2000_2025,-0.0027852077546791,-0.0015110683488745,0.018991386517882347,0.014958505518734455
1,a,forest_frac_slope_2000_2025,mndwi_slope_2000_2025,-0.0024058479818911,-0.0015110683488745,0.01921910233795643,0.015590383671224117
1,a,forest_frac_slope_2000_2025,mndwi_slope_2000_2025,-0.002026488209103,-0.0015110683488745,0.019870437681674957,0.016714133322238922
1,a,forest_frac_slope_2000_2025,mndwi_slope_2000_2025,-0.0016471284363149,-0.0015110683488745,0.020224103704094887,0.017682872712612152
1,a,forest_frac_slope_2000_2025,mndwi_slope_2000_2025,-0.0012677686635269,-0.0015110683488745,0.021051686257123947,0.019068408757448196
1,a,forest_frac_slope_2000_2025,mndwi_slope_2000_2025,-0.0008884088907388,-0.0015110683488745,0.021795528009533882,0.020153716206550598
1,a,forest_frac_slope_2000_2025,mndwi_slope_2000_2025,-0.0005090491179507,-0.0015110683488745,0.022321797907352448,0.02120743878185749
1,a,forest_frac_slope_2000_2025,mndwi_slope_2000_2025,-0.0001296893451627,-0.0015110683488745,0.02294014021754265,0.022865403443574905
1,a,forest_frac_slope_2000_2025,mndwi_slope_2000_2025,0.0002496704276253,-0.0015110683488745,0.024817027151584625,0.02562527544796467
1,a,forest_frac_slope_2000_2025,mndwi_slope_2000_2025,0.0006290302004134,-0.0015110683488745,0.02515557035803795,0.026411695405840874
1,a,forest_frac_slope_2000_2025,mndwi_slope_2000_2025,0.0010083899732014,-0.0015110683488745,0.025750013068318367,0.027319926768541336
1,a,forest_frac_slope_2000_2025,mndwi_slope_2000_2025,0.0013877497459895,-0.0015110683488745,0.02599363401532173,0.027679843828082085
1,a,forest_frac_slope_2000_2025,mndwi_slope_2000_2025,0.0017671095187776,-0.0015110683488745,0.026055725291371346,0.028065459802746773
1,a,forest_frac_slope_2000_2025,mndwi_slope_2000_2025,0.0021464692915656,-0.0015110683488745,0.026576276868581772,0.028769683092832565
1,a,forest_frac_slope_2000_2025,mndwi_slope_2000_2025,0.0025258290643537,-0.0015110683488745,0.026719188317656517,0.02911815606057644
1,a,forest_frac_slope_2000_2025,mndwi_slope_2000_2025,0.0029051888371418,-0.0015110683488745,0.027127500623464584,0.0297088585793972
1,a,forest_frac_slope_2000_2025,mndwi_slope_2000_2025,0.0032845486099298,-0.0015110683488745,0.027320479974150658,0.02996566705405712
1,a,forest_frac_slope_2000_2025,mndwi_slope_2000_2025,0.0036639083827179,-0.0015110683488745,0.027325503528118134,0.03002936765551567
1,a,forest_frac_slope_2000_2025,mndwi_slope_2000_2025,0.004043268155506,-0.0015110683488745,0.02750932052731514,0.030278753489255905
1,a,forest_frac_slope_2000_2025,mndwi_slope_2000_2025,0.004422627928294,-0.0015110683488745,0.027848904952406883,0.030637048184871674
1,a,forest_frac_slope_2000_2025,mndwi_slope_2000_2025,0.0048019877010821,-0.0015110683488745,0.027874767780303955,0.030816351994872093
1,a,forest_frac_slope_2000_2025,mndwi_slope_2000_2025,0.0051813474738702,-0.0015110683488745,0.028114264830946922,0.0312611386179924
1,a,forest_frac_slope_2000_2025,mndwi_slope_2000_2025,0.0055607072466582,-0.0015110683488745,0.028114477172493935,0.031340133398771286
1,a,forest_frac_slope_2000_2025,mndwi_slope_2000_2025,0.0059400670194463,-0.0015110683488745,0.028070945292711258,0.03144141286611557
1,a,forest_frac_slope_2000_2025,mndwi_slope_2000_2025,-0.0092343238920763,-0.0013822453947239,0.009004591032862663,-0.003340190276503563
1,a,forest_frac_slope_2000_2025,mndwi_slope_2000_2025,-0.0088549641192882,-0.0013822453947239,0.009248205460608006,-0.0029343897476792336
1,a,forest_frac_slope_2000_2025,mndwi_slope_2000_2025,-0.0084756043465002,-0.0013822453947239,0.009522874839603901,-0.0021622602362185717
1,a,forest_frac_slope_2000_2025,mndwi_slope_2000_2025,-0.0080962445737121,-0.0013822453947239,0.010265992023050785,-0.0009481403976678848
1,a,forest_frac_slope_2000_2025,mndwi_slope_2000_2025,-0.007716884800924,-0.0013822453947239,0.010968511924147606,0.0003165504604112357
1,a,forest_frac_slope_2000_2025,mndwi_slope_2000_2025,-0.007337525028136,-0.0013822453947239,0.01170048676431179,0.0012205580715090036
1,a,forest_frac_slope_2000_2025,mndwi_slope_2000_2025,-0.0069581652553479,-0.0013822453947239,0.012353651225566864,0.002509811893105507
1,a,forest_frac_slope_2000_2025,mndwi_slope_2000_2025,-0.0065788054825598,-0.0013822453947239,0.012557604350149632,0.002964162966236472
1,a,forest_frac_slope_2000_2025,mndwi_slope_2000_2025,-0.0061994457097717,-0.0013822453947239,0.012710086070001125,0.0036507153417915106
1,a,forest_frac_slope_2000_2025,mndwi_slope_2000_2025,-0.0058200859369837,-0.0013822453947239,0.01355666946619749,0.005112175364047289
1,a,forest_frac_slope_2000_2025,mndwi_slope_2000_2025,-0.0054407261641956,-0.0013822453947239,0.015299603343009949,0.00810924731194973
1,a,forest_frac_slope_2000_2025,mndwi_slope_2000_2025,-0.0050613663914075,-0.0013822453947239,0.015283546410501003,0.008129002526402473
1,a,forest_frac_slope_2000_2025,mndwi_slope_2000_2025,-0.0046820066186195,-0.0013822453947239,0.01672540046274662,0.010367035865783691
1,a,forest_frac_slope_2000_2025,mndwi_slope_2000_2025,-0.0043026468458314,-0.0013822453947239,0.01711530238389969,0.01152490172535181
1,a,forest_frac_slope_2000_2025,mndwi_slope_2000_2025,-0.0039232870730433,-0.0013822453947239,0.017258647829294205,0.012040296569466591
1,a,forest_frac_slope_2000_2025,mndwi_slope_2000_2025,-0.0035439273002553,-0.0013822453947239,0.017650365829467773,0.013182886876165867
1,a,forest_frac_slope_2000_2025,mndwi_slope_2000_2025,-0.0031645675274672,-0.0013822453947239,0.0180292297154665,0.013914771378040314
1,a,forest_frac_slope_2000_2025,mndwi_slope_2000_2025,-0.0027852077546791,-0.0013822453947239,0.018946735188364983,0.014932452701032162
1,a,forest_frac_slope_2000_2025,mndwi_slope_2000_2025,-0.0024058479818911,-0.0013822453947239,0.01917196623980999,0.015561400912702084
1,a,forest_frac_slope_2000_2025,mndwi_slope_2000_2025,-0.002026488209103,-0.0013822453947239,0.019827913492918015,0.016689417883753777
1,a,forest_frac_slope_2000_2025,mndwi_slope_2000_2025,-0.0016471284363149,-0.0013822453947239,0.020166195929050446,0.017643779516220093
1,a,forest_frac_slope_2000_2025,mndwi_slope_2000_2025,-0.0012677686635269,-0.0013822453947239,0.020993778482079506,0.019023844972252846
1,a,forest_frac_slope_2000_2025,mndwi_slope_2000_2025,-0.0008884088907388,-0.0013822453947239,0.02172183431684971,0.020087743178009987
1,a,forest_frac_slope_2000_2025,mndwi_slope_2000_2025,-0.0005090491179507,-0.0013822453947239,0.022177940234541893,0.02107147127389908
1,a,forest_frac_slope_2000_2025,mndwi_slope_2000_2025,-0.0001296893451627,-0.0013822453947239,0.022787338122725487,0.022713566198945045
1,a,forest_frac_slope_2000_2025,mndwi_slope_2000_2025,0.0002496704276253,-0.0013822453947239,0.02474568970501423,0.02557934634387493
1,a,forest_frac_slope_2000_2025,mndwi_slope_2000_2025,0.0006290302004134,-0.0013822453947239,0.02508658915758133,0.02636810950934887
1,a,forest_frac_slope_2000_2025,mndwi_slope_2000_2025,0.0010083899732014,-0.0013822453947239,0.025681031867861748,0.02727643959224224
1,a,forest_frac_slope_2000_2025,mndwi_slope_2000_2025,0.0013877497459895,-0.0013822453947239,0.025910411030054092,0.027621818706393242
1,a,forest_frac_slope_2000_2025,mndwi_slope_2000_2025,0.0017671095187776,-0.0013822453947239,0.025972502306103706,0.0280069038271904
1,a,forest_frac_slope_2000_2025,mndwi_slope_2000_2025,0.0021464692915656,-0.0013822453947239,0.026493055745959282,0.028710536658763885
1,a,forest_frac_slope_2000_2025,mndwi_slope_2000_2025,0.0025258290643537,-0.0013822453947239,0.02663540095090866,0.02905883826315403
1,a,forest_frac_slope_2000_2025,mndwi_slope_2000_2025,0.0029051888371418,-0.0013822453947239,0.02704753912985325,0.029653368517756462
1,a,forest_frac_slope_2000_2025,mndwi_slope_2000_2025,0.0032845486099298,-0.0013822453947239,0.02724052034318447,0.02991045080125332
1,a,forest_frac_slope_2000_2025,mndwi_slope_2000_2025,0.0036639083827179,-0.0013822453947239,0.027245543897151947,0.02997424826025963
1,a,forest_frac_slope_2000_2025,mndwi_slope_2000_2025,0.004043268155506,-0.0013822453947239,0.027429360896348953,0.030223440378904343
1,a,forest_frac_slope_2000_2025,mndwi_slope_2000_2025,0.004422627928294,-0.0013822453947239,0.027768941596150398,0.030581658706068993
1,a,forest_frac_slope_2000_2025,mndwi_slope_2000_2025,0.0048019877010821,-0.0013822453947239,0.027794810011982918,0.03076082468032837
1,a,forest_frac_slope_2000_2025,mndwi_slope_2000_2025,0.0051813474738702,-0.0013822453947239,0.028034301474690437,0.0312054380774498
1,a,forest_frac_slope_2000_2025,mndwi_slope_2000_2025,0.0055607072466582,-0.0013822453947239,0.0280345156788826,0.03128437697887421
1,a,forest_frac_slope_2000_2025,mndwi_slope_2000_2025,0.0059400670194463,-0.0013822453947239,0.027990983799099922,0.03138544037938118
1,a,forest_frac_slope_2000_2025,mndwi_slope_2000_2025,-0.0092343238920763,-0.0012534224405733,0.00896333996206522,-0.003343556309118867
1,a,forest_frac_slope_2000_2025,mndwi_slope_2000_2025,-0.0088549641192882,-0.0012534224405733,0.009206953458487988,-0.0029377557802945375
1,a,forest_frac_slope_2000_2025,mndwi_slope_2000_2025,-0.0084756043465002,-0.0012534224405733,0.009481622837483883,-0.0021654870361089706
1,a,forest_frac_slope_2000_2025,mndwi_slope_2000_2025,-0.0080962445737121,-0.0012534224405733,0.010224740020930767,-0.0009513671975582838
1,a,forest_frac_slope_2000_2025,mndwi_slope_2000_2025,-0.007716884800924,-0.0012534224405733,0.010927258990705013,0.00031339231645688415
1,a,forest_frac_slope_2000_2025,mndwi_slope_2000_2025,-0.007337525028136,-0.0012534224405733,0.011659521609544754,0.0012177537428215146
1,a,forest_frac_slope_2000_2025,mndwi_slope_2000_2025,-0.0069581652553479,-0.0012534224405733,0.012312686070799828,0.002506950404495001
1,a,forest_frac_slope_2000_2025,mndwi_slope_2000_2025,-0.0065788054825598,-0.0012534224405733,0.01251663826406002,0.0029613010119646788
1,a,forest_frac_slope_2000_2025,mndwi_slope_2000_2025,-0.0061994457097717,-0.0012534224405733,0.012669121846556664,0.003647926962003112
1,a,forest_frac_slope_2000_2025,mndwi_slope_2000_2025,-0.0058200859369837,-0.0012534224405733,0.013515704311430454,0.005109468474984169
1,a,forest_frac_slope_2000_2025,mndwi_slope_2000_2025,-0.0054407261641956,-0.0012534224405733,0.015256562270224094,0.008104663342237473
1,a,forest_frac_slope_2000_2025,mndwi_slope_2000_2025,-0.0050613663914075,-0.0012534224405733,0.015240507200360298,0.008124250918626785
1,a,forest_frac_slope_2000_2025,mndwi_slope_2000_2025,-0.0046820066186195,-0.0012534224405733,0.01668236032128334,0.010362289845943451
1,a,forest_frac_slope_2000_2025,mndwi_slope_2000_2025,-0.0043026468458314,-0.0012534224405733,0.01707226224243641,0.01151986699551344
1,a,forest_frac_slope_2000_2025,mndwi_slope_2000_2025,-0.0039232870730433,-0.0012534224405733,0.017215607687830925,0.012035123072564602
1,a,forest_frac_slope_2000_2025,mndwi_slope_2000_2025,-0.0035439273002553,-0.0012534224405733,0.01760507933795452,0.013175392523407936
1,a,forest_frac_slope_2000_2025,mndwi_slope_2000_2025,-0.0031645675274672,-0.0012534224405733,0.017974892631173134,0.013898010365664959
1,a,forest_frac_slope_2000_2025,mndwi_slope_2000_2025,-0.0027852077546791,-0.0012534224405733,0.01888769119977951,0.014914789237082005
1,a,forest_frac_slope_2000_2025,mndwi_slope_2000_2025,-0.0024058479818911,-0.0012534224405733,0.019112924113869667,0.015543769113719463
1,a,forest_frac_slope_2000_2025,mndwi_slope_2000_2025,-0.002026488209103,-0.0012534224405733,0.019740523770451546,0.01664312556385994
1,a,forest_frac_slope_2000_2025,mndwi_slope_2000_2025,-0.0016471284363149,-0.0012534224405733,0.020075948908925056,0.017596688121557236
1,a,forest_frac_slope_2000_2025,mndwi_slope_2000_2025,-0.0012677686635269,-0.0012534224405733,0.020894961431622505,0.018966184929013252
1,a,forest_frac_slope_2000_2025,mndwi_slope_2000_2025,-0.0008884088907388,-0.0012534224405733,0.021578824147582054,0.019990215077996254
1,a,forest_frac_slope_2000_2025,mndwi_slope_2000_2025,-0.0005090491179507,-0.0012534224405733,0.022021427750587463,0.02093159407377243
1,a,forest_frac_slope_2000_2025,mndwi_slope_2000_2025,-0.0001296893451627,-0.0012534224405733,0.02263014391064644,0.02254093997180462
1,a,forest_frac_slope_2000_2025,mndwi_slope_2000_2025,0.0002496704276253,-0.0012534224405733,0.02465292066335678,0.025496002286672592
1,a,forest_frac_slope_2000_2025,mndwi_slope_2000_2025,0.0006290302004134,-0.0012534224405733,0.024993639439344406,0.02628910355269909
1,a,forest_frac_slope_2000_2025,mndwi_slope_2000_2025,0.0010083899732014,-0.0012534224405733,0.025588080286979675,0.027202660217881203
1,a,forest_frac_slope_2000_2025,mndwi_slope_2000_2025,0.0013877497459895,-0.0012534224405733,0.02581746131181717,0.027548285201191902
1,a,forest_frac_slope_2000_2025,mndwi_slope_2000_2025,0.0017671095187776,-0.0012534224405733,0.02588054910302162,0.027934812009334564
1,a,forest_frac_slope_2000_2025,mndwi_slope_2000_2025,0.0021464692915656,-0.0012534224405733,0.026401102542877197,0.028640327975153923
1,a,forest_frac_slope_2000_2025,mndwi_slope_2000_2025,0.0025258290643537,-0.0012534224405733,0.026543445885181427,0.02900172583758831
1,a,forest_frac_slope_2000_2025,mndwi_slope_2000_2025,0.0029051888371418,-0.0012534224405733,0.026955587789416313,0.029596369713544846
1,a,forest_frac_slope_2000_2025,mndwi_slope_2000_2025,0.0032845486099298,-0.0012534224405733,0.027148565277457237,0.029853537678718567
1,a,forest_frac_slope_2000_2025,mndwi_slope_2000_2025,0.0036639083827179,-0.0012534224405733,0.027153586968779564,0.02991727739572525
1,a,forest_frac_slope_2000_2025,mndwi_slope_2000_2025,0.004043268155506,-0.0012534224405733,0.02733740396797657,0.030167175456881523
1,a,forest_frac_slope_2000_2025,mndwi_slope_2000_2025,0.004422627928294,-0.0012534224405733,0.027676988393068314,0.030525365844368935
1,a,forest_frac_slope_2000_2025,mndwi_slope_2000_2025,0.0048019877010821,-0.0012534224405733,0.027702856808900833,0.030704841017723083
1,a,forest_frac_slope_2000_2025,mndwi_slope_2000_2025,0.0051813474738702,-0.0012534224405733,0.027942346408963203,0.03114936128258705
1,a,forest_frac_slope_2000_2025,mndwi_slope_2000_2025,0.0055607072466582,-0.0012534224405733,0.027942562475800514,0.031228244304656982
1,a,forest_frac_slope_2000_2025,mndwi_slope_2000_2025,0.0059400670194463,-0.0012534224405733,0.027899030596017838,0.03132954239845276
1,a,forest_frac_slope_2000_2025,mndwi_slope_2000_2025,-0.0092343238920763,-0.0011245994864227,0.008825165219604969,-0.0033392366021871567
1,a,forest_frac_slope_2000_2025,mndwi_slope_2000_2025,-0.0088549641192882,-0.0011245994864227,0.009068778716027737,-0.0029332840349525213
1,a,forest_frac_slope_2000_2025,mndwi_slope_2000_2025,-0.0084756043465002,-0.0011245994864227,0.009343448095023632,-0.002160911913961172
1,a,forest_frac_slope_2000_2025,mndwi_slope_2000_2025,-0.0080962445737121,-0.0011245994864227,0.01008656620979309,-0.0009469930082559586
1,a,forest_frac_slope_2000_2025,mndwi_slope_2000_2025,-0.007716884800924,-0.0011245994864227,0.010789085179567337,0.0003189170965924859
1,a,forest_frac_slope_2000_2025,mndwi_slope_2000_2025,-0.007337525028136,-0.0011245994864227,0.011521347798407078,0.0012242082739248872
1,a,forest_frac_slope_2000_2025,mndwi_slope_2000_2025,-0.0069581652553479,-0.0011245994864227,0.01217210479080677,0.0025115979369729757
1,a,forest_frac_slope_2000_2025,mndwi_slope_2000_2025,-0.0065788054825598,-0.0011245994864227,0.012376056052744389,0.0029667243361473083
1,a,forest_frac_slope_2000_2025,mndwi_slope_2000_2025,-0.0061994457097717,-0.0011245994864227,0.012528538703918457,0.003653119318187237
1,a,forest_frac_slope_2000_2025,mndwi_slope_2000_2025,-0.0058200859369837,-0.0011245994864227,0.013376190327107906,0.005115369334816933
1,a,forest_frac_slope_2000_2025,mndwi_slope_2000_2025,-0.0054407261641956,-0.0011245994864227,0.015103798359632492,0.008095437660813332
1,a,forest_frac_slope_2000_2025,mndwi_slope_2000_2025,-0.0050613663914075,-0.0011245994864227,0.015087742358446121,0.008115368895232677
1,a,forest_frac_slope_2000_2025,mndwi_slope_2000_2025,-0.0046820066186195,-0.0011245994864227,0.01652856171131134,0.010348976589739323
1,a,forest_frac_slope_2000_2025,mndwi_slope_2000_2025,-0.0043026468458314,-0.0011245994864227,0.01691846363246441,0.011506871320307255
1,a,forest_frac_slope_2000_2025,mndwi_slope_2000_2025,-0.0039232870730433,-0.0011245994864227,0.017061809077858925,0.01202353835105896
1,a,forest_frac_slope_2000_2025,mndwi_slope_2000_2025,-0.0035439273002553,-0.0011245994864227,0.01745128072798252,0.013183822855353355
1,a,forest_frac_slope_2000_2025,mndwi_slope_2000_2025,-0.0031645675274672,-0.0011245994864227,0.017846502363681793,0.013933445326983929
1,a,forest_frac_slope_2000_2025,mndwi_slope_2000_2025,-0.0027852077546791,-0.0011245994864227,0.018702100962400436,0.014937830157577991
1,a,forest_frac_slope_2000_2025,mndwi_slope_2000_2025,-0.0024058479818911,-0.0011245994864227,0.018927332013845444,0.01555735431611538
1,a,forest_frac_slope_2000_2025,mndwi_slope_2000_2025,-0.002026488209103,-0.0011245994864227,0.0195540189743042,0.016629522666335106
1,a,forest_frac_slope_2000_2025,mndwi_slope_2000_2025,-0.0016471284363149,-0.0011245994864227,0.019821681082248688,0.01745360530912876
1,a,forest_frac_slope_2000_2025,mndwi_slope_2000_2025,-0.0012677686635269,-0.0011245994864227,0.020432569086551666,0.01855269819498062
1,a,forest_frac_slope_2000_2025,mndwi_slope_2000_2025,-0.0008884088907388,-0.0011245994864227,0.021096548065543175,0.019542906433343887
1,a,forest_frac_slope_2000_2025,mndwi_slope_2000_2025,-0.0005090491179507,-0.0011245994864227,0.02151835709810257,0.020409397780895233
1,a,forest_frac_slope_2000_2025,mndwi_slope_2000_2025,-0.0001296893451627,-0.0011245994864227,0.02209467627108097,0.021989570930600166
1,a,forest_frac_slope_2000_2025,mndwi_slope_2000_2025,0.0002496704276253,-0.0011245994864227,0.024483518674969673,0.025416387245059013
1,a,forest_frac_slope_2000_2025,mndwi_slope_2000_2025,0.0006290302004134,-0.0011245994864227,0.024824613705277443,0.026265256106853485
1,a,forest_frac_slope_2000_2025,mndwi_slope_2000_2025,0.0010083899732014,-0.0011245994864227,0.025424007326364517,0.027185862883925438
1,a,forest_frac_slope_2000_2025,mndwi_slope_2000_2025,0.0013877497459895,-0.0011245994864227,0.025653384625911713,0.027528399601578712
1,a,forest_frac_slope_2000_2025,mndwi_slope_2000_2025,0.0017671095187776,-0.0011245994864227,0.025716472417116165,0.027913259342312813
1,a,forest_frac_slope_2000_2025,mndwi_slope_2000_2025,0.0021464692915656,-0.0011245994864227,0.026247810572385788,0.02862645499408245
1,a,forest_frac_slope_2000_2025,mndwi_slope_2000_2025,0.0025258290643537,-0.0011245994864227,0.026390155777335167,0.028985437005758286
1,a,forest_frac_slope_2000_2025,mndwi_slope_2000_2025,0.0029051888371418,-0.0011245994864227,0.026898585259914398,0.029674993827939034
1,a,forest_frac_slope_2000_2025,mndwi_slope_2000_2025,0.0032845486099298,-0.0011245994864227,0.027090495452284813,0.02993144281208515
1,a,forest_frac_slope_2000_2025,mndwi_slope_2000_2025,0.0036639083827179,-0.0011245994864227,0.027095520868897438,0.02999451383948326
1,a,forest_frac_slope_2000_2025,mndwi_slope_2000_2025,0.004043268155506,-0.0011245994864227,0.027279332280158997,0.030244918540120125
1,a,forest_frac_slope_2000_2025,mndwi_slope_2000_2025,0.004422627928294,-0.0011245994864227,0.02761891670525074,0.030602581799030304
1,a,forest_frac_slope_2000_2025,mndwi_slope_2000_2025,0.0048019877010821,-0.0011245994864227,0.027644691988825798,0.03078160621225834
1,a,forest_frac_slope_2000_2025,mndwi_slope_2000_2025,0.0051813474738702,-0.0011245994864227,0.027884185314178467,0.031225718557834625
1,a,forest_frac_slope_2000_2025,mndwi_slope_2000_2025,0.0055607072466582,-0.0011245994864227,0.02788439765572548,0.03130417689681053
1,a,forest_frac_slope_2000_2025,mndwi_slope_2000_2025,0.0059400670194463,-0.0011245994864227,0.027840865775942802,0.03140445798635483
1,a,forest_frac_slope_2000_2025,mndwi_slope_2000_2025,-0.0092343238920763,-0.0009957765322721,0.008795083500444889,-0.003361435839906335
1,a,forest_frac_slope_2000_2025,mndwi_slope_2000_2025,-0.0088549641192882,-0.0009957765322721,0.009038696065545082,-0.002955125877633691
1,a,forest_frac_slope_2000_2025,mndwi_slope_2000_2025,-0.0084756043465002,-0.0009957765322721,0.009313366375863552,-0.002182594034820795
1,a,forest_frac_slope_2000_2025,mndwi_slope_2000_2025,-0.0080962445737121,-0.0009957765322721,0.01005648449063301,-0.0009684994001872838
1,a,forest_frac_slope_2000_2025,mndwi_slope_2000_2025,-0.007716884800924,-0.0009957765322721,0.010759002529084682,0.00029728960362263024
1,a,forest_frac_slope_2000_2025,mndwi_slope_2000_2025,-0.007337525028136,-0.0009957765322721,0.011491265147924423,0.0012026868062093854
1,a,forest_frac_slope_2000_2025,mndwi_slope_2000_2025,-0.0069581652553479,-0.0009957765322721,0.012142021209001541,0.0024900103453546762
1,a,forest_frac_slope_2000_2025,mndwi_slope_2000_2025,-0.0065788054825598,-0.0009957765322721,0.012345973402261734,0.0029450892470777035
1,a,forest_frac_slope_2000_2025,mndwi_slope_2000_2025,-0.0061994457097717,-0.0009957765322721,0.012498456984758377,0.003631311235949397
1,a,forest_frac_slope_2000_2025,mndwi_slope_2000_2025,-0.0058200859369837,-0.0009957765322721,0.013342402875423431,0.005091930273920298
1,a,forest_frac_slope_2000_2025,mndwi_slope_2000_2025,-0.0054407261641956,-0.0009957765322721,0.015070010907948017,0.00807239580899477
1,a,forest_frac_slope_2000_2025,mndwi_slope_2000_2025,-0.0050613663914075,-0.0009957765322721,0.015053955838084221,0.00809244904667139
1,a,forest_frac_slope_2000_2025,mndwi_slope_2000_2025,-0.0046820066186195,-0.0009957765322721,0.01649477519094944,0.010326218791306019
1,a,forest_frac_slope_2000_2025,mndwi_slope_2000_2025,-0.0043026468458314,-0.0009957765322721,0.01690363697707653,0.011490074917674065
1,a,forest_frac_slope_2000_2025,mndwi_slope_2000_2025,-0.0039232870730433,-0.0009957765322721,0.017046982422471046,0.012008177116513252
1,a,forest_frac_slope_2000_2025,mndwi_slope_2000_2025,-0.0035439273002553,-0.0009957765322721,0.017436454072594643,0.013169475831091404
1,a,forest_frac_slope_2000_2025,mndwi_slope_2000_2025,-0.0031645675274672,-0.0009957765322721,0.017831431701779366,0.013919888995587826
1,a,forest_frac_slope_2000_2025,mndwi_slope_2000_2025,-0.0027852077546791,-0.0009957765322721,0.01868703030049801,0.014925193972885609
1,a,forest_frac_slope_2000_2025,mndwi_slope_2000_2025,-0.0024058479818911,-0.0009957765322721,0.018894409760832787,0.015527728013694286
1,a,forest_frac_slope_2000_2025,mndwi_slope_2000_2025,-0.002026488209103,-0.0009957765322721,0.01948312111198902,0.016558142378926277
1,a,forest_frac_slope_2000_2025,mndwi_slope_2000_2025,-0.0016471284363149,-0.0009957765322721,0.01975441351532936,0.0173797644674778
1,a,forest_frac_slope_2000_2025,mndwi_slope_2000_2025,-0.0012677686635269,-0.0009957765322721,0.02019399404525757,0.01831662468612194
1,a,forest_frac_slope_2000_2025,mndwi_slope_2000_2025,-0.0008884088907388,-0.0009957765322721,0.020857973024249077,0.019307050853967667
1,a,forest_frac_slope_2000_2025,mndwi_slope_2000_2025,-0.0005090491179507,-0.0009957765322721,0.021280037239193916,0.02017052099108696
1,a,forest_frac_slope_2000_2025,mndwi_slope_2000_2025,-0.0001296893451627,-0.0009957765322721,0.02178734540939331,0.02167307399213314
1,a,forest_frac_slope_2000_2025,mndwi_slope_2000_2025,0.0002496704276253,-0.0009957765322721,0.024372374638915062,0.025309419259428978
1,a,forest_frac_slope_2000_2025,mndwi_slope_2000_2025,0.0006290302004134,-0.0009957765322721,0.024713467806577682,0.026158899068832397
1,a,forest_frac_slope_2000_2025,mndwi_slope_2000_2025,0.0010083899732014,-0.0009957765322721,0.0253891721367836,0.027156012132763863
1,a,forest_frac_slope_2000_2025,mndwi_slope_2000_2025,0.0013877497459895,-0.0009957765322721,0.025618549436330795,0.02749938890337944
1,a,forest_frac_slope_2000_2025,mndwi_slope_2000_2025,0.0017671095187776,-0.0009957765322721,0.02568340301513672,0.02788626402616501
1,a,forest_frac_slope_2000_2025,mndwi_slope_2000_2025,0.0021464692915656,-0.0009957765322721,0.02621474117040634,0.028599506244063377
1,a,forest_frac_slope_2000_2025,mndwi_slope_2000_2025,0.0025258290643537,-0.0009957765322721,0.02635708451271057,0.0289585180580616
1,a,forest_frac_slope_2000_2025,mndwi_slope_2000_2025,0.0029051888371418,-0.0009957765322721,0.02687619812786579,0.029658813029527664
1,a,forest_frac_slope_2000_2025,mndwi_slope_2000_2025,0.0032845486099298,-0.0009957765322721,0.027068110182881355,0.02991519868373871
1,a,forest_frac_slope_2000_2025,mndwi_slope_2000_2025,0.0036639083827179,-0.0009957765322721,0.02707313559949398,0.029978256672620773
1,a,forest_frac_slope_2000_2025,mndwi_slope_2000_2025,0.004043268155506,-0.0009957765322721,0.02725694701075554,0.03022870607674122
1,a,forest_frac_slope_2000_2025,mndwi_slope_2000_2025,0.004422627928294,-0.0009957765322721,0.027596531435847282,0.03058655373752117
1,a,forest_frac_slope_2000_2025,mndwi_slope_2000_2025,0.0048019877010821,-0.0009957765322721,0.02762230485677719,0.030765613541007042
1,a,forest_frac_slope_2000_2025,mndwi_slope_2000_2025,0.0051813474738702,-0.0009957765322721,0.02786179818212986,0.031209593638777733
1,a,forest_frac_slope_2000_2025,mndwi_slope_2000_2025,0.0055607072466582,-0.0009957765322721,0.027862008661031723,0.031287968158721924
1,a,forest_frac_slope_2000_2025,mndwi_slope_2000_2025,0.0059400670194463,-0.0009957765322721,0.027818478643894196,0.03138824924826622
1,a,forest_frac_slope_2000_2025,mndwi_slope_2000_2025,-0.0092343238920763,-0.0008669535781215,0.008902465924620628,-0.0031956625171005726
1,a,forest_frac_slope_2000_2025,mndwi_slope_2000_2025,-0.0088549641192882,-0.0008669535781215,0.009148973971605301,-0.0027862268034368753
1,a,forest_frac_slope_2000_2025,mndwi_slope_2000_2025,-0.0084756043465002,-0.0008669535781215,0.009423643350601196,-0.0020141731947660446
1,a,forest_frac_slope_2000_2025,mndwi_slope_2000_2025,-0.0080962445737121,-0.0008669535781215,0.010166035033762455,-0.0008015389321371913
1,a,forest_frac_slope_2000_2025,mndwi_slope_2000_2025,-0.007716884800924,-0.0008669535781215,0.010868554934859276,0.00046420173021033406
1,a,forest_frac_slope_2000_2025,mndwi_slope_2000_2025,-0.007337525028136,-0.0008669535781215,0.011600816622376442,0.0013688374310731888
1,a,forest_frac_slope_2000_2025,mndwi_slope_2000_2025,-0.0069581652553479,-0.0008669535781215,0.012244199402630329,0.002648309338837862
1,a,forest_frac_slope_2000_2025,mndwi_slope_2000_2025,-0.0065788054825598,-0.0008669535781215,0.012448151595890522,0.00310335005633533
1,a,forest_frac_slope_2000_2025,mndwi_slope_2000_2025,-0.0061994457097717,-0.0008669535781215,0.01260063424706459,0.0037895559798926115
1,a,forest_frac_slope_2000_2025,mndwi_slope_2000_2025,-0.0058200859369837,-0.0008669535781215,0.01344457920640707,0.005249519366770983
1,a,forest_frac_slope_2000_2025,mndwi_slope_2000_2025,-0.0054407261641956,-0.0008669535781215,0.015172189101576805,0.008228868246078491
1,a,forest_frac_slope_2000_2025,mndwi_slope_2000_2025,-0.0050613663914075,-0.0008669535781215,0.01515613216906786,0.008248565718531609
1,a,forest_frac_slope_2000_2025,mndwi_slope_2000_2025,-0.0046820066186195,-0.0008669535781215,0.016596950590610504,0.01048200111836195
1,a,forest_frac_slope_2000_2025,mndwi_slope_2000_2025,-0.0043026468458314,-0.0008669535781215,0.017005814239382744,0.011644382029771805
1,a,forest_frac_slope_2000_2025,mndwi_slope_2000_2025,-0.0039232870730433,-0.0008669535781215,0.01714916154742241,0.012161661870777607
1,a,forest_frac_slope_2000_2025,mndwi_slope_2000_2025,-0.0035439273002553,-0.0008669535781215,0.017538629472255707,0.013321258127689362
1,a,forest_frac_slope_2000_2025,mndwi_slope_2000_2025,-0.0031645675274672,-0.0008669535781215,0.01793420873582363,0.0140715092420578
1,a,forest_frac_slope_2000_2025,mndwi_slope_2000_2025,-0.0027852077546791,-0.0008669535781215,0.018789805471897125,0.015074619092047215
1,a,forest_frac_slope_2000_2025,mndwi_slope_2000_2025,-0.0024058479818911,-0.0008669535781215,0.018997186794877052,0.015675706788897514
1,a,forest_frac_slope_2000_2025,mndwi_slope_2000_2025,-0.002026488209103,-0.0008669535781215,0.01958714798092842,0.016704361885786057
1,a,forest_frac_slope_2000_2025,mndwi_slope_2000_2025,-0.0016471284363149,-0.0008669535781215,0.01985844038426876,0.01752304472029209
1,a,forest_frac_slope_2000_2025,mndwi_slope_2000_2025,-0.0012677686635269,-0.0008669535781215,0.020218616351485252,0.018377898260951042
1,a,forest_frac_slope_2000_2025,mndwi_slope_2000_2025,-0.0008884088907388,-0.0008669535781215,0.020870080217719078,0.01934974640607834
1,a,forest_frac_slope_2000_2025,mndwi_slope_2000_2025,-0.0005090491179507,-0.0008669535781215,0.021261578425765038,0.020188601687550545
1,a,forest_frac_slope_2000_2025,mndwi_slope_2000_2025,-0.0001296893451627,-0.0008669535781215,0.02177942357957363,0.021680841222405434
1,a,forest_frac_slope_2000_2025,mndwi_slope_2000_2025,0.0002496704276253,-0.0008669535781215,0.024476226419210434,0.025415601208806038
1,a,forest_frac_slope_2000_2025,mndwi_slope_2000_2025,0.0006290302004134,-0.0008669535781215,0.024818412959575653,0.026262108236551285
1,a,forest_frac_slope_2000_2025,mndwi_slope_2000_2025,0.0010083899732014,-0.0008669535781215,0.025490636005997658,0.027252018451690674
1,a,forest_frac_slope_2000_2025,mndwi_slope_2000_2025,0.0013877497459895,-0.0008669535781215,0.025720223784446716,0.027593746781349182
1,a,forest_frac_slope_2000_2025,mndwi_slope_2000_2025,0.0017671095187776,-0.0008669535781215,0.02578507736325264,0.027979055419564247
1,a,forest_frac_slope_2000_2025,mndwi_slope_2000_2025,0.0021464692915656,-0.0008669535781215,0.026316925883293152,0.028691988438367844
1,a,forest_frac_slope_2000_2025,mndwi_slope_2000_2025,0.0025258290643537,-0.0008669535781215,0.02645926922559738,0.02904895693063736
1,a,forest_frac_slope_2000_2025,mndwi_slope_2000_2025,0.0029051888371418,-0.0008669535781215,0.026981620118021965,0.02974899858236313
1,a,forest_frac_slope_2000_2025,mndwi_slope_2000_2025,0.0032845486099298,-0.0008669535781215,0.02717352844774723,0.03000345267355442
1,a,forest_frac_slope_2000_2025,mndwi_slope_2000_2025,0.0036639083827179,-0.0008669535781215,0.027178552001714706,0.030065832659602165
1,a,forest_frac_slope_2000_2025,mndwi_slope_2000_2025,0.004043268155506,-0.0008669535781215,0.027362557128071785,0.030315382406115532
1,a,forest_frac_slope_2000_2025,mndwi_slope_2000_2025,0.004422627928294,-0.0008669535781215,0.02770214155316353,0.030672499909996986
1,a,forest_frac_slope_2000_2025,mndwi_slope_2000_2025,0.0048019877010821,-0.0008669535781215,0.027727913111448288,0.03085027076303959
1,a,forest_frac_slope_2000_2025,mndwi_slope_2000_2025,0.0051813474738702,-0.0008669535781215,0.027967404574155807,0.03129393234848976
1,a,forest_frac_slope_2000_2025,mndwi_slope_2000_2025,0.0055607072466582,-0.0008669535781215,0.02796761877834797,0.03137185052037239
1,a,forest_frac_slope_2000_2025,mndwi_slope_2000_2025,0.0059400670194463,-0.0008669535781215,0.02792408876121044,0.031471896916627884
1,a,forest_frac_slope_2000_2025,mndwi_slope_2000_2025,-0.0092343238920763,-0.0007381306239709,0.008964438922703266,-0.0031409538350999355
1,a,forest_frac_slope_2000_2025,mndwi_slope_2000_2025,-0.0088549641192882,-0.0007381306239709,0.009210947901010513,-0.0027312517631798983
1,a,forest_frac_slope_2000_2025,mndwi_slope_2000_2025,-0.0084756043465002,-0.0007381306239709,0.009485617280006409,-0.0019586568232625723
1,a,forest_frac_slope_2000_2025,mndwi_slope_2000_2025,-0.0080962445737121,-0.0007381306239709,0.010228008963167667,-0.0007456816383637488
1,a,forest_frac_slope_2000_2025,mndwi_slope_2000_2025,-0.007716884800924,-0.0007381306239709,0.010930527932941914,0.00052034598775208
1,a,forest_frac_slope_2000_2025,mndwi_slope_2000_2025,-0.007337525028136,-0.0007381306239709,0.01166278962045908,0.0014253275003284216
1,a,forest_frac_slope_2000_2025,mndwi_slope_2000_2025,-0.0069581652553479,-0.0007381306239709,0.012306172400712967,0.0027053228113800287
1,a,forest_frac_slope_2000_2025,mndwi_slope_2000_2025,-0.0065788054825598,-0.0007381306239709,0.012502177618443966,0.003152647987008095
1,a,forest_frac_slope_2000_2025,mndwi_slope_2000_2025,-0.0061994457097717,-0.0007381306239709,0.01265465933829546,0.003839337034150958
1,a,forest_frac_slope_2000_2025,mndwi_slope_2000_2025,-0.0058200859369837,-0.0007381306239709,0.013498605228960514,0.0052999029867351055
1,a,forest_frac_slope_2000_2025,mndwi_slope_2000_2025,-0.0054407261641956,-0.0007381306239709,0.015226215124130249,0.008279884234070778
1,a,forest_frac_slope_2000_2025,mndwi_slope_2000_2025,-0.0050613663914075,-0.0007381306239709,0.015210158191621304,0.008299669250845909
1,a,forest_frac_slope_2000_2025,mndwi_slope_2000_2025,-0.0046820066186195,-0.0007381306239709,0.016650976613163948,0.010533330030739307
1,a,forest_frac_slope_2000_2025,mndwi_slope_2000_2025,-0.0043026468458314,-0.0007381306239709,0.017059840261936188,0.011696197092533112
1,a,forest_frac_slope_2000_2025,mndwi_slope_2000_2025,-0.0039232870730433,-0.0007381306239709,0.017203183844685555,0.012213844805955887
1,a,forest_frac_slope_2000_2025,mndwi_slope_2000_2025,-0.0035439273002553,-0.0007381306239709,0.01758611761033535,0.013373417779803276
1,a,forest_frac_slope_2000_2025,mndwi_slope_2000_2025,-0.0031645675274672,-0.0007381306239709,0.017979249358177185,0.014121487736701965
1,a,forest_frac_slope_2000_2025,mndwi_slope_2000_2025,-0.0027852077546791,-0.0007381306239709,0.01883484609425068,0.015124896541237831
1,a,forest_frac_slope_2000_2025,mndwi_slope_2000_2025,-0.0024058479818911,-0.0007381306239709,0.01903705671429634,0.015725143253803253
1,a,forest_frac_slope_2000_2025,mndwi_slope_2000_2025,-0.002026488209103,-0.0007381306239709,0.01962701976299286,0.0167552400380373
1,a,forest_frac_slope_2000_2025,mndwi_slope_2000_2025,-0.0016471284363149,-0.0007381306239709,0.01988551765680313,0.017561309039592743
1,a,forest_frac_slope_2000_2025,mndwi_slope_2000_2025,-0.0012677686635269,-0.0007381306239709,0.02024473436176777,0.01841658540070057
1,a,forest_frac_slope_2000_2025,mndwi_slope_2000_2025,-0.0008884088907388,-0.0007381306239709,0.02089661918580532,0.019388563930988312
1,a,forest_frac_slope_2000_2025,mndwi_slope_2000_2025,-0.0005090491179507,-0.0007381306239709,0.021274495869874954,0.02022215537726879
1,a,forest_frac_slope_2000_2025,mndwi_slope_2000_2025,-0.0001296893451627,-0.0007381306239709,0.021776795387268066,0.021684326231479645
1,a,forest_frac_slope_2000_2025,mndwi_slope_2000_2025,0.0002496704276253,-0.0007381306239709,0.024341339245438576,0.02529764175415039
1,a,forest_frac_slope_2000_2025,mndwi_slope_2000_2025,0.0006290302004134,-0.0007381306239709,0.024685563519597054,0.026185277849435806
1,a,forest_frac_slope_2000_2025,mndwi_slope_2000_2025,0.0010083899732014,-0.0007381306239709,0.025357790291309357,0.027184616774320602
1,a,forest_frac_slope_2000_2025,mndwi_slope_2000_2025,0.0013877497459895,-0.0007381306239709,0.02557399496436119,0.027516301721334457
1,a,forest_frac_slope_2000_2025,mndwi_slope_2000_2025,0.0017671095187776,-0.0007381306239709,0.025638846680521965,0.027904924005270004
1,a,forest_frac_slope_2000_2025,mndwi_slope_2000_2025,0.0021464692915656,-0.0007381306239709,0.026171354576945305,0.02862066961824894
1,a,forest_frac_slope_2000_2025,mndwi_slope_2000_2025,0.0025258290643537,-0.0007381306239709,0.026313696056604385,0.028978189453482628
1,a,forest_frac_slope_2000_2025,mndwi_slope_2000_2025,0.0029051888371418,-0.0007381306239709,0.02683604508638382,0.029678331688046455
1,a,forest_frac_slope_2000_2025,mndwi_slope_2000_2025,0.0032845486099298,-0.0007381306239709,0.027027957141399384,0.029933489859104156
1,a,forest_frac_slope_2000_2025,mndwi_slope_2000_2025,0.0036639083827179,-0.0007381306239709,0.02703297883272171,0.029996318742632866
1,a,forest_frac_slope_2000_2025,mndwi_slope_2000_2025,0.004043268155506,-0.0007381306239709,0.02721698209643364,0.030245520174503326
1,a,forest_frac_slope_2000_2025,mndwi_slope_2000_2025,0.004422627928294,-0.0007381306239709,0.027556566521525383,0.030602019280195236
1,a,forest_frac_slope_2000_2025,mndwi_slope_2000_2025,0.0048019877010821,-0.0007381306239709,0.027582339942455292,0.030779901891946793
1,a,forest_frac_slope_2000_2025,mndwi_slope_2000_2025,0.0051813474738702,-0.0007381306239709,0.02782183326780796,0.031223570927977562
1,a,forest_frac_slope_2000_2025,mndwi_slope_2000_2025,0.0055607072466582,-0.0007381306239709,0.027822045609354973,0.031301554292440414
1,a,forest_frac_slope_2000_2025,mndwi_slope_2000_2025,0.0059400670194463,-0.0007381306239709,0.027778513729572296,0.03140164539217949
1,a,forest_frac_slope_2000_2025,mndwi_slope_2000_2025,-0.0092343238920763,-0.0006093076698204,0.008799208328127861,-0.0032129574101418257
1,a,forest_frac_slope_2000_2025,mndwi_slope_2000_2025,-0.0088549641192882,-0.0006093076698204,0.009045716375112534,-0.0028033496346324682
1,a,forest_frac_slope_2000_2025,mndwi_slope_2000_2025,-0.0084756043465002,-0.0006093076698204,0.009320385754108429,-0.0020309516694396734
1,a,forest_frac_slope_2000_2025,mndwi_slope_2000_2025,-0.0080962445737121,-0.0006093076698204,0.010062777437269688,-0.0008191431988961995
1,a,forest_frac_slope_2000_2025,mndwi_slope_2000_2025,-0.007716884800924,-0.0006093076698204,0.01076529547572136,0.000434284214861691
1,a,forest_frac_slope_2000_2025,mndwi_slope_2000_2025,-0.007337525028136,-0.0006093076698204,0.0114975580945611,0.001336634741164744
1,a,forest_frac_slope_2000_2025,mndwi_slope_2000_2025,-0.0069581652553479,-0.0006093076698204,0.012139695696532726,0.002613816410303116
1,a,forest_frac_slope_2000_2025,mndwi_slope_2000_2025,-0.0065788054825598,-0.0006093076698204,0.012332646176218987,0.0030577757861465216
1,a,forest_frac_slope_2000_2025,mndwi_slope_2000_2025,-0.0061994457097717,-0.0006093076698204,0.01248512789607048,0.0037442243192344904
1,a,forest_frac_slope_2000_2025,mndwi_slope_2000_2025,-0.0058200859369837,-0.0006093076698204,0.01332907471805811,0.005204502027481794
1,a,forest_frac_slope_2000_2025,mndwi_slope_2000_2025,-0.0054407261641956,-0.0006093076698204,0.01505668368190527,0.008184443227946758
1,a,forest_frac_slope_2000_2025,mndwi_slope_2000_2025,-0.0050613663914075,-0.0006093076698204,0.015035991556942463,0.008201675489544868
1,a,forest_frac_slope_2000_2025,mndwi_slope_2000_2025,-0.0046820066186195,-0.0006093076698204,0.016472376883029938,0.010433840565383434
1,a,forest_frac_slope_2000_2025,mndwi_slope_2000_2025,-0.0043026468458314,-0.0006093076698204,0.016881240531802177,0.01159591507166624
1,a,forest_frac_slope_2000_2025,mndwi_slope_2000_2025,-0.0039232870730433,-0.0006093076698204,0.017024585977196693,0.012112561613321304
1,a,forest_frac_slope_2000_2025,mndwi_slope_2000_2025,-0.0035439273002553,-0.0006093076698204,0.017404459416866302,0.013270951807498932
1,a,forest_frac_slope_2000_2025,mndwi_slope_2000_2025,-0.0031645675274672,-0.0006093076698204,0.017797594889998436,0.014018508605659008
1,a,forest_frac_slope_2000_2025,mndwi_slope_2000_2025,-0.0027852077546791,-0.0006093076698204,0.018604116514325142,0.014977315440773964
1,a,forest_frac_slope_2000_2025,mndwi_slope_2000_2025,-0.0024058479818911,-0.0006093076698204,0.018806327134370804,0.015578022226691246
1,a,forest_frac_slope_2000_2025,mndwi_slope_2000_2025,-0.002026488209103,-0.0006093076698204,0.019396288320422173,0.01659216545522213
1,a,forest_frac_slope_2000_2025,mndwi_slope_2000_2025,-0.0016471284363149,-0.0006093076698204,0.01965593732893467,0.017378225922584534
1,a,forest_frac_slope_2000_2025,mndwi_slope_2000_2025,-0.0012677686635269,-0.0006093076698204,0.020015152171254158,0.018229840323328972
1,a,forest_frac_slope_2000_2025,mndwi_slope_2000_2025,-0.0008884088907388,-0.0006093076698204,0.02066703699529171,0.019196588546037674
1,a,forest_frac_slope_2000_2025,mndwi_slope_2000_2025,-0.0005090491179507,-0.0006093076698204,0.02102760225534439,0.020003337413072586
1,a,forest_frac_slope_2000_2025,mndwi_slope_2000_2025,-0.0001296893451627,-0.0006093076698204,0.0215285737067461,0.021451815962791443
1,a,forest_frac_slope_2000_2025,mndwi_slope_2000_2025,0.0002496704276253,-0.0006093076698204,0.024054544046521187,0.024945847690105438
1,a,forest_frac_slope_2000_2025,mndwi_slope_2000_2025,0.0006290302004134,-0.0006093076698204,0.024398770183324814,0.025863273069262505
1,a,forest_frac_slope_2000_2025,mndwi_slope_2000_2025,0.0010083899732014,-0.0006093076698204,0.025071529671549797,0.026870517060160637
1,a,forest_frac_slope_2000_2025,mndwi_slope_2000_2025,0.0013877497459895,-0.0006093076698204,0.02528657764196396,0.027252092957496643
1,a,forest_frac_slope_2000_2025,mndwi_slope_2000_2025,0.0017671095187776,-0.0006093076698204,0.025351431220769882,0.02764740027487278
1,a,forest_frac_slope_2000_2025,mndwi_slope_2000_2025,0.0021464692915656,-0.0006093076698204,0.025949211791157722,0.028431523591279984
1,a,forest_frac_slope_2000_2025,mndwi_slope_2000_2025,0.0025258290643537,-0.0006093076698204,0.02613440342247486,0.02883327566087246
1,a,forest_frac_slope_2000_2025,mndwi_slope_2000_2025,0.0029051888371418,-0.0006093076698204,0.026656752452254295,0.029534339904785156
1,a,forest_frac_slope_2000_2025,mndwi_slope_2000_2025,0.0032845486099298,-0.0006093076698204,0.02684866636991501,0.02979106269776821
1,a,forest_frac_slope_2000_2025,mndwi_slope_2000_2025,0.0036639083827179,-0.0006093076698204,0.026853686198592186,0.02985512465238571
1,a,forest_frac_slope_2000_2025,mndwi_slope_2000_2025,0.004043268155506,-0.0006093076698204,0.027037691324949265,0.030104465782642365
1,a,forest_frac_slope_2000_2025,mndwi_slope_2000_2025,0.004422627928294,-0.0006093076698204,0.027377275750041008,0.030461644753813744
1,a,forest_frac_slope_2000_2025,mndwi_slope_2000_2025,0.0048019877010821,-0.0006093076698204,0.027403049170970917,0.030640272423624992
1,a,forest_frac_slope_2000_2025,mndwi_slope_2000_2025,0.0051813474738702,-0.0006093076698204,0.027642542496323586,0.031084582209587097
1,a,forest_frac_slope_2000_2025,mndwi_slope_2000_2025,0.0055607072466582,-0.0006093076698204,0.02764275297522545,0.031163791194558144
1,a,forest_frac_slope_2000_2025,mndwi_slope_2000_2025,0.0059400670194463,-0.0006093076698204,0.02759922295808792,0.03127746656537056
1,a,forest_frac_slope_2000_2025,mndwi_slope_2000_2025,-0.0092343238920763,-0.0004804847156698,0.009037652052938938,-0.0028954180888831615
1,a,forest_frac_slope_2000_2025,mndwi_slope_2000_2025,-0.0088549641192882,-0.0004804847156698,0.00928416009992361,-0.0024793304037302732
1,a,forest_frac_slope_2000_2025,mndwi_slope_2000_2025,-0.0084756043465002,-0.0004804847156698,0.00955883041024208,-0.001705527538433671
1,a,forest_frac_slope_2000_2025,mndwi_slope_2000_2025,-0.0080962445737121,-0.0004804847156698,0.010304553434252739,-0.0004904746892862022
1,a,forest_frac_slope_2000_2025,mndwi_slope_2000_2025,-0.007716884800924,-0.0004804847156698,0.011007072404026985,0.0007594383787363768
1,a,forest_frac_slope_2000_2025,mndwi_slope_2000_2025,-0.007337525028136,-0.0004804847156698,0.011739335022866726,0.0016612755134701729
1,a,forest_frac_slope_2000_2025,mndwi_slope_2000_2025,-0.0069581652553479,-0.0004804847156698,0.012375996448099613,0.0029262350872159004
1,a,forest_frac_slope_2000_2025,mndwi_slope_2000_2025,-0.0065788054825598,-0.0004804847156698,0.012570399791002274,0.003368763020262122
1,a,forest_frac_slope_2000_2025,mndwi_slope_2000_2025,-0.0061994457097717,-0.0004804847156698,0.012722883373498917,0.004033845383673906
1,a,forest_frac_slope_2000_2025,mndwi_slope_2000_2025,-0.0058200859369837,-0.0004804847156698,0.01356683112680912,0.005492220167070627
1,a,forest_frac_slope_2000_2025,mndwi_slope_2000_2025,-0.0054407261641956,-0.0004804847156698,0.01529338676482439,0.00845947302877903
1,a,forest_frac_slope_2000_2025,mndwi_slope_2000_2025,-0.0050613663914075,-0.0004804847156698,0.015272695571184158,0.008476308546960354
1,a,forest_frac_slope_2000_2025,mndwi_slope_2000_2025,-0.0046820066186195,-0.0004804847156698,0.016708265990018845,0.01070750318467617
1,a,forest_frac_slope_2000_2025,mndwi_slope_2000_2025,-0.0043026468458314,-0.0004804847156698,0.017117127776145935,0.011869104579091072
1,a,forest_frac_slope_2000_2025,mndwi_slope_2000_2025,-0.0039232870730433,-0.0004804847156698,0.017260858789086342,0.012387528084218502
1,a,forest_frac_slope_2000_2025,mndwi_slope_2000_2025,-0.0035439273002553,-0.0004804847156698,0.01763787865638733,0.013541894033551216
1,a,forest_frac_slope_2000_2025,mndwi_slope_2000_2025,-0.0031645675274672,-0.0004804847156698,0.018030837178230286,0.014286578632891178
1,a,forest_frac_slope_2000_2025,mndwi_slope_2000_2025,-0.0027852077546791,-0.0004804847156698,0.01883736066520214,0.015243490226566792
1,a,forest_frac_slope_2000_2025,mndwi_slope_2000_2025,-0.0024058479818911,-0.0004804847156698,0.019039928913116455,0.01584114134311676
1,a,forest_frac_slope_2000_2025,mndwi_slope_2000_2025,-0.002026488209103,-0.0004804847156698,0.019626453518867493,0.016846658661961555
1,a,forest_frac_slope_2000_2025,mndwi_slope_2000_2025,-0.0016471284363149,-0.0004804847156698,0.01988634653389454,0.017631638795137405
1,a,forest_frac_slope_2000_2025,mndwi_slope_2000_2025,-0.0012677686635269,-0.0004804847156698,0.020245565101504326,0.01846383884549141
1,a,forest_frac_slope_2000_2025,mndwi_slope_2000_2025,-0.0008884088907388,-0.0004804847156698,0.020895076915621758,0.019427118822932243
1,a,forest_frac_slope_2000_2025,mndwi_slope_2000_2025,-0.0005090491179507,-0.0004804847156698,0.021259747445583344,0.020242560654878616
1,a,forest_frac_slope_2000_2025,mndwi_slope_2000_2025,-0.0001296893451627,-0.0004804847156698,0.02175484225153923,0.021689577028155327
1,a,forest_frac_slope_2000_2025,mndwi_slope_2000_2025,0.0002496704276253,-0.0004804847156698,0.023461000993847847,0.024363553151488304
1,a,forest_frac_slope_2000_2025,mndwi_slope_2000_2025,0.0006290302004134,-0.0004804847156698,0.02381199598312378,0.02544131688773632
1,a,forest_frac_slope_2000_2025,mndwi_slope_2000_2025,0.0010083899732014,-0.0004804847156698,0.024777580052614212,0.02677777037024498
1,a,forest_frac_slope_2000_2025,mndwi_slope_2000_2025,0.0013877497459895,-0.0004804847156698,0.024992628023028374,0.027173150330781937
1,a,forest_frac_slope_2000_2025,mndwi_slope_2000_2025,0.0017671095187776,-0.0004804847156698,0.025057481601834297,0.027576040476560593
1,a,forest_frac_slope_2000_2025,mndwi_slope_2000_2025,0.0021464692915656,-0.0004804847156698,0.025744017213582993,0.028455054387450218
1,a,forest_frac_slope_2000_2025,mndwi_slope_2000_2025,0.0025258290643537,-0.0004804847156698,0.026024354621767998,0.028952427208423615
1,a,forest_frac_slope_2000_2025,mndwi_slope_2000_2025,0.0029051888371418,-0.0004804847156698,0.026550205424427986,0.029655462130904198
1,a,forest_frac_slope_2000_2025,mndwi_slope_2000_2025,0.0032845486099298,-0.0004804847156698,0.02674301154911518,0.029913896694779396
1,a,forest_frac_slope_2000_2025,mndwi_slope_2000_2025,0.0036639083827179,-0.0004804847156698,0.026748033240437508,0.029977798461914062
1,a,forest_frac_slope_2000_2025,mndwi_slope_2000_2025,0.004043268155506,-0.0004804847156698,0.027125170454382896,0.030304457992315292
1,a,forest_frac_slope_2000_2025,mndwi_slope_2000_2025,0.004422627928294,-0.0004804847156698,0.02746475487947464,0.030662082135677338
1,a,forest_frac_slope_2000_2025,mndwi_slope_2000_2025,0.0048019877010821,-0.0004804847156698,0.0274905264377594,0.030840333551168442
1,a,forest_frac_slope_2000_2025,mndwi_slope_2000_2025,0.0051813474738702,-0.0004804847156698,0.027730019763112068,0.03128383681178093
1,a,forest_frac_slope_2000_2025,mndwi_slope_2000_2025,0.0055607072466582,-0.0004804847156698,0.02773023024201393,0.03135878965258598
1,a,forest_frac_slope_2000_2025,mndwi_slope_2000_2025,0.0059400670194463,-0.0004804847156698,0.027686703950166702,0.03147093206644058
1,a,forest_frac_slope_2000_2025,mndwi_slope_2000_2025,-0.0092343238920763,-0.0003516617615192,0.00905553251504898,-0.0028849542140960693
1,a,forest_frac_slope_2000_2025,mndwi_slope_2000_2025,-0.0088549641192882,-0.0003516617615192,0.009302040562033653,-0.0024688313715159893
1,a,forest_frac_slope_2000_2025,mndwi_slope_2000_2025,-0.0084756043465002,-0.0003516617615192,0.009576710872352123,-0.0016946860123425722
1,a,forest_frac_slope_2000_2025,mndwi_slope_2000_2025,-0.0080962445737121,-0.0003516617615192,0.010322433896362782,-0.0004793153202626854
1,a,forest_frac_slope_2000_2025,mndwi_slope_2000_2025,-0.007716884800924,-0.0003516617615192,0.011024951934814453,0.0007710587815381587
1,a,forest_frac_slope_2000_2025,mndwi_slope_2000_2025,-0.007337525028136,-0.0003516617615192,0.011754614301025867,0.0016702334396541119
1,a,forest_frac_slope_2000_2025,mndwi_slope_2000_2025,-0.0069581652553479,-0.0003516617615192,0.01239127665758133,0.0029359038453549147
1,a,forest_frac_slope_2000_2025,mndwi_slope_2000_2025,-0.0065788054825598,-0.0003516617615192,0.012585680931806564,0.0033788068685680628
1,a,forest_frac_slope_2000_2025,mndwi_slope_2000_2025,-0.0061994457097717,-0.0003516617615192,0.012738163582980633,0.004043616354465485
1,a,forest_frac_slope_2000_2025,mndwi_slope_2000_2025,-0.0058200859369837,-0.0003516617615192,0.013592897914350033,0.0055128647945821285
1,a,forest_frac_slope_2000_2025,mndwi_slope_2000_2025,-0.0054407261641956,-0.0003516617615192,0.015319455415010452,0.008477235212922096
1,a,forest_frac_slope_2000_2025,mndwi_slope_2000_2025,-0.0050613663914075,-0.0003516617615192,0.01529876422137022,0.008494257926940918
1,a,forest_frac_slope_2000_2025,mndwi_slope_2000_2025,-0.0046820066186195,-0.0003516617615192,0.016732048243284225,0.01071911957114935
1,a,forest_frac_slope_2000_2025,mndwi_slope_2000_2025,-0.0043026468458314,-0.0003516617615192,0.017140910029411316,0.0118815116584301
1,a,forest_frac_slope_2000_2025,mndwi_slope_2000_2025,-0.0039232870730433,-0.0003516617615192,0.017284641042351723,0.012400323525071144
1,a,forest_frac_slope_2000_2025,mndwi_slope_2000_2025,-0.0035439273002553,-0.0003516617615192,0.01766166090965271,0.013554957695305347
1,a,forest_frac_slope_2000_2025,mndwi_slope_2000_2025,-0.0031645675274672,-0.0003516617615192,0.018044307827949524,0.014289719052612782
1,a,forest_frac_slope_2000_2025,mndwi_slope_2000_2025,-0.0027852077546791,-0.0003516617615192,0.018846452236175537,0.015243220143020153
1,a,forest_frac_slope_2000_2025,mndwi_slope_2000_2025,-0.0024058479818911,-0.0003516617615192,0.019049018621444702,0.01584404893219471
1,a,forest_frac_slope_2000_2025,mndwi_slope_2000_2025,-0.002026488209103,-0.0003516617615192,0.019628215581178665,0.016843324527144432
1,a,forest_frac_slope_2000_2025,mndwi_slope_2000_2025,-0.0016471284363149,-0.0003516617615192,0.01988811045885086,0.01762925088405609
1,a,forest_frac_slope_2000_2025,mndwi_slope_2000_2025,-0.0012677686635269,-0.0003516617615192,0.020251084119081497,0.01846596784889698
1,a,forest_frac_slope_2000_2025,mndwi_slope_2000_2025,-0.0008884088907388,-0.0003516617615192,0.02090039663016796,0.019429542124271393
1,a,forest_frac_slope_2000_2025,mndwi_slope_2000_2025,-0.0005090491179507,-0.0003516617615192,0.02125052735209465,0.020232470706105232
1,a,forest_frac_slope_2000_2025,mndwi_slope_2000_2025,-0.0001296893451627,-0.0003516617615192,0.02174009196460247,0.02167312242090702
1,a,forest_frac_slope_2000_2025,mndwi_slope_2000_2025,0.0002496704276253,-0.0003516617615192,0.023451631888747215,0.02435407042503357
1,a,forest_frac_slope_2000_2025,mndwi_slope_2000_2025,0.0006290302004134,-0.0003516617615192,0.02380082756280899,0.025429798290133476
1,a,forest_frac_slope_2000_2025,mndwi_slope_2000_2025,0.0010083899732014,-0.0003516617615192,0.024766817688941956,0.026766665279865265
1,a,forest_frac_slope_2000_2025,mndwi_slope_2000_2025,0.0013877497459895,-0.0003516617615192,0.02497894875705242,0.027159010991454124
1,a,forest_frac_slope_2000_2025,mndwi_slope_2000_2025,0.0017671095187776,-0.0003516617615192,0.025043800473213196,0.027561616152524948
1,a,forest_frac_slope_2000_2025,mndwi_slope_2000_2025,0.0021464692915656,-0.0003516617615192,0.02573033608496189,0.028440512716770172
1,a,forest_frac_slope_2000_2025,mndwi_slope_2000_2025,0.0025258290643537,-0.0003516617615192,0.026010675355792046,0.028938472270965576
1,a,forest_frac_slope_2000_2025,mndwi_slope_2000_2025,0.0029051888371418,-0.0003516617615192,0.02658623270690441,0.029690468683838844
1,a,forest_frac_slope_2000_2025,mndwi_slope_2000_2025,0.0032845486099298,-0.0003516617615192,0.026779035106301308,0.029948990792036057
1,a,forest_frac_slope_2000_2025,mndwi_slope_2000_2025,0.0036639083827179,-0.0003516617615192,0.026784060522913933,0.030012989416718483
1,a,forest_frac_slope_2000_2025,mndwi_slope_2000_2025,0.004043268155506,-0.0003516617615192,0.02716119773685932,0.03033897653222084
1,a,forest_frac_slope_2000_2025,mndwi_slope_2000_2025,0.004422627928294,-0.0003516617615192,0.027542883530259132,0.03073938935995102
1,a,forest_frac_slope_2000_2025,mndwi_slope_2000_2025,0.0048019877010821,-0.0003516617615192,0.027568655088543892,0.03091779164969921
1,a,forest_frac_slope_2000_2025,mndwi_slope_2000_2025,0.0051813474738702,-0.0003516617615192,0.027808144688606262,0.03136160224676132
1,a,forest_frac_slope_2000_2025,mndwi_slope_2000_2025,0.0055607072466582,-0.0003516617615192,0.027808360755443573,0.03143704682588577
1,a,forest_frac_slope_2000_2025,mndwi_slope_2000_2025,0.0059400670194463,-0.0003516617615192,0.027764832600951195,0.03154963627457619
1,a,forest_frac_slope_2000_2025,mndwi_slope_2000_2025,-0.0092343238920763,-0.0002228388073686,0.009016547352075577,-0.0029118454549461603
1,a,forest_frac_slope_2000_2025,mndwi_slope_2000_2025,-0.0088549641192882,-0.0002228388073686,0.00926305539906025,-0.0024997747968882322
1,a,forest_frac_slope_2000_2025,mndwi_slope_2000_2025,-0.0084756043465002,-0.0002228388073686,0.009537724778056145,-0.0017253013793379068
1,a,forest_frac_slope_2000_2025,mndwi_slope_2000_2025,-0.0080962445737121,-0.0002228388073686,0.010283448733389378,-0.0005101835704408586
1,a,forest_frac_slope_2000_2025,mndwi_slope_2000_2025,-0.007716884800924,-0.0002228388073686,0.010985967703163624,0.0007400940521620214
1,a,forest_frac_slope_2000_2025,mndwi_slope_2000_2025,-0.007337525028136,-0.0002228388073686,0.011715629138052464,0.001639336347579956
1,a,forest_frac_slope_2000_2025,mndwi_slope_2000_2025,-0.0069581652553479,-0.0002228388073686,0.01235229056328535,0.002905214438214898
1,a,forest_frac_slope_2000_2025,mndwi_slope_2000_2025,-0.0065788054825598,-0.0002228388073686,0.012546694837510586,0.003348312806338072
1,a,forest_frac_slope_2000_2025,mndwi_slope_2000_2025,-0.0061994457097717,-0.0002228388073686,0.012699178420007229,0.004013259429484606
1,a,forest_frac_slope_2000_2025,mndwi_slope_2000_2025,-0.0058200859369837,-0.0002228388073686,0.013553911820054054,0.0054829297587275505
1,a,forest_frac_slope_2000_2025,mndwi_slope_2000_2025,-0.0054407261641956,-0.0002228388073686,0.015280469320714474,0.00844749715179205
1,a,forest_frac_slope_2000_2025,mndwi_slope_2000_2025,-0.0050613663914075,-0.0002228388073686,0.015259778127074242,0.008464444428682327
1,a,forest_frac_slope_2000_2025,mndwi_slope_2000_2025,-0.0046820066186195,-0.0002228388073686,0.01666935533285141,0.010692577809095383
1,a,forest_frac_slope_2000_2025,mndwi_slope_2000_2025,-0.0043026468458314,-0.0002228388073686,0.01707821898162365,0.011853835545480251
1,a,forest_frac_slope_2000_2025,mndwi_slope_2000_2025,-0.0039232870730433,-0.0002228388073686,0.017221949994564056,0.012371575459837914
1,a,forest_frac_slope_2000_2025,mndwi_slope_2000_2025,-0.0035439273002553,-0.0002228388073686,0.017508456483483315,0.013442957773804665
1,a,forest_frac_slope_2000_2025,mndwi_slope_2000_2025,-0.0031645675274672,-0.0002228388073686,0.017871873453259468,0.01417552586644888
1,a,forest_frac_slope_2000_2025,mndwi_slope_2000_2025,-0.0027852077546791,-0.0002228388073686,0.018605561926960945,0.015059434808790684
1,a,forest_frac_slope_2000_2025,mndwi_slope_2000_2025,-0.0024058479818911,-0.0002228388073686,0.01879293844103813,0.01564653031527996
1,a,forest_frac_slope_2000_2025,mndwi_slope_2000_2025,-0.002026488209103,-0.0002228388073686,0.019361549988389015,0.01663612388074398
1,a,forest_frac_slope_2000_2025,mndwi_slope_2000_2025,-0.0016471284363149,-0.0002228388073686,0.0195586197078228,0.01736670546233654
1,a,forest_frac_slope_2000_2025,mndwi_slope_2000_2025,-0.0012677686635269,-0.0002228388073686,0.019921591505408287,0.01819673925638199
1,a,forest_frac_slope_2000_2025,mndwi_slope_2000_2025,-0.0008884088907388,-0.0002228388073686,0.020505892112851143,0.01909642480313778
1,a,forest_frac_slope_2000_2025,mndwi_slope_2000_2025,-0.0005090491179507,-0.0002228388073686,0.02085602469742298,0.0198984332382679
1,a,forest_frac_slope_2000_2025,mndwi_slope_2000_2025,-0.0001296893451627,-0.0002228388073686,0.021319905295968056,0.021322546526789665
1,a,forest_frac_slope_2000_2025,mndwi_slope_2000_2025,0.0002496704276253,-0.0002228388073686,0.02311180718243122,0.024117382243275642
1,a,forest_frac_slope_2000_2025,mndwi_slope_2000_2025,0.0006290302004134,-0.0002228388073686,0.023463955149054527,0.02520047500729561
1,a,forest_frac_slope_2000_2025,mndwi_slope_2000_2025,0.0010083899732014,-0.0002228388073686,0.02458067797124386,0.02665695548057556
1,a,forest_frac_slope_2000_2025,mndwi_slope_2000_2025,0.0013877497459895,-0.0002228388073686,0.024817153811454773,0.027070891112089157
1,a,forest_frac_slope_2000_2025,mndwi_slope_2000_2025,0.0017671095187776,-0.0002228388073686,0.024882007390260696,0.027474721893668175
1,a,forest_frac_slope_2000_2025,mndwi_slope_2000_2025,0.0021464692915656,-0.0002228388073686,0.025568543002009392,0.028354423120617867
1,a,forest_frac_slope_2000_2025,mndwi_slope_2000_2025,0.0025258290643537,-0.0002228388073686,0.025848882272839546,0.02885342948138714
1,a,forest_frac_slope_2000_2025,mndwi_slope_2000_2025,0.0029051888371418,-0.0002228388073686,0.026435023173689842,0.02961651235818863
1,a,forest_frac_slope_2000_2025,mndwi_slope_2000_2025,0.0032845486099298,-0.0002228388073686,0.026627827435731888,0.029875250533223152
1,a,forest_frac_slope_2000_2025,mndwi_slope_2000_2025,0.0036639083827179,-0.0002228388073686,0.026632852852344513,0.029939858242869377
1,a,forest_frac_slope_2000_2025,mndwi_slope_2000_2025,0.004043268155506,-0.0002228388073686,0.0270099900662899,0.030265996232628822
1,a,forest_frac_slope_2000_2025,mndwi_slope_2000_2025,0.004422627928294,-0.0002228388073686,0.027391672134399414,0.030666640028357506
1,a,forest_frac_slope_2000_2025,mndwi_slope_2000_2025,0.0048019877010821,-0.0002228388073686,0.027417447417974472,0.03084493614733219
1,a,forest_frac_slope_2000_2025,mndwi_slope_2000_2025,0.0051813474738702,-0.0002228388073686,0.027656937018036842,0.03128877282142639
1,a,forest_frac_slope_2000_2025,mndwi_slope_2000_2025,0.0055607072466582,-0.0002228388073686,0.027657149359583855,0.03136417269706726
1,a,forest_frac_slope_2000_2025,mndwi_slope_2000_2025,0.0059400670194463,-0.0002228388073686,0.027613621205091476,0.03147691860795021
1,a,forest_frac_slope_2000_2025,mndwi_slope_2000_2025,-0.0092343238920763,-9.401585321801976e-05,0.008927120827138424,-0.002932408358901739
1,a,forest_frac_slope_2000_2025,mndwi_slope_2000_2025,-0.0088549641192882,-9.401585321801976e-05,0.009173629805445671,-0.0025202755350619555
1,a,forest_frac_slope_2000_2025,mndwi_slope_2000_2025,-0.0084756043465002,-9.401585321801976e-05,0.009448299184441566,-0.001745535177178681
1,a,forest_frac_slope_2000_2025,mndwi_slope_2000_2025,-0.0080962445737121,-9.401585321801976e-05,0.010197707451879978,-0.0005272169946692884
1,a,forest_frac_slope_2000_2025,mndwi_slope_2000_2025,-0.007716884800924,-9.401585321801976e-05,0.01090022549033165,0.0007242008578032255
1,a,forest_frac_slope_2000_2025,mndwi_slope_2000_2025,-0.007337525028136,-9.401585321801976e-05,0.011629887856543064,0.001624072203412652
1,a,forest_frac_slope_2000_2025,mndwi_slope_2000_2025,-0.0069581652553479,-9.401585321801976e-05,0.012267006561160088,0.0028889132663607597
1,a,forest_frac_slope_2000_2025,mndwi_slope_2000_2025,-0.0065788054825598,-9.401585321801976e-05,0.012461410835385323,0.003330058651044965
1,a,forest_frac_slope_2000_2025,mndwi_slope_2000_2025,-0.0061994457097717,-9.401585321801976e-05,0.012613894417881966,0.003964723087847233
1,a,forest_frac_slope_2000_2025,mndwi_slope_2000_2025,-0.0058200859369837,-9.401585321801976e-05,0.013468627817928791,0.005433749407529831
1,a,forest_frac_slope_2000_2025,mndwi_slope_2000_2025,-0.0054407261641956,-9.401585321801976e-05,0.01519518531858921,0.008398020640015602
1,a,forest_frac_slope_2000_2025,mndwi_slope_2000_2025,-0.0050613663914075,-9.401585321801976e-05,0.015174494124948978,0.008414184674620628
1,a,forest_frac_slope_2000_2025,mndwi_slope_2000_2025,-0.0046820066186195,-9.401585321801976e-05,0.01658407226204872,0.01064228918403387
1,a,forest_frac_slope_2000_2025,mndwi_slope_2000_2025,-0.0043026468458314,-9.401585321801976e-05,0.017001211643218994,0.01180706825107336
1,a,forest_frac_slope_2000_2025,mndwi_slope_2000_2025,-0.0039232870730433,-9.401585321801976e-05,0.01714494079351425,0.012324205599725246
1,a,forest_frac_slope_2000_2025,mndwi_slope_2000_2025,-0.0035439273002553,-9.401585321801976e-05,0.01742963120341301,0.01338114868849516
1,a,forest_frac_slope_2000_2025,mndwi_slope_2000_2025,-0.0031645675274672,-9.401585321801976e-05,0.017793048173189163,0.014110558666288853
1,a,forest_frac_slope_2000_2025,mndwi_slope_2000_2025,-0.0027852077546791,-9.401585321801976e-05,0.01852674037218094,0.014992046169936657
1,a,forest_frac_slope_2000_2025,mndwi_slope_2000_2025,-0.0024058479818911,-9.401585321801976e-05,0.018714115023612976,0.015576809644699097
1,a,forest_frac_slope_2000_2025,mndwi_slope_2000_2025,-0.002026488209103,-9.401585321801976e-05,0.01928272657096386,0.016565995290875435
1,a,forest_frac_slope_2000_2025,mndwi_slope_2000_2025,-0.0016471284363149,-9.401585321801976e-05,0.01947077549993992,0.017283117398619652
1,a,forest_frac_slope_2000_2025,mndwi_slope_2000_2025,-0.0012677686635269,-9.401585321801976e-05,0.019738759845495224,0.01800946146249771
1,a,forest_frac_slope_2000_2025,mndwi_slope_2000_2025,-0.0008884088907388,-9.401585321801976e-05,0.02026725560426712,0.01886892132461071
1,a,forest_frac_slope_2000_2025,mndwi_slope_2000_2025,-0.0005090491179507,-9.401585321801976e-05,0.020512908697128296,0.019562412053346634
1,a,forest_frac_slope_2000_2025,mndwi_slope_2000_2025,-0.0001296893451627,-9.401585321801976e-05,0.020930372178554535,0.020966006442904472
1,a,forest_frac_slope_2000_2025,mndwi_slope_2000_2025,0.0002496704276253,-9.401585321801976e-05,0.02294001914560795,0.02402927167713642
1,a,forest_frac_slope_2000_2025,mndwi_slope_2000_2025,0.0006290302004134,-9.401585321801976e-05,0.02330153062939644,0.025133397430181503
1,a,forest_frac_slope_2000_2025,mndwi_slope_2000_2025,0.0010083899732014,-9.401585321801976e-05,0.024543896317481995,0.026651903986930847
1,a,forest_frac_slope_2000_2025,mndwi_slope_2000_2025,0.0013877497459895,-9.401585321801976e-05,0.02478037215769291,0.027069276198744774
1,a,forest_frac_slope_2000_2025,mndwi_slope_2000_2025,0.0017671095187776,-9.401585321801976e-05,0.024845225736498833,0.027475837618112564
1,a,forest_frac_slope_2000_2025,mndwi_slope_2000_2025,0.0021464692915656,-9.401585321801976e-05,0.025531763210892677,0.028357280418276787
1,a,forest_frac_slope_2000_2025,mndwi_slope_2000_2025,0.0025258290643537,-9.401585321801976e-05,0.025812100619077682,0.028857918456196785
1,a,forest_frac_slope_2000_2025,mndwi_slope_2000_2025,0.0029051888371418,-9.401585321801976e-05,0.02639824151992798,0.02962152101099491
1,a,forest_frac_slope_2000_2025,mndwi_slope_2000_2025,0.0032845486099298,-9.401585321801976e-05,0.026591045781970024,0.029880594462156296
1,a,forest_frac_slope_2000_2025,mndwi_slope_2000_2025,0.0036639083827179,-9.401585321801976e-05,0.0265960693359375,0.029944896697998047
1,a,forest_frac_slope_2000_2025,mndwi_slope_2000_2025,0.004043268155506,-9.401585321801976e-05,0.026973210275173187,0.03027172014117241
1,a,forest_frac_slope_2000_2025,mndwi_slope_2000_2025,0.004422627928294,-9.401585321801976e-05,0.0273548886179924,0.030672555789351463
1,a,forest_frac_slope_2000_2025,mndwi_slope_2000_2025,0.0048019877010821,-9.401585321801976e-05,0.02738066390156746,0.03085123747587204
1,a,forest_frac_slope_2000_2025,mndwi_slope_2000_2025,0.0051813474738702,-9.401585321801976e-05,0.027620157226920128,0.031295713037252426
1,a,forest_frac_slope_2000_2025,mndwi_slope_2000_2025,0.0055607072466582,-9.401585321801976e-05,0.02762036956846714,0.031371522694826126
1,a,forest_frac_slope_2000_2025,mndwi_slope_2000_2025,0.0059400670194463,-9.401585321801976e-05,0.027576837688684464,0.03148471936583519
2,b,forest_frac_slope_2000_2025,slope_mean,-0.0092343238920763,5.396902513599043,0.01062107179313898,-0.00014758350152987987
2,b,forest_frac_slope_2000_2025,slope_mean,-0.0088549641192882,5.396902513599043,0.010875467211008072,0.00024073019449133426
2,b,forest_frac_slope_2000_2025,slope_mean,-0.0084756043465002,5.396902513599043,0.011155549436807632,0.0009710252052173018
2,b,forest_frac_slope_2000_2025,slope_mean,-0.0080962445737121,5.396902513599043,0.011793788522481918,0.002055925317108631
2,b,forest_frac_slope_2000_2025,slope_mean,-0.007716884800924,5.396902513599043,0.012086550705134869,0.0031757394317537546
2,b,forest_frac_slope_2000_2025,slope_mean,-0.007337525028136,5.396902513599043,0.012295128777623177,0.003748185932636261
2,b,forest_frac_slope_2000_2025,slope_mean,-0.0069581652553479,5.396902513599043,0.01258404552936554,0.004932536277920008
2,b,forest_frac_slope_2000_2025,slope_mean,-0.0065788054825598,5.396902513599043,0.012762541882693768,0.0053344424813985825
2,b,forest_frac_slope_2000_2025,slope_mean,-0.0061994457097717,5.396902513599043,0.012899484485387802,0.005938016343861818
2,b,forest_frac_slope_2000_2025,slope_mean,-0.0058200859369837,5.396902513599043,0.013769970275461674,0.007313735317438841
2,b,forest_frac_slope_2000_2025,slope_mean,-0.0054407261641956,5.396902513599043,0.015462573617696762,0.009698577225208282
2,b,forest_frac_slope_2000_2025,slope_mean,-0.0050613663914075,5.396902513599043,0.015439984388649464,0.009752211160957813
2,b,forest_frac_slope_2000_2025,slope_mean,-0.0046820066186195,5.396902513599043,0.016775010153651237,0.011596737429499626
2,b,forest_frac_slope_2000_2025,slope_mean,-0.0043026468458314,5.396902513599043,0.01714133657515049,0.012494128197431564
2,b,forest_frac_slope_2000_2025,slope_mean,-0.0039232870730433,5.396902513599043,0.017330359667539597,0.012987300753593445
2,b,forest_frac_slope_2000_2025,slope_mean,-0.0035439273002553,5.396902513599043,0.017655687406659126,0.013911433517932892
2,b,forest_frac_slope_2000_2025,slope_mean,-0.0031645675274672,5.396902513599043,0.01805400475859642,0.014592258259654045
2,b,forest_frac_slope_2000_2025,slope_mean,-0.0027852077546791,5.396902513599043,0.018984874710440636,0.015621268190443516
2,b,forest_frac_slope_2000_2025,slope_mean,-0.0024058479818911,5.396902513599043,0.019223788753151894,0.016228707507252693
2,b,forest_frac_slope_2000_2025,slope_mean,-0.002026488209103,5.396902513599043,0.019833223894238472,0.017228728160262108
2,b,forest_frac_slope_2000_2025,slope_mean,-0.0016471284363149,5.396902513599043,0.02025577239692211,0.018216853961348534
2,b,forest_frac_slope_2000_2025,slope_mean,-0.0012677686635269,5.396902513599043,0.021234748885035515,0.01971621625125408
2,b,forest_frac_slope_2000_2025,slope_mean,-0.0008884088907388,5.396902513599043,0.02209809236228466,0.020890334621071815
2,b,forest_frac_slope_2000_2025,slope_mean,-0.0005090491179507,5.396902513599043,0.02271125093102455,0.021902678534388542
2,b,forest_frac_slope_2000_2025,slope_mean,-0.0001296893451627,5.396902513599043,0.023474546149373055,0.023396821692585945
2,b,forest_frac_slope_2000_2025,slope_mean,0.0002496704276253,5.396902513599043,0.02527387998998165,0.025927472859621048
2,b,forest_frac_slope_2000_2025,slope_mean,0.0006290302004134,5.396902513599043,0.025562020018696785,0.026649413630366325
2,b,forest_frac_slope_2000_2025,slope_mean,0.0010083899732014,5.396902513599043,0.026095163077116013,0.027451591566205025
2,b,forest_frac_slope_2000_2025,slope_mean,0.0013877497459895,5.396902513599043,0.026294952258467674,0.027774149551987648
2,b,forest_frac_slope_2000_2025,slope_mean,0.0017671095187776,5.396902513599043,0.026347611099481583,0.028103603050112724
2,b,forest_frac_slope_2000_2025,slope_mean,0.0021464692915656,5.396902513599043,0.026788419112563133,0.02871074713766575
2,b,forest_frac_slope_2000_2025,slope_mean,0.0025258290643537,5.396902513599043,0.02693166397511959,0.02901686728000641
2,b,forest_frac_slope_2000_2025,slope_mean,0.0029051888371418,5.396902513599043,0.027332061901688576,0.029547663405537605
2,b,forest_frac_slope_2000_2025,slope_mean,0.0032845486099298,5.396902513599043,0.027527688071131706,0.02981630340218544
2,b,forest_frac_slope_2000_2025,slope_mean,0.0036639083827179,5.396902513599043,0.02753501571714878,0.029891930520534515
2,b,forest_frac_slope_2000_2025,slope_mean,0.004043268155506,5.396902513599043,0.027712803333997726,0.030136756598949432
2,b,forest_frac_slope_2000_2025,slope_mean,0.004422627928294,5.396902513599043,0.027957795187830925,0.030396664515137672
2,b,forest_frac_slope_2000_2025,slope_mean,0.0048019877010821,5.396902513599043,0.02798362821340561,0.03054952248930931
2,b,forest_frac_slope_2000_2025,slope_mean,0.0051813474738702,5.396902513599043,0.02816050872206688,0.03092334419488907
2,b,forest_frac_slope_2000_2025,slope_mean,0.0055607072466582,5.396902513599043,0.02816050872206688,0.03099847212433815
2,b,forest_frac_slope_2000_2025,slope_mean,0.0059400670194463,5.396902513599043,0.02818482369184494,0.031100548803806305
2,b,forest_frac_slope_2000_2025,slope_mean,-0.0092343238920763,5.8468387362185394,0.010622525587677956,-0.00020360402413643897
2,b,forest_frac_slope_2000_2025,slope_mean,-0.0088549641192882,5.8468387362185394,0.010876658372581005,0.00018606468802317977
2,b,forest_frac_slope_2000_2025,slope_mean,-0.0084756043465002,5.8468387362185394,0.011156740598380566,0.0009178873151540756
2,b,forest_frac_slope_2000_2025,slope_mean,-0.0080962445737121,5.8468387362185394,0.011790870688855648,0.0020046010613441467
2,b,forest_frac_slope_2000_2025,slope_mean,-0.007716884800924,5.8468387362185394,0.012083633802831173,0.003128386102616787
2,b,forest_frac_slope_2000_2025,slope_mean,-0.007337525028136,5.8468387362185394,0.012292210943996906,0.0037039315793663263
2,b,forest_frac_slope_2000_2025,slope_mean,-0.0069581652553479,5.8468387362185394,0.01258112769573927,0.004892667755484581
2,b,forest_frac_slope_2000_2025,slope_mean,-0.0065788054825598,5.8468387362185394,0.012759624049067497,0.005298160016536713
2,b,forest_frac_slope_2000_2025,slope_mean,-0.0061994457097717,5.8468387362185394,0.012896566651761532,0.005920311436057091
2,b,forest_frac_slope_2000_2025,slope_mean,-0.0058200859369837,5.8468387362185394,0.013769041746854782,0.007300947327166796
2,b,forest_frac_slope_2000_2025,slope_mean,-0.0054407261641956,5.8468387362185394,0.015460904687643051,0.009685244411230087
2,b,forest_frac_slope_2000_2025,slope_mean,-0.0050613663914075,5.8468387362185394,0.015438316389918327,0.00974036194384098
2,b,forest_frac_slope_2000_2025,slope_mean,-0.0046820066186195,5.8468387362185394,0.016849935054779053,0.01165564265102148
2,b,forest_frac_slope_2000_2025,slope_mean,-0.0043026468458314,5.8468387362185394,0.017215289175510406,0.012552738189697266
2,b,forest_frac_slope_2000_2025,slope_mean,-0.0039232870730433,5.8468387362185394,0.017404314130544662,0.013046101666986942
2,b,forest_frac_slope_2000_2025,slope_mean,-0.0035439273002553,5.8468387362185394,0.017728984355926514,0.013969122432172298
2,b,forest_frac_slope_2000_2025,slope_mean,-0.0031645675274672,5.8468387362185394,0.018127301707863808,0.014649368822574615
2,b,forest_frac_slope_2000_2025,slope_mean,-0.0027852077546791,5.8468387362185394,0.019067496061325073,0.01568797416985035
2,b,forest_frac_slope_2000_2025,slope_mean,-0.0024058479818911,5.8468387362185394,0.019322331994771957,0.01631641387939453
2,b,forest_frac_slope_2000_2025,slope_mean,-0.002026488209103,5.8468387362185394,0.01997683010995388,0.017365004867315292
2,b,forest_frac_slope_2000_2025,slope_mean,-0.0016471284363149,5.8468387362185394,0.02039937861263752,0.018354160711169243
2,b,forest_frac_slope_2000_2025,slope_mean,-0.0012677686635269,5.8468387362185394,0.02145373262465,0.019928883761167526
2,b,forest_frac_slope_2000_2025,slope_mean,-0.0008884088907388,5.8468387362185394,0.022317076101899147,0.02110263705253601
2,b,forest_frac_slope_2000_2025,slope_mean,-0.0005090491179507,5.8468387362185394,0.022934164851903915,0.022120565176010132
2,b,forest_frac_slope_2000_2025,slope_mean,-0.0001296893451627,5.8468387362185394,0.02370765060186386,0.023625211790204048
2,b,forest_frac_slope_2000_2025,slope_mean,0.0002496704276253,5.8468387362185394,0.02527434378862381,0.025926096364855766
2,b,forest_frac_slope_2000_2025,slope_mean,0.0006290302004134,5.8468387362185394,0.025562483817338943,0.026648180559277534
2,b,forest_frac_slope_2000_2025,slope_mean,0.0010083899732014,5.8468387362185394,0.026095625013113022,0.02745037153363228
2,b,forest_frac_slope_2000_2025,slope_mean,0.0013877497459895,5.8468387362185394,0.02629929780960083,0.027776921167969704
2,b,forest_frac_slope_2000_2025,slope_mean,0.0017671095187776,5.8468387362185394,0.026351960375905037,0.028106607496738434
2,b,forest_frac_slope_2000_2025,slope_mean,0.0021464692915656,5.8468387362185394,0.026792768388986588,0.028713636100292206
2,b,forest_frac_slope_2000_2025,slope_mean,0.0025258290643537,5.8468387362185394,0.026936009526252747,0.029019828885793686
2,b,forest_frac_slope_2000_2025,slope_mean,0.0029051888371418,5.8468387362185394,0.02733640745282173,0.029550740495324135
2,b,forest_frac_slope_2000_2025,slope_mean,0.0032845486099298,5.8468387362185394,0.02753203734755516,0.029819341376423836
2,b,forest_frac_slope_2000_2025,slope_mean,0.0036639083827179,5.8468387362185394,0.027539361268281937,0.02989496849477291
2,b,forest_frac_slope_2000_2025,slope_mean,0.004043268155506,5.8468387362185394,0.027717148885130882,0.03013964742422104
2,b,forest_frac_slope_2000_2025,slope_mean,0.004422627928294,5.8468387362185394,0.02796214446425438,0.030399326235055923
2,b,forest_frac_slope_2000_2025,slope_mean,0.0048019877010821,5.8468387362185394,0.027987973764538765,0.030552184209227562
2,b,forest_frac_slope_2000_2025,slope_mean,0.0051813474738702,5.8468387362185394,0.028164857998490334,0.030926043167710304
2,b,forest_frac_slope_2000_2025,slope_mean,0.0055607072466582,5.8468387362185394,0.028164857998490334,0.031001199036836624
2,b,forest_frac_slope_2000_2025,slope_mean,0.0059400670194463,5.8468387362185394,0.028189172968268394,0.03110339120030403
2,b,forest_frac_slope_2000_2025,slope_mean,-0.0092343238920763,6.296774958838035,0.010611489415168762,-0.00021091791859362274
2,b,forest_frac_slope_2000_2025,slope_mean,-0.0088549641192882,6.296774958838035,0.010865623131394386,0.00017854598991107196
2,b,forest_frac_slope_2000_2025,slope_mean,-0.0084756043465002,6.296774958838035,0.011145705357193947,0.0009100872557610273
2,b,forest_frac_slope_2000_2025,slope_mean,-0.0080962445737121,6.296774958838035,0.01177983544766903,0.0019966645631939173
2,b,forest_frac_slope_2000_2025,slope_mean,-0.007716884800924,6.296774958838035,0.012072598561644554,0.003120342269539833
2,b,forest_frac_slope_2000_2025,slope_mean,-0.007337525028136,6.296774958838035,0.012281175702810287,0.003695880528539419
2,b,forest_frac_slope_2000_2025,slope_mean,-0.0069581652553479,6.296774958838035,0.012570091523230076,0.0048846169374883175
2,b,forest_frac_slope_2000_2025,slope_mean,-0.0065788054825598,6.296774958838035,0.012748588807880878,0.005290001630783081
2,b,forest_frac_slope_2000_2025,slope_mean,-0.0061994457097717,6.296774958838035,0.012885530479252338,0.0059119644574820995
2,b,forest_frac_slope_2000_2025,slope_mean,-0.0058200859369837,6.296774958838035,0.013758006505668163,0.007292558439075947
2,b,forest_frac_slope_2000_2025,slope_mean,-0.0054407261641956,6.296774958838035,0.015449868515133858,0.009676855988800526
2,b,forest_frac_slope_2000_2025,slope_mean,-0.0050613663914075,6.296774958838035,0.015427281148731709,0.009731979109346867
2,b,forest_frac_slope_2000_2025,slope_mean,-0.0046820066186195,6.296774958838035,0.01684141531586647,0.011649802327156067
2,b,forest_frac_slope_2000_2025,slope_mean,-0.0043026468458314,6.296774958838035,0.017208052799105644,0.012548167258501053
2,b,forest_frac_slope_2000_2025,slope_mean,-0.0039232870730433,6.296774958838035,0.01739707961678505,0.01304152887314558
2,b,forest_frac_slope_2000_2025,slope_mean,-0.0035439273002553,6.296774958838035,0.01772174797952175,0.013964551500976086
2,b,forest_frac_slope_2000_2025,slope_mean,-0.0031645675274672,6.296774958838035,0.01812104508280754,0.014645751565694809
2,b,forest_frac_slope_2000_2025,slope_mean,-0.0027852077546791,6.296774958838035,0.019061241298913956,0.0156842228025198
2,b,forest_frac_slope_2000_2025,slope_mean,-0.0024058479818911,6.296774958838035,0.01931607536971569,0.016312457621097565
2,b,forest_frac_slope_2000_2025,slope_mean,-0.002026488209103,6.296774958838035,0.019970573484897614,0.017360791563987732
2,b,forest_frac_slope_2000_2025,slope_mean,-0.0016471284363149,6.296774958838035,0.020393123850226402,0.018348831683397293
2,b,forest_frac_slope_2000_2025,slope_mean,-0.0012677686635269,6.296774958838035,0.021447477862238884,0.01992243528366089
2,b,forest_frac_slope_2000_2025,slope_mean,-0.0008884088907388,6.296774958838035,0.02231081947684288,0.02109563909471035
2,b,forest_frac_slope_2000_2025,slope_mean,-0.0005090491179507,6.296774958838035,0.02292790822684765,0.022112827748060226
2,b,forest_frac_slope_2000_2025,slope_mean,-0.0001296893451627,6.296774958838035,0.02370133064687252,0.023616991937160492
2,b,forest_frac_slope_2000_2025,slope_mean,0.0002496704276253,6.296774958838035,0.02526315301656723,0.02591286413371563
2,b,forest_frac_slope_2000_2025,slope_mean,0.0006290302004134,6.296774958838035,0.025552421808242798,0.026635803282260895
2,b,forest_frac_slope_2000_2025,slope_mean,0.0010083899732014,6.296774958838035,0.026085564866662025,0.027437962591648102
2,b,forest_frac_slope_2000_2025,slope_mean,0.0013877497459895,6.296774958838035,0.026289235800504684,0.027764329686760902
2,b,forest_frac_slope_2000_2025,slope_mean,0.0017671095187776,6.296774958838035,0.02634189836680889,0.02809380181133747
2,b,forest_frac_slope_2000_2025,slope_mean,0.0021464692915656,6.296774958838035,0.026782706379890442,0.028700681403279305
2,b,forest_frac_slope_2000_2025,slope_mean,0.0025258290643537,6.296774958838035,0.02692492865025997,0.029005806893110275
2,b,forest_frac_slope_2000_2025,slope_mean,0.0029051888371418,6.296774958838035,0.027325324714183807,0.029536526650190353
2,b,forest_frac_slope_2000_2025,slope_mean,0.0032845486099298,6.296774958838035,0.027520954608917236,0.029805025085806847
2,b,forest_frac_slope_2000_2025,slope_mean,0.0036639083827179,6.296774958838035,0.02752787247300148,0.029880015179514885
2,b,forest_frac_slope_2000_2025,slope_mean,0.004043268155506,6.296774958838035,0.027705663815140724,0.030124561861157417
2,b,forest_frac_slope_2000_2025,slope_mean,0.004422627928294,6.296774958838035,0.027950655668973923,0.030384184792637825
2,b,forest_frac_slope_2000_2025,slope_mean,0.0048019877010821,6.296774958838035,0.027976486831903458,0.030537091195583344
2,b,forest_frac_slope_2000_2025,slope_mean,0.0051813474738702,6.296774958838035,0.028153369203209877,0.030910955742001534
2,b,forest_frac_slope_2000_2025,slope_mean,0.0055607072466582,6.296774958838035,0.028153369203209877,0.03098616935312748
2,b,forest_frac_slope_2000_2025,slope_mean,0.0059400670194463,6.296774958838035,0.028182772919535637,0.03109351545572281
2,b,forest_frac_slope_2000_2025,slope_mean,-0.0092343238920763,6.746711181457531,0.01060862373560667,-0.0002146101469406858
2,b,forest_frac_slope_2000_2025,slope_mean,-0.0088549641192882,6.746711181457531,0.01086275652050972,0.0001748795184539631
2,b,forest_frac_slope_2000_2025,slope_mean,-0.0084756043465002,6.746711181457531,0.01114283874630928,0.0009065046906471252
2,b,forest_frac_slope_2000_2025,slope_mean,-0.0080962445737121,6.746711181457531,0.011776968836784363,0.001993081998080015
2,b,forest_frac_slope_2000_2025,slope_mean,-0.007716884800924,6.746711181457531,0.012069731950759888,0.0031167855486273766
2,b,forest_frac_slope_2000_2025,slope_mean,-0.007337525028136,6.746711181457531,0.012278309091925621,0.0036923233419656754
2,b,forest_frac_slope_2000_2025,slope_mean,-0.0069581652553479,6.746711181457531,0.012567225843667984,0.004881111439317465
2,b,forest_frac_slope_2000_2025,slope_mean,-0.0065788054825598,6.746711181457531,0.012745722196996212,0.0052865538746118546
2,b,forest_frac_slope_2000_2025,slope_mean,-0.0061994457097717,6.746711181457531,0.012881609611213207,0.005907461978495121
2,b,forest_frac_slope_2000_2025,slope_mean,-0.0058200859369837,6.746711181457531,0.013754084706306458,0.007288114167749882
2,b,forest_frac_slope_2000_2025,slope_mean,-0.0054407261641956,6.746711181457531,0.015445945784449577,0.009672342799603939
2,b,forest_frac_slope_2000_2025,slope_mean,-0.0050613663914075,6.746711181457531,0.015423360280692577,0.009727466851472855
2,b,forest_frac_slope_2000_2025,slope_mean,-0.0046820066186195,6.746711181457531,0.016837352886795998,0.011645150370895863
2,b,forest_frac_slope_2000_2025,slope_mean,-0.0043026468458314,6.746711181457531,0.01720399223268032,0.012543540447950363
2,b,forest_frac_slope_2000_2025,slope_mean,-0.0039232870730433,6.746711181457531,0.017393017187714577,0.01303692813962698
2,b,forest_frac_slope_2000_2025,slope_mean,-0.0035439273002553,6.746711181457531,0.017717687413096428,0.013959947973489761
2,b,forest_frac_slope_2000_2025,slope_mean,-0.0031645675274672,6.746711181457531,0.018116982653737068,0.014641224406659603
2,b,forest_frac_slope_2000_2025,slope_mean,-0.0027852077546791,6.746711181457531,0.019057180732488632,0.015679722651839256
2,b,forest_frac_slope_2000_2025,slope_mean,-0.0024058479818911,6.746711181457531,0.019312012940645218,0.01630801521241665
2,b,forest_frac_slope_2000_2025,slope_mean,-0.002026488209103,6.746711181457531,0.01996651291847229,0.017356406897306442
2,b,forest_frac_slope_2000_2025,slope_mean,-0.0016471284363149,6.746711181457531,0.02038906142115593,0.018344497308135033
2,b,forest_frac_slope_2000_2025,slope_mean,-0.0012677686635269,6.746711181457531,0.02144341543316841,0.01991812326014042
2,b,forest_frac_slope_2000_2025,slope_mean,-0.0008884088907388,6.746711181457531,0.022306760773062706,0.021091381087899208
2,b,forest_frac_slope_2000_2025,slope_mean,-0.0005090491179507,6.746711181457531,0.022923847660422325,0.02210862934589386
2,b,forest_frac_slope_2000_2025,slope_mean,-0.0001296893451627,6.746711181457531,0.023697007447481155,0.023612530902028084
2,b,forest_frac_slope_2000_2025,slope_mean,0.0002496704276253,6.746711181457531,0.025258829817175865,0.025908399373292923
2,b,forest_frac_slope_2000_2025,slope_mean,0.0006290302004134,6.746711181457531,0.025548096746206284,0.026631364598870277
2,b,forest_frac_slope_2000_2025,slope_mean,0.0010083899732014,6.746711181457531,0.02608124166727066,0.02743351273238659
2,b,forest_frac_slope_2000_2025,slope_mean,0.0013877497459895,6.746711181457531,0.02628491260111332,0.02775987610220909
2,b,forest_frac_slope_2000_2025,slope_mean,0.0017671095187776,6.746711181457531,0.026337573304772377,0.028089376166462898
2,b,forest_frac_slope_2000_2025,slope_mean,0.0021464692915656,6.746711181457531,0.026778383180499077,0.028696250170469284
2,b,forest_frac_slope_2000_2025,slope_mean,0.0025258290643537,6.746711181457531,0.026920605450868607,0.029001407325267792
2,b,forest_frac_slope_2000_2025,slope_mean,0.0029051888371418,6.746711181457531,0.027321001514792442,0.029532184824347496
2,b,forest_frac_slope_2000_2025,slope_mean,0.0032845486099298,6.746711181457531,0.027520179748535156,0.029804233461618423
2,b,forest_frac_slope_2000_2025,slope_mean,0.0036639083827179,6.746711181457531,0.027527103200554848,0.0298792514950037
2,b,forest_frac_slope_2000_2025,slope_mean,0.004043268155506,6.746711181457531,0.027704887092113495,0.030123792588710785
2,b,forest_frac_slope_2000_2025,slope_mean,0.004422627928294,6.746711181457531,0.027949882671236992,0.03038341924548149
2,b,forest_frac_slope_2000_2025,slope_mean,0.0048019877010821,6.746711181457531,0.027975715696811676,0.03053632751107216
2,b,forest_frac_slope_2000_2025,slope_mean,0.0051813474738702,6.746711181457531,0.028152592480182648,0.0309101901948452
2,b,forest_frac_slope_2000_2025,slope_mean,0.0055607072466582,6.746711181457531,0.028152592480182648,0.030985405668616295
2,b,forest_frac_slope_2000_2025,slope_mean,0.0059400670194463,6.746711181457531,0.028182001784443855,0.03109283372759819
2,b,forest_frac_slope_2000_2025,slope_mean,-0.0092343238920763,7.1966474040770265,0.010416790843009949,-0.00040777871618047357
2,b,forest_frac_slope_2000_2025,slope_mean,-0.0088549641192882,7.1966474040770265,0.010670924559235573,-1.8761827959679067e-05
2,b,forest_frac_slope_2000_2025,slope_mean,-0.0084756043465002,7.1966474040770265,0.010951006785035133,0.0007124252151697874
2,b,forest_frac_slope_2000_2025,slope_mean,-0.0080962445737121,7.1966474040770265,0.011585135944187641,0.0017985673621296883
2,b,forest_frac_slope_2000_2025,slope_mean,-0.007716884800924,7.1966474040770265,0.01187789998948574,0.0029215922113507986
2,b,forest_frac_slope_2000_2025,slope_mean,-0.007337525028136,7.1966474040770265,0.0120864761993289,0.0034962939098477364
2,b,forest_frac_slope_2000_2025,slope_mean,-0.0069581652553479,7.1966474040770265,0.012375392951071262,0.004684653133153915
2,b,forest_frac_slope_2000_2025,slope_mean,-0.0065788054825598,7.1966474040770265,0.012567449361085892,0.005102554801851511
2,b,forest_frac_slope_2000_2025,slope_mean,-0.0061994457097717,7.1966474040770265,0.012703335843980312,0.00572288129478693
2,b,forest_frac_slope_2000_2025,slope_mean,-0.0058200859369837,7.1966474040770265,0.013575810939073563,0.007101996801793575
2,b,forest_frac_slope_2000_2025,slope_mean,-0.0054407261641956,7.1966474040770265,0.015267673879861832,0.009485247544944286
2,b,forest_frac_slope_2000_2025,slope_mean,-0.0050613663914075,7.1966474040770265,0.015245086513459682,0.009538269601762295
2,b,forest_frac_slope_2000_2025,slope_mean,-0.0046820066186195,7.1966474040770265,0.016658801585435867,0.011453882791101933
2,b,forest_frac_slope_2000_2025,slope_mean,-0.0043026468458314,7.1966474040770265,0.017025211825966835,0.012350628152489662
2,b,forest_frac_slope_2000_2025,slope_mean,-0.0039232870730433,7.1966474040770265,0.017214234918355942,0.01283882837742567
2,b,forest_frac_slope_2000_2025,slope_mean,-0.0035439273002553,7.1966474040770265,0.017538907006382942,0.013760744594037533
2,b,forest_frac_slope_2000_2025,slope_mean,-0.0031645675274672,7.1966474040770265,0.017937837168574333,0.014440336264669895
2,b,forest_frac_slope_2000_2025,slope_mean,-0.0027852077546791,7.1966474040770265,0.0188780315220356,0.015479794703423977
2,b,forest_frac_slope_2000_2025,slope_mean,-0.0024058479818911,7.1966474040770265,0.019132869318127632,0.016108402982354164
2,b,forest_frac_slope_2000_2025,slope_mean,-0.002026488209103,7.1966474040770265,0.019787387922406197,0.017156509682536125
2,b,forest_frac_slope_2000_2025,slope_mean,-0.0016471284363149,7.1966474040770265,0.02020881511271,0.018144553527235985
2,b,forest_frac_slope_2000_2025,slope_mean,-0.0012677686635269,7.1966474040770265,0.02126316726207733,0.019721953198313713
2,b,forest_frac_slope_2000_2025,slope_mean,-0.0008884088907388,7.1966474040770265,0.022128989920020103,0.02090837061405182
2,b,forest_frac_slope_2000_2025,slope_mean,-0.0005090491179507,7.1966474040770265,0.022745702415704727,0.021927321329712868
2,b,forest_frac_slope_2000_2025,slope_mean,-0.0001296893451627,7.1966474040770265,0.023517407476902008,0.023438774049282074
2,b,forest_frac_slope_2000_2025,slope_mean,0.0002496704276253,7.1966474040770265,0.025096053257584572,0.025755638256669044
2,b,forest_frac_slope_2000_2025,slope_mean,0.0006290302004134,7.1966474040770265,0.02539624087512493,0.0264880433678627
2,b,forest_frac_slope_2000_2025,slope_mean,0.0010083899732014,7.1966474040770265,0.02592938393354416,0.027289219200611115
2,b,forest_frac_slope_2000_2025,slope_mean,0.0013877497459895,7.1966474040770265,0.026133054867386818,0.02761399932205677
2,b,forest_frac_slope_2000_2025,slope_mean,0.0017671095187776,7.1966474040770265,0.026185715571045876,0.027942251414060593
2,b,forest_frac_slope_2000_2025,slope_mean,0.0021464692915656,7.1966474040770265,0.026626525446772575,0.02854817733168602
2,b,forest_frac_slope_2000_2025,slope_mean,0.0025258290643537,7.1966474040770265,0.026773856952786446,0.028857924044132233
2,b,forest_frac_slope_2000_2025,slope_mean,0.0029051888371418,7.1966474040770265,0.02717425301671028,0.029388679191470146
2,b,forest_frac_slope_2000_2025,slope_mean,0.0032845486099298,7.1966474040770265,0.027373434975743294,0.02966080978512764
2,b,forest_frac_slope_2000_2025,slope_mean,0.0036639083827179,7.1966474040770265,0.027380352839827538,0.029736028984189034
2,b,forest_frac_slope_2000_2025,slope_mean,0.004043268155506,7.1966474040770265,0.02755836769938469,0.029981033876538277
2,b,forest_frac_slope_2000_2025,slope_mean,0.004422627928294,7.1966474040770265,0.027803363278508186,0.030240504071116447
2,b,forest_frac_slope_2000_2025,slope_mean,0.0048019877010821,7.1966474040770265,0.02782886102795601,0.030393028631806374
2,b,forest_frac_slope_2000_2025,slope_mean,0.0051813474738702,7.1966474040770265,0.028005747124552727,0.030766893178224564
2,b,forest_frac_slope_2000_2025,slope_mean,0.0055607072466582,7.1966474040770265,0.028005747124552727,0.03084166906774044
2,b,forest_frac_slope_2000_2025,slope_mean,0.0059400670194463,7.1966474040770265,0.028035150840878487,0.030949026346206665
2,b,forest_frac_slope_2000_2025,slope_mean,-0.0092343238920763,7.646583626696523,0.010347462259232998,-0.0004709583008661866
2,b,forest_frac_slope_2000_2025,slope_mean,-0.0088549641192882,7.646583626696523,0.010601595044136047,-8.214059198508039e-05
2,b,forest_frac_slope_2000_2025,slope_mean,-0.0084756043465002,7.646583626696523,0.010881677269935608,0.0006488561630249023
2,b,forest_frac_slope_2000_2025,slope_mean,-0.0080962445737121,7.646583626696523,0.011515808291733265,0.0017348219407722354
2,b,forest_frac_slope_2000_2025,slope_mean,-0.007716884800924,7.646583626696523,0.01180857140570879,0.0028576375916600227
2,b,forest_frac_slope_2000_2025,slope_mean,-0.007337525028136,7.646583626696523,0.012017148546874523,0.0034320394042879343
2,b,forest_frac_slope_2000_2025,slope_mean,-0.0069581652553479,7.646583626696523,0.012306064367294312,0.00462031364440918
2,b,forest_frac_slope_2000_2025,slope_mean,-0.0065788054825598,7.646583626696523,0.012498120777308941,0.005037893541157246
2,b,forest_frac_slope_2000_2025,slope_mean,-0.0061994457097717,7.646583626696523,0.012634008191525936,0.0056580291129648685
2,b,forest_frac_slope_2000_2025,slope_mean,-0.0058200859369837,7.646583626696523,0.013508355244994164,0.0070386650040745735
2,b,forest_frac_slope_2000_2025,slope_mean,-0.0054407261641956,7.646583626696523,0.015200217254459858,0.009421917609870434
2,b,forest_frac_slope_2000_2025,slope_mean,-0.0050613663914075,7.646583626696523,0.015176204033195972,0.009474501945078373
2,b,forest_frac_slope_2000_2025,slope_mean,-0.0046820066186195,7.646583626696523,0.016591256484389305,0.01139284297823906
2,b,forest_frac_slope_2000_2025,slope_mean,-0.0043026468458314,7.646583626696523,0.016957666724920273,0.012290066108107567
2,b,forest_frac_slope_2000_2025,slope_mean,-0.0039232870730433,7.646583626696523,0.01714669167995453,0.012778075411915779
2,b,forest_frac_slope_2000_2025,slope_mean,-0.0035439273002553,7.646583626696523,0.01747497171163559,0.013702945783734322
2,b,forest_frac_slope_2000_2025,slope_mean,-0.0031645675274672,7.646583626696523,0.01787390187382698,0.014382429420948029
2,b,forest_frac_slope_2000_2025,slope_mean,-0.0027852077546791,7.646583626696523,0.018812187016010284,0.0154197309166193
2,b,forest_frac_slope_2000_2025,slope_mean,-0.0024058479818911,7.646583626696523,0.01906702108681202,0.016047559678554535
2,b,forest_frac_slope_2000_2025,slope_mean,-0.002026488209103,7.646583626696523,0.019721543416380882,0.017095481976866722
2,b,forest_frac_slope_2000_2025,slope_mean,-0.0016471284363149,7.646583626696523,0.020142970606684685,0.018083686009049416
2,b,forest_frac_slope_2000_2025,slope_mean,-0.0012677686635269,7.646583626696523,0.021197324618697166,0.019661638885736465
2,b,forest_frac_slope_2000_2025,slope_mean,-0.0008884088907388,7.646583626696523,0.02206314541399479,0.020848283544182777
2,b,forest_frac_slope_2000_2025,slope_mean,-0.0005090491179507,7.646583626696523,0.022690461948513985,0.021878868341445923
2,b,forest_frac_slope_2000_2025,slope_mean,-0.0001296893451627,7.646583626696523,0.023456186056137085,0.023383954539895058
2,b,forest_frac_slope_2000_2025,slope_mean,0.0002496704276253,7.646583626696523,0.025073686614632607,0.025740759447216988
2,b,forest_frac_slope_2000_2025,slope_mean,0.0006290302004134,7.646583626696523,0.025373876094818115,0.02647315338253975
2,b,forest_frac_slope_2000_2025,slope_mean,0.0010083899732014,7.646583626696523,0.025907017290592194,0.02727445214986801
2,b,forest_frac_slope_2000_2025,slope_mean,0.0013877497459895,7.646583626696523,0.026110688224434853,0.027599137276411057
2,b,forest_frac_slope_2000_2025,slope_mean,0.0017671095187776,7.646583626696523,0.02616334892809391,0.027927879244089127
2,b,forest_frac_slope_2000_2025,slope_mean,0.0021464692915656,7.646583626696523,0.02660415880382061,0.02853449247777462
2,b,forest_frac_slope_2000_2025,slope_mean,0.0025258290643537,7.646583626696523,0.02675163932144642,0.028844404965639114
2,b,forest_frac_slope_2000_2025,slope_mean,0.0029051888371418,7.646583626696523,0.027152035385370255,0.029375184327363968
2,b,forest_frac_slope_2000_2025,slope_mean,0.0032845486099298,7.646583626696523,0.027351675555109978,0.029648132622241974
2,b,forest_frac_slope_2000_2025,slope_mean,0.0036639083827179,7.646583626696523,0.02735859528183937,0.02972332574427128
2,b,forest_frac_slope_2000_2025,slope_mean,0.004043268155506,7.646583626696523,0.027536608278751373,0.029968321323394775
2,b,forest_frac_slope_2000_2025,slope_mean,0.004422627928294,7.646583626696523,0.02778160758316517,0.030227787792682648
2,b,forest_frac_slope_2000_2025,slope_mean,0.0048019877010821,7.646583626696523,0.02780710533261299,0.030380308628082275
2,b,forest_frac_slope_2000_2025,slope_mean,0.0051813474738702,7.646583626696523,0.02798398584127426,0.030754178762435913
2,b,forest_frac_slope_2000_2025,slope_mean,0.0055607072466582,7.646583626696523,0.02798398584127426,0.03082895278930664
2,b,forest_frac_slope_2000_2025,slope_mean,0.0059400670194463,7.646583626696523,0.02801339142024517,0.030936259776353836
2,b,forest_frac_slope_2000_2025,slope_mean,-0.0092343238920763,8.096519849316019,0.010370297357439995,-0.0003804780135396868
2,b,forest_frac_slope_2000_2025,slope_mean,-0.0088549641192882,8.096519849316019,0.010624431073665619,8.177993549907114e-06
2,b,forest_frac_slope_2000_2025,slope_mean,-0.0084756043465002,8.096519849316019,0.010904514230787754,0.0007358100265264511
2,b,forest_frac_slope_2000_2025,slope_mean,-0.0080962445737121,8.096519849316019,0.011538643389940262,0.0018214125884696841
2,b,forest_frac_slope_2000_2025,slope_mean,-0.007716884800924,8.096519849316019,0.011831406503915787,0.0029373816214501858
2,b,forest_frac_slope_2000_2025,slope_mean,-0.007337525028136,8.096519849316019,0.01203998364508152,0.0034766276367008686
2,b,forest_frac_slope_2000_2025,slope_mean,-0.0069581652553479,8.096519849316019,0.012336370535194874,0.004679515492171049
2,b,forest_frac_slope_2000_2025,slope_mean,-0.0065788054825598,8.096519849316019,0.012528426013886929,0.005091172643005848
2,b,forest_frac_slope_2000_2025,slope_mean,-0.0061994457097717,8.096519849316019,0.012664313428103924,0.005707078613340855
2,b,forest_frac_slope_2000_2025,slope_mean,-0.0058200859369837,8.096519849316019,0.013538661412894726,0.007086180616170168
2,b,forest_frac_slope_2000_2025,slope_mean,-0.0054407261641956,8.096519849316019,0.01523052342236042,0.009467869065701962
2,b,forest_frac_slope_2000_2025,slope_mean,-0.0050613663914075,8.096519849316019,0.015206508338451385,0.009519048035144806
2,b,forest_frac_slope_2000_2025,slope_mean,-0.0046820066186195,8.096519849316019,0.016621563583612442,0.011435851454734802
2,b,forest_frac_slope_2000_2025,slope_mean,-0.0043026468458314,8.096519849316019,0.01698797196149826,0.012332284823060036
2,b,forest_frac_slope_2000_2025,slope_mean,-0.0039232870730433,8.096519849316019,0.017176996916532516,0.01281959842890501
2,b,forest_frac_slope_2000_2025,slope_mean,-0.0035439273002553,8.096519849316019,0.017505276948213577,0.013743897899985313
2,b,forest_frac_slope_2000_2025,slope_mean,-0.0031645675274672,8.096519849316019,0.017904309555888176,0.014423017390072346
2,b,forest_frac_slope_2000_2025,slope_mean,-0.0027852077546791,8.096519849316019,0.01884259656071663,0.015459958463907242
2,b,forest_frac_slope_2000_2025,slope_mean,-0.0024058479818911,8.096519849316019,0.019097430631518364,0.01608678139746189
2,b,forest_frac_slope_2000_2025,slope_mean,-0.002026488209103,8.096519849316019,0.019751951098442078,0.017134085297584534
2,b,forest_frac_slope_2000_2025,slope_mean,-0.0016471284363149,8.096519849316019,0.02017337828874588,0.018119361251592636
2,b,forest_frac_slope_2000_2025,slope_mean,-0.0012677686635269,8.096519849316019,0.021227732300758362,0.019695749506354332
2,b,forest_frac_slope_2000_2025,slope_mean,-0.0008884088907388,8.096519849316019,0.022093553096055984,0.020881041884422302
2,b,forest_frac_slope_2000_2025,slope_mean,-0.0005090491179507,8.096519849316019,0.02272086963057518,0.02191110886633396
2,b,forest_frac_slope_2000_2025,slope_mean,-0.0001296893451627,8.096519849316019,0.02348713018000126,0.023415440693497658
2,b,forest_frac_slope_2000_2025,slope_mean,0.0002496704276253,8.096519849316019,0.025100694969296455,0.025768110528588295
2,b,forest_frac_slope_2000_2025,slope_mean,0.0006290302004134,8.096519849316019,0.025400882586836815,0.026500729843974113
2,b,forest_frac_slope_2000_2025,slope_mean,0.0010083899732014,8.096519849316019,0.025934025645256042,0.027302106842398643
2,b,forest_frac_slope_2000_2025,slope_mean,0.0013877497459895,8.096519849316019,0.0261376965790987,0.027626819908618927
2,b,forest_frac_slope_2000_2025,slope_mean,0.0017671095187776,8.096519849316019,0.02619035728275776,0.027955081313848495
2,b,forest_frac_slope_2000_2025,slope_mean,0.0021464692915656,8.096519849316019,0.02663116715848446,0.028561629354953766
2,b,forest_frac_slope_2000_2025,slope_mean,0.0025258290643537,8.096519849316019,0.026778647676110268,0.028871027752757072
2,b,forest_frac_slope_2000_2025,slope_mean,0.0029051888371418,8.096519849316019,0.027179043740034103,0.029401512816548347
2,b,forest_frac_slope_2000_2025,slope_mean,0.0032845486099298,8.096519849316019,0.027378683909773827,0.029674049466848373
2,b,forest_frac_slope_2000_2025,slope_mean,0.0036639083827179,8.096519849316019,0.02738559991121292,0.029749298468232155
2,b,forest_frac_slope_2000_2025,slope_mean,0.004043268155506,8.096519849316019,0.027563616633415222,0.029993785545229912
2,b,forest_frac_slope_2000_2025,slope_mean,0.004422627928294,8.096519849316019,0.02780861221253872,0.03025304526090622
2,b,forest_frac_slope_2000_2025,slope_mean,0.0048019877010821,8.096519849316019,0.027834109961986542,0.030405184254050255
2,b,forest_frac_slope_2000_2025,slope_mean,0.0051813474738702,8.096519849316019,0.02801099233329296,0.03077896125614643
2,b,forest_frac_slope_2000_2025,slope_mean,0.0055607072466582,8.096519849316019,0.02801099233329296,0.03085365891456604
2,b,forest_frac_slope_2000_2025,slope_mean,0.0059400670194463,8.096519849316019,0.02804039977490902,0.030960766598582268
2,b,forest_frac_slope_2000_2025,slope_mean,-0.0092343238920763,8.546456071935514,0.010371241718530655,-0.00037868961226195097
2,b,forest_frac_slope_2000_2025,slope_mean,-0.0088549641192882,8.546456071935514,0.010625375434756279,9.96633116301382e-06
2,b,forest_frac_slope_2000_2025,slope_mean,-0.0084756043465002,8.546456071935514,0.010905456729233265,0.0007375457789748907
2,b,forest_frac_slope_2000_2025,slope_mean,-0.0080962445737121,8.546456071935514,0.011537798680365086,0.0018212946597486734
2,b,forest_frac_slope_2000_2025,slope_mean,-0.007716884800924,8.546456071935514,0.01183056179434061,0.0029372635763138533
2,b,forest_frac_slope_2000_2025,slope_mean,-0.007337525028136,8.546456071935514,0.012039138935506344,0.0034764567390084267
2,b,forest_frac_slope_2000_2025,slope_mean,-0.0069581652553479,8.546456071935514,0.012335525825619698,0.004679292906075716
2,b,forest_frac_slope_2000_2025,slope_mean,-0.0065788054825598,8.546456071935514,0.012527582235634327,0.005090896971523762
2,b,forest_frac_slope_2000_2025,slope_mean,-0.0061994457097717,8.546456071935514,0.012663469649851322,0.0057068029418587685
2,b,forest_frac_slope_2000_2025,slope_mean,-0.0058200859369837,8.546456071935514,0.01353781670331955,0.007085905876010656
2,b,forest_frac_slope_2000_2025,slope_mean,-0.0054407261641956,8.546456071935514,0.01522967778146267,0.009467541240155697
2,b,forest_frac_slope_2000_2025,slope_mean,-0.0050613663914075,8.546456071935514,0.015205664560198784,0.009518719278275967
2,b,forest_frac_slope_2000_2025,slope_mean,-0.0046820066186195,8.546456071935514,0.01662071794271469,0.011435470543801785
2,b,forest_frac_slope_2000_2025,slope_mean,-0.0043026468458314,8.546456071935514,0.01698712632060051,0.012331905774772167
2,b,forest_frac_slope_2000_2025,slope_mean,-0.0039232870730433,8.546456071935514,0.017176151275634766,0.01281916443258524
2,b,forest_frac_slope_2000_2025,slope_mean,-0.0035439273002553,8.546456071935514,0.017504431307315826,0.013743413612246513
2,b,forest_frac_slope_2000_2025,slope_mean,-0.0031645675274672,8.546456071935514,0.017903467640280724,0.014422533102333546
2,b,forest_frac_slope_2000_2025,slope_mean,-0.0027852077546791,8.546456071935514,0.018841752782464027,0.015459474176168442
2,b,forest_frac_slope_2000_2025,slope_mean,-0.0024058479818911,8.546456071935514,0.019096584990620613,0.016086244955658913
2,b,forest_frac_slope_2000_2025,slope_mean,-0.002026488209103,8.546456071935514,0.019751105457544327,0.017133546993136406
2,b,forest_frac_slope_2000_2025,slope_mean,-0.0016471284363149,8.546456071935514,0.020172536373138428,0.018118716776371002
2,b,forest_frac_slope_2000_2025,slope_mean,-0.0012677686635269,8.546456071935514,0.02122688665986061,0.01969510316848755
2,b,forest_frac_slope_2000_2025,slope_mean,-0.0008884088907388,8.546456071935514,0.022092711180448532,0.02088034711778164
2,b,forest_frac_slope_2000_2025,slope_mean,-0.0005090491179507,8.546456071935514,0.02272002585232258,0.02191036194562912
2,b,forest_frac_slope_2000_2025,slope_mean,-0.0001296893451627,8.546456071935514,0.023486286401748657,0.023414693772792816
2,b,forest_frac_slope_2000_2025,slope_mean,0.0002496704276253,8.546456071935514,0.025100186467170715,0.025767697021365166
2,b,forest_frac_slope_2000_2025,slope_mean,0.0006290302004134,8.546456071935514,0.025400372222065926,0.026500262320041656
2,b,forest_frac_slope_2000_2025,slope_mean,0.0010083899732014,8.546456071935514,0.025933515280485153,0.027301641181111336
2,b,forest_frac_slope_2000_2025,slope_mean,0.0013877497459895,8.546456071935514,0.02614157274365425,0.027630742639303207
2,b,forest_frac_slope_2000_2025,slope_mean,0.0017671095187776,8.546456071935514,0.026194235309958458,0.027959004044532776
2,b,forest_frac_slope_2000_2025,slope_mean,0.0021464692915656,8.546456071935514,0.026635045185685158,0.028565553948283195
2,b,forest_frac_slope_2000_2025,slope_mean,0.0025258290643537,8.546456071935514,0.026782525703310966,0.028874950483441353
2,b,forest_frac_slope_2000_2025,slope_mean,0.0029051888371418,8.546456071935514,0.02718381956219673,0.02940637618303299
2,b,forest_frac_slope_2000_2025,slope_mean,0.0032845486099298,8.546456071935514,0.027383452281355858,0.029678916558623314
2,b,forest_frac_slope_2000_2025,slope_mean,0.0036639083827179,8.546456071935514,0.02739037200808525,0.029754161834716797
2,b,forest_frac_slope_2000_2025,slope_mean,0.004043268155506,8.546456071935514,0.027568385004997253,0.029998652637004852
2,b,forest_frac_slope_2000_2025,slope_mean,0.004422627928294,8.546456071935514,0.02781338058412075,0.03025791421532631
2,b,forest_frac_slope_2000_2025,slope_mean,0.0048019877010821,8.546456071935514,0.02783888578414917,0.030410055071115494
2,b,forest_frac_slope_2000_2025,slope_mean,0.0051813474738702,8.546456071935514,0.02801576256752014,0.030783824622631073
2,b,forest_frac_slope_2000_2025,slope_mean,0.0055607072466582,8.546456071935514,0.02801576256752014,0.03085852973163128
2,b,forest_frac_slope_2000_2025,slope_mean,0.0059400670194463,8.546456071935514,0.02804517187178135,0.030965633690357208
2,b,forest_frac_slope_2000_2025,slope_mean,-0.0092343238920763,8.996392294555012,0.010360258631408215,-0.0003914016124326736
2,b,forest_frac_slope_2000_2025,slope_mean,-0.0088549641192882,8.996392294555012,0.010614392347633839,-2.7457128908281447e-06
2,b,forest_frac_slope_2000_2025,slope_mean,-0.0084756043465002,8.996392294555012,0.0108944745734334,0.0007248337497003376
2,b,forest_frac_slope_2000_2025,slope_mean,-0.0080962445737121,8.996392294555012,0.011526815593242645,0.001808582921512425
2,b,forest_frac_slope_2000_2025,slope_mean,-0.007716884800924,8.996392294555012,0.011819579638540745,0.002924480941146612
2,b,forest_frac_slope_2000_2025,slope_mean,-0.007337525028136,8.996392294555012,0.012028155848383904,0.0034637085627764463
2,b,forest_frac_slope_2000_2025,slope_mean,-0.0069581652553479,8.996392294555012,0.012324542738497257,0.004666544031351805
2,b,forest_frac_slope_2000_2025,slope_mean,-0.0065788054825598,8.996392294555012,0.012516599148511887,0.005078149028122425
2,b,forest_frac_slope_2000_2025,slope_mean,-0.0061994457097717,8.996392294555012,0.012652486562728882,0.0056940061040222645
2,b,forest_frac_slope_2000_2025,slope_mean,-0.0058200859369837,8.996392294555012,0.01352683361619711,0.0070731258019804955
2,b,forest_frac_slope_2000_2025,slope_mean,-0.0054407261641956,8.996392294555012,0.015218696556985378,0.00945484172552824
2,b,forest_frac_slope_2000_2025,slope_mean,-0.0050613663914075,8.996392294555012,0.015194683335721493,0.00950612686574459
2,b,forest_frac_slope_2000_2025,slope_mean,-0.0046820066186195,8.996392294555012,0.016609735786914825,0.011422994546592236
2,b,forest_frac_slope_2000_2025,slope_mean,-0.0043026468458314,8.996392294555012,0.016976144164800644,0.012319372035562992
2,b,forest_frac_slope_2000_2025,slope_mean,-0.0039232870730433,8.996392294555012,0.017163366079330444,0.012805020436644554
2,b,forest_frac_slope_2000_2025,slope_mean,-0.0035439273002553,8.996392294555012,0.017492303624749184,0.013729846104979515
2,b,forest_frac_slope_2000_2025,slope_mean,-0.0031645675274672,8.996392294555012,0.017891336232423782,0.01440882682800293
2,b,forest_frac_slope_2000_2025,slope_mean,-0.0027852077546791,8.996392294555012,0.018829621374607086,0.015445992350578308
2,b,forest_frac_slope_2000_2025,slope_mean,-0.0024058479818911,8.996392294555012,0.01908445917069912,0.016072917729616165
2,b,forest_frac_slope_2000_2025,slope_mean,-0.002026488209103,8.996392294555012,0.019738979637622833,0.017120204865932465
2,b,forest_frac_slope_2000_2025,slope_mean,-0.0016471284363149,8.996392294555012,0.020160404965281487,0.01810540072619915
2,b,forest_frac_slope_2000_2025,slope_mean,-0.0012677686635269,8.996392294555012,0.021214760839939117,0.019681749865412712
2,b,forest_frac_slope_2000_2025,slope_mean,-0.0008884088907388,8.996392294555012,0.02208057977259159,0.02086685411632061
2,b,forest_frac_slope_2000_2025,slope_mean,-0.0005090491179507,8.996392294555012,0.022707898169755936,0.021896842867136
2,b,forest_frac_slope_2000_2025,slope_mean,-0.0001296893451627,8.996392294555012,0.023474156856536865,0.023401111364364624
2,b,forest_frac_slope_2000_2025,slope_mean,0.0002496704276253,8.996392294555012,0.025087416172027588,0.025753416121006012
2,b,forest_frac_slope_2000_2025,slope_mean,0.0006290302004134,8.996392294555012,0.025386368855834007,0.026484418660402298
2,b,forest_frac_slope_2000_2025,slope_mean,0.0010083899732014,8.996392294555012,0.025919510051608086,0.02728579193353653
2,b,forest_frac_slope_2000_2025,slope_mean,0.0013877497459895,8.996392294555012,0.026127569377422333,0.027615012601017952
2,b,forest_frac_slope_2000_2025,slope_mean,0.0017671095187776,8.996392294555012,0.026181230321526527,0.027944428846240044
2,b,forest_frac_slope_2000_2025,slope_mean,0.0021464692915656,8.996392294555012,0.026622040197253227,0.028551213443279266
2,b,forest_frac_slope_2000_2025,slope_mean,0.0025258290643537,8.996392294555012,0.026769524440169334,0.028860649093985558
2,b,forest_frac_slope_2000_2025,slope_mean,0.0029051888371418,8.996392294555012,0.027170810848474503,0.0293923057615757
2,b,forest_frac_slope_2000_2025,slope_mean,0.0032845486099298,8.996392294555012,0.027370447292923927,0.02966490387916565
2,b,forest_frac_slope_2000_2025,slope_mean,0.0036639083827179,8.996392294555012,0.02737737074494362,0.02974020689725876
2,b,forest_frac_slope_2000_2025,slope_mean,0.004043268155506,8.996392294555012,0.02755538374185562,0.029984820634126663
2,b,forest_frac_slope_2000_2025,slope_mean,0.004422627928294,8.996392294555012,0.02780037559568882,0.03024422377347946
2,b,forest_frac_slope_2000_2025,slope_mean,0.0048019877010821,8.996392294555012,0.02782587707042694,0.030396519228816032
2,b,forest_frac_slope_2000_2025,slope_mean,0.0051813474738702,8.996392294555012,0.02800275757908821,0.030770327895879745
2,b,forest_frac_slope_2000_2025,slope_mean,0.0055607072466582,8.996392294555012,0.02800275757908821,0.030845120549201965
2,b,forest_frac_slope_2000_2025,slope_mean,0.0059400670194463,8.996392294555012,0.02803216688334942,0.030952243134379387
2,b,forest_frac_slope_2000_2025,slope_mean,-0.0092343238920763,9.446328517174509,0.01024596020579338,-0.0004785075143445283
2,b,forest_frac_slope_2000_2025,slope_mean,-0.0088549641192882,9.446328517174509,0.010501648299396038,-8.852258906699717e-05
2,b,forest_frac_slope_2000_2025,slope_mean,-0.0084756043465002,9.446328517174509,0.010781730525195599,0.0006379832630045712
2,b,forest_frac_slope_2000_2025,slope_mean,-0.0080962445737121,9.446328517174509,0.01141407247632742,0.0017203384777531028
2,b,forest_frac_slope_2000_2025,slope_mean,-0.007716884800924,9.446328517174509,0.011706836521625519,0.0028350523207336664
2,b,forest_frac_slope_2000_2025,slope_mean,-0.007337525028136,9.446328517174509,0.011915413662791252,0.0033724920358508825
2,b,forest_frac_slope_2000_2025,slope_mean,-0.0069581652553479,9.446328517174509,0.01222718320786953,0.004583258181810379
2,b,forest_frac_slope_2000_2025,slope_mean,-0.0065788054825598,9.446328517174509,0.012419238686561584,0.00499324407428503
2,b,forest_frac_slope_2000_2025,slope_mean,-0.0061994457097717,9.446328517174509,0.012555125169456005,0.005600336939096451
2,b,forest_frac_slope_2000_2025,slope_mean,-0.0058200859369837,9.446328517174509,0.013429473154246807,0.006978524383157492
2,b,forest_frac_slope_2000_2025,slope_mean,-0.0054407261641956,9.446328517174509,0.015121878124773502,0.009363138116896152
2,b,forest_frac_slope_2000_2025,slope_mean,-0.0050613663914075,9.446328517174509,0.015099149197340012,0.009415927343070507
2,b,forest_frac_slope_2000_2025,slope_mean,-0.0046820066186195,9.446328517174509,0.016513312235474586,0.011331488378345966
2,b,forest_frac_slope_2000_2025,slope_mean,-0.0043026468458314,9.446328517174509,0.016888730227947235,0.012230969034135342
2,b,forest_frac_slope_2000_2025,slope_mean,-0.0039232870730433,9.446328517174509,0.017075950279831886,0.012717383913695812
2,b,forest_frac_slope_2000_2025,slope_mean,-0.0035439273002553,9.446328517174509,0.017404887825250626,0.013643029145896435
2,b,forest_frac_slope_2000_2025,slope_mean,-0.0031645675274672,9.446328517174509,0.017803924158215523,0.014323695562779903
2,b,forest_frac_slope_2000_2025,slope_mean,-0.0027852077546791,9.446328517174509,0.018742209300398827,0.015361095778644085
2,b,forest_frac_slope_2000_2025,slope_mean,-0.0024058479818911,9.446328517174509,0.01899704337120056,0.015983879566192627
2,b,forest_frac_slope_2000_2025,slope_mean,-0.002026488209103,9.446328517174509,0.019651561975479126,0.01703297160565853
2,b,forest_frac_slope_2000_2025,slope_mean,-0.0016471284363149,9.446328517174509,0.020072991028428078,0.018018752336502075
2,b,forest_frac_slope_2000_2025,slope_mean,-0.0012677686635269,9.446328517174509,0.02112734504044056,0.019597603008151054
2,b,forest_frac_slope_2000_2025,slope_mean,-0.0008884088907388,9.446328517174509,0.021993165835738182,0.02078845724463463
2,b,forest_frac_slope_2000_2025,slope_mean,-0.0005090491179507,9.446328517174509,0.02262048050761223,0.021820805966854095
2,b,forest_frac_slope_2000_2025,slope_mean,-0.0001296893451627,9.446328517174509,0.023386742919683456,0.023328173905611038
2,b,forest_frac_slope_2000_2025,slope_mean,0.0002496704276253,9.446328517174509,0.024999752640724182,0.02569136768579483
2,b,forest_frac_slope_2000_2025,slope_mean,0.0006290302004134,9.446328517174509,0.025299392640590668,0.026428166776895523
2,b,forest_frac_slope_2000_2025,slope_mean,0.0010083899732014,9.446328517174509,0.025831997394561768,0.027228157967329025
2,b,forest_frac_slope_2000_2025,slope_mean,0.0013877497459895,9.446328517174509,0.026036173105239868,0.02755509689450264
2,b,forest_frac_slope_2000_2025,slope_mean,0.0017671095187776,9.446328517174509,0.026089835911989212,0.02788502350449562
2,b,forest_frac_slope_2000_2025,slope_mean,0.0021464692915656,9.446328517174509,0.026530645787715912,0.028492392972111702
2,b,forest_frac_slope_2000_2025,slope_mean,0.0025258290643537,9.446328517174509,0.026677338406443596,0.028801625594496727
2,b,forest_frac_slope_2000_2025,slope_mean,0.0029051888371418,9.446328517174509,0.027078628540039062,0.029333731159567833
2,b,forest_frac_slope_2000_2025,slope_mean,0.0032845486099298,9.446328517174509,0.027278264984488487,0.029606612399220467
2,b,forest_frac_slope_2000_2025,slope_mean,0.0036639083827179,9.446328517174509,0.02728518843650818,0.029682232066988945
2,b,forest_frac_slope_2000_2025,slope_mean,0.004043268155506,9.446328517174509,0.02746320143342018,0.029926929622888565
2,b,forest_frac_slope_2000_2025,slope_mean,0.004422627928294,9.446328517174509,0.02770819701254368,0.03018641099333763
2,b,forest_frac_slope_2000_2025,slope_mean,0.0048019877010821,9.446328517174509,0.0277336947619915,0.030338777229189873
2,b,forest_frac_slope_2000_2025,slope_mean,0.0051813474738702,9.446328517174509,0.02791057527065277,0.03071247786283493
2,b,forest_frac_slope_2000_2025,slope_mean,0.0055607072466582,9.446328517174509,0.02791057527065277,0.030787283554673195
2,b,forest_frac_slope_2000_2025,slope_mean,0.0059400670194463,9.446328517174509,0.02793998457491398,0.030894432216882706
2,b,forest_frac_slope_2000_2025,slope_mean,-0.0092343238920763,9.896264739794002,0.009885030798614025,-0.0008406788110733032
2,b,forest_frac_slope_2000_2025,slope_mean,-0.0088549641192882,9.896264739794002,0.010155878029763699,-0.0004482375516090542
2,b,forest_frac_slope_2000_2025,slope_mean,-0.0084756043465002,9.896264739794002,0.010435960255563259,0.00027965992921963334
2,b,forest_frac_slope_2000_2025,slope_mean,-0.0080962445737121,9.896264739794002,0.011085656471550465,0.0013805285561829805
2,b,forest_frac_slope_2000_2025,slope_mean,-0.007716884800924,9.896264739794002,0.011378420516848564,0.0024955153930932283
2,b,forest_frac_slope_2000_2025,slope_mean,-0.007337525028136,9.896264739794002,0.011581414379179478,0.003024777863174677
2,b,forest_frac_slope_2000_2025,slope_mean,-0.0069581652553479,9.896264739794002,0.011891569942235947,0.004233567044138908
2,b,forest_frac_slope_2000_2025,slope_mean,-0.0065788054825598,9.896264739794002,0.012083625420928001,0.004644019529223442
2,b,forest_frac_slope_2000_2025,slope_mean,-0.0061994457097717,9.896264739794002,0.012219512835144997,0.005250730086117983
2,b,forest_frac_slope_2000_2025,slope_mean,-0.0058200859369837,9.896264739794002,0.013093859888613224,0.006628926377743483
2,b,forest_frac_slope_2000_2025,slope_mean,-0.0054407261641956,9.896264739794002,0.014795233495533466,0.00901777669787407
2,b,forest_frac_slope_2000_2025,slope_mean,-0.0050613663914075,9.896264739794002,0.014773550443351269,0.009067190811038017
2,b,forest_frac_slope_2000_2025,slope_mean,-0.0046820066186195,9.896264739794002,0.01621081307530403,0.011005925945937634
2,b,forest_frac_slope_2000_2025,slope_mean,-0.0043026468458314,9.896264739794002,0.016586784273386,0.011906924657523632
2,b,forest_frac_slope_2000_2025,slope_mean,-0.0039232870730433,9.896264739794002,0.016774004325270653,0.012408164329826832
2,b,forest_frac_slope_2000_2025,slope_mean,-0.0035439273002553,9.896264739794002,0.01710294373333454,0.013342466205358505
2,b,forest_frac_slope_2000_2025,slope_mean,-0.0031645675274672,9.896264739794002,0.01750313676893711,0.014029890298843384
2,b,forest_frac_slope_2000_2025,slope_mean,-0.0027852077546791,9.896264739794002,0.01850336790084839,0.015130463056266308
2,b,forest_frac_slope_2000_2025,slope_mean,-0.0024058479818911,9.896264739794002,0.018758201971650124,0.015751991420984268
2,b,forest_frac_slope_2000_2025,slope_mean,-0.002026488209103,9.896264739794002,0.019414618611335754,0.016800712794065475
2,b,forest_frac_slope_2000_2025,slope_mean,-0.0016471284363149,9.896264739794002,0.019843438640236855,0.017796769738197327
2,b,forest_frac_slope_2000_2025,slope_mean,-0.0012677686635269,9.896264739794002,0.020894259214401245,0.019371947273612022
2,b,forest_frac_slope_2000_2025,slope_mean,-0.0008884088907388,9.896264739794002,0.021724404767155647,0.020525766536593437
2,b,forest_frac_slope_2000_2025,slope_mean,-0.0005090491179507,9.896264739794002,0.022350771352648735,0.021558532491326332
2,b,forest_frac_slope_2000_2025,slope_mean,-0.0001296893451627,9.896264739794002,0.023117030039429665,0.023068994283676147
2,b,forest_frac_slope_2000_2025,slope_mean,0.0002496704276253,9.896264739794002,0.024836210533976555,0.025554081425070763
2,b,forest_frac_slope_2000_2025,slope_mean,0.0006290302004134,9.896264739794002,0.02513585053384304,0.02629777044057846
2,b,forest_frac_slope_2000_2025,slope_mean,0.0010083899732014,9.896264739794002,0.02566845528781414,0.027102259919047356
2,b,forest_frac_slope_2000_2025,slope_mean,0.0013877497459895,9.896264739794002,0.02587263099849224,0.02743164636194706
2,b,forest_frac_slope_2000_2025,slope_mean,0.0017671095187776,9.896264739794002,0.025926293805241585,0.02776383049786091
2,b,forest_frac_slope_2000_2025,slope_mean,0.0021464692915656,9.896264739794002,0.026367101818323135,0.02837378904223442
2,b,forest_frac_slope_2000_2025,slope_mean,0.0025258290643537,9.896264739794002,0.026518912985920906,0.028702421113848686
2,b,forest_frac_slope_2000_2025,slope_mean,0.0029051888371418,9.896264739794002,0.026920204982161522,0.02925124578177929
2,b,forest_frac_slope_2000_2025,slope_mean,0.0032845486099298,9.896264739794002,0.027119839563965797,0.02951362542808056
2,b,forest_frac_slope_2000_2025,slope_mean,0.0036639083827179,9.896264739794002,0.02712675742805004,0.029587848111987114
2,b,forest_frac_slope_2000_2025,slope_mean,0.004043268155506,9.896264739794002,0.02730477601289749,0.02983224205672741
2,b,forest_frac_slope_2000_2025,slope_mean,0.004422627928294,9.896264739794002,0.02754977159202099,0.030091695487499237
2,b,forest_frac_slope_2000_2025,slope_mean,0.0048019877010821,9.896264739794002,0.02757527120411396,0.030244432389736176
2,b,forest_frac_slope_2000_2025,slope_mean,0.0051813474738702,9.896264739794002,0.02775215543806553,0.030618391931056976
2,b,forest_frac_slope_2000_2025,slope_mean,0.0055607072466582,9.896264739794002,0.02775215543806553,0.030693454667925835
2,b,forest_frac_slope_2000_2025,slope_mean,0.0059400670194463,9.896264739794002,0.027708448469638824,0.030804751440882683
2,b,forest_frac_slope_2000_2025,slope_mean,-0.0092343238920763,10.346200962413498,0.009817897342145443,-0.0009101631003431976
2,b,forest_frac_slope_2000_2025,slope_mean,-0.0088549641192882,10.346200962413498,0.010088744573295116,-0.000517721869982779
2,b,forest_frac_slope_2000_2025,slope_mean,-0.0084756043465002,10.346200962413498,0.010374557226896286,0.0002158338756999001
2,b,forest_frac_slope_2000_2025,slope_mean,-0.0080962445737121,10.346200962413498,0.011024252511560917,0.0013167699798941612
2,b,forest_frac_slope_2000_2025,slope_mean,-0.007716884800924,10.346200962413498,0.011317119002342224,0.0024328501895070076
2,b,forest_frac_slope_2000_2025,slope_mean,-0.007337525028136,10.346200962413498,0.011520113795995712,0.0029618411790579557
2,b,forest_frac_slope_2000_2025,slope_mean,-0.0069581652553479,10.346200962413498,0.011830268427729607,0.004170611500740051
2,b,forest_frac_slope_2000_2025,slope_mean,-0.0065788054825598,10.346200962413498,0.012022324837744236,0.004581063520163298
2,b,forest_frac_slope_2000_2025,slope_mean,-0.0061994457097717,10.346200962413498,0.012158212251961231,0.00518761808052659
2,b,forest_frac_slope_2000_2025,slope_mean,-0.0058200859369837,10.346200962413498,0.013032558374106884,0.006565819960087538
2,b,forest_frac_slope_2000_2025,slope_mean,-0.0054407261641956,10.346200962413498,0.014733932912349701,0.008954651653766632
2,b,forest_frac_slope_2000_2025,slope_mean,-0.0050613663914075,10.346200962413498,0.014712250791490078,0.009004145860671997
2,b,forest_frac_slope_2000_2025,slope_mean,-0.0046820066186195,10.346200962413498,0.01614951528608799,0.010942837223410606
2,b,forest_frac_slope_2000_2025,slope_mean,-0.0043026468458314,10.346200962413498,0.01652548462152481,0.011843947693705559
2,b,forest_frac_slope_2000_2025,slope_mean,-0.0039232870730433,10.346200962413498,0.016712702810764313,0.012345223687589169
2,b,forest_frac_slope_2000_2025,slope_mean,-0.0035439273002553,10.346200962413498,0.0170416422188282,0.01327967643737793
2,b,forest_frac_slope_2000_2025,slope_mean,-0.0031645675274672,10.346200962413498,0.01744183525443077,0.013968474231660366
2,b,forest_frac_slope_2000_2025,slope_mean,-0.0027852077546791,10.346200962413498,0.018451614305377007,0.015078911557793617
2,b,forest_frac_slope_2000_2025,slope_mean,-0.0024058479818911,10.346200962413498,0.01870644837617874,0.0157010480761528
2,b,forest_frac_slope_2000_2025,slope_mean,-0.002026488209103,10.346200962413498,0.019363591447472572,0.016750434413552284
2,b,forest_frac_slope_2000_2025,slope_mean,-0.0016471284363149,10.346200962413498,0.019792409613728523,0.017746876925230026
2,b,forest_frac_slope_2000_2025,slope_mean,-0.0012677686635269,10.346200962413498,0.02084292657673359,0.019322892650961876
2,b,forest_frac_slope_2000_2025,slope_mean,-0.0008884088907388,10.346200962413498,0.021674489602446556,0.020478101447224617
2,b,forest_frac_slope_2000_2025,slope_mean,-0.0005090491179507,10.346200962413498,0.022300856187939644,0.02151225320994854
2,b,forest_frac_slope_2000_2025,slope_mean,-0.0001296893451627,10.346200962413498,0.023067116737365723,0.023024529218673706
2,b,forest_frac_slope_2000_2025,slope_mean,0.0002496704276253,10.346200962413498,0.02478300966322422,0.0255179051309824
2,b,forest_frac_slope_2000_2025,slope_mean,0.0006290302004134,10.346200962413498,0.025082651525735855,0.026262488216161728
2,b,forest_frac_slope_2000_2025,slope_mean,0.0010083899732014,10.346200962413498,0.025615254417061806,0.02706770971417427
2,b,forest_frac_slope_2000_2025,slope_mean,0.0013877497459895,10.346200962413498,0.025819431990385056,0.027398038655519485
2,b,forest_frac_slope_2000_2025,slope_mean,0.0017671095187776,10.346200962413498,0.02587309293448925,0.027730699628591537
2,b,forest_frac_slope_2000_2025,slope_mean,0.0021464692915656,10.346200962413498,0.02631390281021595,0.02834111452102661
2,b,forest_frac_slope_2000_2025,slope_mean,0.0025258290643537,10.346200962413498,0.02646571397781372,0.02867029421031475
2,b,forest_frac_slope_2000_2025,slope_mean,0.0029051888371418,10.346200962413498,0.026867004111409187,0.029219461604952812
2,b,forest_frac_slope_2000_2025,slope_mean,0.0032845486099298,10.346200962413498,0.027066636830568314,0.029482008889317513
2,b,forest_frac_slope_2000_2025,slope_mean,0.0036639083827179,10.346200962413498,0.027073562145233154,0.029556287452578545
2,b,forest_frac_slope_2000_2025,slope_mean,0.004043268155506,10.346200962413498,0.027257351204752922,0.029806500300765038
2,b,forest_frac_slope_2000_2025,slope_mean,0.004422627928294,10.346200962413498,0.02750234678387642,0.030065815895795822
2,b,forest_frac_slope_2000_2025,slope_mean,0.0048019877010821,10.346200962413498,0.02752784639596939,0.03021884337067604
2,b,forest_frac_slope_2000_2025,slope_mean,0.0051813474738702,10.346200962413498,0.02770472876727581,0.030592797324061394
2,b,forest_frac_slope_2000_2025,slope_mean,0.0055607072466582,10.346200962413498,0.02770472876727581,0.0306678619235754
2,b,forest_frac_slope_2000_2025,slope_mean,0.0059400670194463,10.346200962413498,0.027661025524139404,0.030778955668210983
2,b,forest_frac_slope_2000_2025,slope_mean,-0.0092343238920763,10.796137185032997,0.009659522213041782,-0.0008221444441005588
2,b,forest_frac_slope_2000_2025,slope_mean,-0.0088549641192882,10.796137185032997,0.009930369444191456,-0.00041667124605737627
2,b,forest_frac_slope_2000_2025,slope_mean,-0.0084756043465002,10.796137185032997,0.010216182097792625,0.00032358994940295815
2,b,forest_frac_slope_2000_2025,slope_mean,-0.0080962445737121,10.796137185032997,0.010865878313779831,0.0014269226230680943
2,b,forest_frac_slope_2000_2025,slope_mean,-0.007716884800924,10.796137185032997,0.011239294894039631,0.002552950056269765
2,b,forest_frac_slope_2000_2025,slope_mean,-0.007337525028136,10.796137185032997,0.011442289687693119,0.003080835333094001
2,b,forest_frac_slope_2000_2025,slope_mean,-0.0069581652553479,10.796137185032997,0.011752445250749588,0.004289031960070133
2,b,forest_frac_slope_2000_2025,slope_mean,-0.0065788054825598,10.796137185032997,0.011944501660764217,0.004697437398135662
2,b,forest_frac_slope_2000_2025,slope_mean,-0.0061994457097717,10.796137185032997,0.012080388143658638,0.005302839912474155
2,b,forest_frac_slope_2000_2025,slope_mean,-0.0058200859369837,10.796137185032997,0.01296267006546259,0.006686510052531958
2,b,forest_frac_slope_2000_2025,slope_mean,-0.0054407261641956,10.796137185032997,0.014672486111521721,0.009078271687030792
2,b,forest_frac_slope_2000_2025,slope_mean,-0.0050613663914075,10.796137185032997,0.014650801196694374,0.009126028046011925
2,b,forest_frac_slope_2000_2025,slope_mean,-0.0046820066186195,10.796137185032997,0.01608806662261486,0.011062401346862316
2,b,forest_frac_slope_2000_2025,slope_mean,-0.0043026468458314,10.796137185032997,0.01645772159099579,0.011780425906181335
2,b,forest_frac_slope_2000_2025,slope_mean,-0.0039232870730433,10.796137185032997,0.01664494164288044,0.012282312847673893
2,b,forest_frac_slope_2000_2025,slope_mean,-0.0035439273002553,10.796137185032997,0.01697388105094433,0.013220276683568954
2,b,forest_frac_slope_2000_2025,slope_mean,-0.0031645675274672,10.796137185032997,0.017374074086546898,0.013904566876590252
2,b,forest_frac_slope_2000_2025,slope_mean,-0.0027852077546791,10.796137185032997,0.018394792452454567,0.015027536079287529
2,b,forest_frac_slope_2000_2025,slope_mean,-0.0024058479818911,10.796137185032997,0.018649626523256302,0.015650929883122444
2,b,forest_frac_slope_2000_2025,slope_mean,-0.002026488209103,10.796137185032997,0.019308213144540787,0.016702407971024513
2,b,forest_frac_slope_2000_2025,slope_mean,-0.0016471284363149,10.796137185032997,0.019737033173441887,0.01769915595650673
2,b,forest_frac_slope_2000_2025,slope_mean,-0.0012677686635269,10.796137185032997,0.020787546411156654,0.01927913725376129
2,b,forest_frac_slope_2000_2025,slope_mean,-0.0008884088907388,10.796137185032997,0.02161910943686962,0.02043580450117588
2,b,forest_frac_slope_2000_2025,slope_mean,-0.0005090491179507,10.796137185032997,0.02224811352789402,0.021473541855812073
2,b,forest_frac_slope_2000_2025,slope_mean,-0.0001296893451627,10.796137185032997,0.023016367107629776,0.022988194599747658
2,b,forest_frac_slope_2000_2025,slope_mean,0.0002496704276253,10.796137185032997,0.024752702564001083,0.025502687320113182
2,b,forest_frac_slope_2000_2025,slope_mean,0.0006290302004134,10.796137185032997,0.025052344426512718,0.02624744363129139
2,b,forest_frac_slope_2000_2025,slope_mean,0.0010083899732014,10.796137185032997,0.025584951043128967,0.02705291658639908
2,b,forest_frac_slope_2000_2025,slope_mean,0.0013877497459895,10.796137185032997,0.02578912489116192,0.027383336797356606
2,b,forest_frac_slope_2000_2025,slope_mean,0.0017671095187776,10.796137185032997,0.025842785835266113,0.027715962380170822
2,b,forest_frac_slope_2000_2025,slope_mean,0.0021464692915656,10.796137185032997,0.026283595710992813,0.028326408937573433
2,b,forest_frac_slope_2000_2025,slope_mean,0.0025258290643537,10.796137185032997,0.02643614634871483,0.028656432405114174
2,b,forest_frac_slope_2000_2025,slope_mean,0.0029051888371418,10.796137185032997,0.026837438344955444,0.02920539490878582
2,b,forest_frac_slope_2000_2025,slope_mean,0.0032845486099298,10.796137185032997,0.02703707292675972,0.029467783868312836
2,b,forest_frac_slope_2000_2025,slope_mean,0.0036639083827179,10.796137185032997,0.027043990790843964,0.029542140662670135
2,b,forest_frac_slope_2000_2025,slope_mean,0.004043268155506,10.796137185032997,0.02722778357565403,0.029792290180921555
2,b,forest_frac_slope_2000_2025,slope_mean,0.004422627928294,10.796137185032997,0.027472779154777527,0.030051618814468384
2,b,forest_frac_slope_2000_2025,slope_mean,0.0048019877010821,10.796137185032997,0.02749827690422535,0.030204659327864647
2,b,forest_frac_slope_2000_2025,slope_mean,0.0051813474738702,10.796137185032997,0.027675161138176918,0.03057866357266903
2,b,forest_frac_slope_2000_2025,slope_mean,0.0055607072466582,10.796137185032997,0.027675161138176918,0.030653705820441246
2,b,forest_frac_slope_2000_2025,slope_mean,0.0059400670194463,10.796137185032997,0.027631454169750214,0.030764836817979813
2,b,forest_frac_slope_2000_2025,slope_mean,-0.0092343238920763,11.24607340765249,0.009576735086739063,-0.0008515050867572427
2,b,forest_frac_slope_2000_2025,slope_mean,-0.0088549641192882,11.24607340765249,0.009847582317888737,-0.0004470274434424937
2,b,forest_frac_slope_2000_2025,slope_mean,-0.0084756043465002,11.24607340765249,0.010133394040167332,0.0002920995175372809
2,b,forest_frac_slope_2000_2025,slope_mean,-0.0080962445737121,11.24607340765249,0.010783090256154537,0.0013938852353021502
2,b,forest_frac_slope_2000_2025,slope_mean,-0.007716884800924,11.24607340765249,0.011192710138857365,0.0025284229777753353
2,b,forest_frac_slope_2000_2025,slope_mean,-0.007337525028136,11.24607340765249,0.011395705863833427,0.003055223263800144
2,b,forest_frac_slope_2000_2025,slope_mean,-0.0069581652553479,11.24607340765249,0.011738298460841179,0.0042734043672680855
2,b,forest_frac_slope_2000_2025,slope_mean,-0.0065788054825598,11.24607340765249,0.011930354870855808,0.004681368358433247
2,b,forest_frac_slope_2000_2025,slope_mean,-0.0061994457097717,11.24607340765249,0.012066241353750229,0.005284967366605997
2,b,forest_frac_slope_2000_2025,slope_mean,-0.0058200859369837,11.24607340765249,0.01294852327555418,0.00666826544329524
2,b,forest_frac_slope_2000_2025,slope_mean,-0.0054407261641956,11.24607340765249,0.014658336527645588,0.009059608913958073
2,b,forest_frac_slope_2000_2025,slope_mean,-0.0050613663914075,11.24607340765249,0.014636654406785965,0.009106993675231934
2,b,forest_frac_slope_2000_2025,slope_mean,-0.0046820066186195,11.24607340765249,0.016073917970061302,0.011043364182114601
2,b,forest_frac_slope_2000_2025,slope_mean,-0.0043026468458314,11.24607340765249,0.01644357293844223,0.011761277914047241
2,b,forest_frac_slope_2000_2025,slope_mean,-0.0039232870730433,11.24607340765249,0.01663079671561718,0.012262958101928234
2,b,forest_frac_slope_2000_2025,slope_mean,-0.0035439273002553,11.24607340765249,0.01695973426103592,0.013200569897890091
2,b,forest_frac_slope_2000_2025,slope_mean,-0.0031645675274672,11.24607340765249,0.017371123656630516,0.013894890435039997
2,b,forest_frac_slope_2000_2025,slope_mean,-0.0027852077546791,11.24607340765249,0.018391842022538185,0.015017831698060036
2,b,forest_frac_slope_2000_2025,slope_mean,-0.0024058479818911,11.24607340765249,0.01864667609333992,0.015641266480088234
2,b,forest_frac_slope_2000_2025,slope_mean,-0.002026488209103,11.24607340765249,0.019305262714624405,0.016693003475666046
2,b,forest_frac_slope_2000_2025,slope_mean,-0.0016471284363149,11.24607340765249,0.019734082743525505,0.017689788714051247
2,b,forest_frac_slope_2000_2025,slope_mean,-0.0012677686635269,11.24607340765249,0.02078384719789028,0.019269734621047974
2,b,forest_frac_slope_2000_2025,slope_mean,-0.0008884088907388,11.24607340765249,0.021615413948893547,0.020426800474524498
2,b,forest_frac_slope_2000_2025,slope_mean,-0.0005090491179507,11.24607340765249,0.022244416177272797,0.02146555483341217
2,b,forest_frac_slope_2000_2025,slope_mean,-0.0001296893451627,11.24607340765249,0.023012669757008553,0.02298172377049923
2,b,forest_frac_slope_2000_2025,slope_mean,0.0002496704276253,11.24607340765249,0.024749256670475006,0.025496315211057663
2,b,forest_frac_slope_2000_2025,slope_mean,0.0006290302004134,11.24607340765249,0.025048894807696342,0.026240408420562744
2,b,forest_frac_slope_2000_2025,slope_mean,0.0010083899732014,11.24607340765249,0.025581499561667442,0.027042996138334274
2,b,forest_frac_slope_2000_2025,slope_mean,0.0013877497459895,11.24607340765249,0.02578555978834629,0.02737361565232277
2,b,forest_frac_slope_2000_2025,slope_mean,0.0017671095187776,11.24607340765249,0.025839220732450485,0.0277077779173851
2,b,forest_frac_slope_2000_2025,slope_mean,0.0021464692915656,11.24607340765249,0.026280030608177185,0.028319183737039566
2,b,forest_frac_slope_2000_2025,slope_mean,0.0025258290643537,11.24607340765249,0.0264325812458992,0.028649259358644485
2,b,forest_frac_slope_2000_2025,slope_mean,0.0029051888371418,11.24607340765249,0.026833871379494667,0.029198532924056053
2,b,forest_frac_slope_2000_2025,slope_mean,0.0032845486099298,11.24607340765249,0.027033507823944092,0.029460836201906204
2,b,forest_frac_slope_2000_2025,slope_mean,0.0036639083827179,11.24607340765249,0.027040427550673485,0.02953513152897358
2,b,forest_frac_slope_2000_2025,slope_mean,0.004043268155506,11.24607340765249,0.02722422033548355,0.029785435646772385
2,b,forest_frac_slope_2000_2025,slope_mean,0.004422627928294,11.24607340765249,0.027469215914607048,0.03004470281302929
2,b,forest_frac_slope_2000_2025,slope_mean,0.0048019877010821,11.24607340765249,0.027494709938764572,0.030197830870747566
2,b,forest_frac_slope_2000_2025,slope_mean,0.0051813474738702,11.24607340765249,0.02767159417271614,0.03057173453271389
2,b,forest_frac_slope_2000_2025,slope_mean,0.0055607072466582,11.24607340765249,0.02767159417271614,0.03064696304500103
2,b,forest_frac_slope_2000_2025,slope_mean,0.0059400670194463,11.24607340765249,0.027627890929579735,0.030758222565054893
2,b,forest_frac_slope_2000_2025,slope_mean,-0.0092343238920763,11.696009630271988,0.00942221935838461,-0.0009367064922116697
2,b,forest_frac_slope_2000_2025,slope_mean,-0.0088549641192882,11.696009630271988,0.009693066589534283,-0.0005320800119079649
2,b,forest_frac_slope_2000_2025,slope_mean,-0.0084756043465002,11.696009630271988,0.009979000315070152,0.000206550452276133
2,b,forest_frac_slope_2000_2025,slope_mean,-0.0080962445737121,11.696009630271988,0.010628697462379932,0.0013038533506914973
2,b,forest_frac_slope_2000_2025,slope_mean,-0.007716884800924,11.696009630271988,0.011038316413760185,0.002427806844934821
2,b,forest_frac_slope_2000_2025,slope_mean,-0.007337525028136,11.696009630271988,0.011241312138736248,0.0029515139758586884
2,b,forest_frac_slope_2000_2025,slope_mean,-0.0069581652553479,11.696009630271988,0.011583904735744,0.0041643790900707245
2,b,forest_frac_slope_2000_2025,slope_mean,-0.0065788054825598,11.696009630271988,0.011775960214436054,0.0045705861411988735
2,b,forest_frac_slope_2000_2025,slope_mean,-0.0061994457097717,11.696009630271988,0.01191184762865305,0.005173001438379288
2,b,forest_frac_slope_2000_2025,slope_mean,-0.0058200859369837,11.696009630271988,0.01281927153468132,0.006553507875651121
2,b,forest_frac_slope_2000_2025,slope_mean,-0.0054407261641956,11.696009630271988,0.014529084786772728,0.008944622240960598
2,b,forest_frac_slope_2000_2025,slope_mean,-0.0050613663914075,11.696009630271988,0.01450740359723568,0.008993112482130527
2,b,forest_frac_slope_2000_2025,slope_mean,-0.0046820066186195,11.696009630271988,0.015944665297865868,0.010929396376013756
2,b,forest_frac_slope_2000_2025,slope_mean,-0.0043026468458314,11.696009630271988,0.016314322128891945,0.011648680083453655
2,b,forest_frac_slope_2000_2025,slope_mean,-0.0039232870730433,11.696009630271988,0.016501903533935547,0.012151122093200684
2,b,forest_frac_slope_2000_2025,slope_mean,-0.0035439273002553,11.696009630271988,0.016830841079354286,0.013089219108223915
2,b,forest_frac_slope_2000_2025,slope_mean,-0.0031645675274672,11.696009630271988,0.017241455614566803,0.013779204338788986
2,b,forest_frac_slope_2000_2025,slope_mean,-0.0027852077546791,11.696009630271988,0.01827123388648033,0.014911829493939877
2,b,forest_frac_slope_2000_2025,slope_mean,-0.0024058479818911,11.696009630271988,0.01852872595191002,0.015531811863183975
2,b,forest_frac_slope_2000_2025,slope_mean,-0.002026488209103,11.696009630271988,0.019178282469511032,0.01657455787062645
2,b,forest_frac_slope_2000_2025,slope_mean,-0.0016471284363149,11.696009630271988,0.01961272582411766,0.017582418397068977
2,b,forest_frac_slope_2000_2025,slope_mean,-0.0012677686635269,11.696009630271988,0.020660916343331337,0.019160667434334755
2,b,forest_frac_slope_2000_2025,slope_mean,-0.0008884088907388,11.696009630271988,0.021492850035429,0.020319918170571327
2,b,forest_frac_slope_2000_2025,slope_mean,-0.0005090491179507,11.696009630271988,0.02212185226380825,0.021351134404540062
2,b,forest_frac_slope_2000_2025,slope_mean,-0.0001296893451627,11.696009630271988,0.022890811786055565,0.02286197617650032
2,b,forest_frac_slope_2000_2025,slope_mean,0.0002496704276253,11.696009630271988,0.024629633873701096,0.0253776703029871
2,b,forest_frac_slope_2000_2025,slope_mean,0.0006290302004134,11.696009630271988,0.02492900937795639,0.026121722534298897
2,b,forest_frac_slope_2000_2025,slope_mean,0.0010083899732014,11.696009630271988,0.025470750406384468,0.026933342218399048
2,b,forest_frac_slope_2000_2025,slope_mean,0.0013877497459895,11.696009630271988,0.025674810633063316,0.027264652773737907
2,b,forest_frac_slope_2000_2025,slope_mean,0.0017671095187776,11.696009630271988,0.02572847157716751,0.027604293078184128
2,b,forest_frac_slope_2000_2025,slope_mean,0.0021464692915656,11.696009630271988,0.026182731613516808,0.028230756521224976
2,b,forest_frac_slope_2000_2025,slope_mean,0.0025258290643537,11.696009630271988,0.026335280388593674,0.02856222540140152
2,b,forest_frac_slope_2000_2025,slope_mean,0.0029051888371418,11.696009630271988,0.02673657052218914,0.029112420976161957
2,b,forest_frac_slope_2000_2025,slope_mean,0.0032845486099298,11.696009630271988,0.026936206966638565,0.02937558852136135
2,b,forest_frac_slope_2000_2025,slope_mean,0.0036639083827179,11.696009630271988,0.02694312483072281,0.029450010508298874
2,b,forest_frac_slope_2000_2025,slope_mean,0.004043268155506,11.696009630271988,0.027126915752887726,0.02970048226416111
2,b,forest_frac_slope_2000_2025,slope_mean,0.004422627928294,11.696009630271988,0.02737191505730152,0.029959894716739655
2,b,forest_frac_slope_2000_2025,slope_mean,0.0048019877010821,11.696009630271988,0.027397410944104195,0.03011334128677845
2,b,forest_frac_slope_2000_2025,slope_mean,0.0051813474738702,11.696009630271988,0.027574291452765465,0.03048747032880783
2,b,forest_frac_slope_2000_2025,slope_mean,0.0055607072466582,11.696009630271988,0.027574291452765465,0.030563391745090485
2,b,forest_frac_slope_2000_2025,slope_mean,0.0059400670194463,11.696009630271988,0.027533378452062607,0.03067845106124878
2,b,forest_frac_slope_2000_2025,slope_mean,-0.0092343238920763,12.145945852891485,0.009165496565401554,-0.0011212668614462018
2,b,forest_frac_slope_2000_2025,slope_mean,-0.0088549641192882,12.145945852891485,0.009467069990932941,-0.0007110753795132041
2,b,forest_frac_slope_2000_2025,slope_mean,-0.0084756043465002,12.145945852891485,0.009756919927895069,2.8376884074532427e-05
2,b,forest_frac_slope_2000_2025,slope_mean,-0.0080962445737121,12.145945852891485,0.010457949712872505,0.001164678717032075
2,b,forest_frac_slope_2000_2025,slope_mean,-0.007716884800924,12.145945852891485,0.01084086298942566,0.0022609622683376074
2,b,forest_frac_slope_2000_2025,slope_mean,-0.007337525028136,12.145945852891485,0.011043859645724297,0.002782348310574889
2,b,forest_frac_slope_2000_2025,slope_mean,-0.0069581652553479,12.145945852891485,0.011463677510619164,0.004022813867777586
2,b,forest_frac_slope_2000_2025,slope_mean,-0.0065788054825598,12.145945852891485,0.011656061746180058,0.004429335240274668
2,b,forest_frac_slope_2000_2025,slope_mean,-0.0061994457097717,12.145945852891485,0.011791949160397053,0.0050307768397033215
2,b,forest_frac_slope_2000_2025,slope_mean,-0.0058200859369837,12.145945852891485,0.012699373066425323,0.006411414593458176
2,b,forest_frac_slope_2000_2025,slope_mean,-0.0054407261641956,12.145945852891485,0.01441414188593626,0.008803333155810833
2,b,forest_frac_slope_2000_2025,slope_mean,-0.0050613663914075,12.145945852891485,0.014392605051398277,0.008852082304656506
2,b,forest_frac_slope_2000_2025,slope_mean,-0.0046820066186195,12.145945852891485,0.015829868614673615,0.010789631865918636
2,b,forest_frac_slope_2000_2025,slope_mean,-0.0043026468458314,12.145945852891485,0.016199525445699692,0.011509167961776257
2,b,forest_frac_slope_2000_2025,slope_mean,-0.0039232870730433,12.145945852891485,0.016395827755331993,0.012020187452435493
2,b,forest_frac_slope_2000_2025,slope_mean,-0.0035439273002553,12.145945852891485,0.01673685945570469,0.012962406501173973
2,b,forest_frac_slope_2000_2025,slope_mean,-0.0031645675274672,12.145945852891485,0.017148219048976898,0.01365416869521141
2,b,forest_frac_slope_2000_2025,slope_mean,-0.0027852077546791,12.145945852891485,0.018181219696998596,0.014791908673942089
2,b,forest_frac_slope_2000_2025,slope_mean,-0.0024058479818911,12.145945852891485,0.018438711762428284,0.015412609092891216
2,b,forest_frac_slope_2000_2025,slope_mean,-0.002026488209103,12.145945852891485,0.019136622548103333,0.016505422070622444
2,b,forest_frac_slope_2000_2025,slope_mean,-0.0016471284363149,12.145945852891485,0.019553422927856445,0.017497997730970383
2,b,forest_frac_slope_2000_2025,slope_mean,-0.0012677686635269,12.145945852891485,0.02060161530971527,0.01909010484814644
2,b,forest_frac_slope_2000_2025,slope_mean,-0.0008884088907388,12.145945852891485,0.021435104310512543,0.02024971880018711
2,b,forest_frac_slope_2000_2025,slope_mean,-0.0005090491179507,12.145945852891485,0.02206410840153694,0.021281631663441658
2,b,forest_frac_slope_2000_2025,slope_mean,-0.0001296893451627,12.145945852891485,0.022842222824692726,0.022803235799074173
2,b,forest_frac_slope_2000_2025,slope_mean,0.0002496704276253,12.145945852891485,0.02457795850932598,0.025330355390906334
2,b,forest_frac_slope_2000_2025,slope_mean,0.0006290302004134,12.145945852891485,0.024877894669771194,0.026078522205352783
2,b,forest_frac_slope_2000_2025,slope_mean,0.0010083899732014,12.145945852891485,0.025420093908905983,0.026892274618148804
2,b,forest_frac_slope_2000_2025,slope_mean,0.0013877497459895,12.145945852891485,0.025625798851251602,0.027225742116570473
2,b,forest_frac_slope_2000_2025,slope_mean,0.0017671095187776,12.145945852891485,0.0256809014827013,0.027567565441131592
2,b,forest_frac_slope_2000_2025,slope_mean,0.0021464692915656,12.145945852891485,0.026136714965105057,0.02819588966667652
2,b,forest_frac_slope_2000_2025,slope_mean,0.0025258290643537,12.145945852891485,0.026289265602827072,0.02852734923362732
2,b,forest_frac_slope_2000_2025,slope_mean,0.0029051888371418,12.145945852891485,0.02669055573642254,0.029077859595417976
2,b,forest_frac_slope_2000_2025,slope_mean,0.0032845486099298,12.145945852891485,0.02689080871641636,0.02934151329100132
2,b,forest_frac_slope_2000_2025,slope_mean,0.0036639083827179,12.145945852891485,0.026897728443145752,0.029415957629680634
2,b,forest_frac_slope_2000_2025,slope_mean,0.004043268155506,12.145945852891485,0.027081521227955818,0.02966640703380108
2,b,forest_frac_slope_2000_2025,slope_mean,0.004422627928294,12.145945852891485,0.027326513081789017,0.029925918206572533
2,b,forest_frac_slope_2000_2025,slope_mean,0.0048019877010821,12.145945852891485,0.027352014556527138,0.030079269781708717
2,b,forest_frac_slope_2000_2025,slope_mean,0.0051813474738702,12.145945852891485,0.027528896927833557,0.0304533950984478
2,b,forest_frac_slope_2000_2025,slope_mean,0.0055607072466582,12.145945852891485,0.027528896927833557,0.03052954375743866
2,b,forest_frac_slope_2000_2025,slope_mean,0.0059400670194463,12.145945852891485,0.027487976476550102,0.030644753947854042
2,b,forest_frac_slope_2000_2025,slope_mean,-0.0092343238920763,12.595882075510978,0.008737853728234768,-0.0013908963883295655
2,b,forest_frac_slope_2000_2025,slope_mean,-0.0088549641192882,12.595882075510978,0.009039427153766155,-0.000978281139396131
2,b,forest_frac_slope_2000_2025,slope_mean,-0.0084756043465002,12.595882075510978,0.009323214180767536,-0.00024778724764473736
2,b,forest_frac_slope_2000_2025,slope_mean,-0.0080962445737121,12.595882075510978,0.010024243965744972,0.0008849830483086407
2,b,forest_frac_slope_2000_2025,slope_mean,-0.007716884800924,12.595882075510978,0.010510900989174843,0.002070985734462738
2,b,forest_frac_slope_2000_2025,slope_mean,-0.007337525028136,12.595882075510978,0.010777578689157963,0.0026205964386463165
2,b,forest_frac_slope_2000_2025,slope_mean,-0.0069581652553479,12.595882075510978,0.01125802006572485,0.003870334941893816
2,b,forest_frac_slope_2000_2025,slope_mean,-0.0065788054825598,12.595882075510978,0.011459912173449993,0.004286400508135557
2,b,forest_frac_slope_2000_2025,slope_mean,-0.0061994457097717,12.595882075510978,0.011596216820180416,0.004890096373856068
2,b,forest_frac_slope_2000_2025,slope_mean,-0.0058200859369837,12.595882075510978,0.01250995323061943,0.006280429195612669
2,b,forest_frac_slope_2000_2025,slope_mean,-0.0054407261641956,12.595882075510978,0.014230784960091114,0.008679268881678581
2,b,forest_frac_slope_2000_2025,slope_mean,-0.0050613663914075,12.595882075510978,0.014209248125553131,0.008727033622562885
2,b,forest_frac_slope_2000_2025,slope_mean,-0.0046820066186195,12.595882075510978,0.015695791691541672,0.010672712698578835
2,b,forest_frac_slope_2000_2025,slope_mean,-0.0043026468458314,12.595882075510978,0.01606796681880951,0.011394541710615158
2,b,forest_frac_slope_2000_2025,slope_mean,-0.0039232870730433,12.595882075510978,0.016266683116555214,0.011907728388905525
2,b,forest_frac_slope_2000_2025,slope_mean,-0.0035439273002553,12.595882075510978,0.01660771667957306,0.012847205623984337
2,b,forest_frac_slope_2000_2025,slope_mean,-0.0031645675274672,12.595882075510978,0.017019078135490417,0.01353827677667141
2,b,forest_frac_slope_2000_2025,slope_mean,-0.0027852077546791,12.595882075510978,0.018064266070723534,0.014686263166368008
2,b,forest_frac_slope_2000_2025,slope_mean,-0.0024058479818911,12.595882075510978,0.01832175813615322,0.015307992696762085
2,b,forest_frac_slope_2000_2025,slope_mean,-0.002026488209103,12.595882075510978,0.01901967078447342,0.016400862485170364
2,b,forest_frac_slope_2000_2025,slope_mean,-0.0016471284363149,12.595882075510978,0.019468601793050766,0.017425991594791412
2,b,forest_frac_slope_2000_2025,slope_mean,-0.0012677686635269,12.595882075510978,0.020528167486190796,0.019016234204173088
2,b,forest_frac_slope_2000_2025,slope_mean,-0.0008884088907388,12.595882075510978,0.021375300362706184,0.02019130438566208
2,b,forest_frac_slope_2000_2025,slope_mean,-0.0005090491179507,12.595882075510978,0.022004302591085434,0.021239059045910835
2,b,forest_frac_slope_2000_2025,slope_mean,-0.0001296893451627,12.595882075510978,0.02278052642941475,0.02275395207107067
2,b,forest_frac_slope_2000_2025,slope_mean,0.0002496704276253,12.595882075510978,0.02452128566801548,0.025284843519330025
2,b,forest_frac_slope_2000_2025,slope_mean,0.0006290302004134,12.595882075510978,0.024820713326334953,0.02603267692029476
2,b,forest_frac_slope_2000_2025,slope_mean,0.0010083899732014,12.595882075510978,0.025362910702824593,0.026848234236240387
2,b,forest_frac_slope_2000_2025,slope_mean,0.0013877497459895,12.595882075510978,0.0255697350949049,0.02718302421271801
2,b,forest_frac_slope_2000_2025,slope_mean,0.0017671095187776,12.595882075510978,0.0256248340010643,0.027524875476956367
2,b,forest_frac_slope_2000_2025,slope_mean,0.0021464692915656,12.595882075510978,0.026080649346113205,0.02815290540456772
2,b,forest_frac_slope_2000_2025,slope_mean,0.0025258290643537,12.595882075510978,0.02623319998383522,0.02848423644900322
2,b,forest_frac_slope_2000_2025,slope_mean,0.0029051888371418,12.595882075510978,0.026634490117430687,0.029034875333309174
2,b,forest_frac_slope_2000_2025,slope_mean,0.0032845486099298,12.595882075510978,0.026834744960069656,0.02929857186973095
2,b,forest_frac_slope_2000_2025,slope_mean,0.0036639083827179,12.595882075510978,0.0268416665494442,0.02937294915318489
2,b,forest_frac_slope_2000_2025,slope_mean,0.004043268155506,12.595882075510978,0.027025451883673668,0.02962292917072773
2,b,forest_frac_slope_2000_2025,slope_mean,0.004422627928294,12.595882075510978,0.027270451188087463,0.0298823993653059
2,b,forest_frac_slope_2000_2025,slope_mean,0.0048019877010821,12.595882075510978,0.027295948937535286,0.030035533010959625
2,b,forest_frac_slope_2000_2025,slope_mean,0.0051813474738702,12.595882075510978,0.027472829446196556,0.030409708619117737
2,b,forest_frac_slope_2000_2025,slope_mean,0.0055607072466582,12.595882075510978,0.027472829446196556,0.030485833063721657
2,b,forest_frac_slope_2000_2025,slope_mean,0.0059400670194463,12.595882075510978,0.027430057525634766,0.03059905767440796
2,b,forest_frac_slope_2000_2025,slope_mean,-0.0092343238920763,13.045818298130474,0.007685940247029066,-0.001968216150999069
2,b,forest_frac_slope_2000_2025,slope_mean,-0.0088549641192882,13.045818298130474,0.00797430519014597,-0.0015481774462386966
2,b,forest_frac_slope_2000_2025,slope_mean,-0.0084756043465002,13.045818298130474,0.00825809221714735,-0.0008201273158192635
2,b,forest_frac_slope_2000_2025,slope_mean,-0.0080962445737121,13.045818298130474,0.009008916094899178,0.00036527635529637337
2,b,forest_frac_slope_2000_2025,slope_mean,-0.007716884800924,13.045818298130474,0.00972351711243391,0.0016163572436198592
2,b,forest_frac_slope_2000_2025,slope_mean,-0.007337525028136,13.045818298130474,0.010143904946744442,0.0021791355684399605
2,b,forest_frac_slope_2000_2025,slope_mean,-0.0069581652553479,13.045818298130474,0.010801911354064941,0.003462723921984434
2,b,forest_frac_slope_2000_2025,slope_mean,-0.0065788054825598,13.045818298130474,0.011014602147042751,0.0038597313687205315
2,b,forest_frac_slope_2000_2025,slope_mean,-0.0061994457097717,13.045818298130474,0.0111509058624506,0.004456678871065378
2,b,forest_frac_slope_2000_2025,slope_mean,-0.0058200859369837,13.045818298130474,0.01203878689557314,0.005819566082209349
2,b,forest_frac_slope_2000_2025,slope_mean,-0.0054407261641956,13.045818298130474,0.013769655488431454,0.008220669813454151
2,b,forest_frac_slope_2000_2025,slope_mean,-0.0050613663914075,13.045818298130474,0.013745094649493694,0.008264509961009026
2,b,forest_frac_slope_2000_2025,slope_mean,-0.0046820066186195,13.045818298130474,0.015231638215482235,0.01020862441509962
2,b,forest_frac_slope_2000_2025,slope_mean,-0.0043026468458314,13.045818298130474,0.015637114644050598,0.011045851744711399
2,b,forest_frac_slope_2000_2025,slope_mean,-0.0039232870730433,13.045818298130474,0.015810256823897362,0.0115320710465312
2,b,forest_frac_slope_2000_2025,slope_mean,-0.0035439273002553,13.045818298130474,0.016307096928358078,0.012574589811265469
2,b,forest_frac_slope_2000_2025,slope_mean,-0.0031645675274672,13.045818298130474,0.016769299283623695,0.013315387070178986
2,b,forest_frac_slope_2000_2025,slope_mean,-0.0027852077546791,13.045818298130474,0.017815042287111282,0.014463715255260468
2,b,forest_frac_slope_2000_2025,slope_mean,-0.0024058479818911,13.045818298130474,0.01807253435254097,0.015087206847965717
2,b,forest_frac_slope_2000_2025,slope_mean,-0.002026488209103,13.045818298130474,0.018771840259432793,0.016182010993361473
2,b,forest_frac_slope_2000_2025,slope_mean,-0.0016471284363149,13.045818298130474,0.019234783947467804,0.017220182344317436
2,b,forest_frac_slope_2000_2025,slope_mean,-0.0012677686635269,13.045818298130474,0.020294347777962685,0.018810059875249863
2,b,forest_frac_slope_2000_2025,slope_mean,-0.0008884088907388,13.045818298130474,0.02114487625658512,0.01997513882815838
2,b,forest_frac_slope_2000_2025,slope_mean,-0.0005090491179507,13.045818298130474,0.021843861788511276,0.021086525171995163
2,b,forest_frac_slope_2000_2025,slope_mean,-0.0001296893451627,13.045818298130474,0.022639941424131393,0.022633109241724014
2,b,forest_frac_slope_2000_2025,slope_mean,0.0002496704276253,13.045818298130474,0.02429131232202053,0.025072826072573662
2,b,forest_frac_slope_2000_2025,slope_mean,0.0006290302004134,13.045818298130474,0.02458537369966507,0.025816621258854866
2,b,forest_frac_slope_2000_2025,slope_mean,0.0010083899732014,13.045818298130474,0.025156773626804352,0.026668459177017212
2,b,forest_frac_slope_2000_2025,slope_mean,0.0013877497459895,13.045818298130474,0.025363711640238762,0.027004025876522064
2,b,forest_frac_slope_2000_2025,slope_mean,0.0017671095187776,13.045818298130474,0.025418812409043312,0.027346204966306686
2,b,forest_frac_slope_2000_2025,slope_mean,0.0021464692915656,13.045818298130474,0.025874624028801918,0.02797529846429825
2,b,forest_frac_slope_2000_2025,slope_mean,0.0025258290643537,13.045818298130474,0.026026509702205658,0.02830791100859642
2,b,forest_frac_slope_2000_2025,slope_mean,0.0029051888371418,13.045818298130474,0.02643549256026745,0.028866242617368698
2,b,forest_frac_slope_2000_2025,slope_mean,0.0032845486099298,13.045818298130474,0.02663574554026127,0.02913154661655426
2,b,forest_frac_slope_2000_2025,slope_mean,0.0036639083827179,13.045818298130474,0.02664266526699066,0.0292095635086298
2,b,forest_frac_slope_2000_2025,slope_mean,0.004043268155506,13.045818298130474,0.026826458051800728,0.029465312138199806
2,b,forest_frac_slope_2000_2025,slope_mean,0.004422627928294,13.045818298130474,0.027071835473179817,0.029727376997470856
2,b,forest_frac_slope_2000_2025,slope_mean,0.0048019877010821,13.045818298130474,0.027097336947917938,0.029881471768021584
2,b,forest_frac_slope_2000_2025,slope_mean,0.0051813474738702,13.045818298130474,0.027274221181869507,0.030258502811193466
2,b,forest_frac_slope_2000_2025,slope_mean,0.0055607072466582,13.045818298130474,0.027274221181869507,0.03033619001507759
2,b,forest_frac_slope_2000_2025,slope_mean,0.0059400670194463,13.045818298130474,0.02723158523440361,0.030450502410531044
2,b,forest_frac_slope_2000_2025,slope_mean,-0.0092343238920763,13.495754520749973,0.007357452530413866,-0.002243604278191924
2,b,forest_frac_slope_2000_2025,slope_mean,-0.0088549641192882,13.495754520749973,0.0076697771437466145,-0.0018004074227064848
2,b,forest_frac_slope_2000_2025,slope_mean,-0.0084756043465002,13.495754520749973,0.007953564636409283,-0.0010734995594248176
2,b,forest_frac_slope_2000_2025,slope_mean,-0.0080962445737121,13.495754520749973,0.008694129064679146,9.989766840590164e-05
2,b,forest_frac_slope_2000_2025,slope_mean,-0.007716884800924,13.495754520749973,0.009530209936201572,0.0013575758785009384
2,b,forest_frac_slope_2000_2025,slope_mean,-0.007337525028136,13.495754520749973,0.009950142353773117,0.0019191886531189084
2,b,forest_frac_slope_2000_2025,slope_mean,-0.0069581652553479,13.495754520749973,0.010606848634779453,0.003197388956323266
2,b,forest_frac_slope_2000_2025,slope_mean,-0.0065788054825598,13.495754520749973,0.010819722898304462,0.00357556133531034
2,b,forest_frac_slope_2000_2025,slope_mean,-0.0061994457097717,13.495754520749973,0.010955522768199444,0.004164700862020254
2,b,forest_frac_slope_2000_2025,slope_mean,-0.0058200859369837,13.495754520749973,0.01184141542762518,0.005518324673175812
2,b,forest_frac_slope_2000_2025,slope_mean,-0.0054407261641956,13.495754520749973,0.01357731781899929,0.007924689911305904
2,b,forest_frac_slope_2000_2025,slope_mean,-0.0050613663914075,13.495754520749973,0.013552443124353886,0.007969274185597897
2,b,forest_frac_slope_2000_2025,slope_mean,-0.0046820066186195,13.495754520749973,0.015038985759019852,0.009915350005030632
2,b,forest_frac_slope_2000_2025,slope_mean,-0.0043026468458314,13.495754520749973,0.01544446125626564,0.010755758732557297
2,b,forest_frac_slope_2000_2025,slope_mean,-0.0039232870730433,13.495754520749973,0.015617606230080128,0.011246640235185623
2,b,forest_frac_slope_2000_2025,slope_mean,-0.0035439273002553,13.495754520749973,0.01611444540321827,0.012312047183513641
2,b,forest_frac_slope_2000_2025,slope_mean,-0.0031645675274672,13.495754520749973,0.016577744856476784,0.013062247075140476
2,b,forest_frac_slope_2000_2025,slope_mean,-0.0027852077546791,13.495754520749973,0.017617231234908104,0.01417976338416338
2,b,forest_frac_slope_2000_2025,slope_mean,-0.0024058479818911,13.495754520749973,0.01787400245666504,0.014807179570198059
2,b,forest_frac_slope_2000_2025,slope_mean,-0.002026488209103,13.495754520749973,0.018573837354779243,0.01590712182223797
2,b,forest_frac_slope_2000_2025,slope_mean,-0.0016471284363149,13.495754520749973,0.019052190706133842,0.01696622557938099
2,b,forest_frac_slope_2000_2025,slope_mean,-0.0012677686635269,13.495754520749973,0.02011283114552498,0.018588071689009666
2,b,forest_frac_slope_2000_2025,slope_mean,-0.0008884088907388,13.495754520749973,0.020985262468457222,0.019783083349466324
2,b,forest_frac_slope_2000_2025,slope_mean,-0.0005090491179507,13.495754520749973,0.021687578409910202,0.020908968523144722
2,b,forest_frac_slope_2000_2025,slope_mean,-0.0001296893451627,13.495754520749973,0.0224811602383852,0.022477610036730766
2,b,forest_frac_slope_2000_2025,slope_mean,0.0002496704276253,13.495754520749973,0.02414897456765175,0.024941645562648773
2,b,forest_frac_slope_2000_2025,slope_mean,0.0006290302004134,13.495754520749973,0.024441147223114967,0.025687938556075096
2,b,forest_frac_slope_2000_2025,slope_mean,0.0010083899732014,13.495754520749973,0.025009894743561745,0.026538951322436333
2,b,forest_frac_slope_2000_2025,slope_mean,0.0013877497459895,13.495754520749973,0.025216830894351006,0.02687642350792885
2,b,forest_frac_slope_2000_2025,slope_mean,0.0017671095187776,13.495754520749973,0.02528419904410839,0.02723230980336666
2,b,forest_frac_slope_2000_2025,slope_mean,0.0021464692915656,13.495754520749973,0.025740012526512146,0.027862148359417915
2,b,forest_frac_slope_2000_2025,slope_mean,0.0025258290643537,13.495754520749973,0.025891894474625587,0.028196366503834724
2,b,forest_frac_slope_2000_2025,slope_mean,0.0029051888371418,13.495754520749973,0.026300879195332527,0.028755372390151024
2,b,forest_frac_slope_2000_2025,slope_mean,0.0032845486099298,13.495754520749973,0.026501132175326347,0.02902061492204666
2,b,forest_frac_slope_2000_2025,slope_mean,0.0036639083827179,13.495754520749973,0.02650805376470089,0.029098235070705414
2,b,forest_frac_slope_2000_2025,slope_mean,0.004043268155506,13.495754520749973,0.026691842824220657,0.02935158461332321
2,b,forest_frac_slope_2000_2025,slope_mean,0.004422627928294,13.495754520749973,0.026937223970890045,0.02961222268640995
2,b,forest_frac_slope_2000_2025,slope_mean,0.0048019877010821,13.495754520749973,0.026962721720337868,0.029766324907541275
2,b,forest_frac_slope_2000_2025,slope_mean,0.0051813474738702,13.495754520749973,0.027139605954289436,0.030142230913043022
2,b,forest_frac_slope_2000_2025,slope_mean,0.0055607072466582,13.495754520749973,0.027139605954289436,0.030219154432415962
2,b,forest_frac_slope_2000_2025,slope_mean,0.0059400670194463,13.495754520749973,0.02709697000682354,0.030333610251545906
2,b,forest_frac_slope_2000_2025,slope_mean,-0.0092343238920763,13.945690743369466,0.007265834603458643,-0.0023111721966415644
2,b,forest_frac_slope_2000_2025,slope_mean,-0.0088549641192882,13.945690743369466,0.007578160148113966,-0.0018677681218832731
2,b,forest_frac_slope_2000_2025,slope_mean,-0.0084756043465002,13.945690743369466,0.007865343242883682,-0.0011371747823432088
2,b,forest_frac_slope_2000_2025,slope_mean,-0.0080962445737121,13.945690743369466,0.008599021472036839,3.342037962283939e-05
2,b,forest_frac_slope_2000_2025,slope_mean,-0.007716884800924,13.945690743369466,0.00942540168762207,0.0012812749482691288
2,b,forest_frac_slope_2000_2025,slope_mean,-0.007337525028136,13.945690743369466,0.00984533503651619,0.0018430276541039348
2,b,forest_frac_slope_2000_2025,slope_mean,-0.0069581652553479,13.945690743369466,0.010502039454877377,0.0031210840679705143
2,b,forest_frac_slope_2000_2025,slope_mean,-0.0065788054825598,13.945690743369466,0.010714816860854626,0.0034995635505765676
2,b,forest_frac_slope_2000_2025,slope_mean,-0.0061994457097717,13.945690743369466,0.010850616730749607,0.004085012711584568
2,b,forest_frac_slope_2000_2025,slope_mean,-0.0058200859369837,13.945690743369466,0.011644198559224606,0.005345834884792566
2,b,forest_frac_slope_2000_2025,slope_mean,-0.0054407261641956,13.945690743369466,0.013380101881921291,0.00775208929553628
2,b,forest_frac_slope_2000_2025,slope_mean,-0.0050613663914075,13.945690743369466,0.01336115226149559,0.007802720181643963
2,b,forest_frac_slope_2000_2025,slope_mean,-0.0046820066186195,13.945690743369466,0.014847694896161556,0.00974937342107296
2,b,forest_frac_slope_2000_2025,slope_mean,-0.0043026468458314,13.945690743369466,0.015253170393407345,0.010590649209916592
2,b,forest_frac_slope_2000_2025,slope_mean,-0.0039232870730433,13.945690743369466,0.015426314435899258,0.011083214543759823
2,b,forest_frac_slope_2000_2025,slope_mean,-0.0035439273002553,13.945690743369466,0.0159231536090374,0.012148985639214516
2,b,forest_frac_slope_2000_2025,slope_mean,-0.0031645675274672,13.945690743369466,0.016386453062295914,0.012899579480290413
2,b,forest_frac_slope_2000_2025,slope_mean,-0.0027852077546791,13.945690743369466,0.01750280149281025,0.014094062149524689
2,b,forest_frac_slope_2000_2025,slope_mean,-0.0024058479818911,13.945690743369466,0.01775890588760376,0.014714978635311127
2,b,forest_frac_slope_2000_2025,slope_mean,-0.002026488209103,13.945690743369466,0.018458740785717964,0.015810947865247726
2,b,forest_frac_slope_2000_2025,slope_mean,-0.0016471284363149,13.945690743369466,0.018945928663015366,0.016873424872756004
2,b,forest_frac_slope_2000_2025,slope_mean,-0.0012677686635269,13.945690743369466,0.019995199516415596,0.018469512462615967
2,b,forest_frac_slope_2000_2025,slope_mean,-0.0008884088907388,13.945690743369466,0.020869318395853043,0.019663996994495392
2,b,forest_frac_slope_2000_2025,slope_mean,-0.0005090491179507,13.945690743369466,0.02158021554350853,0.020792381837964058
2,b,forest_frac_slope_2000_2025,slope_mean,-0.0001296893451627,13.945690743369466,0.022381315007805824,0.022367559373378754
2,b,forest_frac_slope_2000_2025,slope_mean,0.0002496704276253,13.945690743369466,0.024047913029789925,0.024839181452989578
2,b,forest_frac_slope_2000_2025,slope_mean,0.0006290302004134,13.945690743369466,0.024340081959962845,0.02559220977127552
2,b,forest_frac_slope_2000_2025,slope_mean,0.0010083899732014,13.945690743369466,0.0249093696475029,0.026447951793670654
2,b,forest_frac_slope_2000_2025,slope_mean,0.0013877497459895,13.945690743369466,0.02511630579829216,0.02678535506129265
2,b,forest_frac_slope_2000_2025,slope_mean,0.0017671095187776,13.945690743369466,0.025183673948049545,0.027141813188791275
2,b,forest_frac_slope_2000_2025,slope_mean,0.0021464692915656,13.945690743369466,0.02563948929309845,0.027771778404712677
2,b,forest_frac_slope_2000_2025,slope_mean,0.0025258290643537,13.945690743369466,0.02579137124121189,0.0281058382242918
2,b,forest_frac_slope_2000_2025,slope_mean,0.0029051888371418,13.945690743369466,0.02620035409927368,0.02866469696164131
2,b,forest_frac_slope_2000_2025,slope_mean,0.0032845486099298,13.945690743369466,0.026400607079267502,0.028929755091667175
2,b,forest_frac_slope_2000_2025,slope_mean,0.0036639083827179,13.945690743369466,0.026407528668642044,0.02900737151503563
2,b,forest_frac_slope_2000_2025,slope_mean,0.004043268155506,13.945690743369466,0.026591317728161812,0.0292606670409441
2,b,forest_frac_slope_2000_2025,slope_mean,0.004422627928294,13.945690743369466,0.02683670073747635,0.02952132187783718
2,b,forest_frac_slope_2000_2025,slope_mean,0.0048019877010821,13.945690743369466,0.02686219848692417,0.029675401747226715
2,b,forest_frac_slope_2000_2025,slope_mean,0.0051813474738702,13.945690743369466,0.02703908272087574,0.03005129098892212
2,b,forest_frac_slope_2000_2025,slope_mean,0.0055607072466582,13.945690743369466,0.02703908272087574,0.03012821264564991
2,b,forest_frac_slope_2000_2025,slope_mean,0.0059400670194463,13.945690743369466,0.026996446773409843,0.030242668464779854
2,b,forest_frac_slope_2000_2025,slope_mean,-0.0092343238920763,14.395626965988962,0.007207043003290892,-0.002369106514379382
2,b,forest_frac_slope_2000_2025,slope_mean,-0.0088549641192882,14.395626965988962,0.0075189280323684216,-0.0019261749694123864
2,b,forest_frac_slope_2000_2025,slope_mean,-0.0084756043465002,14.395626965988962,0.007804919965565205,-0.0011966112069785595
2,b,forest_frac_slope_2000_2025,slope_mean,-0.0080962445737121,14.395626965988962,0.008538598194718361,-2.5854049454210326e-05
2,b,forest_frac_slope_2000_2025,slope_mean,-0.007716884800924,14.395626965988962,0.009355545043945312,0.0012123823398724198
2,b,forest_frac_slope_2000_2025,slope_mean,-0.007337525028136,14.395626965988962,0.009775478392839432,0.001773917698301375
2,b,forest_frac_slope_2000_2025,slope_mean,-0.0069581652553479,14.395626965988962,0.010432182811200619,0.0030517245177179575
2,b,forest_frac_slope_2000_2025,slope_mean,-0.0065788054825598,14.395626965988962,0.0106450030580163,0.003431708784773946
2,b,forest_frac_slope_2000_2025,slope_mean,-0.0061994457097717,14.395626965988962,0.010780802927911282,0.004017945844680071
2,b,forest_frac_slope_2000_2025,slope_mean,-0.0058200859369837,14.395626965988962,0.011574383825063705,0.0052786171436309814
2,b,forest_frac_slope_2000_2025,slope_mean,-0.0054407261641956,14.395626965988962,0.013309471309185028,0.007684930227696896
2,b,forest_frac_slope_2000_2025,slope_mean,-0.0050613663914075,14.395626965988962,0.013293248601257801,0.007738008629530668
2,b,forest_frac_slope_2000_2025,slope_mean,-0.0046820066186195,14.395626965988962,0.014779793098568916,0.009683538228273392
2,b,forest_frac_slope_2000_2025,slope_mean,-0.0043026468458314,14.395626965988962,0.015185266733169556,0.010524318553507328
2,b,forest_frac_slope_2000_2025,slope_mean,-0.0039232870730433,14.395626965988962,0.015359217301011086,0.011016495525836945
2,b,forest_frac_slope_2000_2025,slope_mean,-0.0035439273002553,14.395626965988962,0.015856055542826653,0.012080912478268147
2,b,forest_frac_slope_2000_2025,slope_mean,-0.0031645675274672,14.395626965988962,0.016317497938871384,0.012831591069698334
2,b,forest_frac_slope_2000_2025,slope_mean,-0.0027852077546791,14.395626965988962,0.017436455935239792,0.014028841629624367
2,b,forest_frac_slope_2000_2025,slope_mean,-0.0024058479818911,14.395626965988962,0.017692560330033302,0.014649744145572186
2,b,forest_frac_slope_2000_2025,slope_mean,-0.002026488209103,14.395626965988962,0.018392393365502357,0.015745315700769424
2,b,forest_frac_slope_2000_2025,slope_mean,-0.0016471284363149,14.395626965988962,0.018874676898121834,0.016801677644252777
2,b,forest_frac_slope_2000_2025,slope_mean,-0.0012677686635269,14.395626965988962,0.019907353445887566,0.018359921872615814
2,b,forest_frac_slope_2000_2025,slope_mean,-0.0008884088907388,14.395626965988962,0.020789122208952904,0.01956215128302574
2,b,forest_frac_slope_2000_2025,slope_mean,-0.0005090491179507,14.395626965988962,0.02150001935660839,0.020688721910119057
2,b,forest_frac_slope_2000_2025,slope_mean,-0.0001296893451627,14.395626965988962,0.02230290323495865,0.022269578650593758
2,b,forest_frac_slope_2000_2025,slope_mean,0.0002496704276253,14.395626965988962,0.023978572338819504,0.024774394929409027
2,b,forest_frac_slope_2000_2025,slope_mean,0.0006290302004134,14.395626965988962,0.0242709219455719,0.025532785803079605
2,b,forest_frac_slope_2000_2025,slope_mean,0.0010083899732014,14.395626965988962,0.02483934722840786,0.02638920396566391
2,b,forest_frac_slope_2000_2025,slope_mean,0.0013877497459895,14.395626965988962,0.025046808645129204,0.026728104799985886
2,b,forest_frac_slope_2000_2025,slope_mean,0.0017671095187776,14.395626965988962,0.02511417679488659,0.02708505280315876
2,b,forest_frac_slope_2000_2025,slope_mean,0.0021464692915656,14.395626965988962,0.025569992139935493,0.02771558053791523
2,b,forest_frac_slope_2000_2025,slope_mean,0.0025258290643537,14.395626965988962,0.025721069425344467,0.028049128130078316
2,b,forest_frac_slope_2000_2025,slope_mean,0.0029051888371418,14.395626965988962,0.026130052283406258,0.028608448803424835
2,b,forest_frac_slope_2000_2025,slope_mean,0.0032845486099298,14.395626965988962,0.026330305263400078,0.028873736038804054
2,b,forest_frac_slope_2000_2025,slope_mean,0.0036639083827179,14.395626965988962,0.02633722685277462,0.02895163558423519
2,b,forest_frac_slope_2000_2025,slope_mean,0.004043268155506,14.395626965988962,0.026521017774939537,0.029205339029431343
2,b,forest_frac_slope_2000_2025,slope_mean,0.004422627928294,14.395626965988962,0.026766395196318626,0.029466336593031883
2,b,forest_frac_slope_2000_2025,slope_mean,0.0048019877010821,14.395626965988962,0.026791896671056747,0.029620952904224396
2,b,forest_frac_slope_2000_2025,slope_mean,0.0051813474738702,14.395626965988962,0.026968777179718018,0.029997115954756737
2,b,forest_frac_slope_2000_2025,slope_mean,0.0055607072466582,14.395626965988962,0.026968777179718018,0.030074160546064377
2,b,forest_frac_slope_2000_2025,slope_mean,0.0059400670194463,14.395626965988962,0.02692614495754242,0.030189145356416702
2,b,forest_frac_slope_2000_2025,slope_mean,-0.0092343238920763,14.84556318860846,0.007044829428195953,-0.0026498085353523493
2,b,forest_frac_slope_2000_2025,slope_mean,-0.0088549641192882,14.84556318860846,0.007356715388596058,-0.0022066421806812286
2,b,forest_frac_slope_2000_2025,slope_mean,-0.0084756043465002,14.84556318860846,0.007642706390470266,-0.0014783194055780768
2,b,forest_frac_slope_2000_2025,slope_mean,-0.0080962445737121,14.84556318860846,0.008370855823159218,-0.00030767812859266996
2,b,forest_frac_slope_2000_2025,slope_mean,-0.007716884800924,14.84556318860846,0.00918780267238617,0.0009289859444834292
2,b,forest_frac_slope_2000_2025,slope_mean,-0.007337525028136,14.84556318860846,0.009761959314346313,0.0016425605863332748
2,b,forest_frac_slope_2000_2025,slope_mean,-0.0069581652553479,14.84556318860846,0.010418664664030075,0.0029179565608501434
2,b,forest_frac_slope_2000_2025,slope_mean,-0.0065788054825598,14.84556318860846,0.010631700046360493,0.003297443501651287
2,b,forest_frac_slope_2000_2025,slope_mean,-0.0061994457097717,14.84556318860846,0.010767500847578049,0.003860212629660964
2,b,forest_frac_slope_2000_2025,slope_mean,-0.0058200859369837,14.84556318860846,0.01155911572277546,0.005116199143230915
2,b,forest_frac_slope_2000_2025,slope_mean,-0.0054407261641956,14.84556318860846,0.013294453732669353,0.007523213978856802
2,b,forest_frac_slope_2000_2025,slope_mean,-0.0050613663914075,14.84556318860846,0.013280879706144333,0.007579953875392675
2,b,forest_frac_slope_2000_2025,slope_mean,-0.0046820066186195,14.84556318860846,0.014767424203455448,0.009526297450065613
2,b,forest_frac_slope_2000_2025,slope_mean,-0.0043026468458314,14.84556318860846,0.015172897838056087,0.01036846823990345
2,b,forest_frac_slope_2000_2025,slope_mean,-0.0039232870730433,14.84556318860846,0.015346848405897617,0.010862366296350956
2,b,forest_frac_slope_2000_2025,slope_mean,-0.0035439273002553,14.84556318860846,0.015843689441680908,0.011929910629987717
2,b,forest_frac_slope_2000_2025,slope_mean,-0.0031645675274672,14.84556318860846,0.016312431544065475,0.012693683616816998
2,b,forest_frac_slope_2000_2025,slope_mean,-0.0027852077546791,14.84556318860846,0.017432428896427155,0.013895183801651001
2,b,forest_frac_slope_2000_2025,slope_mean,-0.0024058479818911,14.84556318860846,0.017688531428575516,0.01452057994902134
2,b,forest_frac_slope_2000_2025,slope_mean,-0.002026488209103,14.84556318860846,0.01838836632668972,0.015621121972799301
2,b,forest_frac_slope_2000_2025,slope_mean,-0.0016471284363149,14.84556318860846,0.018873784691095352,0.016692081466317177
2,b,forest_frac_slope_2000_2025,slope_mean,-0.0012677686635269,14.84556318860846,0.019906463101506233,0.018258266150951385
2,b,forest_frac_slope_2000_2025,slope_mean,-0.0008884088907388,14.84556318860846,0.020791493356227875,0.01947435922920704
2,b,forest_frac_slope_2000_2025,slope_mean,-0.0005090491179507,14.84556318860846,0.02150791883468628,0.02061125636100769
2,b,forest_frac_slope_2000_2025,slope_mean,-0.0001296893451627,14.84556318860846,0.022310135886073112,0.022252148017287254
2,b,forest_frac_slope_2000_2025,slope_mean,0.0002496704276253,14.84556318860846,0.024017302319407463,0.024798516184091568
2,b,forest_frac_slope_2000_2025,slope_mean,0.0006290302004134,14.84556318860846,0.02430965192615986,0.025561239570379257
2,b,forest_frac_slope_2000_2025,slope_mean,0.0010083899732014,14.84556318860846,0.02487807534635067,0.026421237736940384
2,b,forest_frac_slope_2000_2025,slope_mean,0.0013877497459895,14.84556318860846,0.025085538625717163,0.026763439178466797
2,b,forest_frac_slope_2000_2025,slope_mean,0.0017671095187776,14.84556318860846,0.0251529049128294,0.02712296135723591
2,b,forest_frac_slope_2000_2025,slope_mean,0.0021464692915656,14.84556318860846,0.02560809999704361,0.02775631844997406
2,b,forest_frac_slope_2000_2025,slope_mean,0.0025258290643537,14.84556318860846,0.02575918287038803,0.02809145301580429
2,b,forest_frac_slope_2000_2025,slope_mean,0.0029051888371418,14.84556318860846,0.026168163865804672,0.028650976717472076
2,b,forest_frac_slope_2000_2025,slope_mean,0.0032845486099298,14.84556318860846,0.026368416845798492,0.028917474672198296
2,b,forest_frac_slope_2000_2025,slope_mean,0.0036639083827179,14.84556318860846,0.026375338435173035,0.028994906693696976
2,b,forest_frac_slope_2000_2025,slope_mean,0.004043268155506,14.84556318860846,0.026559127494692802,0.02924879640340805
2,b,forest_frac_slope_2000_2025,slope_mean,0.004422627928294,14.84556318860846,0.02680450677871704,0.029510103166103363
2,b,forest_frac_slope_2000_2025,slope_mean,0.0048019877010821,14.84556318860846,0.026830006390810013,0.02966480888426304
2,b,forest_frac_slope_2000_2025,slope_mean,0.0051813474738702,14.84556318860846,0.027007052674889565,0.03004116751253605
2,b,forest_frac_slope_2000_2025,slope_mean,0.0055607072466582,14.84556318860846,0.027007052674889565,0.03011850267648697
2,b,forest_frac_slope_2000_2025,slope_mean,0.0059400670194463,14.84556318860846,0.026964416727423668,0.030232753604650497
2,b,forest_frac_slope_2000_2025,slope_mean,-0.0092343238920763,15.295499411227954,0.006780632305890322,-0.002919545164331794
2,b,forest_frac_slope_2000_2025,slope_mean,-0.0088549641192882,15.295499411227954,0.007076001260429621,-0.0024785553105175495
2,b,forest_frac_slope_2000_2025,slope_mean,-0.0084756043465002,15.295499411227954,0.007361993193626404,-0.0017466942081227899
2,b,forest_frac_slope_2000_2025,slope_mean,-0.0080962445737121,15.295499411227954,0.008090142160654068,-0.0005706388619728386
2,b,forest_frac_slope_2000_2025,slope_mean,-0.007716884800924,15.295499411227954,0.008885538205504417,0.0006510684615932405
2,b,forest_frac_slope_2000_2025,slope_mean,-0.007337525028136,15.295499411227954,0.009566928260028362,0.0013848624657839537
2,b,forest_frac_slope_2000_2025,slope_mean,-0.0069581652553479,15.295499411227954,0.010219534859061241,0.0026709064841270447
2,b,forest_frac_slope_2000_2025,slope_mean,-0.0065788054825598,15.295499411227954,0.010433334857225418,0.0030604919884353876
2,b,forest_frac_slope_2000_2025,slope_mean,-0.0061994457097717,15.295499411227954,0.010569135658442974,0.003659553825855255
2,b,forest_frac_slope_2000_2025,slope_mean,-0.0058200859369837,15.295499411227954,0.011360138654708862,0.004893887788057327
2,b,forest_frac_slope_2000_2025,slope_mean,-0.0054407261641956,15.295499411227954,0.01307360827922821,0.007285171188414097
2,b,forest_frac_slope_2000_2025,slope_mean,-0.0050613663914075,15.295499411227954,0.013065792620182037,0.007347544189542532
2,b,forest_frac_slope_2000_2025,slope_mean,-0.0046820066186195,15.295499411227954,0.014552336186170578,0.009295936673879623
2,b,forest_frac_slope_2000_2025,slope_mean,-0.0043026468458314,15.295499411227954,0.014957810752093792,0.010138314217329025
2,b,forest_frac_slope_2000_2025,slope_mean,-0.0039232870730433,15.295499411227954,0.015131759457290173,0.010633200407028198
2,b,forest_frac_slope_2000_2025,slope_mean,-0.0035439273002553,15.295499411227954,0.01563774049282074,0.011703833006322384
2,b,forest_frac_slope_2000_2025,slope_mean,-0.0031645675274672,15.295499411227954,0.01610371470451355,0.012474236078560352
2,b,forest_frac_slope_2000_2025,slope_mean,-0.0027852077546791,15.295499411227954,0.017206143587827682,0.013657040894031525
2,b,forest_frac_slope_2000_2025,slope_mean,-0.0024058479818911,15.295499411227954,0.01747414842247963,0.014292768202722073
2,b,forest_frac_slope_2000_2025,slope_mean,-0.002026488209103,15.295499411227954,0.018227288499474525,0.015465045347809792
2,b,forest_frac_slope_2000_2025,slope_mean,-0.0016471284363149,15.295499411227954,0.018736476078629494,0.016557959839701653
2,b,forest_frac_slope_2000_2025,slope_mean,-0.0012677686635269,15.295499411227954,0.019768232479691505,0.018130144104361534
2,b,forest_frac_slope_2000_2025,slope_mean,-0.0008884088907388,15.295499411227954,0.020650453865528107,0.019344361498951912
2,b,forest_frac_slope_2000_2025,slope_mean,-0.0005090491179507,15.295499411227954,0.021372472867369652,0.020480314269661903
2,b,forest_frac_slope_2000_2025,slope_mean,-0.0001296893451627,15.295499411227954,0.022206084802746773,0.02215065434575081
2,b,forest_frac_slope_2000_2025,slope_mean,0.0002496704276253,15.295499411227954,0.023923760280013084,0.02471318654716015
2,b,forest_frac_slope_2000_2025,slope_mean,0.0006290302004134,15.295499411227954,0.024223197251558304,0.02548855170607567
2,b,forest_frac_slope_2000_2025,slope_mean,0.0010083899732014,15.295499411227954,0.024791622534394264,0.026344986632466316
2,b,forest_frac_slope_2000_2025,slope_mean,0.0013877497459895,15.295499411227954,0.02499908208847046,0.026687053963541985
2,b,forest_frac_slope_2000_2025,slope_mean,0.0017671095187776,15.295499411227954,0.025066450238227844,0.027048924937844276
2,b,forest_frac_slope_2000_2025,slope_mean,0.0021464692915656,15.295499411227954,0.025521647185087204,0.027684085071086884
2,b,forest_frac_slope_2000_2025,slope_mean,0.0025258290643537,15.295499411227954,0.025672724470496178,0.02802155166864395
2,b,forest_frac_slope_2000_2025,slope_mean,0.0029051888371418,15.295499411227954,0.026081321761012077,0.028581613674759865
2,b,forest_frac_slope_2000_2025,slope_mean,0.0032845486099298,15.295499411227954,0.026281574741005898,0.028849367052316666
2,b,forest_frac_slope_2000_2025,slope_mean,0.0036639083827179,15.295499411227954,0.026288088411092758,0.028926551342010498
2,b,forest_frac_slope_2000_2025,slope_mean,0.004043268155506,15.295499411227954,0.026472382247447968,0.029181277379393578
2,b,forest_frac_slope_2000_2025,slope_mean,0.004422627928294,15.295499411227954,0.026717765256762505,0.02944290079176426
2,b,forest_frac_slope_2000_2025,slope_mean,0.0048019877010821,15.295499411227954,0.026743263006210327,0.029597776010632515
2,b,forest_frac_slope_2000_2025,slope_mean,0.0051813474738702,15.295499411227954,0.02692030556499958,0.02997407875955105
2,b,forest_frac_slope_2000_2025,slope_mean,0.0055607072466582,15.295499411227954,0.02692030556499958,0.030051447451114655
2,b,forest_frac_slope_2000_2025,slope_mean,0.0059400670194463,15.295499411227954,0.026877669617533684,0.030165914446115494
2,b,forest_frac_slope_2000_2025,slope_mean,-0.0092343238920763,15.74543563384745,0.006578380707651377,-0.0029143369756639004
2,b,forest_frac_slope_2000_2025,slope_mean,-0.0088549641192882,15.74543563384745,0.006873749662190676,-0.0024739557411521673
2,b,forest_frac_slope_2000_2025,slope_mean,-0.0084756043465002,15.74543563384745,0.007159741595387459,-0.00174210115801543
2,b,forest_frac_slope_2000_2025,slope_mean,-0.0080962445737121,15.74543563384745,0.007887891493737698,-0.000566947681363672
2,b,forest_frac_slope_2000_2025,slope_mean,-0.007716884800924,15.74543563384745,0.008683287538588047,0.0006541183684021235
2,b,forest_frac_slope_2000_2025,slope_mean,-0.007337525028136,15.74543563384745,0.009508764371275902,0.0013907019747421145
2,b,forest_frac_slope_2000_2025,slope_mean,-0.0069581652553479,15.74543563384745,0.010195585899055004,0.0026515130884945393
2,b,forest_frac_slope_2000_2025,slope_mean,-0.0065788054825598,15.74543563384745,0.010404692031443119,0.0030362994875758886
2,b,forest_frac_slope_2000_2025,slope_mean,-0.0061994457097717,15.74543563384745,0.010540492832660675,0.003635261906310916
2,b,forest_frac_slope_2000_2025,slope_mean,-0.0058200859369837,15.74543563384745,0.011329133063554764,0.004864295478910208
2,b,forest_frac_slope_2000_2025,slope_mean,-0.0054407261641956,15.74543563384745,0.013043943792581558,0.007256784476339817
2,b,forest_frac_slope_2000_2025,slope_mean,-0.0050613663914075,15.74543563384745,0.01303436141461134,0.0073178913444280624
2,b,forest_frac_slope_2000_2025,slope_mean,-0.0046820066186195,15.74543563384745,0.014512550085783005,0.009248263202607632
2,b,forest_frac_slope_2000_2025,slope_mean,-0.0043026468458314,15.74543563384745,0.014918025583028793,0.010091299191117287
2,b,forest_frac_slope_2000_2025,slope_mean,-0.0039232870730433,15.74543563384745,0.015091975219547749,0.010586150921881199
2,b,forest_frac_slope_2000_2025,slope_mean,-0.0035439273002553,15.74543563384745,0.015598295256495476,0.011655333451926708
2,b,forest_frac_slope_2000_2025,slope_mean,-0.0031645675274672,15.74543563384745,0.01606191322207451,0.012423299252986908
2,b,forest_frac_slope_2000_2025,slope_mean,-0.0027852077546791,15.74543563384745,0.01716434396803379,0.013605774380266666
2,b,forest_frac_slope_2000_2025,slope_mean,-0.0024058479818911,15.74543563384745,0.01743234694004059,0.01424194686114788
2,b,forest_frac_slope_2000_2025,slope_mean,-0.002026488209103,15.74543563384745,0.018172835931181908,0.015402065590023994
2,b,forest_frac_slope_2000_2025,slope_mean,-0.0016471284363149,15.74543563384745,0.018680598586797714,0.0164945088326931
2,b,forest_frac_slope_2000_2025,slope_mean,-0.0012677686635269,15.74543563384745,0.019712354987859726,0.01806735247373581
2,b,forest_frac_slope_2000_2025,slope_mean,-0.0008884088907388,15.74543563384745,0.020601101219654083,0.019287455826997757
2,b,forest_frac_slope_2000_2025,slope_mean,-0.0005090491179507,15.74543563384745,0.021321268752217293,0.02042391709983349
2,b,forest_frac_slope_2000_2025,slope_mean,-0.0001296893451627,15.74543563384745,0.022190913558006287,0.022129936143755913
2,b,forest_frac_slope_2000_2025,slope_mean,0.0002496704276253,15.74543563384745,0.02390509471297264,0.02469496801495552
2,b,forest_frac_slope_2000_2025,slope_mean,0.0006290302004134,15.74543563384745,0.024200763553380966,0.02546694502234459
2,b,forest_frac_slope_2000_2025,slope_mean,0.0010083899732014,15.74543563384745,0.02477000653743744,0.026324201375246048
2,b,forest_frac_slope_2000_2025,slope_mean,0.0013877497459895,15.74543563384745,0.024977369233965874,0.026665957644581795
2,b,forest_frac_slope_2000_2025,slope_mean,0.0017671095187776,15.74543563384745,0.02504473738372326,0.027028273791074753
2,b,forest_frac_slope_2000_2025,slope_mean,0.0021464692915656,15.74543563384745,0.0254996195435524,0.027663622051477432
2,b,forest_frac_slope_2000_2025,slope_mean,0.0025258290643537,15.74543563384745,0.02565142698585987,0.028001978993415833
2,b,forest_frac_slope_2000_2025,slope_mean,0.0029051888371418,15.74543563384745,0.026060715317726135,0.02856283262372017
2,b,forest_frac_slope_2000_2025,slope_mean,0.0032845486099298,15.74543563384745,0.026266058906912804,0.028835026547312737
2,b,forest_frac_slope_2000_2025,slope_mean,0.0036639083827179,15.74543563384745,0.026272572576999664,0.02891215682029724
2,b,forest_frac_slope_2000_2025,slope_mean,0.004043268155506,15.74543563384745,0.026456866413354874,0.029166478663682938
2,b,forest_frac_slope_2000_2025,slope_mean,0.004422627928294,15.74543563384745,0.026702245697379112,0.02942763641476631
2,b,forest_frac_slope_2000_2025,slope_mean,0.0048019877010821,15.74543563384745,0.026727747172117233,0.02958240918815136
2,b,forest_frac_slope_2000_2025,slope_mean,0.0051813474738702,15.74543563384745,0.026904789730906487,0.029958859086036682
2,b,forest_frac_slope_2000_2025,slope_mean,0.0055607072466582,15.74543563384745,0.026904789730906487,0.030036116018891335
2,b,forest_frac_slope_2000_2025,slope_mean,0.0059400670194463,15.74543563384745,0.02686215750873089,0.030150508508086205
2,b,forest_frac_slope_2000_2025,slope_mean,-0.0092343238920763,16.19537185646695,0.006503300275653601,-0.0034894212149083614
2,b,forest_frac_slope_2000_2025,slope_mean,-0.0088549641192882,16.19537185646695,0.00679627014324069,-0.003047415753826499
2,b,forest_frac_slope_2000_2025,slope_mean,-0.0084756043465002,16.19537185646695,0.007082262076437473,-0.0023127368185669184
2,b,forest_frac_slope_2000_2025,slope_mean,-0.0080962445737121,16.19537185646695,0.007809802889823914,-0.0011370341526344419
2,b,forest_frac_slope_2000_2025,slope_mean,-0.007716884800924,16.19537185646695,0.008605198934674263,7.868721149861813e-05
2,b,forest_frac_slope_2000_2025,slope_mean,-0.007337525028136,16.19537185646695,0.009428192861378193,0.0008156737894751132
2,b,forest_frac_slope_2000_2025,slope_mean,-0.0069581652553479,16.19537185646695,0.01011501345783472,0.002078610472381115
2,b,forest_frac_slope_2000_2025,slope_mean,-0.0065788054825598,16.19537185646695,0.010324119590222836,0.0024692644365131855
2,b,forest_frac_slope_2000_2025,slope_mean,-0.0061994457097717,16.19537185646695,0.010459920391440392,0.0030532788950949907
2,b,forest_frac_slope_2000_2025,slope_mean,-0.0058200859369837,16.19537185646695,0.011248561553657055,0.004288084339350462
2,b,forest_frac_slope_2000_2025,slope_mean,-0.0054407261641956,16.19537185646695,0.012961341999471188,0.006682798732072115
2,b,forest_frac_slope_2000_2025,slope_mean,-0.0050613663914075,16.19537185646695,0.012951614335179329,0.006749395746737719
2,b,forest_frac_slope_2000_2025,slope_mean,-0.0046820066186195,16.19537185646695,0.014425504952669144,0.008682946674525738
2,b,forest_frac_slope_2000_2025,slope_mean,-0.0043026468458314,16.19537185646695,0.01483852043747902,0.009596865624189377
2,b,forest_frac_slope_2000_2025,slope_mean,-0.0039232870730433,16.19537185646695,0.015012472867965698,0.010097905062139034
2,b,forest_frac_slope_2000_2025,slope_mean,-0.0035439273002553,16.19537185646695,0.015522686764597893,0.011312955059111118
2,b,forest_frac_slope_2000_2025,slope_mean,-0.0031645675274672,16.19537185646695,0.015983060002326965,0.012083754874765873
2,b,forest_frac_slope_2000_2025,slope_mean,-0.0027852077546791,16.19537185646695,0.0170843955129385,0.013271509669721127
2,b,forest_frac_slope_2000_2025,slope_mean,-0.0024058479818911,16.19537185646695,0.017348414286971092,0.01391108799725771
2,b,forest_frac_slope_2000_2025,slope_mean,-0.002026488209103,16.19537185646695,0.01808287389576435,0.015077485702931881
2,b,forest_frac_slope_2000_2025,slope_mean,-0.0016471284363149,16.19537185646695,0.018590636551380157,0.016189254820346832
2,b,forest_frac_slope_2000_2025,slope_mean,-0.0012677686635269,16.19537185646695,0.019621893763542175,0.017802003771066666
2,b,forest_frac_slope_2000_2025,slope_mean,-0.0008884088907388,16.19537185646695,0.02051118202507496,0.01904304139316082
2,b,forest_frac_slope_2000_2025,slope_mean,-0.0005090491179507,16.19537185646695,0.021219154819846153,0.02021039091050625
2,b,forest_frac_slope_2000_2025,slope_mean,-0.0001296893451627,16.19537185646695,0.022029833868145943,0.02192223258316517
2,b,forest_frac_slope_2000_2025,slope_mean,0.0002496704276253,16.19537185646695,0.023786481469869614,0.02455233596265316
2,b,forest_frac_slope_2000_2025,slope_mean,0.0006290302004134,16.19537185646695,0.024087194353342056,0.025349600240588188
2,b,forest_frac_slope_2000_2025,slope_mean,0.0010083899732014,16.19537185646695,0.0246579647064209,0.02621399238705635
2,b,forest_frac_slope_2000_2025,slope_mean,0.0013877497459895,16.19537185646695,0.024865325540304184,0.026560312137007713
2,b,forest_frac_slope_2000_2025,slope_mean,0.0017671095187776,16.19537185646695,0.02493269369006157,0.026926197111606598
2,b,forest_frac_slope_2000_2025,slope_mean,0.0021464692915656,16.19537185646695,0.025388600304722786,0.027566960081458092
2,b,forest_frac_slope_2000_2025,slope_mean,0.0025258290643537,16.19537185646695,0.02554040215909481,0.0279080830514431
2,b,forest_frac_slope_2000_2025,slope_mean,0.0029051888371418,16.19537185646695,0.025950990617275238,0.028471972793340683
2,b,forest_frac_slope_2000_2025,slope_mean,0.0032845486099298,16.19537185646695,0.026156334206461906,0.028746824711561203
2,b,forest_frac_slope_2000_2025,slope_mean,0.0036639083827179,16.19537185646695,0.026162846013903618,0.028825709596276283
2,b,forest_frac_slope_2000_2025,slope_mean,0.004043268155506,16.19537185646695,0.026347141712903976,0.029080728068947792
2,b,forest_frac_slope_2000_2025,slope_mean,0.004422627928294,16.19537185646695,0.026592520996928215,0.0293437447398901
2,b,forest_frac_slope_2000_2025,slope_mean,0.0048019877010821,16.19537185646695,0.026618020609021187,0.029499607160687447
2,b,forest_frac_slope_2000_2025,slope_mean,0.0051813474738702,16.19537185646695,0.02679463103413582,0.029877159744501114
2,b,forest_frac_slope_2000_2025,slope_mean,0.0055607072466582,16.19537185646695,0.02679463103413582,0.02995668724179268
2,b,forest_frac_slope_2000_2025,slope_mean,0.0059400670194463,16.19537185646695,0.026751995086669922,0.03007541596889496
2,b,forest_frac_slope_2000_2025,slope_mean,-0.0092343238920763,16.64530807908644,0.00646428856998682,-0.004115504212677479
2,b,forest_frac_slope_2000_2025,slope_mean,-0.0088549641192882,16.64530807908644,0.006757259368896484,-0.003668928984552622
2,b,forest_frac_slope_2000_2025,slope_mean,-0.0084756043465002,16.64530807908644,0.007043250370770693,-0.002930631162598729
2,b,forest_frac_slope_2000_2025,slope_mean,-0.0080962445737121,16.64530807908644,0.007767047733068466,-0.001755820121616125
2,b,forest_frac_slope_2000_2025,slope_mean,-0.007716884800924,16.64530807908644,0.008562442846596241,-0.0005352754378691316
2,b,forest_frac_slope_2000_2025,slope_mean,-0.007337525028136,16.64530807908644,0.009385436773300171,0.00020947212760802358
2,b,forest_frac_slope_2000_2025,slope_mean,-0.0069581652553479,16.64530807908644,0.010072259232401848,0.001477584126405418
2,b,forest_frac_slope_2000_2025,slope_mean,-0.0065788054825598,16.64530807908644,0.010281365364789963,0.0018761622486636043
2,b,forest_frac_slope_2000_2025,slope_mean,-0.0061994457097717,16.64530807908644,0.010417166166007519,0.0024641407653689384
2,b,forest_frac_slope_2000_2025,slope_mean,-0.0058200859369837,16.64530807908644,0.011205805465579033,0.0037050985265523195
2,b,forest_frac_slope_2000_2025,slope_mean,-0.0054407261641956,16.64530807908644,0.012919888831675053,0.0066222092136740685
2,b,forest_frac_slope_2000_2025,slope_mean,-0.0050613663914075,16.64530807908644,0.012912438251078129,0.006690570618957281
2,b,forest_frac_slope_2000_2025,slope_mean,-0.0046820066186195,16.64530807908644,0.014386428520083427,0.00862113293260336
2,b,forest_frac_slope_2000_2025,slope_mean,-0.0043026468458314,16.64530807908644,0.014799445867538452,0.009534379467368126
2,b,forest_frac_slope_2000_2025,slope_mean,-0.0039232870730433,16.64530807908644,0.014972912147641182,0.010035035200417042
2,b,forest_frac_slope_2000_2025,slope_mean,-0.0035439273002553,16.64530807908644,0.015485820360481739,0.01125575415790081
2,b,forest_frac_slope_2000_2025,slope_mean,-0.0031645675274672,16.64530807908644,0.015946198254823685,0.012027486227452755
2,b,forest_frac_slope_2000_2025,slope_mean,-0.0027852077546791,16.64530807908644,0.01704753190279007,0.013215795159339905
2,b,forest_frac_slope_2000_2025,slope_mean,-0.0024058479818911,16.64530807908644,0.017311548814177513,0.013856318779289722
2,b,forest_frac_slope_2000_2025,slope_mean,-0.002026488209103,16.64530807908644,0.01804611273109913,0.015023570507764816
2,b,forest_frac_slope_2000_2025,slope_mean,-0.0016471284363149,16.64530807908644,0.018554598093032837,0.016139013692736626
2,b,forest_frac_slope_2000_2025,slope_mean,-0.0012677686635269,16.64530807908644,0.01959739439189434,0.01776186004281044
2,b,forest_frac_slope_2000_2025,slope_mean,-0.0008884088907388,16.64530807908644,0.020479761064052582,0.018994268029928207
2,b,forest_frac_slope_2000_2025,slope_mean,-0.0005090491179507,16.64530807908644,0.021190840750932693,0.020166082307696342
2,b,forest_frac_slope_2000_2025,slope_mean,-0.0001296893451627,16.64530807908644,0.02198377624154091,0.0218670554459095
2,b,forest_frac_slope_2000_2025,slope_mean,0.0002496704276253,16.64530807908644,0.023785412311553955,0.024544863030314445
2,b,forest_frac_slope_2000_2025,slope_mean,0.0006290302004134,16.64530807908644,0.02408718131482601,0.02534644864499569
2,b,forest_frac_slope_2000_2025,slope_mean,0.0010083899732014,16.64530807908644,0.024657951667904854,0.0262126661837101
2,b,forest_frac_slope_2000_2025,slope_mean,0.0013877497459895,16.64530807908644,0.02486531250178814,0.026560084894299507
2,b,forest_frac_slope_2000_2025,slope_mean,0.0017671095187776,16.64530807908644,0.024932682514190674,0.026926225051283836
2,b,forest_frac_slope_2000_2025,slope_mean,0.0021464692915656,16.64530807908644,0.02538858726620674,0.027567647397518158
2,b,forest_frac_slope_2000_2025,slope_mean,0.0025258290643537,16.64530807908644,0.025540390983223915,0.02791285514831543
2,b,forest_frac_slope_2000_2025,slope_mean,0.0029051888371418,16.64530807908644,0.025950631126761436,0.02847570739686489
2,b,forest_frac_slope_2000_2025,slope_mean,0.0032845486099298,16.64530807908644,0.026153473183512688,0.028748206794261932
2,b,forest_frac_slope_2000_2025,slope_mean,0.0036639083827179,16.64530807908644,0.0261599849909544,0.028826700523495674
2,b,forest_frac_slope_2000_2025,slope_mean,0.004043268155506,16.64530807908644,0.02634427882730961,0.0290810689330101
2,b,forest_frac_slope_2000_2025,slope_mean,0.004422627928294,16.64530807908644,0.026589659973978996,0.02934328094124794
2,b,forest_frac_slope_2000_2025,slope_mean,0.0048019877010821,16.64530807908644,0.026615159586071968,0.029498659074306488
2,b,forest_frac_slope_2000_2025,slope_mean,0.0051813474738702,16.64530807908644,0.02679104544222355,0.029874859377741814
2,b,forest_frac_slope_2000_2025,slope_mean,0.0055607072466582,16.64530807908644,0.02679104544222355,0.029952332377433777
2,b,forest_frac_slope_2000_2025,slope_mean,0.0059400670194463,16.64530807908644,0.02674841322004795,0.03006633184850216
2,b,forest_frac_slope_2000_2025,slope_mean,-0.0092343238920763,17.09524430170594,0.006397384684532881,-0.005795434582978487
2,b,forest_frac_slope_2000_2025,slope_mean,-0.0088549641192882,17.09524430170594,0.0066912430338561535,-0.005333560518920422
2,b,forest_frac_slope_2000_2025,slope_mean,-0.0084756043465002,17.09524430170594,0.006979584693908691,-0.004585112910717726
2,b,forest_frac_slope_2000_2025,slope_mean,-0.0080962445737121,17.09524430170594,0.007703382056206465,-0.0034007024951279163
2,b,forest_frac_slope_2000_2025,slope_mean,-0.007716884800924,17.09524430170594,0.008498777635395527,-0.0021649240516126156
2,b,forest_frac_slope_2000_2025,slope_mean,-0.007337525028136,17.09524430170594,0.009321772493422031,-0.0014014404732733965
2,b,forest_frac_slope_2000_2025,slope_mean,-0.0069581652553479,17.09524430170594,0.009997774846851826,-0.00012813023931812495
2,b,forest_frac_slope_2000_2025,slope_mean,-0.0065788054825598,17.09524430170594,0.01020688097923994,0.0002850322925951332
2,b,forest_frac_slope_2000_2025,slope_mean,-0.0061994457097717,17.09524430170594,0.010342681780457497,0.0008843240211717784
2,b,forest_frac_slope_2000_2025,slope_mean,-0.0058200859369837,17.09524430170594,0.011135616339743137,0.0023340301122516394
2,b,forest_frac_slope_2000_2025,slope_mean,-0.0054407261641956,17.09524430170594,0.012856557965278625,0.005500356201082468
2,b,forest_frac_slope_2000_2025,slope_mean,-0.0050613663914075,17.09524430170594,0.012849107384681702,0.005587461870163679
2,b,forest_frac_slope_2000_2025,slope_mean,-0.0046820066186195,17.09524430170594,0.014331012032926083,0.007981603965163231
2,b,forest_frac_slope_2000_2025,slope_mean,-0.0043026468458314,17.09524430170594,0.014755845069885254,0.009460937231779099
2,b,forest_frac_slope_2000_2025,slope_mean,-0.0039232870730433,17.09524430170594,0.014929310418665409,0.009986022487282753
2,b,forest_frac_slope_2000_2025,slope_mean,-0.0035439273002553,17.09524430170594,0.015438472852110863,0.011204032227396965
2,b,forest_frac_slope_2000_2025,slope_mean,-0.0031645675274672,17.09524430170594,0.015899013727903366,0.011977306567132473
2,b,forest_frac_slope_2000_2025,slope_mean,-0.0027852077546791,17.09524430170594,0.0170003492385149,0.013165845535695553
2,b,forest_frac_slope_2000_2025,slope_mean,-0.0024058479818911,17.09524430170594,0.01725570298731327,0.013798967935144901
2,b,forest_frac_slope_2000_2025,slope_mean,-0.002026488209103,17.09524430170594,0.017996015027165413,0.01496971771121025
2,b,forest_frac_slope_2000_2025,slope_mean,-0.0016471284363149,17.09524430170594,0.018499791622161865,0.01607886329293251
2,b,forest_frac_slope_2000_2025,slope_mean,-0.0012677686635269,17.09524430170594,0.01949351653456688,0.017672348767518997
2,b,forest_frac_slope_2000_2025,slope_mean,-0.0008884088907388,17.09524430170594,0.020344840362668037,0.018872451037168503
2,b,forest_frac_slope_2000_2025,slope_mean,-0.0005090491179507,17.09524430170594,0.021024223417043686,0.02001079171895981
2,b,forest_frac_slope_2000_2025,slope_mean,-0.0001296893451627,17.09524430170594,0.021806688979268074,0.0216837115585804
2,b,forest_frac_slope_2000_2025,slope_mean,0.0002496704276253,17.09524430170594,0.023710506036877632,0.024477854371070862
2,b,forest_frac_slope_2000_2025,slope_mean,0.0006290302004134,17.09524430170594,0.024012278765439987,0.02527504973113537
2,b,forest_frac_slope_2000_2025,slope_mean,0.0010083899732014,17.09524430170594,0.024603698402643204,0.02616277150809765
2,b,forest_frac_slope_2000_2025,slope_mean,0.0013877497459895,17.09524430170594,0.024812491610646248,0.026512011885643005
2,b,forest_frac_slope_2000_2025,slope_mean,0.0017671095187776,17.09524430170594,0.024879859760403633,0.02687876671552658
2,b,forest_frac_slope_2000_2025,slope_mean,0.0021464692915656,17.09524430170594,0.02533576264977455,0.027520405128598213
2,b,forest_frac_slope_2000_2025,slope_mean,0.0025258290643537,17.09524430170594,0.0254876259714365,0.027866166085004807
2,b,forest_frac_slope_2000_2025,slope_mean,0.0029051888371418,17.09524430170594,0.025898177176713943,0.028429413214325905
2,b,forest_frac_slope_2000_2025,slope_mean,0.0032845486099298,17.09524430170594,0.026101017370820045,0.028702042996883392
2,b,forest_frac_slope_2000_2025,slope_mean,0.0036639083827179,17.09524430170594,0.026107531040906906,0.028780518099665642
2,b,forest_frac_slope_2000_2025,slope_mean,0.004043268155506,17.09524430170594,0.026291823014616966,0.029034322127699852
2,b,forest_frac_slope_2000_2025,slope_mean,0.004422627928294,17.09524430170594,0.026537206023931503,0.029296474531292915
2,b,forest_frac_slope_2000_2025,slope_mean,0.0048019877010821,17.09524430170594,0.026562703773379326,0.029451744630932808
2,b,forest_frac_slope_2000_2025,slope_mean,0.0051813474738702,17.09524430170594,0.026738593354821205,0.029827944934368134
2,b,forest_frac_slope_2000_2025,slope_mean,0.0055607072466582,17.09524430170594,0.026738593354821205,0.029905350878834724
2,b,forest_frac_slope_2000_2025,slope_mean,0.0059400670194463,17.09524430170594,0.02669525146484375,0.030018698424100876
2,b,forest_frac_slope_2000_2025,slope_mean,-0.0092343238920763,17.54518052432543,0.006158039439469576,-0.006082253530621529
2,b,forest_frac_slope_2000_2025,slope_mean,-0.0088549641192882,17.54518052432543,0.006449948996305466,-0.00562252989038825
2,b,forest_frac_slope_2000_2025,slope_mean,-0.0084756043465002,17.54518052432543,0.006733885500580072,-0.0048784492537379265
2,b,forest_frac_slope_2000_2025,slope_mean,-0.0080962445737121,17.54518052432543,0.007457682862877846,-0.003694036742672324
2,b,forest_frac_slope_2000_2025,slope_mean,-0.007716884800924,17.54518052432543,0.008253078907728195,-0.002458518836647272
2,b,forest_frac_slope_2000_2025,slope_mean,-0.007337525028136,17.54518052432543,0.009076072834432125,-0.0016952112782746553
2,b,forest_frac_slope_2000_2025,slope_mean,-0.0069581652553479,17.54518052432543,0.009751807898283005,-0.00042541197035461664
2,b,forest_frac_slope_2000_2025,slope_mean,-0.0065788054825598,17.54518052432543,0.00996091403067112,-1.3854025382897817e-05
2,b,forest_frac_slope_2000_2025,slope_mean,-0.0061994457097717,17.54518052432543,0.010096713900566101,0.0005842565442435443
2,b,forest_frac_slope_2000_2025,slope_mean,-0.0058200859369837,17.54518052432543,0.010901239700615406,0.0021317689679563046
2,b,forest_frac_slope_2000_2025,slope_mean,-0.0054407261641956,17.54518052432543,0.0127567732706666,0.005426321644335985
2,b,forest_frac_slope_2000_2025,slope_mean,-0.0050613663914075,17.54518052432543,0.012749907560646534,0.005511721130460501
2,b,forest_frac_slope_2000_2025,slope_mean,-0.0046820066186195,17.54518052432543,0.014231810346245766,0.00790341105312109
2,b,forest_frac_slope_2000_2025,slope_mean,-0.0043026468458314,17.54518052432543,0.014656644314527512,0.009380712173879147
2,b,forest_frac_slope_2000_2025,slope_mean,-0.0039232870730433,17.54518052432543,0.014827887527644634,0.009903309866786003
2,b,forest_frac_slope_2000_2025,slope_mean,-0.0035439273002553,17.54518052432543,0.015337047167122364,0.011119822040200233
2,b,forest_frac_slope_2000_2025,slope_mean,-0.0031645675274672,17.54518052432543,0.01578919216990471,0.011884023435413837
2,b,forest_frac_slope_2000_2025,slope_mean,-0.0027852077546791,17.54518052432543,0.01688089407980442,0.013061841949820518
2,b,forest_frac_slope_2000_2025,slope_mean,-0.0024058479818911,17.54518052432543,0.017135705798864365,0.01369542721658945
2,b,forest_frac_slope_2000_2025,slope_mean,-0.002026488209103,17.54518052432543,0.01786944456398487,0.014854229055345058
2,b,forest_frac_slope_2000_2025,slope_mean,-0.0016471284363149,17.54518052432543,0.01836102083325386,0.0159483440220356
2,b,forest_frac_slope_2000_2025,slope_mean,-0.0012677686635269,17.54518052432543,0.019354747608304024,0.017538854852318764
2,b,forest_frac_slope_2000_2025,slope_mean,-0.0008884088907388,17.54518052432543,0.020205708220601082,0.018736204132437706
2,b,forest_frac_slope_2000_2025,slope_mean,-0.0005090491179507,17.54518052432543,0.020878653973340988,0.019857292994856834
2,b,forest_frac_slope_2000_2025,slope_mean,-0.0001296893451627,17.54518052432543,0.021664027124643326,0.021530991420149803
2,b,forest_frac_slope_2000_2025,slope_mean,0.0002496704276253,17.54518052432543,0.023612182587385178,0.024384427815675735
2,b,forest_frac_slope_2000_2025,slope_mean,0.0006290302004134,17.54518052432543,0.023913953453302383,0.02518497034907341
2,b,forest_frac_slope_2000_2025,slope_mean,0.0010083899732014,17.54518052432543,0.02450537495315075,0.0260744858533144
2,b,forest_frac_slope_2000_2025,slope_mean,0.0013877497459895,17.54518052432543,0.02472037822008133,0.026430441066622734
2,b,forest_frac_slope_2000_2025,slope_mean,0.0017671095187776,17.54518052432543,0.024787746369838715,0.026797456666827202
2,b,forest_frac_slope_2000_2025,slope_mean,0.0021464692915656,17.54518052432543,0.025243651121854782,0.027439869940280914
2,b,forest_frac_slope_2000_2025,slope_mean,0.0025258290643537,17.54518052432543,0.02539551444351673,0.02778569608926773
2,b,forest_frac_slope_2000_2025,slope_mean,0.0029051888371418,17.54518052432543,0.02580578438937664,0.02834870107471943
2,b,forest_frac_slope_2000_2025,slope_mean,0.0032845486099298,17.54518052432543,0.026008624583482742,0.028621485456824303
2,b,forest_frac_slope_2000_2025,slope_mean,0.0036639083827179,17.54518052432543,0.026015138253569603,0.028700027614831924
2,b,forest_frac_slope_2000_2025,slope_mean,0.004043268155506,17.54518052432543,0.026199376210570335,0.028953980654478073
2,b,forest_frac_slope_2000_2025,slope_mean,0.004422627928294,17.54518052432543,0.026444755494594574,0.02921660803258419
2,b,forest_frac_slope_2000_2025,slope_mean,0.0048019877010821,17.54518052432543,0.026470255106687546,0.029372025281190872
2,b,forest_frac_slope_2000_2025,slope_mean,0.0051813474738702,17.54518052432543,0.026646051555871964,0.029748182743787766
2,b,forest_frac_slope_2000_2025,slope_mean,0.0055607072466582,17.54518052432543,0.026646051555871964,0.029826419427990913
2,b,forest_frac_slope_2000_2025,slope_mean,0.0059400670194463,17.54518052432543,0.026602713391184807,0.029940837994217873
2,b,forest_frac_slope_2000_2025,slope_mean,-0.0092343238920763,17.99511674694493,0.006162815261632204,-0.006523489020764828
2,b,forest_frac_slope_2000_2025,slope_mean,-0.0088549641192882,17.99511674694493,0.006454725284129381,-0.006054826080799103
2,b,forest_frac_slope_2000_2025,slope_mean,-0.0084756043465002,17.99511674694493,0.006740830838680267,-0.005297926254570484
2,b,forest_frac_slope_2000_2025,slope_mean,-0.0080962445737121,17.99511674694493,0.007459677755832672,-0.004134013783186674
2,b,forest_frac_slope_2000_2025,slope_mean,-0.007716884800924,17.99511674694493,0.008255072869360447,-0.0028742775321006775
2,b,forest_frac_slope_2000_2025,slope_mean,-0.007337525028136,17.99511674694493,0.009078066796064377,-0.0019850453827530146
2,b,forest_frac_slope_2000_2025,slope_mean,-0.0069581652553479,17.99511674694493,0.009753802791237831,-0.0007026205421425402
2,b,forest_frac_slope_2000_2025,slope_mean,-0.0065788054825598,17.99511674694493,0.009962907992303371,-0.000281837594229728
2,b,forest_frac_slope_2000_2025,slope_mean,-0.0061994457097717,17.99511674694493,0.010098708793520927,0.00032190760248340666
2,b,forest_frac_slope_2000_2025,slope_mean,-0.0058200859369837,17.99511674694493,0.010901952162384987,0.0019966578111052513
2,b,forest_frac_slope_2000_2025,slope_mean,-0.0054407261641956,17.99511674694493,0.012753956951200962,0.005422208923846483
2,b,forest_frac_slope_2000_2025,slope_mean,-0.0050613663914075,17.99511674694493,0.012747089378535748,0.005510073620826006
2,b,forest_frac_slope_2000_2025,slope_mean,-0.0046820066186195,17.99511674694493,0.014229729771614075,0.00790700875222683
2,b,forest_frac_slope_2000_2025,slope_mean,-0.0043026468458314,17.99511674694493,0.014654562808573246,0.009384362027049065
2,b,forest_frac_slope_2000_2025,slope_mean,-0.0039232870730433,17.99511674694493,0.014825803227722645,0.009907322004437447
2,b,forest_frac_slope_2000_2025,slope_mean,-0.0035439273002553,17.99511674694493,0.015334965661168098,0.011126955039799213
2,b,forest_frac_slope_2000_2025,slope_mean,-0.0031645675274672,17.99511674694493,0.01578829251229763,0.0118910763412714
2,b,forest_frac_slope_2000_2025,slope_mean,-0.0027852077546791,17.99511674694493,0.016878880560398102,0.013067590072751045
2,b,forest_frac_slope_2000_2025,slope_mean,-0.0024058479818911,17.99511674694493,0.017133694142103195,0.013701311312615871
2,b,forest_frac_slope_2000_2025,slope_mean,-0.002026488209103,17.99511674694493,0.017867431044578552,0.014859809540212154
2,b,forest_frac_slope_2000_2025,slope_mean,-0.0016471284363149,17.99511674694493,0.01833055168390274,0.015936391428112984
2,b,forest_frac_slope_2000_2025,slope_mean,-0.0012677686635269,17.99511674694493,0.01932261884212494,0.01752033829689026
2,b,forest_frac_slope_2000_2025,slope_mean,-0.0008884088907388,17.99511674694493,0.020168935880064964,0.01871410757303238
2,b,forest_frac_slope_2000_2025,slope_mean,-0.0005090491179507,17.99511674694493,0.02080102637410164,0.019794458523392677
2,b,forest_frac_slope_2000_2025,slope_mean,-0.0001296893451627,17.99511674694493,0.021604208275675774,0.021473683416843414
2,b,forest_frac_slope_2000_2025,slope_mean,0.0002496704276253,17.99511674694493,0.023559551686048508,0.0243354644626379
2,b,forest_frac_slope_2000_2025,slope_mean,0.0006290302004134,17.99511674694493,0.023861324414610863,0.025134185329079628
2,b,forest_frac_slope_2000_2025,slope_mean,0.0010083899732014,17.99511674694493,0.024453094229102135,0.026022981852293015
2,b,forest_frac_slope_2000_2025,slope_mean,0.0013877497459895,17.99511674694493,0.02468469925224781,0.02639530599117279
2,b,forest_frac_slope_2000_2025,slope_mean,0.0017671095187776,17.99511674694493,0.024752823635935783,0.026763204485177994
2,b,forest_frac_slope_2000_2025,slope_mean,0.0021464692915656,17.99511674694493,0.02521214447915554,0.027409180998802185
2,b,forest_frac_slope_2000_2025,slope_mean,0.0025258290643537,17.99511674694493,0.025363778695464134,0.027754662558436394
2,b,forest_frac_slope_2000_2025,slope_mean,0.0029051888371418,17.99511674694493,0.025778697803616524,0.028322525322437286
2,b,forest_frac_slope_2000_2025,slope_mean,0.0032845486099298,17.99511674694493,0.025981537997722626,0.028595231473445892
2,b,forest_frac_slope_2000_2025,slope_mean,0.0036639083827179,17.99511674694493,0.025988051667809486,0.028673967346549034
2,b,forest_frac_slope_2000_2025,slope_mean,0.004043268155506,17.99511674694493,0.02617228589951992,0.028928490355610847
2,b,forest_frac_slope_2000_2025,slope_mean,0.004422627928294,17.99511674694493,0.026417667046189308,0.029191380366683006
2,b,forest_frac_slope_2000_2025,slope_mean,0.0048019877010821,17.99511674694493,0.02644316665828228,0.029346758499741554
2,b,forest_frac_slope_2000_2025,slope_mean,0.0051813474738702,17.99511674694493,0.026618963107466698,0.029722919687628746
2,b,forest_frac_slope_2000_2025,slope_mean,0.0055607072466582,17.99511674694493,0.026618963107466698,0.029801229014992714
2,b,forest_frac_slope_2000_2025,slope_mean,0.0059400670194463,17.99511674694493,0.02657562494277954,0.029915720224380493
2,b,forest_frac_slope_2000_2025,slope_mean,-0.0092343238920763,18.445052969564426,0.006059540901333094,-0.006621755193918943
2,b,forest_frac_slope_2000_2025,slope_mean,-0.0088549641192882,18.445052969564426,0.006351450923830271,-0.0061532058753073215
2,b,forest_frac_slope_2000_2025,slope_mean,-0.0084756043465002,18.445052969564426,0.006637556478381157,-0.005396375432610512
2,b,forest_frac_slope_2000_2025,slope_mean,-0.0080962445737121,18.445052969564426,0.007354806177318096,-0.004234158433973789
2,b,forest_frac_slope_2000_2025,slope_mean,-0.007716884800924,18.445052969564426,0.008150201290845871,-0.002974686212837696
2,b,forest_frac_slope_2000_2025,slope_mean,-0.007337525028136,18.445052969564426,0.008973195217549801,-0.002085393760353327
2,b,forest_frac_slope_2000_2025,slope_mean,-0.0069581652553479,18.445052969564426,0.00964893028140068,-0.0008033248013816774
2,b,forest_frac_slope_2000_2025,slope_mean,-0.0065788054825598,18.445052969564426,0.009863551706075668,-0.00037720485124737024
2,b,forest_frac_slope_2000_2025,slope_mean,-0.0061994457097717,18.445052969564426,0.00999935157597065,0.00022647983860224485
2,b,forest_frac_slope_2000_2025,slope_mean,-0.0058200859369837,18.445052969564426,0.010880430229008198,0.001979013904929161
2,b,forest_frac_slope_2000_2025,slope_mean,-0.0054407261641956,18.445052969564426,0.012732435949146748,0.0054040574468672276
2,b,forest_frac_slope_2000_2025,slope_mean,-0.0050613663914075,18.445052969564426,0.012725181877613068,0.005491458810865879
2,b,forest_frac_slope_2000_2025,slope_mean,-0.0046820066186195,18.445052969564426,0.014195820316672325,0.007882093079388142
2,b,forest_frac_slope_2000_2025,slope_mean,-0.0043026468458314,18.445052969564426,0.014620653353631496,0.009359365329146385
2,b,forest_frac_slope_2000_2025,slope_mean,-0.0039232870730433,18.445052969564426,0.014791893772780895,0.009882563725113869
2,b,forest_frac_slope_2000_2025,slope_mean,-0.0035439273002553,18.445052969564426,0.015301056206226349,0.011102897115051746
2,b,forest_frac_slope_2000_2025,slope_mean,-0.0031645675274672,18.445052969564426,0.015749698504805565,0.011862912215292454
2,b,forest_frac_slope_2000_2025,slope_mean,-0.0027852077546791,18.445052969564426,0.016843454912304878,0.013042894192039967
2,b,forest_frac_slope_2000_2025,slope_mean,-0.0024058479818911,18.445052969564426,0.017098264768719673,0.01367576140910387
2,b,forest_frac_slope_2000_2025,slope_mean,-0.002026488209103,18.445052969564426,0.01783200539648533,0.01483274344354868
2,b,forest_frac_slope_2000_2025,slope_mean,-0.0016471284363149,18.445052969564426,0.018273741006851196,0.015886809676885605
2,b,forest_frac_slope_2000_2025,slope_mean,-0.0012677686635269,18.445052969564426,0.01926366798579693,0.017468048259615898
2,b,forest_frac_slope_2000_2025,slope_mean,-0.0008884088907388,18.445052969564426,0.02011106163263321,0.01866239495575428
2,b,forest_frac_slope_2000_2025,slope_mean,-0.0005090491179507,18.445052969564426,0.020742088556289673,0.019742390140891075
2,b,forest_frac_slope_2000_2025,slope_mean,-0.0001296893451627,18.445052969564426,0.021542824804782867,0.02141665481030941
2,b,forest_frac_slope_2000_2025,slope_mean,0.0002496704276253,18.445052969564426,0.023521248251199722,0.024299081414937973
2,b,forest_frac_slope_2000_2025,slope_mean,0.0006290302004134,18.445052969564426,0.023822421208024025,0.025094598531723022
2,b,forest_frac_slope_2000_2025,slope_mean,0.0010083899732014,18.445052969564426,0.024414561688899994,0.02597690187394619
2,b,forest_frac_slope_2000_2025,slope_mean,0.0013877497459895,18.445052969564426,0.02464604377746582,0.02634691633284092
2,b,forest_frac_slope_2000_2025,slope_mean,0.0017671095187776,18.445052969564426,0.024714168161153793,0.026713892817497253
2,b,forest_frac_slope_2000_2025,slope_mean,0.0021464692915656,18.445052969564426,0.025172704830765724,0.02735821343958378
2,b,forest_frac_slope_2000_2025,slope_mean,0.0025258290643537,18.445052969564426,0.025322891771793365,0.02770201303064823
2,b,forest_frac_slope_2000_2025,slope_mean,0.0029051888371418,18.445052969564426,0.025737810879945755,0.028269946575164795
2,b,forest_frac_slope_2000_2025,slope_mean,0.0032845486099298,18.445052969564426,0.02594025991857052,0.02853935956954956
2,b,forest_frac_slope_2000_2025,slope_mean,0.0036639083827179,18.445052969564426,0.02594677358865738,0.028617849573493004
2,b,forest_frac_slope_2000_2025,slope_mean,0.004043268155506,18.445052969564426,0.026131009683012962,0.028872322291135788
2,b,forest_frac_slope_2000_2025,slope_mean,0.004422627928294,18.445052969564426,0.02637639082968235,0.02913518249988556
2,b,forest_frac_slope_2000_2025,slope_mean,0.0048019877010821,18.445052969564426,0.026401888579130173,0.02929037995636463
2,b,forest_frac_slope_2000_2025,slope_mean,0.0051813474738702,18.445052969564426,0.02657768875360489,0.029666582122445107
2,b,forest_frac_slope_2000_2025,slope_mean,0.0055607072466582,18.445052969564426,0.02657768875360489,0.029744967818260193
2,b,forest_frac_slope_2000_2025,slope_mean,0.0059400670194463,18.445052969564426,0.026534348726272583,0.029860446229577065
2,b,forest_frac_slope_2000_2025,slope_mean,-0.0092343238920763,18.89498919218392,0.0057887062430381775,-0.00821986049413681
2,b,forest_frac_slope_2000_2025,slope_mean,-0.0088549641192882,18.89498919218392,0.006080616265535355,-0.007730059791356325
2,b,forest_frac_slope_2000_2025,slope_mean,-0.0084756043465002,18.89498919218392,0.006366721820086241,-0.006945560686290264
2,b,forest_frac_slope_2000_2025,slope_mean,-0.0080962445737121,18.89498919218392,0.007077045273035765,-0.00578852416947484
2,b,forest_frac_slope_2000_2025,slope_mean,-0.007716884800924,18.89498919218392,0.007872441783547401,-0.0044903382658958435
2,b,forest_frac_slope_2000_2025,slope_mean,-0.007337525028136,18.89498919218392,0.008695435710251331,-0.0034840572625398636
2,b,forest_frac_slope_2000_2025,slope_mean,-0.0069581652553479,18.89498919218392,0.009371169842779636,-0.002168976701796055
2,b,forest_frac_slope_2000_2025,slope_mean,-0.0065788054825598,18.89498919218392,0.009579693898558617,-0.001708518248051405
2,b,forest_frac_slope_2000_2025,slope_mean,-0.0061994457097717,18.89498919218392,0.009715492837131023,-0.0010080717038363218
2,b,forest_frac_slope_2000_2025,slope_mean,-0.0058200859369837,18.89498919218392,0.0107941385358572,0.0009684999822638929
2,b,forest_frac_slope_2000_2025,slope_mean,-0.0054407261641956,18.89498919218392,0.012667779810726643,0.004643992520868778
2,b,forest_frac_slope_2000_2025,slope_mean,-0.0050613663914075,18.89498919218392,0.012660525739192963,0.004749789834022522
2,b,forest_frac_slope_2000_2025,slope_mean,-0.0046820066186195,18.89498919218392,0.01413116417825222,0.007155922241508961
2,b,forest_frac_slope_2000_2025,slope_mean,-0.0043026468458314,18.89498919218392,0.014555998146533966,0.008651397190988064
2,b,forest_frac_slope_2000_2025,slope_mean,-0.0039232870730433,18.89498919218392,0.014739570207893848,0.009212465025484562
2,b,forest_frac_slope_2000_2025,slope_mean,-0.0035439273002553,18.89498919218392,0.015263307839632034,0.010489095002412796
2,b,forest_frac_slope_2000_2025,slope_mean,-0.0031645675274672,18.89498919218392,0.015730395913124084,0.01140635833144188
2,b,forest_frac_slope_2000_2025,slope_mean,-0.0027852077546791,18.89498919218392,0.01682415045797825,0.01259878370910883
2,b,forest_frac_slope_2000_2025,slope_mean,-0.0024058479818911,18.89498919218392,0.017078962177038193,0.013243220746517181
2,b,forest_frac_slope_2000_2025,slope_mean,-0.002026488209103,18.89498919218392,0.01782643236219883,0.014557546004652977
2,b,forest_frac_slope_2000_2025,slope_mean,-0.0016471284363149,18.89498919218392,0.01832975633442402,0.015673862770199776
2,b,forest_frac_slope_2000_2025,slope_mean,-0.0012677686635269,18.89498919218392,0.019329804927110672,0.0172298401594162
2,b,forest_frac_slope_2000_2025,slope_mean,-0.0008884088907388,18.89498919218392,0.0201774463057518,0.018440529704093933
2,b,forest_frac_slope_2000_2025,slope_mean,-0.0005090491179507,18.89498919218392,0.020808858796954155,0.019571352750062943
2,b,forest_frac_slope_2000_2025,slope_mean,-0.0001296893451627,18.89498919218392,0.021562712267041206,0.021339699625968933
2,b,forest_frac_slope_2000_2025,slope_mean,0.0002496704276253,18.89498919218392,0.023539144545793533,0.024252722039818764
2,b,forest_frac_slope_2000_2025,slope_mean,0.0006290302004134,18.89498919218392,0.023858219385147095,0.02507413737475872
2,b,forest_frac_slope_2000_2025,slope_mean,0.0010083899732014,18.89498919218392,0.024450359866023064,0.025965077802538872
2,b,forest_frac_slope_2000_2025,slope_mean,0.0013877497459895,18.89498919218392,0.02468184195458889,0.02634233608841896
2,b,forest_frac_slope_2000_2025,slope_mean,0.0017671095187776,18.89498919218392,0.024757683277130127,0.02674364671111107
2,b,forest_frac_slope_2000_2025,slope_mean,0.0021464692915656,18.89498919218392,0.02521621622145176,0.027390282601118088
2,b,forest_frac_slope_2000_2025,slope_mean,0.0025258290643537,18.89498919218392,0.0253664068877697,0.027736160904169083
2,b,forest_frac_slope_2000_2025,slope_mean,0.0029051888371418,18.89498919218392,0.025781068950891495,0.02830411307513714
2,b,forest_frac_slope_2000_2025,slope_mean,0.0032845486099298,18.89498919218392,0.025983519852161407,0.028575344011187553
2,b,forest_frac_slope_2000_2025,slope_mean,0.0036639083827179,18.89498919218392,0.025990035384893417,0.028656063601374626
2,b,forest_frac_slope_2000_2025,slope_mean,0.004043268155506,18.89498919218392,0.02617426961660385,0.02891310304403305
2,b,forest_frac_slope_2000_2025,slope_mean,0.004422627928294,18.89498919218392,0.02641964890062809,0.029177220538258553
2,b,forest_frac_slope_2000_2025,slope_mean,0.0048019877010821,18.89498919218392,0.02644514851272106,0.029334116727113724
2,b,forest_frac_slope_2000_2025,slope_mean,0.0051813474738702,18.89498919218392,0.02662094682455063,0.029712066054344177
2,b,forest_frac_slope_2000_2025,slope_mean,0.0055607072466582,18.89498919218392,0.02662094682455063,0.0297910887748003
2,b,forest_frac_slope_2000_2025,slope_mean,0.0059400670194463,18.89498919218392,0.026577608659863472,0.029905904084444046
2,b,forest_frac_slope_2000_2025,slope_mean,-0.0092343238920763,19.34492541480342,0.00553718488663435,-0.008653668686747551
2,b,forest_frac_slope_2000_2025,slope_mean,-0.0088549641192882,19.34492541480342,0.005829094909131527,-0.008164010010659695
2,b,forest_frac_slope_2000_2025,slope_mean,-0.0084756043465002,19.34492541480342,0.006115200463682413,-0.007379346527159214
2,b,forest_frac_slope_2000_2025,slope_mean,-0.0080962445737121,19.34492541480342,0.00682552345097065,-0.006223012693226337
2,b,forest_frac_slope_2000_2025,slope_mean,-0.007716884800924,19.34492541480342,0.007620919495820999,-0.004925514105707407
2,b,forest_frac_slope_2000_2025,slope_mean,-0.007337525028136,19.34492541480342,0.008378252387046814,-0.003985057584941387
2,b,forest_frac_slope_2000_2025,slope_mean,-0.0069581652553479,19.34492541480342,0.009054220281541348,-0.0026718913577497005
2,b,forest_frac_slope_2000_2025,slope_mean,-0.0065788054825598,19.34492541480342,0.009262743405997753,-0.0022108808625489473
2,b,forest_frac_slope_2000_2025,slope_mean,-0.0061994457097717,19.34492541480342,0.00939854420721531,-0.0015115673886612058
2,b,forest_frac_slope_2000_2025,slope_mean,-0.0058200859369837,19.34492541480342,0.010477189905941486,0.00046466270578093827
2,b,forest_frac_slope_2000_2025,slope_mean,-0.0054407261641956,19.34492541480342,0.012587718665599823,0.004376705270260572
2,b,forest_frac_slope_2000_2025,slope_mean,-0.0050613663914075,19.34492541480342,0.012580465525388718,0.004483670461922884
2,b,forest_frac_slope_2000_2025,slope_mean,-0.0046820066186195,19.34492541480342,0.01405110489577055,0.006889835931360722
2,b,forest_frac_slope_2000_2025,slope_mean,-0.0043026468458314,19.34492541480342,0.014551852829754353,0.008464469574391842
2,b,forest_frac_slope_2000_2025,slope_mean,-0.0039232870730433,19.34492541480342,0.014735424891114235,0.00905011035501957
2,b,forest_frac_slope_2000_2025,slope_mean,-0.0035439273002553,19.34492541480342,0.01526867225766182,0.010482147336006165
2,b,forest_frac_slope_2000_2025,slope_mean,-0.0031645675274672,19.34492541480342,0.01573576033115387,0.011406037025153637
2,b,forest_frac_slope_2000_2025,slope_mean,-0.0027852077546791,19.34492541480342,0.01682600937783718,0.012591741979122162
2,b,forest_frac_slope_2000_2025,slope_mean,-0.0024058479818911,19.34492541480342,0.017087096348404884,0.013241172768175602
2,b,forest_frac_slope_2000_2025,slope_mean,-0.002026488209103,19.34492541480342,0.017834564670920372,0.014554478228092194
2,b,forest_frac_slope_2000_2025,slope_mean,-0.0016471284363149,19.34492541480342,0.01833788864314556,0.015669912099838257
2,b,forest_frac_slope_2000_2025,slope_mean,-0.0012677686635269,19.34492541480342,0.019337940961122513,0.017233017832040787
2,b,forest_frac_slope_2000_2025,slope_mean,-0.0008884088907388,19.34492541480342,0.020175352692604065,0.018432725220918655
2,b,forest_frac_slope_2000_2025,slope_mean,-0.0005090491179507,19.34492541480342,0.02080676145851612,0.01956501044332981
2,b,forest_frac_slope_2000_2025,slope_mean,-0.0001296893451627,19.34492541480342,0.021562013775110245,0.02133934386074543
2,b,forest_frac_slope_2000_2025,slope_mean,0.0002496704276253,19.34492541480342,0.023578384891152382,0.024294771254062653
2,b,forest_frac_slope_2000_2025,slope_mean,0.0006290302004134,19.34492541480342,0.023897463455796242,0.02511933259665966
2,b,forest_frac_slope_2000_2025,slope_mean,0.0010083899732014,19.34492541480342,0.02448960207402706,0.026012348011136055
2,b,forest_frac_slope_2000_2025,slope_mean,0.0013877497459895,19.34492541480342,0.024718450382351875,0.026388151571154594
2,b,forest_frac_slope_2000_2025,slope_mean,0.0017671095187776,19.34492541480342,0.024794289842247963,0.026790160685777664
2,b,forest_frac_slope_2000_2025,slope_mean,0.0021464692915656,19.34492541480342,0.025252824649214745,0.027437159791588783
2,b,forest_frac_slope_2000_2025,slope_mean,0.0025258290643537,19.34492541480342,0.025403575971722603,0.027784572914242744
2,b,forest_frac_slope_2000_2025,slope_mean,0.0029051888371418,19.34492541480342,0.025818239897489548,0.028353102505207062
2,b,forest_frac_slope_2000_2025,slope_mean,0.0032845486099298,19.34492541480342,0.02602068893611431,0.02862452156841755
2,b,forest_frac_slope_2000_2025,slope_mean,0.0036639083827179,19.34492541480342,0.02602720446884632,0.028698641806840897
2,b,forest_frac_slope_2000_2025,slope_mean,0.004043268155506,19.34492541480342,0.026211440563201904,0.028955865651369095
2,b,forest_frac_slope_2000_2025,slope_mean,0.004422627928294,19.34492541480342,0.026456819847226143,0.029219795018434525
2,b,forest_frac_slope_2000_2025,slope_mean,0.0048019877010821,19.34492541480342,0.026482321321964264,0.0293758325278759
2,b,forest_frac_slope_2000_2025,slope_mean,0.0051813474738702,19.34492541480342,0.02665811777114868,0.029753118753433228
2,b,forest_frac_slope_2000_2025,slope_mean,0.0055607072466582,19.34492541480342,0.02665811777114868,0.02983141876757145
2,b,forest_frac_slope_2000_2025,slope_mean,0.0059400670194463,19.34492541480342,0.026614779606461525,0.029944365844130516
2,b,forest_frac_slope_2000_2025,slope_mean,-0.0092343238920763,19.794861637422912,0.005264509003609419,-0.009705882519483566
2,b,forest_frac_slope_2000_2025,slope_mean,-0.0088549641192882,19.794861637422912,0.005545509047806263,-0.00942075252532959
2,b,forest_frac_slope_2000_2025,slope_mean,-0.0084756043465002,19.794861637422912,0.005733621306717396,-0.008754796348512173
2,b,forest_frac_slope_2000_2025,slope_mean,-0.0080962445737121,19.794861637422912,0.006436626892536879,-0.007712893653661013
2,b,forest_frac_slope_2000_2025,slope_mean,-0.007716884800924,19.794861637422912,0.007232023868709803,-0.006398021709173918
2,b,forest_frac_slope_2000_2025,slope_mean,-0.007337525028136,19.794861637422912,0.007989355362951756,-0.005406681448221207
2,b,forest_frac_slope_2000_2025,slope_mean,-0.0069581652553479,19.794861637422912,0.008657143451273441,-0.004224191419780254
2,b,forest_frac_slope_2000_2025,slope_mean,-0.0065788054825598,19.794861637422912,0.008867727592587471,-0.00366625702008605
2,b,forest_frac_slope_2000_2025,slope_mean,-0.0061994457097717,19.794861637422912,0.009003528393805027,-0.0029479125514626503
2,b,forest_frac_slope_2000_2025,slope_mean,-0.0058200859369837,19.794861637422912,0.010082174092531204,-0.001003317884169519
2,b,forest_frac_slope_2000_2025,slope_mean,-0.0054407261641956,19.794861637422912,0.012438690289855003,0.003165893256664276
2,b,forest_frac_slope_2000_2025,slope_mean,-0.0050613663914075,19.794861637422912,0.012431435286998749,0.0032813188154250383
2,b,forest_frac_slope_2000_2025,slope_mean,-0.0046820066186195,19.794861637422912,0.01390207652002573,0.005702886264771223
2,b,forest_frac_slope_2000_2025,slope_mean,-0.0043026468458314,19.794861637422912,0.014402823522686958,0.007302145939320326
2,b,forest_frac_slope_2000_2025,slope_mean,-0.0039232870730433,19.794861637422912,0.014586394652724266,0.007913895882666111
2,b,forest_frac_slope_2000_2025,slope_mean,-0.0035439273002553,19.794861637422912,0.015119644813239574,0.00936964713037014
2,b,forest_frac_slope_2000_2025,slope_mean,-0.0031645675274672,19.794861637422912,0.015588168986141682,0.010310613550245762
2,b,forest_frac_slope_2000_2025,slope_mean,-0.0027852077546791,19.794861637422912,0.01665952242910862,0.01152668334543705
2,b,forest_frac_slope_2000_2025,slope_mean,-0.0024058479818911,19.794861637422912,0.01692255586385727,0.012206151150166988
2,b,forest_frac_slope_2000_2025,slope_mean,-0.002026488209103,19.794861637422912,0.017670022323727608,0.01356075331568718
2,b,forest_frac_slope_2000_2025,slope_mean,-0.0016471284363149,19.794861637422912,0.01818152330815792,0.014722445979714394
2,b,forest_frac_slope_2000_2025,slope_mean,-0.0012677686635269,19.794861637422912,0.019179821014404297,0.01633150689303875
2,b,forest_frac_slope_2000_2025,slope_mean,-0.0008884088907388,19.794861637422912,0.02001723274588585,0.01758464425802231
2,b,forest_frac_slope_2000_2025,slope_mean,-0.0005090491179507,19.794861637422912,0.0206480473279953,0.018813518807291985
2,b,forest_frac_slope_2000_2025,slope_mean,-0.0001296893451627,19.794861637422912,0.02140221558511257,0.020932214334607124
2,b,forest_frac_slope_2000_2025,slope_mean,0.0002496704276253,19.794861637422912,0.023402215912938118,0.023910026997327805
2,b,forest_frac_slope_2000_2025,slope_mean,0.0006290302004134,19.794861637422912,0.023721294477581978,0.024766381829977036
2,b,forest_frac_slope_2000_2025,slope_mean,0.0010083899732014,19.794861637422912,0.024332093074917793,0.025705140084028244
2,b,forest_frac_slope_2000_2025,slope_mean,0.0013877497459895,19.794861637422912,0.024560941383242607,0.026100369170308113
2,b,forest_frac_slope_2000_2025,slope_mean,0.0017671095187776,19.794861637422912,0.024637527763843536,0.026525871828198433
2,b,forest_frac_slope_2000_2025,slope_mean,0.0021464692915656,19.794861637422912,0.025096064433455467,0.02718341164290905
2,b,forest_frac_slope_2000_2025,slope_mean,0.0025258290643537,19.794861637422912,0.025247372686862946,0.027541695162653923
2,b,forest_frac_slope_2000_2025,slope_mean,0.0029051888371418,19.794861637422912,0.025661630555987358,0.028116468340158463
2,b,forest_frac_slope_2000_2025,slope_mean,0.0032845486099298,19.794861637422912,0.02586408145725727,0.028398046270012856
2,b,forest_frac_slope_2000_2025,slope_mean,0.0036639083827179,19.794861637422912,0.02587059698998928,0.028476256877183914
2,b,forest_frac_slope_2000_2025,slope_mean,0.004043268155506,19.794861637422912,0.026053491979837418,0.028744617477059364
2,b,forest_frac_slope_2000_2025,slope_mean,0.004422627928294,19.794861637422912,0.026298873126506805,0.029013967141509056
2,b,forest_frac_slope_2000_2025,slope_mean,0.0048019877010821,19.794861637422912,0.026324372738599777,0.029177552089095116
2,b,forest_frac_slope_2000_2025,slope_mean,0.0051813474738702,19.794861637422912,0.026500066742300987,0.02956307679414749
2,b,forest_frac_slope_2000_2025,slope_mean,0.0055607072466582,19.794861637422912,0.026500066742300987,0.02964634820818901
2,b,forest_frac_slope_2000_2025,slope_mean,0.0059400670194463,19.794861637422912,0.02645672857761383,0.029766496270895004
2,b,forest_frac_slope_2000_2025,slope_mean,-0.0092343238920763,20.24479786004241,0.0051854513585567474,-0.009745198301970959
2,b,forest_frac_slope_2000_2025,slope_mean,-0.0088549641192882,20.24479786004241,0.005466450937092304,-0.009459803812205791
2,b,forest_frac_slope_2000_2025,slope_mean,-0.0084756043465002,20.24479786004241,0.005654563661664724,-0.008793170563876629
2,b,forest_frac_slope_2000_2025,slope_mean,-0.0080962445737121,20.24479786004241,0.006352907046675682,-0.00775532890111208
2,b,forest_frac_slope_2000_2025,slope_mean,-0.007716884800924,20.24479786004241,0.007148302625864744,-0.006439342629164457
2,b,forest_frac_slope_2000_2025,slope_mean,-0.007337525028136,20.24479786004241,0.007905635982751846,-0.005446445196866989
2,b,forest_frac_slope_2000_2025,slope_mean,-0.0069581652553479,20.24479786004241,0.008572688326239586,-0.004260973073542118
2,b,forest_frac_slope_2000_2025,slope_mean,-0.0065788054825598,20.24479786004241,0.00877512525767088,-0.0037061891052871943
2,b,forest_frac_slope_2000_2025,slope_mean,-0.0061994457097717,20.24479786004241,0.008910926058888435,-0.0029866283293813467
2,b,forest_frac_slope_2000_2025,slope_mean,-0.0058200859369837,20.24479786004241,0.009989571757614613,-0.0010416912846267223
2,b,forest_frac_slope_2000_2025,slope_mean,-0.0054407261641956,20.24479786004241,0.01228715293109417,0.0030692240688949823
2,b,forest_frac_slope_2000_2025,slope_mean,-0.0050613663914075,20.24479786004241,0.01227579079568386,0.0031804093159735203
2,b,forest_frac_slope_2000_2025,slope_mean,-0.0046820066186195,20.24479786004241,0.013726781122386456,0.0055834101513028145
2,b,forest_frac_slope_2000_2025,slope_mean,-0.0043026468458314,20.24479786004241,0.014227323234081268,0.007182529661804438
2,b,forest_frac_slope_2000_2025,slope_mean,-0.0039232870730433,20.24479786004241,0.014410896226763725,0.0077934241853654385
2,b,forest_frac_slope_2000_2025,slope_mean,-0.0035439273002553,20.24479786004241,0.014940139837563038,0.009230208583176136
2,b,forest_frac_slope_2000_2025,slope_mean,-0.0031645675274672,20.24479786004241,0.015410022810101509,0.010170124471187592
2,b,forest_frac_slope_2000_2025,slope_mean,-0.0027852077546791,20.24479786004241,0.016531795263290405,0.01143457181751728
2,b,forest_frac_slope_2000_2025,slope_mean,-0.0024058479818911,20.24479786004241,0.016795266419649124,0.012113433331251144
2,b,forest_frac_slope_2000_2025,slope_mean,-0.002026488209103,20.24479786004241,0.01754273660480976,0.013495827093720436
2,b,forest_frac_slope_2000_2025,slope_mean,-0.0016471284363149,20.24479786004241,0.018010735511779785,0.014606869779527187
2,b,forest_frac_slope_2000_2025,slope_mean,-0.0012677686635269,20.24479786004241,0.018878072500228882,0.01608659327030182
2,b,forest_frac_slope_2000_2025,slope_mean,-0.0008884088907388,20.24479786004241,0.019643597304821014,0.01721937581896782
2,b,forest_frac_slope_2000_2025,slope_mean,-0.0005090491179507,20.24479786004241,0.02023860067129135,0.018393754959106445
2,b,forest_frac_slope_2000_2025,slope_mean,-0.0001296893451627,20.24479786004241,0.020866746082901955,0.020381705835461617
2,b,forest_frac_slope_2000_2025,slope_mean,0.0002496704276253,20.24479786004241,0.02313511073589325,0.023648180067539215
2,b,forest_frac_slope_2000_2025,slope_mean,0.0006290302004134,20.24479786004241,0.02345537766814232,0.024490920826792717
2,b,forest_frac_slope_2000_2025,slope_mean,0.0010083899732014,20.24479786004241,0.024084866046905518,0.02545170858502388
2,b,forest_frac_slope_2000_2025,slope_mean,0.0013877497459895,20.24479786004241,0.024336419999599457,0.02587904967367649
2,b,forest_frac_slope_2000_2025,slope_mean,0.0017671095187776,20.24479786004241,0.024413010105490685,0.026311594992876053
2,b,forest_frac_slope_2000_2025,slope_mean,0.0021464692915656,20.24479786004241,0.024871543049812317,0.026972662657499313
2,b,forest_frac_slope_2000_2025,slope_mean,0.0025258290643537,20.24479786004241,0.02502235770225525,0.02733203023672104
2,b,forest_frac_slope_2000_2025,slope_mean,0.0029051888371418,20.24479786004241,0.02543661743402481,0.027906229719519615
2,b,forest_frac_slope_2000_2025,slope_mean,0.0032845486099298,20.24479786004241,0.025639068335294724,0.028185609728097916
2,b,forest_frac_slope_2000_2025,slope_mean,0.0036639083827179,20.24479786004241,0.025645580142736435,0.02826404571533203
2,b,forest_frac_slope_2000_2025,slope_mean,0.004043268155506,20.24479786004241,0.02582847699522972,0.028530795127153397
2,b,forest_frac_slope_2000_2025,slope_mean,0.004422627928294,20.24479786004241,0.026073860004544258,0.02879897505044937
2,b,forest_frac_slope_2000_2025,slope_mean,0.0048019877010821,20.24479786004241,0.02609935775399208,0.0289621539413929
2,b,forest_frac_slope_2000_2025,slope_mean,0.0051813474738702,20.24479786004241,0.02627505175769329,0.029347356408834457
2,b,forest_frac_slope_2000_2025,slope_mean,0.0055607072466582,20.24479786004241,0.02627505175769329,0.029430069029331207
2,b,forest_frac_slope_2000_2025,slope_mean,0.0059400670194463,20.24479786004241,0.026231711730360985,0.029550520703196526
2,b,forest_frac_slope_2000_2025,slope_mean,-0.0092343238920763,20.694734082661903,0.004769071936607361,-0.01004777941852808
2,b,forest_frac_slope_2000_2025,slope_mean,-0.0088549641192882,20.694734082661903,0.005050071980804205,-0.009764379821717739
2,b,forest_frac_slope_2000_2025,slope_mean,-0.0084756043465002,20.694734082661903,0.005238184239715338,-0.009100839495658875
2,b,forest_frac_slope_2000_2025,slope_mean,-0.0080962445737121,20.694734082661903,0.0059365276247262955,-0.008065246976912022
2,b,forest_frac_slope_2000_2025,slope_mean,-0.007716884800924,20.694734082661903,0.006731923203915358,-0.006750799715518951
2,b,forest_frac_slope_2000_2025,slope_mean,-0.007337525028136,20.694734082661903,0.007489256095141172,-0.005759418476372957
2,b,forest_frac_slope_2000_2025,slope_mean,-0.0069581652553479,20.694734082661903,0.008156307972967625,-0.004575675819069147
2,b,forest_frac_slope_2000_2025,slope_mean,-0.0065788054825598,20.694734082661903,0.008358745835721493,-0.0040222094394266605
2,b,forest_frac_slope_2000_2025,slope_mean,-0.0061994457097717,20.694734082661903,0.008494545705616474,-0.0033049387857317924
2,b,forest_frac_slope_2000_2025,slope_mean,-0.0058200859369837,20.694734082661903,0.009573191404342651,-0.001361998962238431
2,b,forest_frac_slope_2000_2025,slope_mean,-0.0054407261641956,20.694734082661903,0.011774569749832153,0.002650237875059247
2,b,forest_frac_slope_2000_2025,slope_mean,-0.0050613663914075,20.694734082661903,0.01176320668309927,0.002759088994935155
2,b,forest_frac_slope_2000_2025,slope_mean,-0.0046820066186195,20.694734082661903,0.013214195147156715,0.005160403437912464
2,b,forest_frac_slope_2000_2025,slope_mean,-0.0043026468458314,20.694734082661903,0.013714157976210117,0.00675611337646842
2,b,forest_frac_slope_2000_2025,slope_mean,-0.0039232870730433,20.694734082661903,0.013897729106247425,0.007364566437900066
2,b,forest_frac_slope_2000_2025,slope_mean,-0.0035439273002553,20.694734082661903,0.014649924822151661,0.008915286511182785
2,b,forest_frac_slope_2000_2025,slope_mean,-0.0031645675274672,20.694734082661903,0.015150918625295162,0.009887531399726868
2,b,forest_frac_slope_2000_2025,slope_mean,-0.0027852077546791,20.694734082661903,0.01641497202217579,0.011290273629128933
2,b,forest_frac_slope_2000_2025,slope_mean,-0.0024058479818911,20.694734082661903,0.016678446903824806,0.011987293139100075
2,b,forest_frac_slope_2000_2025,slope_mean,-0.002026488209103,20.694734082661903,0.017425915226340294,0.013380774296820164
2,b,forest_frac_slope_2000_2025,slope_mean,-0.0016471284363149,20.694734082661903,0.017893914133310318,0.014494790695607662
2,b,forest_frac_slope_2000_2025,slope_mean,-0.0012677686635269,20.694734082661903,0.01875988394021988,0.015976769849658012
2,b,forest_frac_slope_2000_2025,slope_mean,-0.0008884088907388,20.694734082661903,0.019509967416524887,0.01710004173219204
2,b,forest_frac_slope_2000_2025,slope_mean,-0.0005090491179507,20.694734082661903,0.02010510116815567,0.018276551738381386
2,b,forest_frac_slope_2000_2025,slope_mean,-0.0001296893451627,20.694734082661903,0.020727412775158882,0.02025919407606125
2,b,forest_frac_slope_2000_2025,slope_mean,0.0002496704276253,20.694734082661903,0.02287614904344082,0.023401211947202682
2,b,forest_frac_slope_2000_2025,slope_mean,0.0006290302004134,20.694734082661903,0.02319641411304474,0.024248605594038963
2,b,forest_frac_slope_2000_2025,slope_mean,0.0010083899732014,20.694734082661903,0.023829370737075806,0.02522512525320053
2,b,forest_frac_slope_2000_2025,slope_mean,0.0013877497459895,20.694734082661903,0.024080924689769745,0.025659698992967606
2,b,forest_frac_slope_2000_2025,slope_mean,0.0017671095187776,20.694734082661903,0.024157512933015823,0.026104751974344254
2,b,forest_frac_slope_2000_2025,slope_mean,0.0021464692915656,20.694734082661903,0.02465182915329933,0.02680797502398491
2,b,forest_frac_slope_2000_2025,slope_mean,0.0025258290643537,20.694734082661903,0.024801798164844513,0.027169115841388702
2,b,forest_frac_slope_2000_2025,slope_mean,0.0029051888371418,20.694734082661903,0.025216054171323776,0.02774464525282383
2,b,forest_frac_slope_2000_2025,slope_mean,0.0032845486099298,20.694734082661903,0.025418506935238838,0.028024183586239815
2,b,forest_frac_slope_2000_2025,slope_mean,0.0036639083827179,20.694734082661903,0.02542501874268055,0.028102977201342583
2,b,forest_frac_slope_2000_2025,slope_mean,0.004043268155506,20.694734082661903,0.025607915595173836,0.028369760140776634
2,b,forest_frac_slope_2000_2025,slope_mean,0.004422627928294,20.694734082661903,0.025853296741843224,0.028637707233428955
2,b,forest_frac_slope_2000_2025,slope_mean,0.0048019877010821,20.694734082661903,0.025878796353936195,0.028801122680306435
2,b,forest_frac_slope_2000_2025,slope_mean,0.0051813474738702,20.694734082661903,0.026054490357637405,0.029186299070715904
2,b,forest_frac_slope_2000_2025,slope_mean,0.0055607072466582,20.694734082661903,0.026054490357637405,0.029269389808177948
2,b,forest_frac_slope_2000_2025,slope_mean,0.0059400670194463,20.694734082661903,0.02601115219295025,0.029389971867203712
2,b,forest_frac_slope_2000_2025,slope_mean,-0.0092343238920763,21.1446703052814,0.004759522154927254,-0.010043452493846416
2,b,forest_frac_slope_2000_2025,slope_mean,-0.0088549641192882,21.1446703052814,0.005040522199124098,-0.009760190732777119
2,b,forest_frac_slope_2000_2025,slope_mean,-0.0084756043465002,21.1446703052814,0.005228634458035231,-0.009096779860556126
2,b,forest_frac_slope_2000_2025,slope_mean,-0.0080962445737121,21.1446703052814,0.005926978308707476,-0.008061379194259644
2,b,forest_frac_slope_2000_2025,slope_mean,-0.007716884800924,21.1446703052814,0.006666533183306456,-0.006802786141633987
2,b,forest_frac_slope_2000_2025,slope_mean,-0.007337525028136,21.1446703052814,0.007423208560794592,-0.005812430288642645
2,b,forest_frac_slope_2000_2025,slope_mean,-0.0069581652553479,21.1446703052814,0.008090260438621044,-0.004629387985914946
2,b,forest_frac_slope_2000_2025,slope_mean,-0.0065788054825598,21.1446703052814,0.00825442187488079,-0.004115196410566568
2,b,forest_frac_slope_2000_2025,slope_mean,-0.0061994457097717,21.1446703052814,0.008390222676098347,-0.0034034932032227516
2,b,forest_frac_slope_2000_2025,slope_mean,-0.0058200859369837,21.1446703052814,0.00946886744350195,-0.0014895766507834196
2,b,forest_frac_slope_2000_2025,slope_mean,-0.0054407261641956,21.1446703052814,0.011670245788991451,0.002517309272661805
2,b,forest_frac_slope_2000_2025,slope_mean,-0.0050613663914075,21.1446703052814,0.011658882722258568,0.002623446751385927
2,b,forest_frac_slope_2000_2025,slope_mean,-0.0046820066186195,21.1446703052814,0.013109872117638588,0.0050249481573700905
2,b,forest_frac_slope_2000_2025,slope_mean,-0.0043026468458314,21.1446703052814,0.013609832152724266,0.0066205598413944244
2,b,forest_frac_slope_2000_2025,slope_mean,-0.0039232870730433,21.1446703052814,0.013794012367725372,0.007231995929032564
2,b,forest_frac_slope_2000_2025,slope_mean,-0.0035439273002553,21.1446703052814,0.014546823687851429,0.008784190751612186
2,b,forest_frac_slope_2000_2025,slope_mean,-0.0031645675274672,21.1446703052814,0.015141935087740421,0.009850203059613705
2,b,forest_frac_slope_2000_2025,slope_mean,-0.0027852077546791,21.1446703052814,0.016405988484621048,0.0112539017572999
2,b,forest_frac_slope_2000_2025,slope_mean,-0.0024058479818911,21.1446703052814,0.016669463366270065,0.01195010170340538
2,b,forest_frac_slope_2000_2025,slope_mean,-0.002026488209103,21.1446703052814,0.017416931688785553,0.013342374004423618
2,b,forest_frac_slope_2000_2025,slope_mean,-0.0016471284363149,21.1446703052814,0.017884932458400726,0.014456121250987053
2,b,forest_frac_slope_2000_2025,slope_mean,-0.0012677686635269,21.1446703052814,0.018750900402665138,0.01593865640461445
2,b,forest_frac_slope_2000_2025,slope_mean,-0.0008884088907388,21.1446703052814,0.01949792541563511,0.017060536891222
2,b,forest_frac_slope_2000_2025,slope_mean,-0.0005090491179507,21.1446703052814,0.02009306102991104,0.01823904924094677
2,b,forest_frac_slope_2000_2025,slope_mean,-0.0001296893451627,21.1446703052814,0.020715372636914253,0.020233821123838425
2,b,forest_frac_slope_2000_2025,slope_mean,0.0002496704276253,21.1446703052814,0.02285671792924404,0.02334815450012684
2,b,forest_frac_slope_2000_2025,slope_mean,0.0006290302004134,21.1446703052814,0.023176046088337898,0.024190640076994896
2,b,forest_frac_slope_2000_2025,slope_mean,0.0010083899732014,21.1446703052814,0.023809676989912987,0.025166017934679985
2,b,forest_frac_slope_2000_2025,slope_mean,0.0013877497459895,21.1446703052814,0.024061230942606926,0.025599507614970207
2,b,forest_frac_slope_2000_2025,slope_mean,0.0017671095187776,21.1446703052814,0.024137817323207855,0.026043880730867386
2,b,forest_frac_slope_2000_2025,slope_mean,0.0021464692915656,21.1446703052814,0.024632342159748077,0.02674746885895729
2,b,forest_frac_slope_2000_2025,slope_mean,0.0025258290643537,21.1446703052814,0.02478230744600296,0.02710835449397564
2,b,forest_frac_slope_2000_2025,slope_mean,0.0029051888371418,21.1446703052814,0.025196567177772522,0.027683554217219353
2,b,forest_frac_slope_2000_2025,slope_mean,0.0032845486099298,21.1446703052814,0.025399018079042435,0.027962910011410713
2,b,forest_frac_slope_2000_2025,slope_mean,0.0036639083827179,21.1446703052814,0.025405531749129295,0.028041845187544823
2,b,forest_frac_slope_2000_2025,slope_mean,0.004043268155506,21.1446703052814,0.025588756427168846,0.028308646753430367
2,b,forest_frac_slope_2000_2025,slope_mean,0.004422627928294,21.1446703052814,0.025834137573838234,0.028576845303177834
2,b,forest_frac_slope_2000_2025,slope_mean,0.0048019877010821,21.1446703052814,0.025859639048576355,0.02874029241502285
2,b,forest_frac_slope_2000_2025,slope_mean,0.0051813474738702,21.1446703052814,0.026035331189632416,0.029125727713108063
2,b,forest_frac_slope_2000_2025,slope_mean,0.0055607072466582,21.1446703052814,0.026035331189632416,0.02920921891927719
2,b,forest_frac_slope_2000_2025,slope_mean,0.0059400670194463,21.1446703052814,0.02599199302494526,0.02933027595281601
2,b,forest_frac_slope_2000_2025,slope_mean,-0.0092343238920763,21.5946065279009,0.004670079331845045,-0.010074405930936337
2,b,forest_frac_slope_2000_2025,slope_mean,-0.0088549641192882,21.5946065279009,0.0049510798417031765,-0.009791930206120014
2,b,forest_frac_slope_2000_2025,slope_mean,-0.0084756043465002,21.5946065279009,0.005139192100614309,-0.009130372665822506
2,b,forest_frac_slope_2000_2025,slope_mean,-0.0080962445737121,21.5946065279009,0.00583753501996398,-0.008097345009446144
2,b,forest_frac_slope_2000_2025,slope_mean,-0.007716884800924,21.5946065279009,0.00657708989456296,-0.006840833928436041
2,b,forest_frac_slope_2000_2025,slope_mean,-0.007337525028136,21.5946065279009,0.00730041041970253,-0.005878927651792765
2,b,forest_frac_slope_2000_2025,slope_mean,-0.0069581652553479,21.5946065279009,0.007946803234517574,-0.004717102739959955
2,b,forest_frac_slope_2000_2025,slope_mean,-0.0065788054825598,21.5946065279009,0.008113863877952099,-0.004217008128762245
2,b,forest_frac_slope_2000_2025,slope_mean,-0.0061994457097717,21.5946065279009,0.008249664679169655,-0.0035081093665212393
2,b,forest_frac_slope_2000_2025,slope_mean,-0.0058200859369837,21.5946065279009,0.009328181855380535,-0.0015965799102559686
2,b,forest_frac_slope_2000_2025,slope_mean,-0.0054407261641956,21.5946065279009,0.011529559269547462,0.0024074609391391277
2,b,forest_frac_slope_2000_2025,slope_mean,-0.0050613663914075,21.5946065279009,0.011517875827848911,0.0025125539395958185
2,b,forest_frac_slope_2000_2025,slope_mean,-0.0046820066186195,21.5946065279009,0.012968864291906357,0.004912481643259525
2,b,forest_frac_slope_2000_2025,slope_mean,-0.0043026468458314,21.5946065279009,0.013469306752085686,0.006507143843919039
2,b,forest_frac_slope_2000_2025,slope_mean,-0.0039232870730433,21.5946065279009,0.013653485104441643,0.007117775268852711
2,b,forest_frac_slope_2000_2025,slope_mean,-0.0035439273002553,21.5946065279009,0.01437134575098753,0.008652343414723873
2,b,forest_frac_slope_2000_2025,slope_mean,-0.0031645675274672,21.5946065279009,0.014966456219553947,0.0097164586186409
2,b,forest_frac_slope_2000_2025,slope_mean,-0.0027852077546791,21.5946065279009,0.016254287213087082,0.011141855269670486
2,b,forest_frac_slope_2000_2025,slope_mean,-0.0024058479818911,21.5946065279009,0.016504770144820213,0.01182246021926403
2,b,forest_frac_slope_2000_2025,slope_mean,-0.002026488209103,21.5946065279009,0.01721675880253315,0.013159248046576977
2,b,forest_frac_slope_2000_2025,slope_mean,-0.0016471284363149,21.5946065279009,0.01777326688170433,0.01433547679334879
2,b,forest_frac_slope_2000_2025,slope_mean,-0.0012677686635269,21.5946065279009,0.01863923668861389,0.015816207975149155
2,b,forest_frac_slope_2000_2025,slope_mean,-0.0008884088907388,21.5946065279009,0.01938103325664997,0.016936255618929863
2,b,forest_frac_slope_2000_2025,slope_mean,-0.0005090491179507,21.5946065279009,0.019949322566390038,0.01808841899037361
2,b,forest_frac_slope_2000_2025,slope_mean,-0.0001296893451627,21.5946065279009,0.02055700495839119,0.020072050392627716
2,b,forest_frac_slope_2000_2025,slope_mean,0.0002496704276253,21.5946065279009,0.022825224325060844,0.023321475833654404
2,b,forest_frac_slope_2000_2025,slope_mean,0.0006290302004134,21.5946065279009,0.02314455434679985,0.024172255769371986
2,b,forest_frac_slope_2000_2025,slope_mean,0.0010083899732014,21.5946065279009,0.02377759851515293,0.025150835514068604
2,b,forest_frac_slope_2000_2025,slope_mean,0.0013877497459895,21.5946065279009,0.024027373641729355,0.02558724209666252
2,b,forest_frac_slope_2000_2025,slope_mean,0.0017671095187776,21.5946065279009,0.024103960022330284,0.02603314071893692
2,b,forest_frac_slope_2000_2025,slope_mean,0.0021464692915656,21.5946065279009,0.024598484858870506,0.026738204061985016
2,b,forest_frac_slope_2000_2025,slope_mean,0.0025258290643537,21.5946065279009,0.02474845014512539,0.027098998427391052
2,b,forest_frac_slope_2000_2025,slope_mean,0.0029051888371418,21.5946065279009,0.02516375109553337,0.027675364166498184
2,b,forest_frac_slope_2000_2025,slope_mean,0.0032845486099298,21.5946065279009,0.02536632865667343,0.02795524336397648
2,b,forest_frac_slope_2000_2025,slope_mean,0.0036639083827179,21.5946065279009,0.02537284418940544,0.0280345156788826
2,b,forest_frac_slope_2000_2025,slope_mean,0.004043268155506,21.5946065279009,0.02555607073009014,0.02830159105360508
2,b,forest_frac_slope_2000_2025,slope_mean,0.004422627928294,21.5946065279009,0.02580145001411438,0.028569882735610008
2,b,forest_frac_slope_2000_2025,slope_mean,0.0048019877010821,21.5946065279009,0.02582694962620735,0.028733324259519577
2,b,forest_frac_slope_2000_2025,slope_mean,0.0051813474738702,21.5946065279009,0.02600264362990856,0.029118988662958145
2,b,forest_frac_slope_2000_2025,slope_mean,0.0055607072466582,21.5946065279009,0.02600264362990856,0.02920275367796421
2,b,forest_frac_slope_2000_2025,slope_mean,0.0059400670194463,21.5946065279009,0.025959305465221405,0.02932380698621273
2,b,forest_frac_slope_2000_2025,slope_mean,-0.0092343238920763,22.044542750520392,0.0044252206571400166,-0.010292962193489075
2,b,forest_frac_slope_2000_2025,slope_mean,-0.0088549641192882,22.044542750520392,0.004706220701336861,-0.010011419653892517
2,b,forest_frac_slope_2000_2025,slope_mean,-0.0084756043465002,22.044542750520392,0.0048943329602479935,-0.009351114742457867
2,b,forest_frac_slope_2000_2025,slope_mean,-0.0080962445737121,22.044542750520392,0.005602934397757053,-0.008308181539177895
2,b,forest_frac_slope_2000_2025,slope_mean,-0.007716884800924,22.044542750520392,0.006342488806694746,-0.007053378503769636
2,b,forest_frac_slope_2000_2025,slope_mean,-0.007337525028136,22.044542750520392,0.007065808866173029,-0.006092721596360207
2,b,forest_frac_slope_2000_2025,slope_mean,-0.0069581652553479,22.044542750520392,0.007712202146649361,-0.004932238254696131
2,b,forest_frac_slope_2000_2025,slope_mean,-0.0065788054825598,22.044542750520392,0.007870408706367016,-0.004442908801138401
2,b,forest_frac_slope_2000_2025,slope_mean,-0.0061994457097717,22.044542750520392,0.008006208576261997,-0.003734798403456807
2,b,forest_frac_slope_2000_2025,slope_mean,-0.0058200859369837,22.044542750520392,0.009084726683795452,-0.0018240805948153138
2,b,forest_frac_slope_2000_2025,slope_mean,-0.0054407261641956,22.044542750520392,0.01128610409796238,0.0021796466317027807
2,b,forest_frac_slope_2000_2025,slope_mean,-0.0050613663914075,22.044542750520392,0.011274420656263828,0.0022845580242574215
2,b,forest_frac_slope_2000_2025,slope_mean,-0.0046820066186195,22.044542750520392,0.012725410051643848,0.004684901796281338
2,b,forest_frac_slope_2000_2025,slope_mean,-0.0043026468458314,22.044542750520392,0.013224923983216286,0.0062827616930007935
2,b,forest_frac_slope_2000_2025,slope_mean,-0.0039232870730433,22.044542750520392,0.013399596326053143,0.006913404446095228
2,b,forest_frac_slope_2000_2025,slope_mean,-0.0035439273002553,22.044542750520392,0.014098148792982101,0.008432547561824322
2,b,forest_frac_slope_2000_2025,slope_mean,-0.0031645675274672,22.044542750520392,0.014692201279103756,0.009496983140707016
2,b,forest_frac_slope_2000_2025,slope_mean,-0.0027852077546791,22.044542750520392,0.015977026894688606,0.010919688269495964
2,b,forest_frac_slope_2000_2025,slope_mean,-0.0024058479818911,22.044542750520392,0.01622750610113144,0.011596794240176678
2,b,forest_frac_slope_2000_2025,slope_mean,-0.002026488209103,22.044542750520392,0.016937807202339172,0.012927185744047165
2,b,forest_frac_slope_2000_2025,slope_mean,-0.0016471284363149,22.044542750520392,0.017494315281510353,0.014102315530180931
2,b,forest_frac_slope_2000_2025,slope_mean,-0.0012677686635269,22.044542750520392,0.01836012490093708,0.015579480677843094
2,b,forest_frac_slope_2000_2025,slope_mean,-0.0008884088907388,22.044542750520392,0.019092056900262833,0.016686642542481422
2,b,forest_frac_slope_2000_2025,slope_mean,-0.0005090491179507,22.044542750520392,0.019656136631965637,0.017831861972808838
2,b,forest_frac_slope_2000_2025,slope_mean,-0.0001296893451627,22.044542750520392,0.020268727093935013,0.0197890792042017
2,b,forest_frac_slope_2000_2025,slope_mean,0.0002496704276253,22.044542750520392,0.022512763738632202,0.023004859685897827
2,b,forest_frac_slope_2000_2025,slope_mean,0.0006290302004134,22.044542750520392,0.02284330688416958,0.0238577201962471
2,b,forest_frac_slope_2000_2025,slope_mean,0.0010083899732014,22.044542750520392,0.023541510105133057,0.024899454787373543
2,b,forest_frac_slope_2000_2025,slope_mean,0.0013877497459895,22.044542750520392,0.02379128336906433,0.025335298851132393
2,b,forest_frac_slope_2000_2025,slope_mean,0.0017671095187776,22.044542750520392,0.02386787161231041,0.02577883005142212
2,b,forest_frac_slope_2000_2025,slope_mean,0.0021464692915656,22.044542750520392,0.024362394586205482,0.026484282687306404
2,b,forest_frac_slope_2000_2025,slope_mean,0.0025258290643537,22.044542750520392,0.024512359872460365,0.026844749227166176
2,b,forest_frac_slope_2000_2025,slope_mean,0.0029051888371418,22.044542750520392,0.024930959567427635,0.027424221858382225
2,b,forest_frac_slope_2000_2025,slope_mean,0.0032845486099298,22.044542750520392,0.025127824395895004,0.027698075398802757
2,b,forest_frac_slope_2000_2025,slope_mean,0.0036639083827179,22.044542750520392,0.025134338065981865,0.0277776587754488
2,b,forest_frac_slope_2000_2025,slope_mean,0.004043268155506,22.044542750520392,0.025317564606666565,0.02804485708475113
2,b,forest_frac_slope_2000_2025,slope_mean,0.004422627928294,22.044542750520392,0.025562943890690804,0.028313804417848587
2,b,forest_frac_slope_2000_2025,slope_mean,0.0048019877010821,22.044542750520392,0.025588441640138626,0.028477340936660767
2,b,forest_frac_slope_2000_2025,slope_mean,0.0051813474738702,22.044542750520392,0.025764137506484985,0.028862763196229935
2,b,forest_frac_slope_2000_2025,slope_mean,0.0055607072466582,22.044542750520392,0.025764137506484985,0.028946781530976295
2,b,forest_frac_slope_2000_2025,slope_mean,0.0059400670194463,22.044542750520392,0.02572079747915268,0.029069023206830025
2,b,forest_frac_slope_2000_2025,slope_mean,-0.0092343238920763,22.49447897313989,0.00439763069152832,-0.01044522039592266
2,b,forest_frac_slope_2000_2025,slope_mean,-0.0088549641192882,22.49447897313989,0.00467862980440259,-0.01016338262706995
2,b,forest_frac_slope_2000_2025,slope_mean,-0.0084756043465002,22.49447897313989,0.004866742994636297,-0.009502715431153774
2,b,forest_frac_slope_2000_2025,slope_mean,-0.0080962445737121,22.49447897313989,0.00557534396648407,-0.00845977570861578
2,b,forest_frac_slope_2000_2025,slope_mean,-0.007716884800924,22.49447897313989,0.006314899306744337,-0.00720507325604558
2,b,forest_frac_slope_2000_2025,slope_mean,-0.007337525028136,22.49447897313989,0.007038218900561333,-0.006243991199880838
2,b,forest_frac_slope_2000_2025,slope_mean,-0.0069581652553479,22.49447897313989,0.007684612181037664,-0.005083066876977682
2,b,forest_frac_slope_2000_2025,slope_mean,-0.0065788054825598,22.49447897313989,0.007842819206416607,-0.004594120196998119
2,b,forest_frac_slope_2000_2025,slope_mean,-0.0061994457097717,22.49447897313989,0.007978619076311588,-0.0038867283146828413
2,b,forest_frac_slope_2000_2025,slope_mean,-0.0058200859369837,22.49447897313989,0.009057136252522469,-0.0019757079426199198
2,b,forest_frac_slope_2000_2025,slope_mean,-0.0054407261641956,22.49447897313989,0.011257597245275974,0.0020222377497702837
2,b,forest_frac_slope_2000_2025,slope_mean,-0.0050613663914075,22.49447897313989,0.011245914734899998,0.002128684427589178
2,b,forest_frac_slope_2000_2025,slope_mean,-0.0046820066186195,22.49447897313989,0.012694865465164185,0.004528464283794165
2,b,forest_frac_slope_2000_2025,slope_mean,-0.0043026468458314,22.49447897313989,0.013198202475905418,0.006131382193416357
2,b,forest_frac_slope_2000_2025,slope_mean,-0.0039232870730433,22.49447897313989,0.0133728738874197,0.006763362791389227
2,b,forest_frac_slope_2000_2025,slope_mean,-0.0035439273002553,22.49447897313989,0.014071429148316383,0.008284247480332851
2,b,forest_frac_slope_2000_2025,slope_mean,-0.0031645675274672,22.49447897313989,0.014654353260993958,0.009334415197372437
2,b,forest_frac_slope_2000_2025,slope_mean,-0.0027852077546791,22.49447897313989,0.015927288681268692,0.01074501033872366
2,b,forest_frac_slope_2000_2025,slope_mean,-0.0024058479818911,22.49447897313989,0.016177771613001823,0.011422894895076752
2,b,forest_frac_slope_2000_2025,slope_mean,-0.002026488209103,22.49447897313989,0.016888070851564407,0.01275473553687334
2,b,forest_frac_slope_2000_2025,slope_mean,-0.0016471284363149,22.49447897313989,0.017442097887396812,0.013930664397776127
2,b,forest_frac_slope_2000_2025,slope_mean,-0.0012677686635269,22.49447897313989,0.018308792263269424,0.015415609814226627
2,b,forest_frac_slope_2000_2025,slope_mean,-0.0008884088907388,22.49447897313989,0.01903517171740532,0.016521165147423744
2,b,forest_frac_slope_2000_2025,slope_mean,-0.0005090491179507,22.49447897313989,0.01958641968667507,0.01766560599207878
2,b,forest_frac_slope_2000_2025,slope_mean,-0.0001296893451627,22.49447897313989,0.02019520103931427,0.01962362229824066
2,b,forest_frac_slope_2000_2025,slope_mean,0.0002496704276253,22.49447897313989,0.022450614720582962,0.02291666902601719
2,b,forest_frac_slope_2000_2025,slope_mean,0.0006290302004134,22.49447897313989,0.022781159728765488,0.023770684376358986
2,b,forest_frac_slope_2000_2025,slope_mean,0.0010083899732014,22.49447897313989,0.023479359224438667,0.024812597781419754
2,b,forest_frac_slope_2000_2025,slope_mean,0.0013877497459895,22.49447897313989,0.02372913435101509,0.025247497484087944
2,b,forest_frac_slope_2000_2025,slope_mean,0.0017671095187776,22.49447897313989,0.02380572073161602,0.025689495727419853
2,b,forest_frac_slope_2000_2025,slope_mean,0.0021464692915656,22.49447897313989,0.024299735203385353,0.0263924952596426
2,b,forest_frac_slope_2000_2025,slope_mean,0.0025258290643537,22.49447897313989,0.024449586868286133,0.02673107199370861
2,b,forest_frac_slope_2000_2025,slope_mean,0.0029051888371418,22.49447897313989,0.02484850399196148,0.02728959359228611
2,b,forest_frac_slope_2000_2025,slope_mean,0.0032845486099298,22.49447897313989,0.02504536509513855,0.027561979368329048
2,b,forest_frac_slope_2000_2025,slope_mean,0.0036639083827179,22.49447897313989,0.02505188062787056,0.027641205117106438
2,b,forest_frac_slope_2000_2025,slope_mean,0.004043268155506,22.49447897313989,0.02523510530591011,0.027906853705644608
2,b,forest_frac_slope_2000_2025,slope_mean,0.004422627928294,22.49447897313989,0.0254804864525795,0.02817639335989952
2,b,forest_frac_slope_2000_2025,slope_mean,0.0048019877010821,22.49447897313989,0.02550598420202732,0.028339391574263573
2,b,forest_frac_slope_2000_2025,slope_mean,0.0051813474738702,22.49447897313989,0.02568226493895054,0.028724804520606995
2,b,forest_frac_slope_2000_2025,slope_mean,0.0055607072466582,22.49447897313989,0.02568226493895054,0.028808467090129852
2,b,forest_frac_slope_2000_2025,slope_mean,0.0059400670194463,22.49447897313989,0.025638926774263382,0.028930537402629852
2,b,forest_frac_slope_2000_2025,slope_mean,-0.0092343238920763,22.944415195759383,0.004518116824328899,-0.01027707289904356
2,b,forest_frac_slope_2000_2025,slope_mean,-0.0088549641192882,22.944415195759383,0.004799116402864456,-0.0099927494302392
2,b,forest_frac_slope_2000_2025,slope_mean,-0.0084756043465002,22.944415195759383,0.004987229127436876,-0.009332757443189621
2,b,forest_frac_slope_2000_2025,slope_mean,-0.0080962445737121,22.944415195759383,0.005695830099284649,-0.008291071280837059
2,b,forest_frac_slope_2000_2025,slope_mean,-0.007716884800924,22.944415195759383,0.006435385439544916,-0.007036928553134203
2,b,forest_frac_slope_2000_2025,slope_mean,-0.007337525028136,22.944415195759383,0.007158705499023199,-0.00607710937038064
2,b,forest_frac_slope_2000_2025,slope_mean,-0.0069581652553479,22.944415195759383,0.007805097848176956,-0.004916771315038204
2,b,forest_frac_slope_2000_2025,slope_mean,-0.0065788054825598,22.944415195759383,0.007963305339217186,-0.004428443498909473
2,b,forest_frac_slope_2000_2025,slope_mean,-0.0061994457097717,22.944415195759383,0.008099104277789593,-0.0037204972468316555
2,b,forest_frac_slope_2000_2025,slope_mean,-0.0058200859369837,22.944415195759383,0.009177622385323048,-0.0018108473159372807
2,b,forest_frac_slope_2000_2025,slope_mean,-0.0054407261641956,22.944415195759383,0.011378084309399128,0.002186012687161565
2,b,forest_frac_slope_2000_2025,slope_mean,-0.0050613663914075,22.944415195759383,0.011366400867700577,0.0022912067361176014
2,b,forest_frac_slope_2000_2025,slope_mean,-0.0046820066186195,22.944415195759383,0.012815351597964764,0.004689671099185944
2,b,forest_frac_slope_2000_2025,slope_mean,-0.0043026468458314,22.944415195759383,0.013303892686963081,0.00627689715474844
2,b,forest_frac_slope_2000_2025,slope_mean,-0.0039232870730433,22.944415195759383,0.013478565029799938,0.006906478200107813
2,b,forest_frac_slope_2000_2025,slope_mean,-0.0035439273002553,22.944415195759383,0.014177119359374046,0.008429281413555145
2,b,forest_frac_slope_2000_2025,slope_mean,-0.0031645675274672,22.944415195759383,0.014760044403374195,0.009478862397372723
2,b,forest_frac_slope_2000_2025,slope_mean,-0.0027852077546791,22.944415195759383,0.01603246107697487,0.010887015610933304
2,b,forest_frac_slope_2000_2025,slope_mean,-0.0024058479818911,22.944415195759383,0.016283215954899788,0.01156404335051775
2,b,forest_frac_slope_2000_2025,slope_mean,-0.002026488209103,22.944415195759383,0.01699351705610752,0.012885293923318386
2,b,forest_frac_slope_2000_2025,slope_mean,-0.0016471284363149,22.944415195759383,0.017547544091939926,0.014056631363928318
2,b,forest_frac_slope_2000_2025,slope_mean,-0.0012677686635269,22.944415195759383,0.01841447502374649,0.015538053587079048
2,b,forest_frac_slope_2000_2025,slope_mean,-0.0008884088907388,22.944415195759383,0.019140856340527534,0.01664005033671856
2,b,forest_frac_slope_2000_2025,slope_mean,-0.0005090491179507,22.944415195759383,0.01969103142619133,0.017780743539333344
2,b,forest_frac_slope_2000_2025,slope_mean,-0.0001296893451627,22.944415195759383,0.02032371237874031,0.019748445600271225
2,b,forest_frac_slope_2000_2025,slope_mean,0.0002496704276253,22.944415195759383,0.022561661899089813,0.02303308993577957
2,b,forest_frac_slope_2000_2025,slope_mean,0.0006290302004134,22.944415195759383,0.02288098633289337,0.023873722180724144
2,b,forest_frac_slope_2000_2025,slope_mean,0.0010083899732014,22.944415195759383,0.023579191416502,0.024913329631090164
2,b,forest_frac_slope_2000_2025,slope_mean,0.0013877497459895,22.944415195759383,0.023828962817788124,0.02534685842692852
2,b,forest_frac_slope_2000_2025,slope_mean,0.0017671095187776,22.944415195759383,0.023905551061034203,0.025785712525248528
2,b,forest_frac_slope_2000_2025,slope_mean,0.0021464692915656,22.944415195759383,0.024399563670158386,0.0264864694327116
2,b,forest_frac_slope_2000_2025,slope_mean,0.0025258290643537,22.944415195759383,0.024549415335059166,0.026822529733181
2,b,forest_frac_slope_2000_2025,slope_mean,0.0029051888371418,22.944415195759383,0.024948332458734512,0.027378715574741364
2,b,forest_frac_slope_2000_2025,slope_mean,0.0032845486099298,22.944415195759383,0.025145193561911583,0.02764984220266342
2,b,forest_frac_slope_2000_2025,slope_mean,0.0036639083827179,22.944415195759383,0.025151707231998444,0.027726808562874794
2,b,forest_frac_slope_2000_2025,slope_mean,0.004043268155506,22.944415195759383,0.025334933772683144,0.027989327907562256
2,b,forest_frac_slope_2000_2025,slope_mean,0.004422627928294,22.944415195759383,0.02558031491935253,0.028255673125386238
2,b,forest_frac_slope_2000_2025,slope_mean,0.0048019877010821,22.944415195759383,0.025605814531445503,0.028415990993380547
2,b,forest_frac_slope_2000_2025,slope_mean,0.0051813474738702,22.944415195759383,0.02578209526836872,0.028798723593354225
2,b,forest_frac_slope_2000_2025,slope_mean,0.0055607072466582,22.944415195759383,0.02578209526836872,0.02887839637696743
2,b,forest_frac_slope_2000_2025,slope_mean,0.0059400670194463,22.944415195759383,0.025738757103681564,0.028996499255299568
2,b,forest_frac_slope_2000_2025,slope_mean,-0.0092343238920763,23.39435141837888,0.004621211439371109,-0.010185500606894493
2,b,forest_frac_slope_2000_2025,slope_mean,-0.0088549641192882,23.39435141837888,0.004902211017906666,-0.00990136805921793
2,b,forest_frac_slope_2000_2025,slope_mean,-0.0084756043465002,23.39435141837888,0.005090324208140373,-0.00924154557287693
2,b,forest_frac_slope_2000_2025,slope_mean,-0.0080962445737121,23.39435141837888,0.005798925179988146,-0.008199896663427353
2,b,forest_frac_slope_2000_2025,slope_mean,-0.007716884800924,23.39435141837888,0.006538480054587126,-0.006945822853595018
2,b,forest_frac_slope_2000_2025,slope_mean,-0.007337525028136,23.39435141837888,0.007261800579726696,-0.005986066069453955
2,b,forest_frac_slope_2000_2025,slope_mean,-0.0069581652553479,23.39435141837888,0.007900468073785305,-0.004827860277146101
2,b,forest_frac_slope_2000_2025,slope_mean,-0.0065788054825598,23.39435141837888,0.008058675564825535,-0.00434387382119894
2,b,forest_frac_slope_2000_2025,slope_mean,-0.0061994457097717,23.39435141837888,0.008194475434720516,-0.00363611220382154
2,b,forest_frac_slope_2000_2025,slope_mean,-0.0058200859369837,23.39435141837888,0.009252209216356277,-0.0017476362409070134
2,b,forest_frac_slope_2000_2025,slope_mean,-0.0054407261641956,23.39435141837888,0.011452672071754932,0.00224841246381402
2,b,forest_frac_slope_2000_2025,slope_mean,-0.0050613663914075,23.39435141837888,0.011440989561378956,0.002353372983634472
2,b,forest_frac_slope_2000_2025,slope_mean,-0.0046820066186195,23.39435141837888,0.012889940291643143,0.004751916509121656
2,b,forest_frac_slope_2000_2025,slope_mean,-0.0043026468458314,23.39435141837888,0.013378480449318886,0.006339079700410366
2,b,forest_frac_slope_2000_2025,slope_mean,-0.0039232870730433,23.39435141837888,0.013553153723478317,0.006968575995415449
2,b,forest_frac_slope_2000_2025,slope_mean,-0.0035439273002553,23.39435141837888,0.014250561594963074,0.008490225300192833
2,b,forest_frac_slope_2000_2025,slope_mean,-0.0031645675274672,23.39435141837888,0.01483950950205326,0.009545632638037205
2,b,forest_frac_slope_2000_2025,slope_mean,-0.0027852077546791,23.39435141837888,0.01611182652413845,0.01095365360379219
2,b,forest_frac_slope_2000_2025,slope_mean,-0.0024058479818911,23.39435141837888,0.016357166692614555,0.011625297367572784
2,b,forest_frac_slope_2000_2025,slope_mean,-0.002026488209103,23.39435141837888,0.01706746593117714,0.01294697541743517
2,b,forest_frac_slope_2000_2025,slope_mean,-0.0016471284363149,23.39435141837888,0.017621494829654694,0.01411875057965517
2,b,forest_frac_slope_2000_2025,slope_mean,-0.0012677686635269,23.39435141837888,0.018488425761461258,0.015600512735545635
2,b,forest_frac_slope_2000_2025,slope_mean,-0.0008884088907388,23.39435141837888,0.019214807078242302,0.016702817752957344
2,b,forest_frac_slope_2000_2025,slope_mean,-0.0005090491179507,23.39435141837888,0.019763799384236336,0.017842916771769524
2,b,forest_frac_slope_2000_2025,slope_mean,-0.0001296893451627,23.39435141837888,0.020396845415234566,0.019814008846879005
2,b,forest_frac_slope_2000_2025,slope_mean,0.0002496704276253,23.39435141837888,0.022564329206943512,0.02303927391767502
2,b,forest_frac_slope_2000_2025,slope_mean,0.0006290302004134,23.39435141837888,0.022883659228682518,0.023886626586318016
2,b,forest_frac_slope_2000_2025,slope_mean,0.0010083899732014,23.39435141837888,0.023582693189382553,0.024929087609052658
2,b,forest_frac_slope_2000_2025,slope_mean,0.0013877497459895,23.39435141837888,0.023832468315958977,0.025363849475979805
2,b,forest_frac_slope_2000_2025,slope_mean,0.0017671095187776,23.39435141837888,0.023909054696559906,0.025803927332162857
2,b,forest_frac_slope_2000_2025,slope_mean,0.0021464692915656,23.39435141837888,0.02440306730568409,0.026505092158913612
2,b,forest_frac_slope_2000_2025,slope_mean,0.0025258290643537,23.39435141837888,0.02455291710793972,0.026841482147574425
2,b,forest_frac_slope_2000_2025,slope_mean,0.0029051888371418,23.39435141837888,0.024951836094260216,0.027397695928812027
2,b,forest_frac_slope_2000_2025,slope_mean,0.0032845486099298,23.39435141837888,0.025148697197437286,0.027668898925185204
2,b,forest_frac_slope_2000_2025,slope_mean,0.0036639083827179,23.39435141837888,0.025155210867524147,0.0277459304779768
2,b,forest_frac_slope_2000_2025,slope_mean,0.004043268155506,23.39435141837888,0.025338439270853996,0.02800842560827732
2,b,forest_frac_slope_2000_2025,slope_mean,0.004422627928294,23.39435141837888,0.02563135325908661,0.02832230180501938
2,b,forest_frac_slope_2000_2025,slope_mean,0.0048019877010821,23.39435141837888,0.02565685287117958,0.028482697904109955
2,b,forest_frac_slope_2000_2025,slope_mean,0.0051813474738702,23.39435141837888,0.025877496227622032,0.028910433873534203
2,b,forest_frac_slope_2000_2025,slope_mean,0.0055607072466582,23.39435141837888,0.025877496227622032,0.028990110382437706
2,b,forest_frac_slope_2000_2025,slope_mean,0.0059400670194463,23.39435141837888,0.025834156200289726,0.029108276590704918
5,e,forest_frac_slope_2000_2025,ssrd_wm2_slope_2000_2025,-0.0092343238920763,-0.1328756213188171,0.007638203911483288,-0.0037781575229018927
5,e,forest_frac_slope_2000_2025,ssrd_wm2_slope_2000_2025,-0.0088549641192882,-0.1328756213188171,0.007905026897788048,-0.003370934398844838
5,e,forest_frac_slope_2000_2025,ssrd_wm2_slope_2000_2025,-0.0084756043465002,-0.1328756213188171,0.008160405792295933,-0.00265395431779325
5,e,forest_frac_slope_2000_2025,ssrd_wm2_slope_2000_2025,-0.0080962445737121,-0.1328756213188171,0.008874021470546722,-0.00153834605589509
5,e,forest_frac_slope_2000_2025,ssrd_wm2_slope_2000_2025,-0.007716884800924,-0.1328756213188171,0.00959076639264822,-0.00028065702645108104
5,e,forest_frac_slope_2000_2025,ssrd_wm2_slope_2000_2025,-0.007337525028136,-0.1328756213188171,0.010248360224068165,0.0005289124674163759
5,e,forest_frac_slope_2000_2025,ssrd_wm2_slope_2000_2025,-0.0069581652553479,-0.1328756213188171,0.010793832130730152,0.0017119974363595247
5,e,forest_frac_slope_2000_2025,ssrd_wm2_slope_2000_2025,-0.0065788054825598,-0.1328756213188171,0.011012081988155842,0.002155647613108158
5,e,forest_frac_slope_2000_2025,ssrd_wm2_slope_2000_2025,-0.0061994457097717,-0.1328756213188171,0.011148379184305668,0.002792811021208763
5,e,forest_frac_slope_2000_2025,ssrd_wm2_slope_2000_2025,-0.0058200859369837,-0.1328756213188171,0.012082201428711414,0.004354206845164299
5,e,forest_frac_slope_2000_2025,ssrd_wm2_slope_2000_2025,-0.0054407261641956,-0.1328756213188171,0.013929180800914764,0.007346577476710081
5,e,forest_frac_slope_2000_2025,ssrd_wm2_slope_2000_2025,-0.0050613663914075,-0.1328756213188171,0.013909613713622093,0.007401952054351568
5,e,forest_frac_slope_2000_2025,ssrd_wm2_slope_2000_2025,-0.0046820066186195,-0.1328756213188171,0.015361052006483078,0.009518031030893326
5,e,forest_frac_slope_2000_2025,ssrd_wm2_slope_2000_2025,-0.0043026468458314,-0.1328756213188171,0.015768857672810555,0.010679733008146286
5,e,forest_frac_slope_2000_2025,ssrd_wm2_slope_2000_2025,-0.0039232870730433,-0.1328756213188171,0.01594170369207859,0.011189243756234646
5,e,forest_frac_slope_2000_2025,ssrd_wm2_slope_2000_2025,-0.0035439273002553,-0.1328756213188171,0.016381118446588516,0.012327090837061405
5,e,forest_frac_slope_2000_2025,ssrd_wm2_slope_2000_2025,-0.0031645675274672,-0.1328756213188171,0.01684679090976715,0.01312124915421009
5,e,forest_frac_slope_2000_2025,ssrd_wm2_slope_2000_2025,-0.0027852077546791,-0.1328756213188171,0.018061332404613495,0.014415054582059383
5,e,forest_frac_slope_2000_2025,ssrd_wm2_slope_2000_2025,-0.0024058479818911,-0.1328756213188171,0.018343860283493996,0.015069909393787384
5,e,forest_frac_slope_2000_2025,ssrd_wm2_slope_2000_2025,-0.002026488209103,-0.1328756213188171,0.01909513957798481,0.016272595152258873
5,e,forest_frac_slope_2000_2025,ssrd_wm2_slope_2000_2025,-0.0016471284363149,-0.1328756213188171,0.019589679315686226,0.017310861498117447
5,e,forest_frac_slope_2000_2025,ssrd_wm2_slope_2000_2025,-0.0012677686635269,-0.1328756213188171,0.020639190450310707,0.01892642118036747
5,e,forest_frac_slope_2000_2025,ssrd_wm2_slope_2000_2025,-0.0008884088907388,-0.1328756213188171,0.021543074399232864,0.02011178247630596
5,e,forest_frac_slope_2000_2025,ssrd_wm2_slope_2000_2025,-0.0005090491179507,-0.1328756213188171,0.0221115555614233,0.021073032170534134
5,e,forest_frac_slope_2000_2025,ssrd_wm2_slope_2000_2025,-0.0001296893451627,-0.1328756213188171,0.022931689396500587,0.022832533344626427
5,e,forest_frac_slope_2000_2025,ssrd_wm2_slope_2000_2025,0.0002496704276253,-0.1328756213188171,0.02465556375682354,0.02543058805167675
5,e,forest_frac_slope_2000_2025,ssrd_wm2_slope_2000_2025,0.0006290302004134,-0.1328756213188171,0.024957813322544098,0.02619955874979496
5,e,forest_frac_slope_2000_2025,ssrd_wm2_slope_2000_2025,0.0010083899732014,-0.1328756213188171,0.025504007935523987,0.027024272829294205
5,e,forest_frac_slope_2000_2025,ssrd_wm2_slope_2000_2025,0.0013877497459895,-0.1328756213188171,0.025728581473231316,0.02737223543226719
5,e,forest_frac_slope_2000_2025,ssrd_wm2_slope_2000_2025,0.0017671095187776,-0.1328756213188171,0.025788167491555214,0.027713628485798836
5,e,forest_frac_slope_2000_2025,ssrd_wm2_slope_2000_2025,0.0021464692915656,-0.1328756213188171,0.02624504081904888,0.02833889052271843
5,e,forest_frac_slope_2000_2025,ssrd_wm2_slope_2000_2025,0.0025258290643537,-0.1328756213188171,0.026414969936013222,0.028669631108641624
5,e,forest_frac_slope_2000_2025,ssrd_wm2_slope_2000_2025,0.0029051888371418,-0.1328756213188171,0.02677866630256176,0.02917502634227276
5,e,forest_frac_slope_2000_2025,ssrd_wm2_slope_2000_2025,0.0032845486099298,-0.1328756213188171,0.02696121484041214,0.02941562607884407
5,e,forest_frac_slope_2000_2025,ssrd_wm2_slope_2000_2025,0.0036639083827179,-0.1328756213188171,0.026967862620949745,0.02948329597711563
5,e,forest_frac_slope_2000_2025,ssrd_wm2_slope_2000_2025,0.004043268155506,-0.1328756213188171,0.027150141075253487,0.029730459675192833
5,e,forest_frac_slope_2000_2025,ssrd_wm2_slope_2000_2025,0.004422627928294,-0.1328756213188171,0.027374617755413055,0.029966723173856735
5,e,forest_frac_slope_2000_2025,ssrd_wm2_slope_2000_2025,0.0048019877010821,-0.1328756213188171,0.027398955076932907,0.030106302350759506
5,e,forest_frac_slope_2000_2025,ssrd_wm2_slope_2000_2025,0.0051813474738702,-0.1328756213188171,0.027551569044589996,0.030447812750935555
5,e,forest_frac_slope_2000_2025,ssrd_wm2_slope_2000_2025,0.0055607072466582,-0.1328756213188171,0.027551785111427307,0.03051951713860035
5,e,forest_frac_slope_2000_2025,ssrd_wm2_slope_2000_2025,0.0059400670194463,-0.1328756213188171,0.027516396716237068,0.03062819130718708
5,e,forest_frac_slope_2000_2025,ssrd_wm2_slope_2000_2025,-0.0092343238920763,-0.1314370224252342,0.007619254756718874,-0.003794305259361863
5,e,forest_frac_slope_2000_2025,ssrd_wm2_slope_2000_2025,-0.0088549641192882,-0.1314370224252342,0.007877370342612267,-0.003396096173673868
5,e,forest_frac_slope_2000_2025,ssrd_wm2_slope_2000_2025,-0.0084756043465002,-0.1314370224252342,0.008132748305797577,-0.0026791158597916365
5,e,forest_frac_slope_2000_2025,ssrd_wm2_slope_2000_2025,-0.0080962445737121,-0.1314370224252342,0.008844073861837387,-0.0015657974872738123
5,e,forest_frac_slope_2000_2025,ssrd_wm2_slope_2000_2025,-0.007716884800924,-0.1314370224252342,0.00956081971526146,-0.00030815813806839287
5,e,forest_frac_slope_2000_2025,ssrd_wm2_slope_2000_2025,-0.007337525028136,-0.1314370224252342,0.01021841261535883,0.0005014676717109978
5,e,forest_frac_slope_2000_2025,ssrd_wm2_slope_2000_2025,-0.0069581652553479,-0.1314370224252342,0.010763885453343391,0.001684608869254589
5,e,forest_frac_slope_2000_2025,ssrd_wm2_slope_2000_2025,-0.0065788054825598,-0.1314370224252342,0.010982135310769081,0.002128137741237879
5,e,forest_frac_slope_2000_2025,ssrd_wm2_slope_2000_2025,-0.0061994457097717,-0.1314370224252342,0.011118432506918907,0.002765215700492263
5,e,forest_frac_slope_2000_2025,ssrd_wm2_slope_2000_2025,-0.0058200859369837,-0.1314370224252342,0.012052254751324654,0.004326602444052696
5,e,forest_frac_slope_2000_2025,ssrd_wm2_slope_2000_2025,-0.0054407261641956,-0.1314370224252342,0.013899234123528004,0.007318973541259766
5,e,forest_frac_slope_2000_2025,ssrd_wm2_slope_2000_2025,-0.0050613663914075,-0.1314370224252342,0.013879665173590183,0.007374388165771961
5,e,forest_frac_slope_2000_2025,ssrd_wm2_slope_2000_2025,-0.0046820066186195,-0.1314370224252342,0.015331106260418892,0.009490559808909893
5,e,forest_frac_slope_2000_2025,ssrd_wm2_slope_2000_2025,-0.0043026468458314,-0.1314370224252342,0.01573891006410122,0.010652268305420876
5,e,forest_frac_slope_2000_2025,ssrd_wm2_slope_2000_2025,-0.0039232870730433,-0.1314370224252342,0.015911757946014404,0.011161796748638153
5,e,forest_frac_slope_2000_2025,ssrd_wm2_slope_2000_2025,-0.0035439273002553,-0.1314370224252342,0.01635117270052433,0.01229950226843357
5,e,forest_frac_slope_2000_2025,ssrd_wm2_slope_2000_2025,-0.0031645675274672,-0.1314370224252342,0.016816845163702965,0.013093660585582256
5,e,forest_frac_slope_2000_2025,ssrd_wm2_slope_2000_2025,-0.0027852077546791,-0.1314370224252342,0.018032649531960487,0.014389260672032833
5,e,forest_frac_slope_2000_2025,ssrd_wm2_slope_2000_2025,-0.0024058479818911,-0.1314370224252342,0.018315177410840988,0.01504419930279255
5,e,forest_frac_slope_2000_2025,ssrd_wm2_slope_2000_2025,-0.002026488209103,-0.1314370224252342,0.019066456705331802,0.016246719285845757
5,e,forest_frac_slope_2000_2025,ssrd_wm2_slope_2000_2025,-0.0016471284363149,-0.1314370224252342,0.01956099458038807,0.017284993082284927
5,e,forest_frac_slope_2000_2025,ssrd_wm2_slope_2000_2025,-0.0012677686635269,-0.1314370224252342,0.020611319690942764,0.018901478499174118
5,e,forest_frac_slope_2000_2025,ssrd_wm2_slope_2000_2025,-0.0008884088907388,-0.1314370224252342,0.021515201777219772,0.020086392760276794
5,e,forest_frac_slope_2000_2025,ssrd_wm2_slope_2000_2025,-0.0005090491179507,-0.1314370224252342,0.02208368293941021,0.021047133952379227
5,e,forest_frac_slope_2000_2025,ssrd_wm2_slope_2000_2025,-0.0001296893451627,-0.1314370224252342,0.0229040440171957,0.022806255146861076
5,e,forest_frac_slope_2000_2025,ssrd_wm2_slope_2000_2025,0.0002496704276253,-0.1314370224252342,0.024622896686196327,0.025397835299372673
5,e,forest_frac_slope_2000_2025,ssrd_wm2_slope_2000_2025,0.0006290302004134,-0.1314370224252342,0.024925142526626587,0.02616652101278305
5,e,forest_frac_slope_2000_2025,ssrd_wm2_slope_2000_2025,0.0010083899732014,-0.1314370224252342,0.025471339002251625,0.026992037892341614
5,e,forest_frac_slope_2000_2025,ssrd_wm2_slope_2000_2025,0.0013877497459895,-0.1314370224252342,0.02569715864956379,0.02734181471168995
5,e,forest_frac_slope_2000_2025,ssrd_wm2_slope_2000_2025,0.0017671095187776,-0.1314370224252342,0.025756744667887688,0.0276835635304451
5,e,forest_frac_slope_2000_2025,ssrd_wm2_slope_2000_2025,0.0021464692915656,-0.1314370224252342,0.026213617995381355,0.028309160843491554
5,e,forest_frac_slope_2000_2025,ssrd_wm2_slope_2000_2025,0.0025258290643537,-0.1314370224252342,0.026383545249700546,0.028639990836381912
5,e,forest_frac_slope_2000_2025,ssrd_wm2_slope_2000_2025,0.0029051888371418,-0.1314370224252342,0.026747243478894234,0.029145412147045135
5,e,forest_frac_slope_2000_2025,ssrd_wm2_slope_2000_2025,0.0032845486099298,-0.1314370224252342,0.02693379670381546,0.02938947267830372
5,e,forest_frac_slope_2000_2025,ssrd_wm2_slope_2000_2025,0.0036639083827179,-0.1314370224252342,0.026940448209643364,0.029457181692123413
5,e,forest_frac_slope_2000_2025,ssrd_wm2_slope_2000_2025,0.004043268155506,-0.1314370224252342,0.027122722938656807,0.029704350978136063
5,e,forest_frac_slope_2000_2025,ssrd_wm2_slope_2000_2025,0.004422627928294,-0.1314370224252342,0.027347201481461525,0.029940655454993248
5,e,forest_frac_slope_2000_2025,ssrd_wm2_slope_2000_2025,0.0048019877010821,-0.1314370224252342,0.027372971177101135,0.030081667006015778
5,e,forest_frac_slope_2000_2025,ssrd_wm2_slope_2000_2025,0.0051813474738702,-0.1314370224252342,0.027525583282113075,0.030423177406191826
5,e,forest_frac_slope_2000_2025,ssrd_wm2_slope_2000_2025,0.0055607072466582,-0.1314370224252342,0.027525799348950386,0.03049487993121147
5,e,forest_frac_slope_2000_2025,ssrd_wm2_slope_2000_2025,0.0059400670194463,-0.1314370224252342,0.027490412816405296,0.0306035578250885
5,e,forest_frac_slope_2000_2025,ssrd_wm2_slope_2000_2025,-0.0092343238920763,-0.1299984235316514,0.007612121757119894,-0.003801567479968071
5,e,forest_frac_slope_2000_2025,ssrd_wm2_slope_2000_2025,-0.0088549641192882,-0.1299984235316514,0.007870237343013287,-0.003403291804715991
5,e,forest_frac_slope_2000_2025,ssrd_wm2_slope_2000_2025,-0.0084756043465002,-0.1299984235316514,0.008125615306198597,-0.002686311723664403
5,e,forest_frac_slope_2000_2025,ssrd_wm2_slope_2000_2025,-0.0080962445737121,-0.1299984235316514,0.008836940862238407,-0.0015730115119367838
5,e,forest_frac_slope_2000_2025,ssrd_wm2_slope_2000_2025,-0.007716884800924,-0.1299984235316514,0.009553685784339905,-0.00031537195900455117
5,e,forest_frac_slope_2000_2025,ssrd_wm2_slope_2000_2025,-0.007337525028136,-0.1299984235316514,0.010211280547082424,0.0004942538216710091
5,e,forest_frac_slope_2000_2025,ssrd_wm2_slope_2000_2025,-0.0069581652553479,-0.1299984235316514,0.010756751522421837,0.0016773950774222612
5,e,forest_frac_slope_2000_2025,ssrd_wm2_slope_2000_2025,-0.0065788054825598,-0.1299984235316514,0.010975071229040623,0.0021209942642599344
5,e,forest_frac_slope_2000_2025,ssrd_wm2_slope_2000_2025,-0.0061994457097717,-0.1299984235316514,0.011111370287835598,0.0027580722235143185
5,e,forest_frac_slope_2000_2025,ssrd_wm2_slope_2000_2025,-0.0058200859369837,-0.1299984235316514,0.012045190669596195,0.0043194591999053955
5,e,forest_frac_slope_2000_2025,ssrd_wm2_slope_2000_2025,-0.0054407261641956,-0.1299984235316514,0.01389217097312212,0.0073117646388709545
5,e,forest_frac_slope_2000_2025,ssrd_wm2_slope_2000_2025,-0.0050613663914075,-0.1299984235316514,0.013872601091861725,0.007367178797721863
5,e,forest_frac_slope_2000_2025,ssrd_wm2_slope_2000_2025,-0.0046820066186195,-0.1299984235316514,0.015324042178690434,0.009483302012085915
5,e,forest_frac_slope_2000_2025,ssrd_wm2_slope_2000_2025,-0.0043026468458314,-0.1299984235316514,0.015731846913695335,0.010644995607435703
5,e,forest_frac_slope_2000_2025,ssrd_wm2_slope_2000_2025,-0.0039232870730433,-0.1299984235316514,0.01590469293296337,0.01115452405065298
5,e,forest_frac_slope_2000_2025,ssrd_wm2_slope_2000_2025,-0.0035439273002553,-0.1299984235316514,0.016344109550118446,0.01229221373796463
5,e,forest_frac_slope_2000_2025,ssrd_wm2_slope_2000_2025,-0.0031645675274672,-0.1299984235316514,0.01680978201329708,0.01308637298643589
5,e,forest_frac_slope_2000_2025,ssrd_wm2_slope_2000_2025,-0.0027852077546791,-0.1299984235316514,0.018025584518909454,0.014381971210241318
5,e,forest_frac_slope_2000_2025,ssrd_wm2_slope_2000_2025,-0.0024058479818911,-0.1299984235316514,0.018308114260435104,0.015036911703646183
5,e,forest_frac_slope_2000_2025,ssrd_wm2_slope_2000_2025,-0.002026488209103,-0.1299984235316514,0.01905939169228077,0.016239432618021965
5,e,forest_frac_slope_2000_2025,ssrd_wm2_slope_2000_2025,-0.0016471284363149,-0.1299984235316514,0.019553933292627335,0.017277704551815987
5,e,forest_frac_slope_2000_2025,ssrd_wm2_slope_2000_2025,-0.0012677686635269,-0.1299984235316514,0.02060425840318203,0.018894145265221596
5,e,forest_frac_slope_2000_2025,ssrd_wm2_slope_2000_2025,-0.0008884088907388,-0.1299984235316514,0.02150813676416874,0.020079055801033974
5,e,forest_frac_slope_2000_2025,ssrd_wm2_slope_2000_2025,-0.0005090491179507,-0.1299984235316514,0.022076621651649475,0.021039752289652824
5,e,forest_frac_slope_2000_2025,ssrd_wm2_slope_2000_2025,-0.0001296893451627,-0.1299984235316514,0.022896980866789818,0.022798916324973106
5,e,forest_frac_slope_2000_2025,ssrd_wm2_slope_2000_2025,0.0002496704276253,-0.1299984235316514,0.024614105001091957,0.02538883499801159
5,e,forest_frac_slope_2000_2025,ssrd_wm2_slope_2000_2025,0.0006290302004134,-0.1299984235316514,0.024916352704167366,0.026157425716519356
5,e,forest_frac_slope_2000_2025,ssrd_wm2_slope_2000_2025,0.0010083899732014,-0.1299984235316514,0.025462549179792404,0.026982923969626427
5,e,forest_frac_slope_2000_2025,ssrd_wm2_slope_2000_2025,0.0013877497459895,-0.1299984235316514,0.02568836882710457,0.02733268029987812
5,e,forest_frac_slope_2000_2025,ssrd_wm2_slope_2000_2025,0.0017671095187776,-0.1299984235316514,0.025747954845428467,0.027674302458763123
5,e,forest_frac_slope_2000_2025,ssrd_wm2_slope_2000_2025,0.0021464692915656,-0.1299984235316514,0.026204828172922134,0.028299888595938683
5,e,forest_frac_slope_2000_2025,ssrd_wm2_slope_2000_2025,0.0025258290643537,-0.1299984235316514,0.026374757289886475,0.028630586341023445
5,e,forest_frac_slope_2000_2025,ssrd_wm2_slope_2000_2025,0.0029051888371418,-0.1299984235316514,0.026738738641142845,0.02913619950413704
5,e,forest_frac_slope_2000_2025,ssrd_wm2_slope_2000_2025,0.0032845486099298,-0.1299984235316514,0.02692529745399952,0.0293800737708807
5,e,forest_frac_slope_2000_2025,ssrd_wm2_slope_2000_2025,0.0036639083827179,-0.1299984235316514,0.026931947097182274,0.029447689652442932
5,e,forest_frac_slope_2000_2025,ssrd_wm2_slope_2000_2025,0.004043268155506,-0.1299984235316514,0.027114219963550568,0.02969454415142536
5,e,forest_frac_slope_2000_2025,ssrd_wm2_slope_2000_2025,0.004422627928294,-0.1299984235316514,0.027338698506355286,0.0299308393150568
5,e,forest_frac_slope_2000_2025,ssrd_wm2_slope_2000_2025,0.0048019877010821,-0.1299984235316514,0.027364470064640045,0.030071604996919632
5,e,forest_frac_slope_2000_2025,ssrd_wm2_slope_2000_2025,0.0051813474738702,-0.1299984235316514,0.027517084032297134,0.03041306883096695
5,e,forest_frac_slope_2000_2025,ssrd_wm2_slope_2000_2025,0.0055607072466582,-0.1299984235316514,0.027517296373844147,0.030484771355986595
5,e,forest_frac_slope_2000_2025,ssrd_wm2_slope_2000_2025,0.0059400670194463,-0.1299984235316514,0.027481911703944206,0.03059341385960579
5,e,forest_frac_slope_2000_2025,ssrd_wm2_slope_2000_2025,-0.0092343238920763,-0.1285598246380686,0.007554304786026478,-0.003832308342680335
5,e,forest_frac_slope_2000_2025,ssrd_wm2_slope_2000_2025,-0.0088549641192882,-0.1285598246380686,0.007812419906258583,-0.003434006357565522
5,e,forest_frac_slope_2000_2025,ssrd_wm2_slope_2000_2025,-0.0084756043465002,-0.1285598246380686,0.008067798800766468,-0.002717213938012719
5,e,forest_frac_slope_2000_2025,ssrd_wm2_slope_2000_2025,-0.0080962445737121,-0.1285598246380686,0.008731026202440262,-0.0016330615617334843
5,e,forest_frac_slope_2000_2025,ssrd_wm2_slope_2000_2025,-0.007716884800924,-0.1285598246380686,0.009425527416169643,-0.0003979070170316845
5,e,forest_frac_slope_2000_2025,ssrd_wm2_slope_2000_2025,-0.007337525028136,-0.1285598246380686,0.010083121247589588,0.0004104883992113173
5,e,forest_frac_slope_2000_2025,ssrd_wm2_slope_2000_2025,-0.0069581652553479,-0.1285598246380686,0.010628101415932178,0.0015844281297177076
5,e,forest_frac_slope_2000_2025,ssrd_wm2_slope_2000_2025,-0.0065788054825598,-0.1285598246380686,0.010834448970854282,0.002008594572544098
5,e,forest_frac_slope_2000_2025,ssrd_wm2_slope_2000_2025,-0.0061994457097717,-0.1285598246380686,0.010970747098326683,0.002645350992679596
5,e,forest_frac_slope_2000_2025,ssrd_wm2_slope_2000_2025,-0.0058200859369837,-0.1285598246380686,0.011904568411409855,0.004206688608974218
5,e,forest_frac_slope_2000_2025,ssrd_wm2_slope_2000_2025,-0.0054407261641956,-0.1285598246380686,0.013751239515841007,0.007198167033493519
5,e,forest_frac_slope_2000_2025,ssrd_wm2_slope_2000_2025,-0.0050613663914075,-0.1285598246380686,0.013734003528952599,0.007255716249346733
5,e,forest_frac_slope_2000_2025,ssrd_wm2_slope_2000_2025,-0.0046820066186195,-0.1285598246380686,0.015183757059276104,0.009370398707687855
5,e,forest_frac_slope_2000_2025,ssrd_wm2_slope_2000_2025,-0.0043026468458314,-0.1285598246380686,0.015591560862958431,0.010532159358263016
5,e,forest_frac_slope_2000_2025,ssrd_wm2_slope_2000_2025,-0.0039232870730433,-0.1285598246380686,0.01576440967619419,0.011041520163416862
5,e,forest_frac_slope_2000_2025,ssrd_wm2_slope_2000_2025,-0.0035439273002553,-0.1285598246380686,0.01619575545191765,0.012172355316579342
5,e,forest_frac_slope_2000_2025,ssrd_wm2_slope_2000_2025,-0.0031645675274672,-0.1285598246380686,0.016660837456583977,0.012966608628630638
5,e,forest_frac_slope_2000_2025,ssrd_wm2_slope_2000_2025,-0.0027852077546791,-0.1285598246380686,0.01788446679711342,0.014269094914197922
5,e,forest_frac_slope_2000_2025,ssrd_wm2_slope_2000_2025,-0.0024058479818911,-0.1285598246380686,0.01816699653863907,0.014923992566764355
5,e,forest_frac_slope_2000_2025,ssrd_wm2_slope_2000_2025,-0.002026488209103,-0.1285598246380686,0.01889321580529213,0.016101771965622902
5,e,forest_frac_slope_2000_2025,ssrd_wm2_slope_2000_2025,-0.0016471284363149,-0.1285598246380686,0.019391989335417747,0.01714223250746727
5,e,forest_frac_slope_2000_2025,ssrd_wm2_slope_2000_2025,-0.0012677686635269,-0.1285598246380686,0.02043629251420498,0.0187428779900074
5,e,forest_frac_slope_2000_2025,ssrd_wm2_slope_2000_2025,-0.0008884088907388,-0.1285598246380686,0.02134210243821144,0.01992451772093773
5,e,forest_frac_slope_2000_2025,ssrd_wm2_slope_2000_2025,-0.0005090491179507,-0.1285598246380686,0.022000383585691452,0.020954148843884468
5,e,forest_frac_slope_2000_2025,ssrd_wm2_slope_2000_2025,-0.0001296893451627,-0.1285598246380686,0.0228204857558012,0.022715261206030846
5,e,forest_frac_slope_2000_2025,ssrd_wm2_slope_2000_2025,0.0002496704276253,-0.1285598246380686,0.024566102772951126,0.025336239486932755
5,e,forest_frac_slope_2000_2025,ssrd_wm2_slope_2000_2025,0.0006290302004134,-0.1285598246380686,0.024868352338671684,0.026107413694262505
5,e,forest_frac_slope_2000_2025,ssrd_wm2_slope_2000_2025,0.0010083899732014,-0.1285598246380686,0.025418709963560104,0.026938851922750473
5,e,forest_frac_slope_2000_2025,ssrd_wm2_slope_2000_2025,0.0013877497459895,-0.1285598246380686,0.02564036101102829,0.027290401980280876
5,e,forest_frac_slope_2000_2025,ssrd_wm2_slope_2000_2025,0.0017671095187776,-0.1285598246380686,0.025703078135848045,0.027637602761387825
5,e,forest_frac_slope_2000_2025,ssrd_wm2_slope_2000_2025,0.0021464692915656,-0.1285598246380686,0.026159953325986862,0.028265664353966713
5,e,forest_frac_slope_2000_2025,ssrd_wm2_slope_2000_2025,0.0025258290643537,-0.1285598246380686,0.026329880580306053,0.028597751632332802
5,e,forest_frac_slope_2000_2025,ssrd_wm2_slope_2000_2025,0.0029051888371418,-0.1285598246380686,0.026693865656852722,0.029104480519890785
5,e,forest_frac_slope_2000_2025,ssrd_wm2_slope_2000_2025,0.0032845486099298,-0.1285598246380686,0.026880735531449318,0.029349569231271744
5,e,forest_frac_slope_2000_2025,ssrd_wm2_slope_2000_2025,0.0036639083827179,-0.1285598246380686,0.026887385174632072,0.029417844489216805
5,e,forest_frac_slope_2000_2025,ssrd_wm2_slope_2000_2025,0.004043268155506,-0.1285598246380686,0.027069658041000366,0.0296648982912302
5,e,forest_frac_slope_2000_2025,ssrd_wm2_slope_2000_2025,0.004422627928294,-0.1285598246380686,0.02729400061070919,0.029901230707764626
5,e,forest_frac_slope_2000_2025,ssrd_wm2_slope_2000_2025,0.0048019877010821,-0.1285598246380686,0.02731976844370365,0.030042724683880806
5,e,forest_frac_slope_2000_2025,ssrd_wm2_slope_2000_2025,0.0051813474738702,-0.1285598246380686,0.027472706511616707,0.03038470633327961
5,e,forest_frac_slope_2000_2025,ssrd_wm2_slope_2000_2025,0.0055607072466582,-0.1285598246380686,0.02747291512787342,0.0304567851126194
5,e,forest_frac_slope_2000_2025,ssrd_wm2_slope_2000_2025,0.0059400670194463,-0.1285598246380686,0.02743753045797348,0.03056551329791546
5,e,forest_frac_slope_2000_2025,ssrd_wm2_slope_2000_2025,-0.0092343238920763,-0.1271212257444858,0.007525321561843157,-0.003836453426629305
5,e,forest_frac_slope_2000_2025,ssrd_wm2_slope_2000_2025,-0.0088549641192882,-0.1271212257444858,0.007783436682075262,-0.0034383204765617847
5,e,forest_frac_slope_2000_2025,ssrd_wm2_slope_2000_2025,-0.0084756043465002,-0.1271212257444858,0.00803881511092186,-0.002721838653087616
5,e,forest_frac_slope_2000_2025,ssrd_wm2_slope_2000_2025,-0.0080962445737121,-0.1271212257444858,0.008702043443918228,-0.0016387643991038203
5,e,forest_frac_slope_2000_2025,ssrd_wm2_slope_2000_2025,-0.007716884800924,-0.1271212257444858,0.009396543726325035,-0.00040500436443835497
5,e,forest_frac_slope_2000_2025,ssrd_wm2_slope_2000_2025,-0.007337525028136,-0.1271212257444858,0.01005413755774498,0.0004025166854262352
5,e,forest_frac_slope_2000_2025,ssrd_wm2_slope_2000_2025,-0.0069581652553479,-0.1271212257444858,0.010624049231410027,0.0015835461672395468
5,e,forest_frac_slope_2000_2025,ssrd_wm2_slope_2000_2025,-0.0065788054825598,-0.1271212257444858,0.010830399580299854,0.0020078574307262897
5,e,forest_frac_slope_2000_2025,ssrd_wm2_slope_2000_2025,-0.0061994457097717,-0.1271212257444858,0.01096669677644968,0.002644621068611741
5,e,forest_frac_slope_2000_2025,ssrd_wm2_slope_2000_2025,-0.0058200859369837,-0.1271212257444858,0.011889650486409664,0.004194916225969791
5,e,forest_frac_slope_2000_2025,ssrd_wm2_slope_2000_2025,-0.0054407261641956,-0.1271212257444858,0.013736321590840816,0.007186473812907934
5,e,forest_frac_slope_2000_2025,ssrd_wm2_slope_2000_2025,-0.0050613663914075,-0.1271212257444858,0.013719084672629833,0.0072439382784068584
5,e,forest_frac_slope_2000_2025,ssrd_wm2_slope_2000_2025,-0.0046820066186195,-0.1271212257444858,0.015168838202953339,0.009358739480376244
5,e,forest_frac_slope_2000_2025,ssrd_wm2_slope_2000_2025,-0.0043026468458314,-0.1271212257444858,0.015576643869280815,0.010520354844629765
5,e,forest_frac_slope_2000_2025,ssrd_wm2_slope_2000_2025,-0.0039232870730433,-0.1271212257444858,0.015747465193271637,0.011027880944311619
5,e,forest_frac_slope_2000_2025,ssrd_wm2_slope_2000_2025,-0.0035439273002553,-0.1271212257444858,0.016178810968995094,0.012158655561506748
5,e,forest_frac_slope_2000_2025,ssrd_wm2_slope_2000_2025,-0.0031645675274672,-0.1271212257444858,0.016637852415442467,0.012946858070790768
5,e,forest_frac_slope_2000_2025,ssrd_wm2_slope_2000_2025,-0.0027852077546791,-0.1271212257444858,0.017861483618617058,0.014249435625970364
5,e,forest_frac_slope_2000_2025,ssrd_wm2_slope_2000_2025,-0.0024058479818911,-0.1271212257444858,0.01814401149749756,0.014904413372278214
5,e,forest_frac_slope_2000_2025,ssrd_wm2_slope_2000_2025,-0.002026488209103,-0.1271212257444858,0.01887023076415062,0.01608233153820038
5,e,forest_frac_slope_2000_2025,ssrd_wm2_slope_2000_2025,-0.0016471284363149,-0.1271212257444858,0.01936955377459526,0.017123451456427574
5,e,forest_frac_slope_2000_2025,ssrd_wm2_slope_2000_2025,-0.0012677686635269,-0.1271212257444858,0.020413856953382492,0.018723106011748314
5,e,forest_frac_slope_2000_2025,ssrd_wm2_slope_2000_2025,-0.0008884088907388,-0.1271212257444858,0.02132165990769863,0.019905462861061096
5,e,forest_frac_slope_2000_2025,ssrd_wm2_slope_2000_2025,-0.0005090491179507,-0.1271212257444858,0.0219785925000906,0.02093392051756382
5,e,forest_frac_slope_2000_2025,ssrd_wm2_slope_2000_2025,-0.0001296893451627,-0.1271212257444858,0.02279799059033394,0.022695498540997505
5,e,forest_frac_slope_2000_2025,ssrd_wm2_slope_2000_2025,0.0002496704276253,-0.1271212257444858,0.024551674723625183,0.025321511551737785
5,e,forest_frac_slope_2000_2025,ssrd_wm2_slope_2000_2025,0.0006290302004134,-0.1271212257444858,0.024857841432094574,0.026097215712070465
5,e,forest_frac_slope_2000_2025,ssrd_wm2_slope_2000_2025,0.0010083899732014,-0.1271212257444858,0.025408197194337845,0.026928240433335304
5,e,forest_frac_slope_2000_2025,ssrd_wm2_slope_2000_2025,0.0013877497459895,-0.1271212257444858,0.02562984824180603,0.027279673144221306
5,e,forest_frac_slope_2000_2025,ssrd_wm2_slope_2000_2025,0.0017671095187776,-0.1271212257444858,0.025692565366625786,0.027627063915133476
5,e,forest_frac_slope_2000_2025,ssrd_wm2_slope_2000_2025,0.0021464692915656,-0.1271212257444858,0.026149440556764603,0.028255056589841843
5,e,forest_frac_slope_2000_2025,ssrd_wm2_slope_2000_2025,0.0025258290643537,-0.1271212257444858,0.026319367811083794,0.028587130829691887
5,e,forest_frac_slope_2000_2025,ssrd_wm2_slope_2000_2025,0.0029051888371418,-0.1271212257444858,0.02668335661292076,0.029093660414218903
5,e,forest_frac_slope_2000_2025,ssrd_wm2_slope_2000_2025,0.0032845486099298,-0.1271212257444858,0.026870224624872208,0.029338745400309563
5,e,forest_frac_slope_2000_2025,ssrd_wm2_slope_2000_2025,0.0036639083827179,-0.1271212257444858,0.026876872405409813,0.029407024383544922
5,e,forest_frac_slope_2000_2025,ssrd_wm2_slope_2000_2025,0.004043268155506,-0.1271212257444858,0.027059148997068405,0.02965399995446205
5,e,forest_frac_slope_2000_2025,ssrd_wm2_slope_2000_2025,0.004422627928294,-0.1271212257444858,0.027283484116196632,0.02989066392183304
5,e,forest_frac_slope_2000_2025,ssrd_wm2_slope_2000_2025,0.0048019877010821,-0.1271212257444858,0.02730925939977169,0.030032379552721977
5,e,forest_frac_slope_2000_2025,ssrd_wm2_slope_2000_2025,0.0051813474738702,-0.1271212257444858,0.027462195605039597,0.030374305322766304
5,e,forest_frac_slope_2000_2025,ssrd_wm2_slope_2000_2025,0.0055607072466582,-0.1271212257444858,0.02746240608394146,0.030446382239460945
5,e,forest_frac_slope_2000_2025,ssrd_wm2_slope_2000_2025,0.0059400670194463,-0.1271212257444858,0.02742701768875122,0.030555114150047302
5,e,forest_frac_slope_2000_2025,ssrd_wm2_slope_2000_2025,-0.0092343238920763,-0.125682626850903,0.007540369872003794,-0.0038248631171882153
5,e,forest_frac_slope_2000_2025,ssrd_wm2_slope_2000_2025,-0.0088549641192882,-0.125682626850903,0.007798485923558474,-0.0034267306327819824
5,e,forest_frac_slope_2000_2025,ssrd_wm2_slope_2000_2025,-0.0084756043465002,-0.125682626850903,0.008053864352405071,-0.0027101505547761917
5,e,forest_frac_slope_2000_2025,ssrd_wm2_slope_2000_2025,-0.0080962445737121,-0.125682626850903,0.008717091754078865,-0.0016271471977233887
5,e,forest_frac_slope_2000_2025,ssrd_wm2_slope_2000_2025,-0.007716884800924,-0.125682626850903,0.009411592036485672,-0.0003932894323952496
5,e,forest_frac_slope_2000_2025,ssrd_wm2_slope_2000_2025,-0.007337525028136,-0.125682626850903,0.010069186799228191,0.0004142316756770015
5,e,forest_frac_slope_2000_2025,ssrd_wm2_slope_2000_2025,-0.0069581652553479,-0.125682626850903,0.010639100335538387,0.0015952610410749912
5,e,forest_frac_slope_2000_2025,ssrd_wm2_slope_2000_2025,-0.0065788054825598,-0.125682626850903,0.010845447890460491,0.0020195955876260996
5,e,forest_frac_slope_2000_2025,ssrd_wm2_slope_2000_2025,-0.0061994457097717,-0.125682626850903,0.010981746017932892,0.002656721044331789
5,e,forest_frac_slope_2000_2025,ssrd_wm2_slope_2000_2025,-0.0058200859369837,-0.125682626850903,0.011904251761734486,0.004206567537039518
5,e,forest_frac_slope_2000_2025,ssrd_wm2_slope_2000_2025,-0.0054407261641956,-0.125682626850903,0.013750921934843063,0.007198235020041466
5,e,forest_frac_slope_2000_2025,ssrd_wm2_slope_2000_2025,-0.0050613663914075,-0.125682626850903,0.013733687810599804,0.007255907636135817
5,e,forest_frac_slope_2000_2025,ssrd_wm2_slope_2000_2025,-0.0046820066186195,-0.125682626850903,0.01518343947827816,0.009370916523039341
5,e,forest_frac_slope_2000_2025,ssrd_wm2_slope_2000_2025,-0.0043026468458314,-0.125682626850903,0.015591245144605637,0.010532630607485771
5,e,forest_frac_slope_2000_2025,ssrd_wm2_slope_2000_2025,-0.0039232870730433,-0.125682626850903,0.015762068331241608,0.01104066427797079
5,e,forest_frac_slope_2000_2025,ssrd_wm2_slope_2000_2025,-0.0035439273002553,-0.125682626850903,0.01619485765695572,0.012171423994004726
5,e,forest_frac_slope_2000_2025,ssrd_wm2_slope_2000_2025,-0.0031645675274672,-0.125682626850903,0.016652705147862434,0.012956525199115276
5,e,forest_frac_slope_2000_2025,ssrd_wm2_slope_2000_2025,-0.0027852077546791,-0.125682626850903,0.017876336351037025,0.014259414747357368
5,e,forest_frac_slope_2000_2025,ssrd_wm2_slope_2000_2025,-0.0024058479818911,-0.125682626850903,0.018158864229917526,0.014914609491825104
5,e,forest_frac_slope_2000_2025,ssrd_wm2_slope_2000_2025,-0.002026488209103,-0.125682626850903,0.018885083496570587,0.01609247736632824
5,e,forest_frac_slope_2000_2025,ssrd_wm2_slope_2000_2025,-0.0016471284363149,-0.125682626850903,0.01938440650701523,0.017133787274360657
5,e,forest_frac_slope_2000_2025,ssrd_wm2_slope_2000_2025,-0.0012677686635269,-0.125682626850903,0.020429156720638275,0.018736906349658966
5,e,forest_frac_slope_2000_2025,ssrd_wm2_slope_2000_2025,-0.0008884088907388,-0.125682626850903,0.021336961537599564,0.019919805228710175
5,e,forest_frac_slope_2000_2025,ssrd_wm2_slope_2000_2025,-0.0005090491179507,-0.125682626850903,0.02199389412999153,0.020948631688952446
5,e,forest_frac_slope_2000_2025,ssrd_wm2_slope_2000_2025,-0.0001296893451627,-0.125682626850903,0.02281329222023487,0.022712262347340584
5,e,forest_frac_slope_2000_2025,ssrd_wm2_slope_2000_2025,0.0002496704276253,-0.125682626850903,0.024551963433623314,0.025318443775177002
5,e,forest_frac_slope_2000_2025,ssrd_wm2_slope_2000_2025,0.0006290302004134,-0.125682626850903,0.024858132004737854,0.026094036176800728
5,e,forest_frac_slope_2000_2025,ssrd_wm2_slope_2000_2025,0.0010083899732014,-0.125682626850903,0.025408489629626274,0.026924995705485344
5,e,forest_frac_slope_2000_2025,ssrd_wm2_slope_2000_2025,0.0013877497459895,-0.125682626850903,0.02563013881444931,0.027276521548628807
5,e,forest_frac_slope_2000_2025,ssrd_wm2_slope_2000_2025,0.0017671095187776,-0.125682626850903,0.025692857801914215,0.027624079957604408
5,e,forest_frac_slope_2000_2025,ssrd_wm2_slope_2000_2025,0.0021464692915656,-0.125682626850903,0.026149731129407883,0.028252195566892624
5,e,forest_frac_slope_2000_2025,ssrd_wm2_slope_2000_2025,0.0025258290643537,-0.125682626850903,0.026319660246372223,0.028584375977516174
5,e,forest_frac_slope_2000_2025,ssrd_wm2_slope_2000_2025,0.0029051888371418,-0.125682626850903,0.026683641597628593,0.029091110453009605
5,e,forest_frac_slope_2000_2025,ssrd_wm2_slope_2000_2025,0.0032845486099298,-0.125682626850903,0.026870515197515488,0.029336370527744293
5,e,forest_frac_slope_2000_2025,ssrd_wm2_slope_2000_2025,0.0036639083827179,-0.125682626850903,0.026877161115407944,0.029405027627944946
5,e,forest_frac_slope_2000_2025,ssrd_wm2_slope_2000_2025,0.004043268155506,-0.125682626850903,0.027059437707066536,0.02965211309492588
5,e,forest_frac_slope_2000_2025,ssrd_wm2_slope_2000_2025,0.004422627928294,-0.125682626850903,0.02728377655148506,0.029888872057199478
5,e,forest_frac_slope_2000_2025,ssrd_wm2_slope_2000_2025,0.0048019877010821,-0.125682626850903,0.02730955183506012,0.030030641704797745
5,e,forest_frac_slope_2000_2025,ssrd_wm2_slope_2000_2025,0.0051813474738702,-0.125682626850903,0.027462482452392578,0.030372677370905876
5,e,forest_frac_slope_2000_2025,ssrd_wm2_slope_2000_2025,0.0055607072466582,-0.125682626850903,0.02746269851922989,0.030444834381341934
5,e,forest_frac_slope_2000_2025,ssrd_wm2_slope_2000_2025,0.0059400670194463,-0.125682626850903,0.02742731012403965,0.030553773045539856
5,e,forest_frac_slope_2000_2025,ssrd_wm2_slope_2000_2025,-0.0092343238920763,-0.1242440279573201,0.007533737923949957,-0.003830408211797476
5,e,forest_frac_slope_2000_2025,ssrd_wm2_slope_2000_2025,-0.0088549641192882,-0.1242440279573201,0.007791853044182062,-0.0034323851577937603
5,e,forest_frac_slope_2000_2025,ssrd_wm2_slope_2000_2025,-0.0084756043465002,-0.1242440279573201,0.00804723147302866,-0.0027159147430211306
5,e,forest_frac_slope_2000_2025,ssrd_wm2_slope_2000_2025,-0.0080962445737121,-0.1242440279573201,0.008710459806025028,-0.0016330283833667636
5,e,forest_frac_slope_2000_2025,ssrd_wm2_slope_2000_2025,-0.007716884800924,-0.1242440279573201,0.009404960088431835,-0.00039905347512103617
5,e,forest_frac_slope_2000_2025,ssrd_wm2_slope_2000_2025,-0.007337525028136,-0.1242440279573201,0.010062554851174355,0.00040824126335792243
5,e,forest_frac_slope_2000_2025,ssrd_wm2_slope_2000_2025,-0.0069581652553479,-0.1242440279573201,0.010632466524839401,0.0015892782248556614
5,e,forest_frac_slope_2000_2025,ssrd_wm2_slope_2000_2025,-0.0065788054825598,-0.1242440279573201,0.01083881501108408,0.0020135031081736088
5,e,forest_frac_slope_2000_2025,ssrd_wm2_slope_2000_2025,-0.0061994457097717,-0.1242440279573201,0.01097511313855648,0.0026507882867008448
5,e,forest_frac_slope_2000_2025,ssrd_wm2_slope_2000_2025,-0.0058200859369837,-0.1242440279573201,0.011897618882358074,0.004200525116175413
5,e,forest_frac_slope_2000_2025,ssrd_wm2_slope_2000_2025,-0.0054407261641956,-0.1242440279573201,0.013744290918111801,0.007192193530499935
5,e,forest_frac_slope_2000_2025,ssrd_wm2_slope_2000_2025,-0.0050613663914075,-0.1242440279573201,0.013727054931223392,0.007249865680932999
5,e,forest_frac_slope_2000_2025,ssrd_wm2_slope_2000_2025,-0.0046820066186195,-0.1242440279573201,0.0151768047362566,0.009364983066916466
5,e,forest_frac_slope_2000_2025,ssrd_wm2_slope_2000_2025,-0.0043026468458314,-0.1242440279573201,0.015584612265229225,0.010526816360652447
5,e,forest_frac_slope_2000_2025,ssrd_wm2_slope_2000_2025,-0.0039232870730433,-0.1242440279573201,0.015755433589220047,0.011034959927201271
5,e,forest_frac_slope_2000_2025,ssrd_wm2_slope_2000_2025,-0.0035439273002553,-0.1242440279573201,0.016188226640224457,0.012165945954620838
5,e,forest_frac_slope_2000_2025,ssrd_wm2_slope_2000_2025,-0.0031645675274672,-0.1242440279573201,0.016646072268486023,0.012951306067407131
5,e,forest_frac_slope_2000_2025,ssrd_wm2_slope_2000_2025,-0.0027852077546791,-0.1242440279573201,0.017869701609015465,0.014254264533519745
5,e,forest_frac_slope_2000_2025,ssrd_wm2_slope_2000_2025,-0.0024058479818911,-0.1242440279573201,0.018152231350541115,0.014909569174051285
5,e,forest_frac_slope_2000_2025,ssrd_wm2_slope_2000_2025,-0.002026488209103,-0.1242440279573201,0.018878145143389702,0.016086500138044357
5,e,forest_frac_slope_2000_2025,ssrd_wm2_slope_2000_2025,-0.0016471284363149,-0.1242440279573201,0.019377470016479492,0.017127912491559982
5,e,forest_frac_slope_2000_2025,ssrd_wm2_slope_2000_2025,-0.0012677686635269,-0.1242440279573201,0.02042222023010254,0.018731405958533287
5,e,forest_frac_slope_2000_2025,ssrd_wm2_slope_2000_2025,-0.0008884088907388,-0.1242440279573201,0.02133002318441868,0.019914403557777405
5,e,forest_frac_slope_2000_2025,ssrd_wm2_slope_2000_2025,-0.0005090491179507,-0.1242440279573201,0.021986955776810646,0.020943278446793556
5,e,forest_frac_slope_2000_2025,ssrd_wm2_slope_2000_2025,-0.0001296893451627,-0.1242440279573201,0.022806687280535698,0.022707751020789146
5,e,forest_frac_slope_2000_2025,ssrd_wm2_slope_2000_2025,0.0002496704276253,-0.1242440279573201,0.024548357352614403,0.025315776467323303
5,e,forest_frac_slope_2000_2025,ssrd_wm2_slope_2000_2025,0.0006290302004134,-0.1242440279573201,0.024854524061083794,0.0260921660810709
5,e,forest_frac_slope_2000_2025,ssrd_wm2_slope_2000_2025,0.0010083899732014,-0.1242440279573201,0.025404881685972214,0.026923129335045815
5,e,forest_frac_slope_2000_2025,ssrd_wm2_slope_2000_2025,0.0013877497459895,-0.1242440279573201,0.0256265327334404,0.02727462537586689
5,e,forest_frac_slope_2000_2025,ssrd_wm2_slope_2000_2025,0.0017671095187776,-0.1242440279573201,0.025689249858260155,0.027622152119874954
5,e,forest_frac_slope_2000_2025,ssrd_wm2_slope_2000_2025,0.0021464692915656,-0.1242440279573201,0.026146123185753822,0.02825024351477623
5,e,forest_frac_slope_2000_2025,ssrd_wm2_slope_2000_2025,0.0025258290643537,-0.1242440279573201,0.026316052302718163,0.028582632541656494
5,e,forest_frac_slope_2000_2025,ssrd_wm2_slope_2000_2025,0.0029051888371418,-0.1242440279573201,0.02668003737926483,0.02908940054476261
5,e,forest_frac_slope_2000_2025,ssrd_wm2_slope_2000_2025,0.0032845486099298,-0.1242440279573201,0.026866907253861427,0.029334666207432747
5,e,forest_frac_slope_2000_2025,ssrd_wm2_slope_2000_2025,0.0036639083827179,-0.1242440279573201,0.026873556897044182,0.02940334379673004
5,e,forest_frac_slope_2000_2025,ssrd_wm2_slope_2000_2025,0.004043268155506,-0.1242440279573201,0.027055829763412476,0.029650432989001274
5,e,forest_frac_slope_2000_2025,ssrd_wm2_slope_2000_2025,0.004422627928294,-0.1242440279573201,0.027280168607831,0.029887370765209198
5,e,forest_frac_slope_2000_2025,ssrd_wm2_slope_2000_2025,0.0048019877010821,-0.1242440279573201,0.02730594016611576,0.03002924658358097
5,e,forest_frac_slope_2000_2025,ssrd_wm2_slope_2000_2025,0.0051813474738702,-0.1242440279573201,0.027458878234028816,0.030371297150850296
5,e,forest_frac_slope_2000_2025,ssrd_wm2_slope_2000_2025,0.0055607072466582,-0.1242440279573201,0.02745908685028553,0.030443502590060234
5,e,forest_frac_slope_2000_2025,ssrd_wm2_slope_2000_2025,0.0059400670194463,-0.1242440279573201,0.027423705905675888,0.030552444979548454
5,e,forest_frac_slope_2000_2025,ssrd_wm2_slope_2000_2025,-0.0092343238920763,-0.1228054290637373,0.007534009404480457,-0.003831257810816169
5,e,forest_frac_slope_2000_2025,ssrd_wm2_slope_2000_2025,-0.0088549641192882,-0.1228054290637373,0.0077921245247125626,-0.0034333292860537767
5,e,forest_frac_slope_2000_2025,ssrd_wm2_slope_2000_2025,-0.0084756043465002,-0.1228054290637373,0.008047502487897873,-0.002716858871281147
5,e,forest_frac_slope_2000_2025,ssrd_wm2_slope_2000_2025,-0.0080962445737121,-0.1228054290637373,0.008716054260730743,-0.0016339232679456472
5,e,forest_frac_slope_2000_2025,ssrd_wm2_slope_2000_2025,-0.007716884800924,-0.1228054290637373,0.00941055454313755,-0.0003999776963610202
5,e,forest_frac_slope_2000_2025,ssrd_wm2_slope_2000_2025,-0.007337525028136,-0.1228054290637373,0.010068148374557495,0.000407444778829813
5,e,forest_frac_slope_2000_2025,ssrd_wm2_slope_2000_2025,-0.0069581652553479,-0.1228054290637373,0.010638060979545116,0.00158844911493361
5,e,forest_frac_slope_2000_2025,ssrd_wm2_slope_2000_2025,-0.0065788054825598,-0.1228054290637373,0.010844409465789795,0.0020127235911786556
5,e,forest_frac_slope_2000_2025,ssrd_wm2_slope_2000_2025,-0.0061994457097717,-0.1228054290637373,0.010980706661939621,0.0026501412503421307
5,e,forest_frac_slope_2000_2025,ssrd_wm2_slope_2000_2025,-0.0058200859369837,-0.1228054290637373,0.011903212405741215,0.00419987877830863
5,e,forest_frac_slope_2000_2025,ssrd_wm2_slope_2000_2025,-0.0054407261641956,-0.1228054290637373,0.013749133795499802,0.007190566044300795
5,e,forest_frac_slope_2000_2025,ssrd_wm2_slope_2000_2025,-0.0050613663914075,-0.1228054290637373,0.013731897808611393,0.007248226087540388
5,e,forest_frac_slope_2000_2025,ssrd_wm2_slope_2000_2025,-0.0046820066186195,-0.1228054290637373,0.01518164947628975,0.009363365359604359
5,e,forest_frac_slope_2000_2025,ssrd_wm2_slope_2000_2025,-0.0043026468458314,-0.1228054290637373,0.015589455142617226,0.010525291785597801
5,e,forest_frac_slope_2000_2025,ssrd_wm2_slope_2000_2025,-0.0039232870730433,-0.1228054290637373,0.015760278329253197,0.011033625341951847
5,e,forest_frac_slope_2000_2025,ssrd_wm2_slope_2000_2025,-0.0035439273002553,-0.1228054290637373,0.016193069517612457,0.012164972722530365
5,e,forest_frac_slope_2000_2025,ssrd_wm2_slope_2000_2025,-0.0031645675274672,-0.1228054290637373,0.016650915145874023,0.01295006275177002
5,e,forest_frac_slope_2000_2025,ssrd_wm2_slope_2000_2025,-0.0027852077546791,-0.1228054290637373,0.017865361645817757,0.014244087971746922
5,e,forest_frac_slope_2000_2025,ssrd_wm2_slope_2000_2025,-0.0024058479818911,-0.1228054290637373,0.018144259229302406,0.014895430766046047
5,e,forest_frac_slope_2000_2025,ssrd_wm2_slope_2000_2025,-0.002026488209103,-0.1228054290637373,0.018870174884796143,0.01607266627252102
5,e,forest_frac_slope_2000_2025,ssrd_wm2_slope_2000_2025,-0.0016471284363149,-0.1228054290637373,0.019369497895240784,0.017114421352744102
5,e,forest_frac_slope_2000_2025,ssrd_wm2_slope_2000_2025,-0.0012677686635269,-0.1228054290637373,0.02041424810886383,0.018717527389526367
5,e,forest_frac_slope_2000_2025,ssrd_wm2_slope_2000_2025,-0.0008884088907388,-0.1228054290637373,0.02132204920053482,0.01990119367837906
5,e,forest_frac_slope_2000_2025,ssrd_wm2_slope_2000_2025,-0.0005090491179507,-0.1228054290637373,0.021973662078380585,0.020929645746946335
5,e,forest_frac_slope_2000_2025,ssrd_wm2_slope_2000_2025,-0.0001296893451627,-0.1228054290637373,0.022793393582105637,0.022694241255521774
5,e,forest_frac_slope_2000_2025,ssrd_wm2_slope_2000_2025,0.0002496704276253,-0.1228054290637373,0.024538975208997726,0.02530602179467678
5,e,forest_frac_slope_2000_2025,ssrd_wm2_slope_2000_2025,0.0006290302004134,-0.1228054290637373,0.024845140054821968,0.026082748547196388
5,e,forest_frac_slope_2000_2025,ssrd_wm2_slope_2000_2025,0.0010083899732014,-0.1228054290637373,0.025404684245586395,0.026923300698399544
5,e,forest_frac_slope_2000_2025,ssrd_wm2_slope_2000_2025,0.0013877497459895,-0.1228054290637373,0.02562633343040943,0.027275243774056435
5,e,forest_frac_slope_2000_2025,ssrd_wm2_slope_2000_2025,0.0017671095187776,-0.1228054290637373,0.025689052417874336,0.027623411267995834
5,e,forest_frac_slope_2000_2025,ssrd_wm2_slope_2000_2025,0.0021464692915656,-0.1228054290637373,0.026145923882722855,0.028252875432372093
5,e,forest_frac_slope_2000_2025,ssrd_wm2_slope_2000_2025,0.0025258290643537,-0.1228054290637373,0.026315854862332344,0.02858581580221653
5,e,forest_frac_slope_2000_2025,ssrd_wm2_slope_2000_2025,0.0029051888371418,-0.1228054290637373,0.026679836213588715,0.02909306436777115
5,e,forest_frac_slope_2000_2025,ssrd_wm2_slope_2000_2025,0.0032845486099298,-0.1228054290637373,0.02686670981347561,0.029338538646697998
5,e,forest_frac_slope_2000_2025,ssrd_wm2_slope_2000_2025,0.0036639083827179,-0.1228054290637373,0.026873359456658363,0.02940739318728447
5,e,forest_frac_slope_2000_2025,ssrd_wm2_slope_2000_2025,0.004043268155506,-0.1228054290637373,0.027055632323026657,0.02965454012155533
5,e,forest_frac_slope_2000_2025,ssrd_wm2_slope_2000_2025,0.004422627928294,-0.1228054290637373,0.027279967442154884,0.029891522601246834
5,e,forest_frac_slope_2000_2025,ssrd_wm2_slope_2000_2025,0.0048019877010821,-0.1228054290637373,0.027305742725729942,0.030033499002456665
5,e,forest_frac_slope_2000_2025,ssrd_wm2_slope_2000_2025,0.0051813474738702,-0.1228054290637373,0.027458680793642998,0.030375584959983826
5,e,forest_frac_slope_2000_2025,ssrd_wm2_slope_2000_2025,0.0055607072466582,-0.1228054290637373,0.02745888940989971,0.030447715893387794
5,e,forest_frac_slope_2000_2025,ssrd_wm2_slope_2000_2025,0.0059400670194463,-0.1228054290637373,0.02742350660264492,0.030556729063391685
5,e,forest_frac_slope_2000_2025,ssrd_wm2_slope_2000_2025,-0.0092343238920763,-0.1213668301701545,0.007432160433381796,-0.003937311936169863
5,e,forest_frac_slope_2000_2025,ssrd_wm2_slope_2000_2025,-0.0088549641192882,-0.1213668301701545,0.0076750945299863815,-0.003553213318809867
5,e,forest_frac_slope_2000_2025,ssrd_wm2_slope_2000_2025,-0.0084756043465002,-0.1213668301701545,0.007929446175694466,-0.0028376749251037836
5,e,forest_frac_slope_2000_2025,ssrd_wm2_slope_2000_2025,-0.0080962445737121,-0.1213668301701545,0.008597997017204762,-0.0017558443360030651
5,e,forest_frac_slope_2000_2025,ssrd_wm2_slope_2000_2025,-0.007716884800924,-0.1213668301701545,0.009291822090744972,-0.0005229354719631374
5,e,forest_frac_slope_2000_2025,ssrd_wm2_slope_2000_2025,-0.007337525028136,-0.1213668301701545,0.009949415922164917,0.0002844803675543517
5,e,forest_frac_slope_2000_2025,ssrd_wm2_slope_2000_2025,-0.0069581652553479,-0.1213668301701545,0.010517892427742481,0.001460294472053647
5,e,forest_frac_slope_2000_2025,ssrd_wm2_slope_2000_2025,-0.0065788054825598,-0.1213668301701545,0.010724242776632309,0.00188339629676193
5,e,forest_frac_slope_2000_2025,ssrd_wm2_slope_2000_2025,-0.0061994457097717,-0.1213668301701545,0.01086053904145956,0.002520163543522358
5,e,forest_frac_slope_2000_2025,ssrd_wm2_slope_2000_2025,-0.0058200859369837,-0.1213668301701545,0.01178757380694151,0.004073805175721645
5,e,forest_frac_slope_2000_2025,ssrd_wm2_slope_2000_2025,-0.0054407261641956,-0.1213668301701545,0.013633494265377522,0.007064405363053083
5,e,forest_frac_slope_2000_2025,ssrd_wm2_slope_2000_2025,-0.0050613663914075,-0.1213668301701545,0.013616260141134262,0.0071213883347809315
5,e,forest_frac_slope_2000_2025,ssrd_wm2_slope_2000_2025,-0.0046820066186195,-0.1213668301701545,0.015066011808812618,0.009231608361005783
5,e,forest_frac_slope_2000_2025,ssrd_wm2_slope_2000_2025,-0.0043026468458314,-0.1213668301701545,0.015492425300180912,0.010369986295700073
5,e,forest_frac_slope_2000_2025,ssrd_wm2_slope_2000_2025,-0.0039232870730433,-0.1213668301701545,0.015660295262932777,0.01087341457605362
5,e,forest_frac_slope_2000_2025,ssrd_wm2_slope_2000_2025,-0.0035439273002553,-0.1213668301701545,0.016093086451292038,0.012002888135612011
5,e,forest_frac_slope_2000_2025,ssrd_wm2_slope_2000_2025,-0.0031645675274672,-0.1213668301701545,0.01655096933245659,0.012784959748387337
5,e,forest_frac_slope_2000_2025,ssrd_wm2_slope_2000_2025,-0.0027852077546791,-0.1213668301701545,0.01770242303609848,0.014016739092767239
5,e,forest_frac_slope_2000_2025,ssrd_wm2_slope_2000_2025,-0.0024058479818911,-0.1213668301701545,0.01798132061958313,0.014669607393443584
5,e,forest_frac_slope_2000_2025,ssrd_wm2_slope_2000_2025,-0.002026488209103,-0.1213668301701545,0.018716806545853615,0.015860067680478096
5,e,forest_frac_slope_2000_2025,ssrd_wm2_slope_2000_2025,-0.0016471284363149,-0.1213668301701545,0.019216127693653107,0.016940349712967873
5,e,forest_frac_slope_2000_2025,ssrd_wm2_slope_2000_2025,-0.0012677686635269,-0.1213668301701545,0.020260877907276154,0.018527014181017876
5,e,forest_frac_slope_2000_2025,ssrd_wm2_slope_2000_2025,-0.0008884088907388,-0.1213668301701545,0.021159812808036804,0.019707273691892624
5,e,forest_frac_slope_2000_2025,ssrd_wm2_slope_2000_2025,-0.0005090491179507,-0.1213668301701545,0.021833674982190132,0.020777985453605652
5,e,forest_frac_slope_2000_2025,ssrd_wm2_slope_2000_2025,-0.0001296893451627,-0.1213668301701545,0.022671204060316086,0.022556329146027565
5,e,forest_frac_slope_2000_2025,ssrd_wm2_slope_2000_2025,0.0002496704276253,-0.1213668301701545,0.024452775716781616,0.025225894525647163
5,e,forest_frac_slope_2000_2025,ssrd_wm2_slope_2000_2025,0.0006290302004134,-0.1213668301701545,0.024758141487836838,0.02601005509495735
5,e,forest_frac_slope_2000_2025,ssrd_wm2_slope_2000_2025,0.0010083899732014,-0.1213668301701545,0.025341708213090897,0.02687877044081688
5,e,forest_frac_slope_2000_2025,ssrd_wm2_slope_2000_2025,0.0013877497459895,-0.1213668301701545,0.025563357397913933,0.027234429493546486
5,e,forest_frac_slope_2000_2025,ssrd_wm2_slope_2000_2025,0.0017671095187776,-0.1213668301701545,0.025626076385378838,0.02758474089205265
5,e,forest_frac_slope_2000_2025,ssrd_wm2_slope_2000_2025,0.0021464692915656,-0.1213668301701545,0.026082949712872505,0.0282159224152565
5,e,forest_frac_slope_2000_2025,ssrd_wm2_slope_2000_2025,0.0025258290643537,-0.1213668301701545,0.026252876967191696,0.028552213683724403
5,e,forest_frac_slope_2000_2025,ssrd_wm2_slope_2000_2025,0.0029051888371418,-0.1213668301701545,0.026616862043738365,0.029060112312436104
5,e,forest_frac_slope_2000_2025,ssrd_wm2_slope_2000_2025,0.0032845486099298,-0.1213668301701545,0.0268040020018816,0.02930610254406929
5,e,forest_frac_slope_2000_2025,ssrd_wm2_slope_2000_2025,0.0036639083827179,-0.1213668301701545,0.026810651645064354,0.029375094920396805
5,e,forest_frac_slope_2000_2025,ssrd_wm2_slope_2000_2025,0.004043268155506,-0.1213668301701545,0.026992928236722946,0.029622722417116165
5,e,forest_frac_slope_2000_2025,ssrd_wm2_slope_2000_2025,0.004422627928294,-0.1213668301701545,0.027217267081141472,0.029859421774744987
5,e,forest_frac_slope_2000_2025,ssrd_wm2_slope_2000_2025,0.0048019877010821,-0.1213668301701545,0.02724304236471653,0.030001353472471237
5,e,forest_frac_slope_2000_2025,ssrd_wm2_slope_2000_2025,0.0051813474738702,-0.1213668301701545,0.02739597298204899,0.03034348227083683
5,e,forest_frac_slope_2000_2025,ssrd_wm2_slope_2000_2025,0.0055607072466582,-0.1213668301701545,0.0273961890488863,0.030415862798690796
5,e,forest_frac_slope_2000_2025,ssrd_wm2_slope_2000_2025,0.0059400670194463,-0.1213668301701545,0.02736080251634121,0.030524902045726776
5,e,forest_frac_slope_2000_2025,ssrd_wm2_slope_2000_2025,-0.0092343238920763,-0.1199282312765717,0.007412059232592583,-0.004226027987897396
5,e,forest_frac_slope_2000_2025,ssrd_wm2_slope_2000_2025,-0.0088549641192882,-0.1199282312765717,0.007662289775907993,-0.0038341181352734566
5,e,forest_frac_slope_2000_2025,ssrd_wm2_slope_2000_2025,-0.0084756043465002,-0.1199282312765717,0.007916641421616077,-0.0031180561054497957
5,e,forest_frac_slope_2000_2025,ssrd_wm2_slope_2000_2025,-0.0080962445737121,-0.1199282312765717,0.008585192263126373,-0.0020349600818008184
5,e,forest_frac_slope_2000_2025,ssrd_wm2_slope_2000_2025,-0.007716884800924,-0.1199282312765717,0.00927901640534401,-0.0007999439840205014
5,e,forest_frac_slope_2000_2025,ssrd_wm2_slope_2000_2025,-0.007337525028136,-0.1199282312765717,0.009936611168086529,8.667608199175447e-06
5,e,forest_frac_slope_2000_2025,ssrd_wm2_slope_2000_2025,-0.0069581652553479,-0.1199282312765717,0.010505088604986668,0.001185553497634828
5,e,forest_frac_slope_2000_2025,ssrd_wm2_slope_2000_2025,-0.0065788054825598,-0.1199282312765717,0.010711436159908772,0.0016090910648927093
5,e,forest_frac_slope_2000_2025,ssrd_wm2_slope_2000_2025,-0.0061994457097717,-0.1199282312765717,0.010847733356058598,0.0022480671759694815
5,e,forest_frac_slope_2000_2025,ssrd_wm2_slope_2000_2025,-0.0058200859369837,-0.1199282312765717,0.011718954890966415,0.0037480664905160666
5,e,forest_frac_slope_2000_2025,ssrd_wm2_slope_2000_2025,-0.0054407261641956,-0.1199282312765717,0.013514689169824123,0.006690637208521366
5,e,forest_frac_slope_2000_2025,ssrd_wm2_slope_2000_2025,-0.0050613663914075,-0.1199282312765717,0.013497453182935715,0.00675097294151783
5,e,forest_frac_slope_2000_2025,ssrd_wm2_slope_2000_2025,-0.0046820066186195,-0.1199282312765717,0.014947205781936646,0.00886292289942503
5,e,forest_frac_slope_2000_2025,ssrd_wm2_slope_2000_2025,-0.0043026468458314,-0.1199282312765717,0.01537361927330494,0.010006580501794815
5,e,forest_frac_slope_2000_2025,ssrd_wm2_slope_2000_2025,-0.0039232870730433,-0.1199282312765717,0.01554148830473423,0.010516214184463024
5,e,forest_frac_slope_2000_2025,ssrd_wm2_slope_2000_2025,-0.0035439273002553,-0.1199282312765717,0.016080280765891075,0.011752746999263763
5,e,forest_frac_slope_2000_2025,ssrd_wm2_slope_2000_2025,-0.0031645675274672,-0.1199282312765717,0.016538163647055626,0.012539857067167759
5,e,forest_frac_slope_2000_2025,ssrd_wm2_slope_2000_2025,-0.0027852077546791,-0.1199282312765717,0.01770169660449028,0.013790424913167953
5,e,forest_frac_slope_2000_2025,ssrd_wm2_slope_2000_2025,-0.0024058479818911,-0.1199282312765717,0.01798151060938835,0.014450572431087494
5,e,forest_frac_slope_2000_2025,ssrd_wm2_slope_2000_2025,-0.002026488209103,-0.1199282312765717,0.01872127130627632,0.015656128525733948
5,e,forest_frac_slope_2000_2025,ssrd_wm2_slope_2000_2025,-0.0016471284363149,-0.1199282312765717,0.019220594316720963,0.01675037480890751
5,e,forest_frac_slope_2000_2025,ssrd_wm2_slope_2000_2025,-0.0012677686635269,-0.1199282312765717,0.02026534453034401,0.018358906731009483
5,e,forest_frac_slope_2000_2025,ssrd_wm2_slope_2000_2025,-0.0008884088907388,-0.1199282312765717,0.02116452530026436,0.01957371085882187
5,e,forest_frac_slope_2000_2025,ssrd_wm2_slope_2000_2025,-0.0005090491179507,-0.1199282312765717,0.02183099277317524,0.020686425268650055
5,e,forest_frac_slope_2000_2025,ssrd_wm2_slope_2000_2025,-0.0001296893451627,-0.1199282312765717,0.022671055048704147,0.022525575011968613
5,e,forest_frac_slope_2000_2025,ssrd_wm2_slope_2000_2025,0.0002496704276253,-0.1199282312765717,0.02446073852479458,0.025219304487109184
5,e,forest_frac_slope_2000_2025,ssrd_wm2_slope_2000_2025,0.0006290302004134,-0.1199282312765717,0.024765659123659134,0.02600651979446411
5,e,forest_frac_slope_2000_2025,ssrd_wm2_slope_2000_2025,0.0010083899732014,-0.1199282312765717,0.025342918932437897,0.026871614158153534
5,e,forest_frac_slope_2000_2025,ssrd_wm2_slope_2000_2025,0.0013877497459895,-0.1199282312765717,0.025556612759828568,0.027221113443374634
5,e,forest_frac_slope_2000_2025,ssrd_wm2_slope_2000_2025,0.0017671095187776,-0.1199282312765717,0.025619328022003174,0.027572421357035637
5,e,forest_frac_slope_2000_2025,ssrd_wm2_slope_2000_2025,0.0021464692915656,-0.1199282312765717,0.02607620321214199,0.028203245252370834
5,e,forest_frac_slope_2000_2025,ssrd_wm2_slope_2000_2025,0.0025258290643537,-0.1199282312765717,0.02624613046646118,0.028539923951029778
5,e,forest_frac_slope_2000_2025,ssrd_wm2_slope_2000_2025,0.0029051888371418,-0.1199282312765717,0.02660791017115116,0.029046421870589256
5,e,forest_frac_slope_2000_2025,ssrd_wm2_slope_2000_2025,0.0032845486099298,-0.1199282312765717,0.026795219630002975,0.02929450385272503
5,e,forest_frac_slope_2000_2025,ssrd_wm2_slope_2000_2025,0.0036639083827179,-0.1199282312765717,0.02680186554789543,0.029364293441176414
5,e,forest_frac_slope_2000_2025,ssrd_wm2_slope_2000_2025,0.004043268155506,-0.1199282312765717,0.026985950767993927,0.029614223167300224
5,e,forest_frac_slope_2000_2025,ssrd_wm2_slope_2000_2025,0.004422627928294,-0.1199282312765717,0.027210285887122154,0.029851745814085007
5,e,forest_frac_slope_2000_2025,ssrd_wm2_slope_2000_2025,0.0048019877010821,-0.1199282312765717,0.027236061170697212,0.029994038864970207
5,e,forest_frac_slope_2000_2025,ssrd_wm2_slope_2000_2025,0.0051813474738702,-0.1199282312765717,0.02738899551331997,0.030336938798427582
5,e,forest_frac_slope_2000_2025,ssrd_wm2_slope_2000_2025,0.0055607072466582,-0.1199282312765717,0.02738920785486698,0.030409449711441994
5,e,forest_frac_slope_2000_2025,ssrd_wm2_slope_2000_2025,0.0059400670194463,-0.1199282312765717,0.02735382318496704,0.03051922470331192
5,e,forest_frac_slope_2000_2025,ssrd_wm2_slope_2000_2025,-0.0092343238920763,-0.1184896323829889,0.007419977802783251,-0.004212397616356611
5,e,forest_frac_slope_2000_2025,ssrd_wm2_slope_2000_2025,-0.0088549641192882,-0.1184896323829889,0.007670209277421236,-0.0038203303702175617
5,e,forest_frac_slope_2000_2025,ssrd_wm2_slope_2000_2025,-0.0084756043465002,-0.1184896323829889,0.007924561388790607,-0.003104074625298381
5,e,forest_frac_slope_2000_2025,ssrd_wm2_slope_2000_2025,-0.0080962445737121,-0.1184896323829889,0.008579593151807785,-0.0020344587974250317
5,e,forest_frac_slope_2000_2025,ssrd_wm2_slope_2000_2025,-0.007716884800924,-0.1184896323829889,0.009223459288477898,-0.0008491749758832157
5,e,forest_frac_slope_2000_2025,ssrd_wm2_slope_2000_2025,-0.007337525028136,-0.1184896323829889,0.009881053119897842,-4.0573762817075476e-05
5,e,forest_frac_slope_2000_2025,ssrd_wm2_slope_2000_2025,-0.0069581652553479,-0.1184896323829889,0.010445622727274895,0.001138803781941533
5,e,forest_frac_slope_2000_2025,ssrd_wm2_slope_2000_2025,-0.0065788054825598,-0.1184896323829889,0.010651971213519573,0.0015593240968883038
5,e,forest_frac_slope_2000_2025,ssrd_wm2_slope_2000_2025,-0.0061994457097717,-0.1184896323829889,0.010788270272314548,0.0021982411853969097
5,e,forest_frac_slope_2000_2025,ssrd_wm2_slope_2000_2025,-0.0058200859369837,-0.1184896323829889,0.011659489944577217,0.00369818857870996
5,e,forest_frac_slope_2000_2025,ssrd_wm2_slope_2000_2025,-0.0054407261641956,-0.1184896323829889,0.013455224223434925,0.006644047796726227
5,e,forest_frac_slope_2000_2025,ssrd_wm2_slope_2000_2025,-0.0050613663914075,-0.1184896323829889,0.013439594767987728,0.006706091575324535
5,e,forest_frac_slope_2000_2025,ssrd_wm2_slope_2000_2025,-0.0046820066186195,-0.1184896323829889,0.014878676272928715,0.008807305246591568
5,e,forest_frac_slope_2000_2025,ssrd_wm2_slope_2000_2025,-0.0043026468458314,-0.1184896323829889,0.015303735621273518,0.009946993552148342
5,e,forest_frac_slope_2000_2025,ssrd_wm2_slope_2000_2025,-0.0039232870730433,-0.1184896323829889,0.015471604652702808,0.01045641303062439
5,e,forest_frac_slope_2000_2025,ssrd_wm2_slope_2000_2025,-0.0035439273002553,-0.1184896323829889,0.01603713072836399,0.011719170957803726
5,e,forest_frac_slope_2000_2025,ssrd_wm2_slope_2000_2025,-0.0031645675274672,-0.1184896323829889,0.01649501547217369,0.012506145052611828
5,e,forest_frac_slope_2000_2025,ssrd_wm2_slope_2000_2025,-0.0027852077546791,-0.1184896323829889,0.017658544704318047,0.013756087981164455
5,e,forest_frac_slope_2000_2025,ssrd_wm2_slope_2000_2025,-0.0024058479818911,-0.1184896323829889,0.017938360571861267,0.014416100457310677
5,e,forest_frac_slope_2000_2025,ssrd_wm2_slope_2000_2025,-0.002026488209103,-0.1184896323829889,0.01870134472846985,0.01564352959394455
5,e,forest_frac_slope_2000_2025,ssrd_wm2_slope_2000_2025,-0.0016471284363149,-0.1184896323829889,0.01920066773891449,0.016738029196858406
5,e,forest_frac_slope_2000_2025,ssrd_wm2_slope_2000_2025,-0.0012677686635269,-0.1184896323829889,0.020245417952537537,0.01834779977798462
5,e,forest_frac_slope_2000_2025,ssrd_wm2_slope_2000_2025,-0.0008884088907388,-0.1184896323829889,0.02118011750280857,0.01959773153066635
5,e,forest_frac_slope_2000_2025,ssrd_wm2_slope_2000_2025,-0.0005090491179507,-0.1184896323829889,0.021849924698472023,0.020712250843644142
5,e,forest_frac_slope_2000_2025,ssrd_wm2_slope_2000_2025,-0.0001296893451627,-0.1184896323829889,0.02267778478562832,0.022531729191541672
5,e,forest_frac_slope_2000_2025,ssrd_wm2_slope_2000_2025,0.0002496704276253,-0.1184896323829889,0.0244884230196476,0.02524811029434204
5,e,forest_frac_slope_2000_2025,ssrd_wm2_slope_2000_2025,0.0006290302004134,-0.1184896323829889,0.024791250005364418,0.026030831038951874
5,e,forest_frac_slope_2000_2025,ssrd_wm2_slope_2000_2025,0.0010083899732014,-0.1184896323829889,0.02533508650958538,0.026866931468248367
5,e,forest_frac_slope_2000_2025,ssrd_wm2_slope_2000_2025,0.0013877497459895,-0.1184896323829889,0.025548778474330902,0.027215925976634026
5,e,forest_frac_slope_2000_2025,ssrd_wm2_slope_2000_2025,0.0017671095187776,-0.1184896323829889,0.025611497461795807,0.027567297220230103
5,e,forest_frac_slope_2000_2025,ssrd_wm2_slope_2000_2025,0.0021464692915656,-0.1184896323829889,0.026068368926644325,0.02819787710905075
5,e,forest_frac_slope_2000_2025,ssrd_wm2_slope_2000_2025,0.0025258290643537,-0.1184896323829889,0.026238298043608665,0.02853475511074066
5,e,forest_frac_slope_2000_2025,ssrd_wm2_slope_2000_2025,0.0029051888371418,-0.1184896323829889,0.026600081473588943,0.0290412325412035
5,e,forest_frac_slope_2000_2025,ssrd_wm2_slope_2000_2025,0.0032845486099298,-0.1184896323829889,0.02678738534450531,0.029289480298757553
5,e,forest_frac_slope_2000_2025,ssrd_wm2_slope_2000_2025,0.0036639083827179,-0.1184896323829889,0.026794036850333214,0.02935911901295185
5,e,forest_frac_slope_2000_2025,ssrd_wm2_slope_2000_2025,0.004043268155506,-0.1184896323829889,0.02697811834514141,0.029608681797981262
5,e,forest_frac_slope_2000_2025,ssrd_wm2_slope_2000_2025,0.004422627928294,-0.1184896323829889,0.027202453464269638,0.029846178367733955
5,e,forest_frac_slope_2000_2025,ssrd_wm2_slope_2000_2025,0.0048019877010821,-0.1184896323829889,0.027228230610489845,0.02998831495642662
5,e,forest_frac_slope_2000_2025,ssrd_wm2_slope_2000_2025,0.0051813474738702,-0.1184896323829889,0.027381163090467453,0.030331077054142952
5,e,forest_frac_slope_2000_2025,ssrd_wm2_slope_2000_2025,0.0055607072466582,-0.1184896323829889,0.027381375432014465,0.030403709039092064
5,e,forest_frac_slope_2000_2025,ssrd_wm2_slope_2000_2025,0.0059400670194463,-0.1184896323829889,0.027345994487404823,0.03051362931728363
5,e,forest_frac_slope_2000_2025,ssrd_wm2_slope_2000_2025,-0.0092343238920763,-0.117051033489406,0.00734821567311883,-0.004239598289132118
5,e,forest_frac_slope_2000_2025,ssrd_wm2_slope_2000_2025,-0.0088549641192882,-0.117051033489406,0.00759844621643424,-0.0038509336300194263
5,e,forest_frac_slope_2000_2025,ssrd_wm2_slope_2000_2025,-0.0084756043465002,-0.117051033489406,0.007852797396481037,-0.003134626429527998
5,e,forest_frac_slope_2000_2025,ssrd_wm2_slope_2000_2025,-0.0080962445737121,-0.117051033489406,0.008538330905139446,-0.0020351523999124765
5,e,forest_frac_slope_2000_2025,ssrd_wm2_slope_2000_2025,-0.007716884800924,-0.117051033489406,0.009182197041809559,-0.0008500597905367613
5,e,forest_frac_slope_2000_2025,ssrd_wm2_slope_2000_2025,-0.007337525028136,-0.117051033489406,0.009839791804552078,-4.200769035378471e-05
5,e,forest_frac_slope_2000_2025,ssrd_wm2_slope_2000_2025,-0.0069581652553479,-0.117051033489406,0.01040436141192913,0.0011322677601128817
5,e,forest_frac_slope_2000_2025,ssrd_wm2_slope_2000_2025,-0.0065788054825598,-0.117051033489406,0.010610710829496384,0.0015515628037974238
5,e,forest_frac_slope_2000_2025,ssrd_wm2_slope_2000_2025,-0.0061994457097717,-0.117051033489406,0.010747007094323635,0.0021896834950894117
5,e,forest_frac_slope_2000_2025,ssrd_wm2_slope_2000_2025,-0.0058200859369837,-0.117051033489406,0.011618227697908878,0.0036884404253214598
5,e,forest_frac_slope_2000_2025,ssrd_wm2_slope_2000_2025,-0.0054407261641956,-0.117051033489406,0.01340582873672247,0.006625391077250242
5,e,forest_frac_slope_2000_2025,ssrd_wm2_slope_2000_2025,-0.0050613663914075,-0.117051033489406,0.013390199281275272,0.006687365937978029
5,e,forest_frac_slope_2000_2025,ssrd_wm2_slope_2000_2025,-0.0046820066186195,-0.117051033489406,0.01483559887856245,0.008795029483735561
5,e,forest_frac_slope_2000_2025,ssrd_wm2_slope_2000_2025,-0.0043026468458314,-0.117051033489406,0.015260658226907253,0.009933997876942158
5,e,forest_frac_slope_2000_2025,ssrd_wm2_slope_2000_2025,-0.0039232870730433,-0.117051033489406,0.015428527258336544,0.010442297905683517
5,e,forest_frac_slope_2000_2025,ssrd_wm2_slope_2000_2025,-0.0035439273002553,-0.117051033489406,0.01598420739173889,0.011678638868033886
5,e,forest_frac_slope_2000_2025,ssrd_wm2_slope_2000_2025,-0.0031645675274672,-0.117051033489406,0.0164189375936985,0.012436685152351856
5,e,forest_frac_slope_2000_2025,ssrd_wm2_slope_2000_2025,-0.0027852077546791,-0.117051033489406,0.01755473017692566,0.013658302836120129
5,e,forest_frac_slope_2000_2025,ssrd_wm2_slope_2000_2025,-0.0024058479818911,-0.117051033489406,0.017835404723882675,0.014318003319203854
5,e,forest_frac_slope_2000_2025,ssrd_wm2_slope_2000_2025,-0.002026488209103,-0.117051033489406,0.0185892004519701,0.015533532947301865
5,e,forest_frac_slope_2000_2025,ssrd_wm2_slope_2000_2025,-0.0016471284363149,-0.117051033489406,0.01906304992735386,0.01660006120800972
5,e,forest_frac_slope_2000_2025,ssrd_wm2_slope_2000_2025,-0.0012677686635269,-0.117051033489406,0.020063912495970726,0.01816442795097828
5,e,forest_frac_slope_2000_2025,ssrd_wm2_slope_2000_2025,-0.0008884088907388,-0.117051033489406,0.020956089720129967,0.019368762150406837
5,e,forest_frac_slope_2000_2025,ssrd_wm2_slope_2000_2025,-0.0005090491179507,-0.117051033489406,0.021588949486613274,0.02044617012143135
5,e,forest_frac_slope_2000_2025,ssrd_wm2_slope_2000_2025,-0.0001296893451627,-0.117051033489406,0.02243036963045597,0.022280337288975716
5,e,forest_frac_slope_2000_2025,ssrd_wm2_slope_2000_2025,0.0002496704276253,-0.117051033489406,0.02439326047897339,0.025168554857373238
5,e,forest_frac_slope_2000_2025,ssrd_wm2_slope_2000_2025,0.0006290302004134,-0.117051033489406,0.024695761501789093,0.0259553212672472
5,e,forest_frac_slope_2000_2025,ssrd_wm2_slope_2000_2025,0.0010083899732014,-0.117051033489406,0.025239601731300354,0.0267927423119545
5,e,forest_frac_slope_2000_2025,ssrd_wm2_slope_2000_2025,0.0013877497459895,-0.117051033489406,0.02545827254652977,0.027149174362421036
5,e,forest_frac_slope_2000_2025,ssrd_wm2_slope_2000_2025,0.0017671095187776,-0.117051033489406,0.025520991533994675,0.02750343084335327
5,e,forest_frac_slope_2000_2025,ssrd_wm2_slope_2000_2025,0.0021464692915656,-0.117051033489406,0.026006514206528664,0.028165219351649284
5,e,forest_frac_slope_2000_2025,ssrd_wm2_slope_2000_2025,0.0025258290643537,-0.117051033489406,0.026176443323493004,0.028504518792033195
5,e,forest_frac_slope_2000_2025,ssrd_wm2_slope_2000_2025,0.0029051888371418,-0.117051033489406,0.026538299396634102,0.029011689126491547
5,e,forest_frac_slope_2000_2025,ssrd_wm2_slope_2000_2025,0.0032845486099298,-0.117051033489406,0.026725606992840767,0.029261626303195953
5,e,forest_frac_slope_2000_2025,ssrd_wm2_slope_2000_2025,0.0036639083827179,-0.117051033489406,0.02673226036131382,0.029332628473639488
5,e,forest_frac_slope_2000_2025,ssrd_wm2_slope_2000_2025,0.004043268155506,-0.117051033489406,0.02691633813083172,0.029582887887954712
5,e,forest_frac_slope_2000_2025,ssrd_wm2_slope_2000_2025,0.004422627928294,-0.117051033489406,0.027140676975250244,0.029820414260029793
5,e,forest_frac_slope_2000_2025,ssrd_wm2_slope_2000_2025,0.0048019877010821,-0.117051033489406,0.027166448533535004,0.029962819069623947
5,e,forest_frac_slope_2000_2025,ssrd_wm2_slope_2000_2025,0.0051813474738702,-0.117051033489406,0.02731938660144806,0.03030591644346714
5,e,forest_frac_slope_2000_2025,ssrd_wm2_slope_2000_2025,0.0055607072466582,-0.117051033489406,0.027319597080349922,0.030378367751836777
5,e,forest_frac_slope_2000_2025,ssrd_wm2_slope_2000_2025,0.0059400670194463,-0.117051033489406,0.02728421613574028,0.03048889711499214
5,e,forest_frac_slope_2000_2025,ssrd_wm2_slope_2000_2025,-0.0092343238920763,-0.1156124345958232,0.00716917822137475,-0.0043371738865971565
5,e,forest_frac_slope_2000_2025,ssrd_wm2_slope_2000_2025,-0.0088549641192882,-0.1156124345958232,0.007419823203235865,-0.003949224948883057
5,e,forest_frac_slope_2000_2025,ssrd_wm2_slope_2000_2025,-0.0084756043465002,-0.1156124345958232,0.007674175314605236,-0.0032342488411813974
5,e,forest_frac_slope_2000_2025,ssrd_wm2_slope_2000_2025,-0.0080962445737121,-0.1156124345958232,0.008356645703315735,-0.002140249591320753
5,e,forest_frac_slope_2000_2025,ssrd_wm2_slope_2000_2025,-0.007716884800924,-0.1156124345958232,0.009000512771308422,-0.0009581227204762399
5,e,forest_frac_slope_2000_2025,ssrd_wm2_slope_2000_2025,-0.007337525028136,-0.1156124345958232,0.009658106602728367,-0.00015349288878496736
5,e,forest_frac_slope_2000_2025,ssrd_wm2_slope_2000_2025,-0.0069581652553479,-0.1156124345958232,0.01022267621010542,0.001018045237287879
5,e,forest_frac_slope_2000_2025,ssrd_wm2_slope_2000_2025,-0.0065788054825598,-0.1156124345958232,0.010429024696350098,0.0014340621419250965
5,e,forest_frac_slope_2000_2025,ssrd_wm2_slope_2000_2025,-0.0061994457097717,-0.1156124345958232,0.010565321892499924,0.002051919000223279
5,e,forest_frac_slope_2000_2025,ssrd_wm2_slope_2000_2025,-0.0058200859369837,-0.1156124345958232,0.011468836106359959,0.003566919593140483
5,e,forest_frac_slope_2000_2025,ssrd_wm2_slope_2000_2025,-0.0054407261641956,-0.1156124345958232,0.013310781680047512,0.006544372998178005
5,e,forest_frac_slope_2000_2025,ssrd_wm2_slope_2000_2025,-0.0050613663914075,-0.1156124345958232,0.01329515315592289,0.006606405135244131
5,e,forest_frac_slope_2000_2025,ssrd_wm2_slope_2000_2025,-0.0046820066186195,-0.1156124345958232,0.014740552753210068,0.008713946677744389
5,e,forest_frac_slope_2000_2025,ssrd_wm2_slope_2000_2025,-0.0043026468458314,-0.1156124345958232,0.01516561210155487,0.009852590039372444
5,e,forest_frac_slope_2000_2025,ssrd_wm2_slope_2000_2025,-0.0039232870730433,-0.1156124345958232,0.015333481132984161,0.010361142456531525
5,e,forest_frac_slope_2000_2025,ssrd_wm2_slope_2000_2025,-0.0035439273002553,-0.1156124345958232,0.01588645577430725,0.011597925797104836
5,e,forest_frac_slope_2000_2025,ssrd_wm2_slope_2000_2025,-0.0031645675274672,-0.1156124345958232,0.01632118597626686,0.012362555600702763
5,e,forest_frac_slope_2000_2025,ssrd_wm2_slope_2000_2025,-0.0027852077546791,-0.1156124345958232,0.017455654218792915,0.013586883433163166
5,e,forest_frac_slope_2000_2025,ssrd_wm2_slope_2000_2025,-0.0024058479818911,-0.1156124345958232,0.017695248126983643,0.014201161451637745
5,e,forest_frac_slope_2000_2025,ssrd_wm2_slope_2000_2025,-0.002026488209103,-0.1156124345958232,0.018453309312462807,0.01542616169899702
5,e,forest_frac_slope_2000_2025,ssrd_wm2_slope_2000_2025,-0.0016471284363149,-0.1156124345958232,0.01893283799290657,0.016462329775094986
5,e,forest_frac_slope_2000_2025,ssrd_wm2_slope_2000_2025,-0.0012677686635269,-0.1156124345958232,0.019924581050872803,0.018004877492785454
5,e,forest_frac_slope_2000_2025,ssrd_wm2_slope_2000_2025,-0.0008884088907388,-0.1156124345958232,0.02081364393234253,0.01920197531580925
5,e,forest_frac_slope_2000_2025,ssrd_wm2_slope_2000_2025,-0.0005090491179507,-0.1156124345958232,0.02144387923181057,0.020278003066778183
5,e,forest_frac_slope_2000_2025,ssrd_wm2_slope_2000_2025,-0.0001296893451627,-0.1156124345958232,0.02228400483727455,0.0221154373139143
5,e,forest_frac_slope_2000_2025,ssrd_wm2_slope_2000_2025,0.0002496704276253,-0.1156124345958232,0.024314070120453835,0.025098063051700592
5,e,forest_frac_slope_2000_2025,ssrd_wm2_slope_2000_2025,0.0006290302004134,-0.1156124345958232,0.02461657114326954,0.02589425817131996
5,e,forest_frac_slope_2000_2025,ssrd_wm2_slope_2000_2025,0.0010083899732014,-0.1156124345958232,0.02516040951013565,0.02673572488129139
5,e,forest_frac_slope_2000_2025,ssrd_wm2_slope_2000_2025,0.0013877497459895,-0.1156124345958232,0.025379082188010216,0.02709420584142208
5,e,forest_frac_slope_2000_2025,ssrd_wm2_slope_2000_2025,0.0017671095187776,-0.1156124345958232,0.02544179931282997,0.0274504404515028
5,e,forest_frac_slope_2000_2025,ssrd_wm2_slope_2000_2025,0.0021464692915656,-0.1156124345958232,0.02592732571065426,0.028112920001149178
5,e,forest_frac_slope_2000_2025,ssrd_wm2_slope_2000_2025,0.0025258290643537,-0.1156124345958232,0.02609725296497345,0.02845321036875248
5,e,forest_frac_slope_2000_2025,ssrd_wm2_slope_2000_2025,0.0029051888371418,-0.1156124345958232,0.02646639011800289,0.028967780992388725
5,e,forest_frac_slope_2000_2025,ssrd_wm2_slope_2000_2025,0.0032845486099298,-0.1156124345958232,0.026657739654183388,0.029222169890999794
5,e,forest_frac_slope_2000_2025,ssrd_wm2_slope_2000_2025,0.0036639083827179,-0.1156124345958232,0.02666439116001129,0.029293077066540718
5,e,forest_frac_slope_2000_2025,ssrd_wm2_slope_2000_2025,0.004043268155506,-0.1156124345958232,0.02684847265481949,0.02954491600394249
5,e,forest_frac_slope_2000_2025,ssrd_wm2_slope_2000_2025,0.004422627928294,-0.1156124345958232,0.027072811499238014,0.02978287637233734
5,e,forest_frac_slope_2000_2025,ssrd_wm2_slope_2000_2025,0.0048019877010821,-0.1156124345958232,0.027098583057522774,0.02992587350308895
5,e,forest_frac_slope_2000_2025,ssrd_wm2_slope_2000_2025,0.0051813474738702,-0.1156124345958232,0.02725151740014553,0.030269483104348183
5,e,forest_frac_slope_2000_2025,ssrd_wm2_slope_2000_2025,0.0055607072466582,-0.1156124345958232,0.02725173346698284,0.03034186363220215
5,e,forest_frac_slope_2000_2025,ssrd_wm2_slope_2000_2025,0.0059400670194463,-0.1156124345958232,0.027216345071792603,0.030452201142907143
5,e,forest_frac_slope_2000_2025,ssrd_wm2_slope_2000_2025,-0.0092343238920763,-0.1141738357022404,0.007122776471078396,-0.004626341629773378
5,e,forest_frac_slope_2000_2025,ssrd_wm2_slope_2000_2025,-0.0088549641192882,-0.1141738357022404,0.007373421918600798,-0.004237688612192869
5,e,forest_frac_slope_2000_2025,ssrd_wm2_slope_2000_2025,-0.0084756043465002,-0.1141738357022404,0.0076277730986475945,-0.0035224524326622486
5,e,forest_frac_slope_2000_2025,ssrd_wm2_slope_2000_2025,-0.0080962445737121,-0.1141738357022404,0.008310244418680668,-0.0024280427023768425
5,e,forest_frac_slope_2000_2025,ssrd_wm2_slope_2000_2025,-0.007716884800924,-0.1141738357022404,0.008954111486673355,-0.0012446870096027851
5,e,forest_frac_slope_2000_2025,ssrd_wm2_slope_2000_2025,-0.007337525028136,-0.1141738357022404,0.0096117053180933,-0.00043915846617892385
5,e,forest_frac_slope_2000_2025,ssrd_wm2_slope_2000_2025,-0.0069581652553479,-0.1141738357022404,0.010176274925470352,0.0007326453924179077
5,e,forest_frac_slope_2000_2025,ssrd_wm2_slope_2000_2025,-0.0065788054825598,-0.1141738357022404,0.010360988788306713,0.001146480324678123
5,e,forest_frac_slope_2000_2025,ssrd_wm2_slope_2000_2025,-0.0061994457097717,-0.1141738357022404,0.010497286915779114,0.0017654119292274117
5,e,forest_frac_slope_2000_2025,ssrd_wm2_slope_2000_2025,-0.0058200859369837,-0.1141738357022404,0.011400800198316574,0.0032820343039929867
5,e,forest_frac_slope_2000_2025,ssrd_wm2_slope_2000_2025,-0.0054407261641956,-0.1141738357022404,0.013240513391792774,0.006255810149013996
5,e,forest_frac_slope_2000_2025,ssrd_wm2_slope_2000_2025,-0.0050613663914075,-0.1141738357022404,0.013224883936345577,0.006318621803075075
5,e,forest_frac_slope_2000_2025,ssrd_wm2_slope_2000_2025,-0.0046820066186195,-0.1141738357022404,0.01467028446495533,0.008427497930824757
5,e,forest_frac_slope_2000_2025,ssrd_wm2_slope_2000_2025,-0.0043026468458314,-0.1141738357022404,0.015095343813300133,0.009567673318088055
5,e,forest_frac_slope_2000_2025,ssrd_wm2_slope_2000_2025,-0.0039232870730433,-0.1141738357022404,0.015263212844729424,0.010077481158077717
5,e,forest_frac_slope_2000_2025,ssrd_wm2_slope_2000_2025,-0.0035439273002553,-0.1141738357022404,0.015816185623407364,0.01131544727832079
5,e,forest_frac_slope_2000_2025,ssrd_wm2_slope_2000_2025,-0.0031645675274672,-0.1141738357022404,0.016243480145931244,0.012073468416929245
5,e,forest_frac_slope_2000_2025,ssrd_wm2_slope_2000_2025,-0.0027852077546791,-0.1141738357022404,0.0173779483884573,0.013300175778567791
5,e,forest_frac_slope_2000_2025,ssrd_wm2_slope_2000_2025,-0.0024058479818911,-0.1141738357022404,0.017617544159293175,0.013918793760240078
5,e,forest_frac_slope_2000_2025,ssrd_wm2_slope_2000_2025,-0.002026488209103,-0.1141738357022404,0.01838965341448784,0.015161620453000069
5,e,forest_frac_slope_2000_2025,ssrd_wm2_slope_2000_2025,-0.0016471284363149,-0.1141738357022404,0.018869182094931602,0.016207069158554077
5,e,forest_frac_slope_2000_2025,ssrd_wm2_slope_2000_2025,-0.0012677686635269,-0.1141738357022404,0.019860925152897835,0.01774992048740387
5,e,forest_frac_slope_2000_2025,ssrd_wm2_slope_2000_2025,-0.0008884088907388,-0.1141738357022404,0.02069101855158806,0.018901169300079346
5,e,forest_frac_slope_2000_2025,ssrd_wm2_slope_2000_2025,-0.0005090491179507,-0.1141738357022404,0.02131858840584755,0.020034080371260643
5,e,forest_frac_slope_2000_2025,ssrd_wm2_slope_2000_2025,-0.0001296893451627,-0.1141738357022404,0.02215871401131153,0.02196822129189968
5,e,forest_frac_slope_2000_2025,ssrd_wm2_slope_2000_2025,0.0002496704276253,-0.1141738357022404,0.02417488396167755,0.024948718026280403
5,e,forest_frac_slope_2000_2025,ssrd_wm2_slope_2000_2025,0.0006290302004134,-0.1141738357022404,0.024477386847138405,0.025749364867806435
5,e,forest_frac_slope_2000_2025,ssrd_wm2_slope_2000_2025,0.0010083899732014,-0.1141738357022404,0.02506170980632305,0.026635650545358658
5,e,forest_frac_slope_2000_2025,ssrd_wm2_slope_2000_2025,0.0013877497459895,-0.1141738357022404,0.025280384346842766,0.026996364817023277
5,e,forest_frac_slope_2000_2025,ssrd_wm2_slope_2000_2025,0.0017671095187776,-0.1141738357022404,0.025343099609017372,0.027355505153536797
5,e,forest_frac_slope_2000_2025,ssrd_wm2_slope_2000_2025,0.0021464692915656,-0.1141738357022404,0.02582862414419651,0.028022456914186478
5,e,forest_frac_slope_2000_2025,ssrd_wm2_slope_2000_2025,0.0025258290643537,-0.1141738357022404,0.025998555123806,0.028372783213853836
5,e,forest_frac_slope_2000_2025,ssrd_wm2_slope_2000_2025,0.0029051888371418,-0.1141738357022404,0.026367690414190292,0.028889227658510208
5,e,forest_frac_slope_2000_2025,ssrd_wm2_slope_2000_2025,0.0032845486099298,-0.1141738357022404,0.02655903995037079,0.029144996777176857
5,e,forest_frac_slope_2000_2025,ssrd_wm2_slope_2000_2025,0.0036639083827179,-0.1141738357022404,0.026565687730908394,0.029217518866062164
5,e,forest_frac_slope_2000_2025,ssrd_wm2_slope_2000_2025,0.004043268155506,-0.1141738357022404,0.02674976922571659,0.02947012521326542
5,e,forest_frac_slope_2000_2025,ssrd_wm2_slope_2000_2025,0.004422627928294,-0.1141738357022404,0.026974111795425415,0.029708556830883026
5,e,forest_frac_slope_2000_2025,ssrd_wm2_slope_2000_2025,0.0048019877010821,-0.1141738357022404,0.026999883353710175,0.029851850122213364
5,e,forest_frac_slope_2000_2025,ssrd_wm2_slope_2000_2025,0.0051813474738702,-0.1141738357022404,0.02715281769633293,0.03019561804831028
5,e,forest_frac_slope_2000_2025,ssrd_wm2_slope_2000_2025,0.0055607072466582,-0.1141738357022404,0.027153028175234795,0.030267849564552307
5,e,forest_frac_slope_2000_2025,ssrd_wm2_slope_2000_2025,0.0059400670194463,-0.1141738357022404,0.027117647230625153,0.03037841245532036
5,e,forest_frac_slope_2000_2025,ssrd_wm2_slope_2000_2025,-0.0092343238920763,-0.1127352368086576,0.007048573344945908,-0.004628078546375036
5,e,forest_frac_slope_2000_2025,ssrd_wm2_slope_2000_2025,-0.0088549641192882,-0.1127352368086576,0.007299218326807022,-0.004239581525325775
5,e,forest_frac_slope_2000_2025,ssrd_wm2_slope_2000_2025,-0.0084756043465002,-0.1127352368086576,0.0075535704381763935,-0.003524491097778082
5,e,forest_frac_slope_2000_2025,ssrd_wm2_slope_2000_2025,-0.0080962445737121,-0.1127352368086576,0.008236042223870754,-0.0024306224659085274
5,e,forest_frac_slope_2000_2025,ssrd_wm2_slope_2000_2025,-0.007716884800924,-0.1127352368086576,0.008879908360540867,-0.001247721491381526
5,e,forest_frac_slope_2000_2025,ssrd_wm2_slope_2000_2025,-0.007337525028136,-0.1127352368086576,0.009537503123283386,-0.00044290945515967906
5,e,forest_frac_slope_2000_2025,ssrd_wm2_slope_2000_2025,-0.0069581652553479,-0.1127352368086576,0.01010207086801529,0.0007285246974788606
5,e,forest_frac_slope_2000_2025,ssrd_wm2_slope_2000_2025,-0.0065788054825598,-0.1127352368086576,0.010286785662174225,0.0011407716665416956
5,e,forest_frac_slope_2000_2025,ssrd_wm2_slope_2000_2025,-0.0061994457097717,-0.1127352368086576,0.010423082858324051,0.001759383245371282
5,e,forest_frac_slope_2000_2025,ssrd_wm2_slope_2000_2025,-0.0058200859369837,-0.1127352368086576,0.011349191889166832,0.003278555581346154
5,e,forest_frac_slope_2000_2025,ssrd_wm2_slope_2000_2025,-0.0054407261641956,-0.1127352368086576,0.013188906013965607,0.006252135615795851
5,e,forest_frac_slope_2000_2025,ssrd_wm2_slope_2000_2025,-0.0050613663914075,-0.1127352368086576,0.013174686580896378,0.006315349135547876
5,e,forest_frac_slope_2000_2025,ssrd_wm2_slope_2000_2025,-0.0046820066186195,-0.1127352368086576,0.014616305008530617,0.008420469239354134
5,e,forest_frac_slope_2000_2025,ssrd_wm2_slope_2000_2025,-0.0043026468458314,-0.1127352368086576,0.015041365288197994,0.009560571052134037
5,e,forest_frac_slope_2000_2025,ssrd_wm2_slope_2000_2025,-0.0039232870730433,-0.1127352368086576,0.015209234319627285,0.010070101357996464
5,e,forest_frac_slope_2000_2025,ssrd_wm2_slope_2000_2025,-0.0035439273002553,-0.1127352368086576,0.0157622080296278,0.011297237128019333
5,e,forest_frac_slope_2000_2025,ssrd_wm2_slope_2000_2025,-0.0031645675274672,-0.1127352368086576,0.016187988221645355,0.012053150683641434
5,e,forest_frac_slope_2000_2025,ssrd_wm2_slope_2000_2025,-0.0027852077546791,-0.1127352368086576,0.01727830246090889,0.013230681419372559
5,e,forest_frac_slope_2000_2025,ssrd_wm2_slope_2000_2025,-0.0024058479818911,-0.1127352368086576,0.01751619763672352,0.013846979476511478
5,e,forest_frac_slope_2000_2025,ssrd_wm2_slope_2000_2025,-0.002026488209103,-0.1127352368086576,0.018262187018990517,0.015062844380736351
5,e,forest_frac_slope_2000_2025,ssrd_wm2_slope_2000_2025,-0.0016471284363149,-0.1127352368086576,0.018721066415309906,0.016086004674434662
5,e,forest_frac_slope_2000_2025,ssrd_wm2_slope_2000_2025,-0.0012677686635269,-0.1127352368086576,0.019693829119205475,0.01760978437960148
5,e,forest_frac_slope_2000_2025,ssrd_wm2_slope_2000_2025,-0.0008884088907388,-0.1127352368086576,0.020461825653910637,0.01869945228099823
5,e,forest_frac_slope_2000_2025,ssrd_wm2_slope_2000_2025,-0.0005090491179507,-0.1127352368086576,0.021059714257717133,0.0197961013764143
5,e,forest_frac_slope_2000_2025,ssrd_wm2_slope_2000_2025,-0.0001296893451627,-0.1127352368086576,0.021877471357584,0.021707747131586075
5,e,forest_frac_slope_2000_2025,ssrd_wm2_slope_2000_2025,0.0002496704276253,-0.1127352368086576,0.024056371301412582,0.02484331652522087
5,e,forest_frac_slope_2000_2025,ssrd_wm2_slope_2000_2025,0.0006290302004134,-0.1127352368086576,0.02435874752700329,0.02564106695353985
5,e,forest_frac_slope_2000_2025,ssrd_wm2_slope_2000_2025,0.0010083899732014,-0.1127352368086576,0.024949533864855766,0.026533400639891624
5,e,forest_frac_slope_2000_2025,ssrd_wm2_slope_2000_2025,0.0013877497459895,-0.1127352368086576,0.02516583353281021,0.026894982904195786
5,e,forest_frac_slope_2000_2025,ssrd_wm2_slope_2000_2025,0.0017671095187776,-0.1127352368086576,0.025228554382920265,0.02725527435541153
5,e,forest_frac_slope_2000_2025,ssrd_wm2_slope_2000_2025,0.0021464692915656,-0.1127352368086576,0.025714077055454254,0.027923481538891792
5,e,forest_frac_slope_2000_2025,ssrd_wm2_slope_2000_2025,0.0025258290643537,-0.1127352368086576,0.025884006172418594,0.02827618271112442
5,e,forest_frac_slope_2000_2025,ssrd_wm2_slope_2000_2025,0.0029051888371418,-0.1127352368086576,0.026277955621480942,0.028819439932703972
5,e,forest_frac_slope_2000_2025,ssrd_wm2_slope_2000_2025,0.0032845486099298,-0.1127352368086576,0.02646930329501629,0.029083117842674255
5,e,forest_frac_slope_2000_2025,ssrd_wm2_slope_2000_2025,0.0036639083827179,-0.1127352368086576,0.026475954800844193,0.029156576842069626
5,e,forest_frac_slope_2000_2025,ssrd_wm2_slope_2000_2025,0.004043268155506,-0.1127352368086576,0.02666003629565239,0.029410235583782196
5,e,forest_frac_slope_2000_2025,ssrd_wm2_slope_2000_2025,0.004422627928294,-0.1127352368086576,0.026884375140070915,0.029651520773768425
5,e,forest_frac_slope_2000_2025,ssrd_wm2_slope_2000_2025,0.0048019877010821,-0.1127352368086576,0.026910146698355675,0.02980901673436165
5,e,forest_frac_slope_2000_2025,ssrd_wm2_slope_2000_2025,0.0051813474738702,-0.1127352368086576,0.02706308290362358,0.030162276700139046
5,e,forest_frac_slope_2000_2025,ssrd_wm2_slope_2000_2025,0.0055607072466582,-0.1127352368086576,0.027063293382525444,0.030237557366490364
5,e,forest_frac_slope_2000_2025,ssrd_wm2_slope_2000_2025,0.0059400670194463,-0.1127352368086576,0.027027908712625504,0.03035057708621025
5,e,forest_frac_slope_2000_2025,ssrd_wm2_slope_2000_2025,-0.0092343238920763,-0.1112966379150748,0.006853747181594372,-0.004771686624735594
5,e,forest_frac_slope_2000_2025,ssrd_wm2_slope_2000_2025,-0.0088549641192882,-0.1112966379150748,0.007107549346983433,-0.004381481092423201
5,e,forest_frac_slope_2000_2025,ssrd_wm2_slope_2000_2025,-0.0084756043465002,-0.1112966379150748,0.007389046251773834,-0.003660200396552682
5,e,forest_frac_slope_2000_2025,ssrd_wm2_slope_2000_2025,-0.0080962445737121,-0.1112966379150748,0.00810867827385664,-0.0025302867870777845
5,e,forest_frac_slope_2000_2025,ssrd_wm2_slope_2000_2025,-0.007716884800924,-0.1112966379150748,0.008832543157041073,-0.001295240712352097
5,e,forest_frac_slope_2000_2025,ssrd_wm2_slope_2000_2025,-0.007337525028136,-0.1112966379150748,0.009490136988461018,-0.0004911094438284636
5,e,forest_frac_slope_2000_2025,ssrd_wm2_slope_2000_2025,-0.0069581652553479,-0.1112966379150748,0.010069171898066998,0.0006892718374729156
5,e,forest_frac_slope_2000_2025,ssrd_wm2_slope_2000_2025,-0.0065788054825598,-0.1112966379150748,0.010247514583170414,0.0010942152002826333
5,e,forest_frac_slope_2000_2025,ssrd_wm2_slope_2000_2025,-0.0061994457097717,-0.1112966379150748,0.010383812710642815,0.0017076601507142186
5,e,forest_frac_slope_2000_2025,ssrd_wm2_slope_2000_2025,-0.0058200859369837,-0.1112966379150748,0.011305052787065506,0.003185673849657178
5,e,forest_frac_slope_2000_2025,ssrd_wm2_slope_2000_2025,-0.0054407261641956,-0.1112966379150748,0.013144765049219131,0.006154973059892654
5,e,forest_frac_slope_2000_2025,ssrd_wm2_slope_2000_2025,-0.0050613663914075,-0.1112966379150748,0.013130547478795052,0.006216838955879211
5,e,forest_frac_slope_2000_2025,ssrd_wm2_slope_2000_2025,-0.0046820066186195,-0.1112966379150748,0.01457216590642929,0.008322129026055336
5,e,forest_frac_slope_2000_2025,ssrd_wm2_slope_2000_2025,-0.0043026468458314,-0.1112966379150748,0.014997225254774094,0.009462732821702957
5,e,forest_frac_slope_2000_2025,ssrd_wm2_slope_2000_2025,-0.0039232870730433,-0.1112966379150748,0.015165095217525959,0.00997252482920885
5,e,forest_frac_slope_2000_2025,ssrd_wm2_slope_2000_2025,-0.0035439273002553,-0.1112966379150748,0.015718068927526474,0.011194280348718166
5,e,forest_frac_slope_2000_2025,ssrd_wm2_slope_2000_2025,-0.0031645675274672,-0.1112966379150748,0.0161396786570549,0.01194672379642725
5,e,forest_frac_slope_2000_2025,ssrd_wm2_slope_2000_2025,-0.0027852077546791,-0.1112966379150748,0.0172271691262722,0.01312161423265934
5,e,forest_frac_slope_2000_2025,ssrd_wm2_slope_2000_2025,-0.0024058479818911,-0.1112966379150748,0.01746506430208683,0.013740352354943752
5,e,forest_frac_slope_2000_2025,ssrd_wm2_slope_2000_2025,-0.002026488209103,-0.1112966379150748,0.018212223425507545,0.014957389794290066
5,e,forest_frac_slope_2000_2025,ssrd_wm2_slope_2000_2025,-0.0016471284363149,-0.1112966379150748,0.018672894686460495,0.015996616333723068
5,e,forest_frac_slope_2000_2025,ssrd_wm2_slope_2000_2025,-0.0012677686635269,-0.1112966379150748,0.019642451778054237,0.0175187811255455
5,e,forest_frac_slope_2000_2025,ssrd_wm2_slope_2000_2025,-0.0008884088907388,-0.1112966379150748,0.020402509719133377,0.018602313473820686
5,e,forest_frac_slope_2000_2025,ssrd_wm2_slope_2000_2025,-0.0005090491179507,-0.1112966379150748,0.021006766706705093,0.01970760151743889
5,e,forest_frac_slope_2000_2025,ssrd_wm2_slope_2000_2025,-0.0001296893451627,-0.1112966379150748,0.021815065294504166,0.021634863689541817
5,e,forest_frac_slope_2000_2025,ssrd_wm2_slope_2000_2025,0.0002496704276253,-0.1112966379150748,0.024011624976992607,0.024799538776278496
5,e,forest_frac_slope_2000_2025,ssrd_wm2_slope_2000_2025,0.0006290302004134,-0.1112966379150748,0.024314003065228462,0.02559971809387207
5,e,forest_frac_slope_2000_2025,ssrd_wm2_slope_2000_2025,0.0010083899732014,-0.1112966379150748,0.02490478754043579,0.02649432234466076
5,e,forest_frac_slope_2000_2025,ssrd_wm2_slope_2000_2025,0.0013877497459895,-0.1112966379150748,0.025121090933680534,0.026856254786252975
5,e,forest_frac_slope_2000_2025,ssrd_wm2_slope_2000_2025,0.0017671095187776,-0.1112966379150748,0.02518380805850029,0.02721777930855751
5,e,forest_frac_slope_2000_2025,ssrd_wm2_slope_2000_2025,0.0021464692915656,-0.1112966379150748,0.025670289993286133,0.027887847274541855
5,e,forest_frac_slope_2000_2025,ssrd_wm2_slope_2000_2025,0.0025258290643537,-0.1112966379150748,0.025840217247605324,0.02824115753173828
5,e,forest_frac_slope_2000_2025,ssrd_wm2_slope_2000_2025,0.0029051888371418,-0.1112966379150748,0.02623416669666767,0.028784656897187233
5,e,forest_frac_slope_2000_2025,ssrd_wm2_slope_2000_2025,0.0032845486099298,-0.1112966379150748,0.026430385187268257,0.02905360609292984
5,e,forest_frac_slope_2000_2025,ssrd_wm2_slope_2000_2025,0.0036639083827179,-0.1112966379150748,0.02643703483045101,0.029127107933163643
5,e,forest_frac_slope_2000_2025,ssrd_wm2_slope_2000_2025,0.004043268155506,-0.1112966379150748,0.02662111632525921,0.02938079833984375
5,e,forest_frac_slope_2000_2025,ssrd_wm2_slope_2000_2025,0.004422627928294,-0.1112966379150748,0.026845455169677734,0.029622375965118408
5,e,forest_frac_slope_2000_2025,ssrd_wm2_slope_2000_2025,0.0048019877010821,-0.1112966379150748,0.026871230453252792,0.029780222102999687
5,e,forest_frac_slope_2000_2025,ssrd_wm2_slope_2000_2025,0.0051813474738702,-0.1112966379150748,0.02702416107058525,0.03013375587761402
5,e,forest_frac_slope_2000_2025,ssrd_wm2_slope_2000_2025,0.0055607072466582,-0.1112966379150748,0.02702437713742256,0.030209576711058617
5,e,forest_frac_slope_2000_2025,ssrd_wm2_slope_2000_2025,0.0059400670194463,-0.1112966379150748,0.026988988742232323,0.030322875827550888
5,e,forest_frac_slope_2000_2025,ssrd_wm2_slope_2000_2025,-0.0092343238920763,-0.109858039021492,0.006853747181594372,-0.004771686624735594
5,e,forest_frac_slope_2000_2025,ssrd_wm2_slope_2000_2025,-0.0088549641192882,-0.109858039021492,0.007107549346983433,-0.004381481092423201
5,e,forest_frac_slope_2000_2025,ssrd_wm2_slope_2000_2025,-0.0084756043465002,-0.109858039021492,0.007389046251773834,-0.003660200396552682
5,e,forest_frac_slope_2000_2025,ssrd_wm2_slope_2000_2025,-0.0080962445737121,-0.109858039021492,0.00810867827385664,-0.0025302867870777845
5,e,forest_frac_slope_2000_2025,ssrd_wm2_slope_2000_2025,-0.007716884800924,-0.109858039021492,0.008832543157041073,-0.001295240712352097
5,e,forest_frac_slope_2000_2025,ssrd_wm2_slope_2000_2025,-0.007337525028136,-0.109858039021492,0.009490136988461018,-0.0004911094438284636
5,e,forest_frac_slope_2000_2025,ssrd_wm2_slope_2000_2025,-0.0069581652553479,-0.109858039021492,0.010069171898066998,0.0006892718374729156
5,e,forest_frac_slope_2000_2025,ssrd_wm2_slope_2000_2025,-0.0065788054825598,-0.109858039021492,0.010247514583170414,0.0010942152002826333
5,e,forest_frac_slope_2000_2025,ssrd_wm2_slope_2000_2025,-0.0061994457097717,-0.109858039021492,0.010383812710642815,0.0017076601507142186
5,e,forest_frac_slope_2000_2025,ssrd_wm2_slope_2000_2025,-0.0058200859369837,-0.109858039021492,0.011305052787065506,0.003185673849657178
5,e,forest_frac_slope_2000_2025,ssrd_wm2_slope_2000_2025,-0.0054407261641956,-0.109858039021492,0.013144765049219131,0.006154973059892654
5,e,forest_frac_slope_2000_2025,ssrd_wm2_slope_2000_2025,-0.0050613663914075,-0.109858039021492,0.013130547478795052,0.006216838955879211
5,e,forest_frac_slope_2000_2025,ssrd_wm2_slope_2000_2025,-0.0046820066186195,-0.109858039021492,0.01457216590642929,0.008322129026055336
5,e,forest_frac_slope_2000_2025,ssrd_wm2_slope_2000_2025,-0.0043026468458314,-0.109858039021492,0.014997225254774094,0.009462732821702957
5,e,forest_frac_slope_2000_2025,ssrd_wm2_slope_2000_2025,-0.0039232870730433,-0.109858039021492,0.015165095217525959,0.00997252482920885
5,e,forest_frac_slope_2000_2025,ssrd_wm2_slope_2000_2025,-0.0035439273002553,-0.109858039021492,0.015718068927526474,0.011194280348718166
5,e,forest_frac_slope_2000_2025,ssrd_wm2_slope_2000_2025,-0.0031645675274672,-0.109858039021492,0.0161396786570549,0.01194672379642725
5,e,forest_frac_slope_2000_2025,ssrd_wm2_slope_2000_2025,-0.0027852077546791,-0.109858039021492,0.0172271691262722,0.01312161423265934
5,e,forest_frac_slope_2000_2025,ssrd_wm2_slope_2000_2025,-0.0024058479818911,-0.109858039021492,0.01746506430208683,0.013740352354943752
5,e,forest_frac_slope_2000_2025,ssrd_wm2_slope_2000_2025,-0.002026488209103,-0.109858039021492,0.018212223425507545,0.014957389794290066
5,e,forest_frac_slope_2000_2025,ssrd_wm2_slope_2000_2025,-0.0016471284363149,-0.109858039021492,0.018672894686460495,0.015996616333723068
5,e,forest_frac_slope_2000_2025,ssrd_wm2_slope_2000_2025,-0.0012677686635269,-0.109858039021492,0.019642451778054237,0.0175187811255455
5,e,forest_frac_slope_2000_2025,ssrd_wm2_slope_2000_2025,-0.0008884088907388,-0.109858039021492,0.02042105421423912,0.01862085610628128
5,e,forest_frac_slope_2000_2025,ssrd_wm2_slope_2000_2025,-0.0005090491179507,-0.109858039021492,0.021025311201810837,0.019726146012544632
5,e,forest_frac_slope_2000_2025,ssrd_wm2_slope_2000_2025,-0.0001296893451627,-0.109858039021492,0.02183360792696476,0.02165340632200241
5,e,forest_frac_slope_2000_2025,ssrd_wm2_slope_2000_2025,0.0002496704276253,-0.109858039021492,0.023989573121070862,0.0247774850577116
5,e,forest_frac_slope_2000_2025,ssrd_wm2_slope_2000_2025,0.0006290302004134,-0.109858039021492,0.024291951209306717,0.025577666237950325
5,e,forest_frac_slope_2000_2025,ssrd_wm2_slope_2000_2025,0.0010083899732014,-0.109858039021492,0.024882735684514046,0.026472270488739014
5,e,forest_frac_slope_2000_2025,ssrd_wm2_slope_2000_2025,0.0013877497459895,-0.109858039021492,0.02509903907775879,0.02683420106768608
5,e,forest_frac_slope_2000_2025,ssrd_wm2_slope_2000_2025,0.0017671095187776,-0.109858039021492,0.025161756202578545,0.027195727452635765
5,e,forest_frac_slope_2000_2025,ssrd_wm2_slope_2000_2025,0.0021464692915656,-0.109858039021492,0.02564823627471924,0.02786579169332981
5,e,forest_frac_slope_2000_2025,ssrd_wm2_slope_2000_2025,0.0025258290643537,-0.109858039021492,0.02581816352903843,0.028219105675816536
5,e,forest_frac_slope_2000_2025,ssrd_wm2_slope_2000_2025,0.0029051888371418,-0.109858039021492,0.026212112978100777,0.02876260131597519
5,e,forest_frac_slope_2000_2025,ssrd_wm2_slope_2000_2025,0.0032845486099298,-0.109858039021492,0.026408331468701363,0.029031552374362946
5,e,forest_frac_slope_2000_2025,ssrd_wm2_slope_2000_2025,0.0036639083827179,-0.109858039021492,0.026414982974529266,0.029105059802532196
5,e,forest_frac_slope_2000_2025,ssrd_wm2_slope_2000_2025,0.004043268155506,-0.109858039021492,0.026599062606692314,0.029358746483922005
5,e,forest_frac_slope_2000_2025,ssrd_wm2_slope_2000_2025,0.004422627928294,-0.109858039021492,0.02682339958846569,0.02960032783448696
5,e,forest_frac_slope_2000_2025,ssrd_wm2_slope_2000_2025,0.0048019877010821,-0.109858039021492,0.02684917487204075,0.02975817397236824
5,e,forest_frac_slope_2000_2025,ssrd_wm2_slope_2000_2025,0.0051813474738702,-0.109858039021492,0.027002112939953804,0.030111700296401978
5,e,forest_frac_slope_2000_2025,ssrd_wm2_slope_2000_2025,0.0055607072466582,-0.109858039021492,0.027002321556210518,0.03018752485513687
5,e,forest_frac_slope_2000_2025,ssrd_wm2_slope_2000_2025,0.0059400670194463,-0.109858039021492,0.026966936886310577,0.030300823971629143
5,e,forest_frac_slope_2000_2025,ssrd_wm2_slope_2000_2025,-0.0092343238920763,-0.1084194401279091,0.0067617748863995075,-0.0048580169677734375
5,e,forest_frac_slope_2000_2025,ssrd_wm2_slope_2000_2025,-0.0088549641192882,-0.1084194401279091,0.007015576586127281,-0.004468625411391258
5,e,forest_frac_slope_2000_2025,ssrd_wm2_slope_2000_2025,-0.0084756043465002,-0.1084194401279091,0.007279709912836552,-0.0037663045804947615
5,e,forest_frac_slope_2000_2025,ssrd_wm2_slope_2000_2025,-0.0080962445737121,-0.1084194401279091,0.008010335266590118,-0.0026263005565851927
5,e,forest_frac_slope_2000_2025,ssrd_wm2_slope_2000_2025,-0.007716884800924,-0.1084194401279091,0.00869480986148119,-0.0014409386785700917
5,e,forest_frac_slope_2000_2025,ssrd_wm2_slope_2000_2025,-0.007337525028136,-0.1084194401279091,0.009352403692901134,-0.0006395156378857791
5,e,forest_frac_slope_2000_2025,ssrd_wm2_slope_2000_2025,-0.0069581652553479,-0.1084194401279091,0.00992125179618597,0.0005235605058260262
5,e,forest_frac_slope_2000_2025,ssrd_wm2_slope_2000_2025,-0.0065788054825598,-0.1084194401279091,0.010099594481289387,0.000922605802770704
5,e,forest_frac_slope_2000_2025,ssrd_wm2_slope_2000_2025,-0.0061994457097717,-0.1084194401279091,0.010235891677439213,0.0015313858166337013
5,e,forest_frac_slope_2000_2025,ssrd_wm2_slope_2000_2025,-0.0058200859369837,-0.1084194401279091,0.011145669966936111,0.002991825807839632
5,e,forest_frac_slope_2000_2025,ssrd_wm2_slope_2000_2025,-0.0054407261641956,-0.1084194401279091,0.01297153439372778,0.005945938639342785
5,e,forest_frac_slope_2000_2025,ssrd_wm2_slope_2000_2025,-0.0050613663914075,-0.1084194401279091,0.012957225553691387,0.006007183343172073
5,e,forest_frac_slope_2000_2025,ssrd_wm2_slope_2000_2025,-0.0046820066186195,-0.1084194401279091,0.014390074647963047,0.008101395331323147
5,e,forest_frac_slope_2000_2025,ssrd_wm2_slope_2000_2025,-0.0043026468458314,-0.1084194401279091,0.014815133064985275,0.009241385385394096
5,e,forest_frac_slope_2000_2025,ssrd_wm2_slope_2000_2025,-0.0039232870730433,-0.1084194401279091,0.014983002096414566,0.009750314988195896
5,e,forest_frac_slope_2000_2025,ssrd_wm2_slope_2000_2025,-0.0035439273002553,-0.1084194401279091,0.015527712181210518,0.010969153605401516
5,e,forest_frac_slope_2000_2025,ssrd_wm2_slope_2000_2025,-0.0031645675274672,-0.1084194401279091,0.015956535935401917,0.01172566507011652
5,e,forest_frac_slope_2000_2025,ssrd_wm2_slope_2000_2025,-0.0027852077546791,-0.1084194401279091,0.01705194264650345,0.012906416319310665
5,e,forest_frac_slope_2000_2025,ssrd_wm2_slope_2000_2025,-0.0024058479818911,-0.1084194401279091,0.017289839684963226,0.013523801229894161
5,e,forest_frac_slope_2000_2025,ssrd_wm2_slope_2000_2025,-0.002026488209103,-0.1084194401279091,0.018019838258624077,0.01472456008195877
5,e,forest_frac_slope_2000_2025,ssrd_wm2_slope_2000_2025,-0.0016471284363149,-0.1084194401279091,0.018480511382222176,0.015769895166158676
5,e,forest_frac_slope_2000_2025,ssrd_wm2_slope_2000_2025,-0.0012677686635269,-0.1084194401279091,0.019466988742351532,0.01731492392718792
5,e,forest_frac_slope_2000_2025,ssrd_wm2_slope_2000_2025,-0.0008884088907388,-0.1084194401279091,0.02024468407034874,0.01844211295247078
5,e,forest_frac_slope_2000_2025,ssrd_wm2_slope_2000_2025,-0.0005090491179507,-0.1084194401279091,0.02089567482471466,0.019599396735429764
5,e,forest_frac_slope_2000_2025,ssrd_wm2_slope_2000_2025,-0.0001296893451627,-0.1084194401279091,0.021713828667998314,0.021538145840168
5,e,forest_frac_slope_2000_2025,ssrd_wm2_slope_2000_2025,0.0002496704276253,-0.1084194401279091,0.02392164058983326,0.024716880172491074
5,e,forest_frac_slope_2000_2025,ssrd_wm2_slope_2000_2025,0.0006290302004134,-0.1084194401279091,0.024224579334259033,0.025519970804452896
5,e,forest_frac_slope_2000_2025,ssrd_wm2_slope_2000_2025,0.0010083899732014,-0.1084194401279091,0.024822937324643135,0.026424894109368324
5,e,forest_frac_slope_2000_2025,ssrd_wm2_slope_2000_2025,0.0013877497459895,-0.1084194401279091,0.02503924071788788,0.026786575093865395
5,e,forest_frac_slope_2000_2025,ssrd_wm2_slope_2000_2025,0.0017671095187776,-0.1084194401279091,0.025101959705352783,0.027148472145199776
5,e,forest_frac_slope_2000_2025,ssrd_wm2_slope_2000_2025,0.0021464692915656,-0.1084194401279091,0.025588437914848328,0.027818800881505013
5,e,forest_frac_slope_2000_2025,ssrd_wm2_slope_2000_2025,0.0025258290643537,-0.1084194401279091,0.025758367031812668,0.02817223221063614
5,e,forest_frac_slope_2000_2025,ssrd_wm2_slope_2000_2025,0.0029051888371418,-0.1084194401279091,0.026158027350902557,0.028721997514367104
5,e,forest_frac_slope_2000_2025,ssrd_wm2_slope_2000_2025,0.0032845486099298,-0.1084194401279091,0.026354245841503143,0.02899111434817314
5,e,forest_frac_slope_2000_2025,ssrd_wm2_slope_2000_2025,0.0036639083827179,-0.1084194401279091,0.026360895484685898,0.02906475029885769
5,e,forest_frac_slope_2000_2025,ssrd_wm2_slope_2000_2025,0.004043268155506,-0.1084194401279091,0.026544976979494095,0.029318593442440033
5,e,forest_frac_slope_2000_2025,ssrd_wm2_slope_2000_2025,0.004422627928294,-0.1084194401279091,0.02676931396126747,0.029560094699263573
5,e,forest_frac_slope_2000_2025,ssrd_wm2_slope_2000_2025,0.0048019877010821,-0.1084194401279091,0.02679508924484253,0.02971798926591873
5,e,forest_frac_slope_2000_2025,ssrd_wm2_slope_2000_2025,0.0051813474738702,-0.1084194401279091,0.026948025450110435,0.030071550980210304
5,e,forest_frac_slope_2000_2025,ssrd_wm2_slope_2000_2025,0.0055607072466582,-0.1084194401279091,0.0269482359290123,0.030147330835461617
5,e,forest_frac_slope_2000_2025,ssrd_wm2_slope_2000_2025,0.0059400670194463,-0.1084194401279091,0.026912851259112358,0.030260639265179634
5,e,forest_frac_slope_2000_2025,ssrd_wm2_slope_2000_2025,-0.0092343238920763,-0.1069808412343263,0.006760116200894117,-0.004861684050410986
5,e,forest_frac_slope_2000_2025,ssrd_wm2_slope_2000_2025,-0.0088549641192882,-0.1069808412343263,0.00699238944798708,-0.0044779968447983265
5,e,forest_frac_slope_2000_2025,ssrd_wm2_slope_2000_2025,-0.0084756043465002,-0.1069808412343263,0.007256522309035063,-0.003776143305003643
5,e,forest_frac_slope_2000_2025,ssrd_wm2_slope_2000_2025,-0.0080962445737121,-0.1069808412343263,0.007980093359947205,-0.0026431630831211805
5,e,forest_frac_slope_2000_2025,ssrd_wm2_slope_2000_2025,-0.007716884800924,-0.1069808412343263,0.008664567023515701,-0.001457988633774221
5,e,forest_frac_slope_2000_2025,ssrd_wm2_slope_2000_2025,-0.007337525028136,-0.1069808412343263,0.00932216178625822,-0.0006571936537511647
5,e,forest_frac_slope_2000_2025,ssrd_wm2_slope_2000_2025,-0.0069581652553479,-0.1069808412343263,0.009891008958220482,0.0005049786414019763
5,e,forest_frac_slope_2000_2025,ssrd_wm2_slope_2000_2025,-0.0065788054825598,-0.1069808412343263,0.010069352574646473,0.0009032252710312605
5,e,forest_frac_slope_2000_2025,ssrd_wm2_slope_2000_2025,-0.0061994457097717,-0.1069808412343263,0.010205650702118874,0.0015110679669305682
5,e,forest_frac_slope_2000_2025,ssrd_wm2_slope_2000_2025,-0.0058200859369837,-0.1069808412343263,0.011115428991615772,0.0029711162205785513
5,e,forest_frac_slope_2000_2025,ssrd_wm2_slope_2000_2025,-0.0054407261641956,-0.1069808412343263,0.012962821871042252,0.005934140644967556
5,e,forest_frac_slope_2000_2025,ssrd_wm2_slope_2000_2025,-0.0050613663914075,-0.1069808412343263,0.01294851303100586,0.005995422136038542
5,e,forest_frac_slope_2000_2025,ssrd_wm2_slope_2000_2025,-0.0046820066186195,-0.1069808412343263,0.014390095137059689,0.008098464459180832
5,e,forest_frac_slope_2000_2025,ssrd_wm2_slope_2000_2025,-0.0043026468458314,-0.1069808412343263,0.014814912341535091,0.009238839149475098
5,e,forest_frac_slope_2000_2025,ssrd_wm2_slope_2000_2025,-0.0039232870730433,-0.1069808412343263,0.014982781372964382,0.009748504497110844
5,e,forest_frac_slope_2000_2025,ssrd_wm2_slope_2000_2025,-0.0035439273002553,-0.1069808412343263,0.015527491457760334,0.010967734269797802
5,e,forest_frac_slope_2000_2025,ssrd_wm2_slope_2000_2025,-0.0031645675274672,-0.1069808412343263,0.015956314280629158,0.01172494888305664
5,e,forest_frac_slope_2000_2025,ssrd_wm2_slope_2000_2025,-0.0027852077546791,-0.1069808412343263,0.01705172285437584,0.01290670596063137
5,e,forest_frac_slope_2000_2025,ssrd_wm2_slope_2000_2025,-0.0024058479818911,-0.1069808412343263,0.01728961616754532,0.013525204733014107
5,e,forest_frac_slope_2000_2025,ssrd_wm2_slope_2000_2025,-0.002026488209103,-0.1069808412343263,0.018019618466496468,0.0147261843085289
5,e,forest_frac_slope_2000_2025,ssrd_wm2_slope_2000_2025,-0.0016471284363149,-0.1069808412343263,0.018480291590094566,0.015771597623825073
5,e,forest_frac_slope_2000_2025,ssrd_wm2_slope_2000_2025,-0.0012677686635269,-0.1069808412343263,0.019466767087578773,0.017316726967692375
5,e,forest_frac_slope_2000_2025,ssrd_wm2_slope_2000_2025,-0.0008884088907388,-0.1069808412343263,0.02024446427822113,0.018443936482071877
5,e,forest_frac_slope_2000_2025,ssrd_wm2_slope_2000_2025,-0.0005090491179507,-0.1069808412343263,0.02089545503258705,0.01960095763206482
5,e,forest_frac_slope_2000_2025,ssrd_wm2_slope_2000_2025,-0.0001296893451627,-0.1069808412343263,0.021713608875870705,0.02153801918029785
5,e,forest_frac_slope_2000_2025,ssrd_wm2_slope_2000_2025,0.0002496704276253,-0.1069808412343263,0.023924745619297028,0.024719921872019768
5,e,forest_frac_slope_2000_2025,ssrd_wm2_slope_2000_2025,0.0006290302004134,-0.1069808412343263,0.0242276843637228,0.02552296407520771
5,e,forest_frac_slope_2000_2025,ssrd_wm2_slope_2000_2025,0.0010083899732014,-0.1069808412343263,0.024826044216752052,0.026427967473864555
5,e,forest_frac_slope_2000_2025,ssrd_wm2_slope_2000_2025,0.0013877497459895,-0.1069808412343263,0.025042343884706497,0.0267893448472023
5,e,forest_frac_slope_2000_2025,ssrd_wm2_slope_2000_2025,0.0017671095187776,-0.1069808412343263,0.025105062872171402,0.027151266112923622
5,e,forest_frac_slope_2000_2025,ssrd_wm2_slope_2000_2025,0.0021464692915656,-0.1069808412343263,0.025591541081666946,0.02782161720097065
5,e,forest_frac_slope_2000_2025,ssrd_wm2_slope_2000_2025,0.0025258290643537,-0.1069808412343263,0.025761470198631287,0.02817501686513424
5,e,forest_frac_slope_2000_2025,ssrd_wm2_slope_2000_2025,0.0029051888371418,-0.1069808412343263,0.026161130517721176,0.028724784031510353
5,e,forest_frac_slope_2000_2025,ssrd_wm2_slope_2000_2025,0.0032845486099298,-0.1069808412343263,0.026360906660556793,0.02899743802845478
5,e,forest_frac_slope_2000_2025,ssrd_wm2_slope_2000_2025,0.0036639083827179,-0.1069808412343263,0.026367556303739548,0.029071057215332985
5,e,forest_frac_slope_2000_2025,ssrd_wm2_slope_2000_2025,0.004043268155506,-0.1069808412343263,0.026551635935902596,0.029324887320399284
5,e,forest_frac_slope_2000_2025,ssrd_wm2_slope_2000_2025,0.004422627928294,-0.1069808412343263,0.02677597664296627,0.02956642396748066
5,e,forest_frac_slope_2000_2025,ssrd_wm2_slope_2000_2025,0.0048019877010821,-0.1069808412343263,0.02680175192654133,0.029724324122071266
5,e,forest_frac_slope_2000_2025,ssrd_wm2_slope_2000_2025,0.0051813474738702,-0.1069808412343263,0.026954682543873787,0.03007793053984642
5,e,forest_frac_slope_2000_2025,ssrd_wm2_slope_2000_2025,0.0055607072466582,-0.1069808412343263,0.026954898610711098,0.030153710395097733
5,e,forest_frac_slope_2000_2025,ssrd_wm2_slope_2000_2025,0.0059400670194463,-0.1069808412343263,0.026919512078166008,0.03026701882481575
5,e,forest_frac_slope_2000_2025,ssrd_wm2_slope_2000_2025,-0.0092343238920763,-0.1055422423407435,0.006637938786298037,-0.004880957771092653
5,e,forest_frac_slope_2000_2025,ssrd_wm2_slope_2000_2025,-0.0088549641192882,-0.1055422423407435,0.006870211102068424,-0.004497224930673838
5,e,forest_frac_slope_2000_2025,ssrd_wm2_slope_2000_2025,-0.0084756043465002,-0.1055422423407435,0.007134344428777695,-0.0037959329783916473
5,e,forest_frac_slope_2000_2025,ssrd_wm2_slope_2000_2025,-0.0080962445737121,-0.1055422423407435,0.007855596952140331,-0.0026651620864868164
5,e,forest_frac_slope_2000_2025,ssrd_wm2_slope_2000_2025,-0.007716884800924,-0.1055422423407435,0.008540070615708828,-0.0014798857737332582
5,e,forest_frac_slope_2000_2025,ssrd_wm2_slope_2000_2025,-0.007337525028136,-0.1055422423407435,0.009197665378451347,-0.0006795995868742466
5,e,forest_frac_slope_2000_2025,ssrd_wm2_slope_2000_2025,-0.0069581652553479,-0.1055422423407435,0.009752899408340454,0.0004646356974262744
5,e,forest_frac_slope_2000_2025,ssrd_wm2_slope_2000_2025,-0.0065788054825598,-0.1055422423407435,0.00993124209344387,0.0008622048189863563
5,e,forest_frac_slope_2000_2025,ssrd_wm2_slope_2000_2025,-0.0061994457097717,-0.1055422423407435,0.010067539289593697,0.0014694997807964683
5,e,forest_frac_slope_2000_2025,ssrd_wm2_slope_2000_2025,-0.0058200859369837,-0.1055422423407435,0.010961649939417839,0.002913188189268112
5,e,forest_frac_slope_2000_2025,ssrd_wm2_slope_2000_2025,-0.0054407261641956,-0.1055422423407435,0.01281038485467434,0.005877147428691387
5,e,forest_frac_slope_2000_2025,ssrd_wm2_slope_2000_2025,-0.0050613663914075,-0.1055422423407435,0.012796076014637947,0.005938782822340727
5,e,forest_frac_slope_2000_2025,ssrd_wm2_slope_2000_2025,-0.0046820066186195,-0.1055422423407435,0.01425914466381073,0.008045854978263378
5,e,forest_frac_slope_2000_2025,ssrd_wm2_slope_2000_2025,-0.0043026468458314,-0.1055422423407435,0.014683961868286133,0.009185966104269028
5,e,forest_frac_slope_2000_2025,ssrd_wm2_slope_2000_2025,-0.0039232870730433,-0.1055422423407435,0.014851830899715424,0.009696180000901222
5,e,forest_frac_slope_2000_2025,ssrd_wm2_slope_2000_2025,-0.0035439273002553,-0.1055422423407435,0.015378668904304504,0.010898029431700706
5,e,forest_frac_slope_2000_2025,ssrd_wm2_slope_2000_2025,-0.0031645675274672,-0.1055422423407435,0.01580376923084259,0.01165106613188982
5,e,forest_frac_slope_2000_2025,ssrd_wm2_slope_2000_2025,-0.0027852077546791,-0.1055422423407435,0.016880417242646217,0.012818328104913235
5,e,forest_frac_slope_2000_2025,ssrd_wm2_slope_2000_2025,-0.0024058479818911,-0.1055422423407435,0.017118310555815697,0.013427368365228176
5,e,forest_frac_slope_2000_2025,ssrd_wm2_slope_2000_2025,-0.002026488209103,-0.1055422423407435,0.017815355211496353,0.01458857860416174
5,e,forest_frac_slope_2000_2025,ssrd_wm2_slope_2000_2025,-0.0016471284363149,-0.1055422423407435,0.018276026472449303,0.01563338190317154
5,e,forest_frac_slope_2000_2025,ssrd_wm2_slope_2000_2025,-0.0012677686635269,-0.1055422423407435,0.019251719117164612,0.017156410962343216
5,e,forest_frac_slope_2000_2025,ssrd_wm2_slope_2000_2025,-0.0008884088907388,-0.1055422423407435,0.02002391219139099,0.018276367336511612
5,e,forest_frac_slope_2000_2025,ssrd_wm2_slope_2000_2025,-0.0005090491179507,-0.1055422423407435,0.020625881850719452,0.01938134990632534
5,e,forest_frac_slope_2000_2025,ssrd_wm2_slope_2000_2025,-0.0001296893451627,-0.1055422423407435,0.021356966346502304,0.021197587251663208
5,e,forest_frac_slope_2000_2025,ssrd_wm2_slope_2000_2025,0.0002496704276253,-0.1055422423407435,0.023339547216892242,0.024124443531036377
5,e,forest_frac_slope_2000_2025,ssrd_wm2_slope_2000_2025,0.0006290302004134,-0.1055422423407435,0.023642485961318016,0.02488648146390915
5,e,forest_frac_slope_2000_2025,ssrd_wm2_slope_2000_2025,0.0010083899732014,-0.1055422423407435,0.024256646633148193,0.025803154334425926
5,e,forest_frac_slope_2000_2025,ssrd_wm2_slope_2000_2025,0.0013877497459895,-0.1055422423407435,0.024455035105347633,0.02614268660545349
5,e,forest_frac_slope_2000_2025,ssrd_wm2_slope_2000_2025,0.0017671095187776,-0.1055422423407435,0.02451775036752224,0.026506507769227028
5,e,forest_frac_slope_2000_2025,ssrd_wm2_slope_2000_2025,0.0021464692915656,-0.1055422423407435,0.02495374158024788,0.027124615386128426
5,e,forest_frac_slope_2000_2025,ssrd_wm2_slope_2000_2025,0.0025258290643537,-0.1055422423407435,0.025061730295419693,0.02743237093091011
5,e,forest_frac_slope_2000_2025,ssrd_wm2_slope_2000_2025,0.0029051888371418,-0.1055422423407435,0.02549023926258087,0.028013061732053757
5,e,forest_frac_slope_2000_2025,ssrd_wm2_slope_2000_2025,0.0032845486099298,-0.1055422423407435,0.025700140744447708,0.02829628996551037
5,e,forest_frac_slope_2000_2025,ssrd_wm2_slope_2000_2025,0.0036639083827179,-0.1055422423407435,0.025706790387630463,0.02836933173239231
5,e,forest_frac_slope_2000_2025,ssrd_wm2_slope_2000_2025,0.004043268155506,-0.1055422423407435,0.02589087188243866,0.028622925281524658
5,e,forest_frac_slope_2000_2025,ssrd_wm2_slope_2000_2025,0.004422627928294,-0.1055422423407435,0.026157736778259277,0.0289066880941391
5,e,forest_frac_slope_2000_2025,ssrd_wm2_slope_2000_2025,0.0048019877010821,-0.1055422423407435,0.026183510199189186,0.029065612703561783
5,e,forest_frac_slope_2000_2025,ssrd_wm2_slope_2000_2025,0.0051813474738702,-0.1055422423407435,0.026384012773633003,0.02946637198328972
5,e,forest_frac_slope_2000_2025,ssrd_wm2_slope_2000_2025,0.0055607072466582,-0.1055422423407435,0.026384223252534866,0.02954285591840744
5,e,forest_frac_slope_2000_2025,ssrd_wm2_slope_2000_2025,0.0059400670194463,-0.1055422423407435,0.026348838582634926,0.0296566653996706
5,e,forest_frac_slope_2000_2025,ssrd_wm2_slope_2000_2025,-0.0092343238920763,-0.1041036434471607,0.006622349377721548,-0.004862322937697172
5,e,forest_frac_slope_2000_2025,ssrd_wm2_slope_2000_2025,-0.0088549641192882,-0.1041036434471607,0.0068515934981405735,-0.00447892677038908
5,e,forest_frac_slope_2000_2025,ssrd_wm2_slope_2000_2025,-0.0084756043465002,-0.1041036434471607,0.007115728221833706,-0.003777633421123028
5,e,forest_frac_slope_2000_2025,ssrd_wm2_slope_2000_2025,-0.0080962445737121,-0.1041036434471607,0.007836978882551193,-0.0026472611352801323
5,e,forest_frac_slope_2000_2025,ssrd_wm2_slope_2000_2025,-0.007716884800924,-0.1041036434471607,0.008521453477442265,-0.001462165149860084
5,e,forest_frac_slope_2000_2025,ssrd_wm2_slope_2000_2025,-0.007337525028136,-0.1041036434471607,0.00917904730886221,-0.00066208909265697
5,e,forest_frac_slope_2000_2025,ssrd_wm2_slope_2000_2025,-0.0069581652553479,-0.1041036434471607,0.009735018014907837,0.0004823449708055705
5,e,forest_frac_slope_2000_2025,ssrd_wm2_slope_2000_2025,-0.0065788054825598,-0.1041036434471607,0.009913360700011253,0.000879752857144922
5,e,forest_frac_slope_2000_2025,ssrd_wm2_slope_2000_2025,-0.0061994457097717,-0.1041036434471607,0.010049658827483654,0.0014867082936689258
5,e,forest_frac_slope_2000_2025,ssrd_wm2_slope_2000_2025,-0.0058200859369837,-0.1041036434471607,0.010943770408630371,0.0029295419808477163
5,e,forest_frac_slope_2000_2025,ssrd_wm2_slope_2000_2025,-0.0054407261641956,-0.1041036434471607,0.012792207300662994,0.0058929193764925
5,e,forest_frac_slope_2000_2025,ssrd_wm2_slope_2000_2025,-0.0050613663914075,-0.1041036434471607,0.012777898460626602,0.0059543452225625515
5,e,forest_frac_slope_2000_2025,ssrd_wm2_slope_2000_2025,-0.0046820066186195,-0.1041036434471607,0.014240967109799385,0.008060515858232975
5,e,forest_frac_slope_2000_2025,ssrd_wm2_slope_2000_2025,-0.0043026468458314,-0.1041036434471607,0.014666413888335228,0.009201022796332836
5,e,forest_frac_slope_2000_2025,ssrd_wm2_slope_2000_2025,-0.0039232870730433,-0.1041036434471607,0.014834281988441944,0.009710686281323433
5,e,forest_frac_slope_2000_2025,ssrd_wm2_slope_2000_2025,-0.0035439273002553,-0.1041036434471607,0.015361119993031025,0.010911966674029827
5,e,forest_frac_slope_2000_2025,ssrd_wm2_slope_2000_2025,-0.0031645675274672,-0.1041036434471607,0.01576765812933445,0.011646178551018238
5,e,forest_frac_slope_2000_2025,ssrd_wm2_slope_2000_2025,-0.0027852077546791,-0.1041036434471607,0.016842253506183624,0.012811937369406223
5,e,forest_frac_slope_2000_2025,ssrd_wm2_slope_2000_2025,-0.0024058479818911,-0.1041036434471607,0.017080148681998253,0.013418544083833694
5,e,forest_frac_slope_2000_2025,ssrd_wm2_slope_2000_2025,-0.002026488209103,-0.1041036434471607,0.01778162643313408,0.014578738249838352
5,e,forest_frac_slope_2000_2025,ssrd_wm2_slope_2000_2025,-0.0016471284363149,-0.1041036434471607,0.018242299556732178,0.015623684041202068
5,e,forest_frac_slope_2000_2025,ssrd_wm2_slope_2000_2025,-0.0012677686635269,-0.1041036434471607,0.019217990338802338,0.01712094247341156
5,e,forest_frac_slope_2000_2025,ssrd_wm2_slope_2000_2025,-0.0008884088907388,-0.1041036434471607,0.019990187138319016,0.018239164724946022
5,e,forest_frac_slope_2000_2025,ssrd_wm2_slope_2000_2025,-0.0005090491179507,-0.1041036434471607,0.020565245300531387,0.019317051395773888
5,e,forest_frac_slope_2000_2025,ssrd_wm2_slope_2000_2025,-0.0001296893451627,-0.1041036434471607,0.02129936031997204,0.021134501323103905
5,e,forest_frac_slope_2000_2025,ssrd_wm2_slope_2000_2025,0.0002496704276253,-0.1041036434471607,0.02331659570336342,0.02410910651087761
5,e,forest_frac_slope_2000_2025,ssrd_wm2_slope_2000_2025,0.0006290302004134,-0.1041036434471607,0.02361953631043434,0.024871675297617912
5,e,forest_frac_slope_2000_2025,ssrd_wm2_slope_2000_2025,0.0010083899732014,-0.1041036434471607,0.024234235286712646,0.025789206847548485
5,e,forest_frac_slope_2000_2025,ssrd_wm2_slope_2000_2025,0.0013877497459895,-0.1041036434471607,0.024432623758912086,0.026129188016057014
5,e,forest_frac_slope_2000_2025,ssrd_wm2_slope_2000_2025,0.0017671095187776,-0.1041036434471607,0.02449534460902214,0.02649296075105667
5,e,forest_frac_slope_2000_2025,ssrd_wm2_slope_2000_2025,0.0021464692915656,-0.1041036434471607,0.02493133209645748,0.027111133560538292
5,e,forest_frac_slope_2000_2025,ssrd_wm2_slope_2000_2025,0.0025258290643537,-0.1041036434471607,0.025039320811629295,0.027418775483965874
5,e,forest_frac_slope_2000_2025,ssrd_wm2_slope_2000_2025,0.0029051888371418,-0.1041036434471607,0.025472305715084076,0.028003985062241554
5,e,forest_frac_slope_2000_2025,ssrd_wm2_slope_2000_2025,0.0032845486099298,-0.1041036434471607,0.025682205334305763,0.028287168592214584
5,e,forest_frac_slope_2000_2025,ssrd_wm2_slope_2000_2025,0.0036639083827179,-0.1041036434471607,0.025688854977488518,0.028360366821289062
5,e,forest_frac_slope_2000_2025,ssrd_wm2_slope_2000_2025,0.004043268155506,-0.1041036434471607,0.025872936472296715,0.028614038601517677
5,e,forest_frac_slope_2000_2025,ssrd_wm2_slope_2000_2025,0.004422627928294,-0.1041036434471607,0.02613980323076248,0.02889779955148697
5,e,forest_frac_slope_2000_2025,ssrd_wm2_slope_2000_2025,0.0048019877010821,-0.1041036434471607,0.02616557665169239,0.02905663475394249
5,e,forest_frac_slope_2000_2025,ssrd_wm2_slope_2000_2025,0.0051813474738702,-0.1041036434471607,0.02636607736349106,0.029457390308380127
5,e,forest_frac_slope_2000_2025,ssrd_wm2_slope_2000_2025,0.0055607072466582,-0.1041036434471607,0.02636628970503807,0.029533876106142998
5,e,forest_frac_slope_2000_2025,ssrd_wm2_slope_2000_2025,0.0059400670194463,-0.1041036434471607,0.02633090503513813,0.02964775450527668
5,e,forest_frac_slope_2000_2025,ssrd_wm2_slope_2000_2025,-0.0092343238920763,-0.1026650445535778,0.0066084167920053005,-0.004866686183959246
5,e,forest_frac_slope_2000_2025,ssrd_wm2_slope_2000_2025,-0.0088549641192882,-0.1026650445535778,0.006836970802396536,-0.004483983386307955
5,e,forest_frac_slope_2000_2025,ssrd_wm2_slope_2000_2025,-0.0084756043465002,-0.1026650445535778,0.0070977481082081795,-0.003786118933930993
5,e,forest_frac_slope_2000_2025,ssrd_wm2_slope_2000_2025,-0.0080962445737121,-0.1026650445535778,0.007818999700248241,-0.0026557876262813807
5,e,forest_frac_slope_2000_2025,ssrd_wm2_slope_2000_2025,-0.007716884800924,-0.1026650445535778,0.008502165786921978,-0.0014721262268722057
5,e,forest_frac_slope_2000_2025,ssrd_wm2_slope_2000_2025,-0.007337525028136,-0.1026650445535778,0.009159758687019348,-0.0006720919627696276
5,e,forest_frac_slope_2000_2025,ssrd_wm2_slope_2000_2025,-0.0069581652553479,-0.1026650445535778,0.009715728461742401,0.0004723880556412041
5,e,forest_frac_slope_2000_2025,ssrd_wm2_slope_2000_2025,-0.0065788054825598,-0.1026650445535778,0.009894072078168392,0.0008697535376995802
5,e,forest_frac_slope_2000_2025,ssrd_wm2_slope_2000_2025,-0.0061994457097717,-0.1026650445535778,0.010030370205640793,0.001476683421060443
5,e,forest_frac_slope_2000_2025,ssrd_wm2_slope_2000_2025,-0.0058200859369837,-0.1026650445535778,0.010924480855464935,0.0029195586685091257
5,e,forest_frac_slope_2000_2025,ssrd_wm2_slope_2000_2025,-0.0054407261641956,-0.1026650445535778,0.012772918678820133,0.005882933735847473
5,e,forest_frac_slope_2000_2025,ssrd_wm2_slope_2000_2025,-0.0050613663914075,-0.1026650445535778,0.012758609838783741,0.005943830590695143
5,e,forest_frac_slope_2000_2025,ssrd_wm2_slope_2000_2025,-0.0046820066186195,-0.1026650445535778,0.014218182303011417,0.00804634764790535
5,e,forest_frac_slope_2000_2025,ssrd_wm2_slope_2000_2025,-0.0043026468458314,-0.1026650445535778,0.01464362908154726,0.009186655282974243
5,e,forest_frac_slope_2000_2025,ssrd_wm2_slope_2000_2025,-0.0039232870730433,-0.1026650445535778,0.014811497181653976,0.009695800021290779
5,e,forest_frac_slope_2000_2025,ssrd_wm2_slope_2000_2025,-0.0035439273002553,-0.1026650445535778,0.015338335186243057,0.010889762081205845
5,e,forest_frac_slope_2000_2025,ssrd_wm2_slope_2000_2025,-0.0031645675274672,-0.1026650445535778,0.015744874253869057,0.01162178535014391
5,e,forest_frac_slope_2000_2025,ssrd_wm2_slope_2000_2025,-0.0027852077546791,-0.1026650445535778,0.01681741699576378,0.012784481979906559
5,e,forest_frac_slope_2000_2025,ssrd_wm2_slope_2000_2025,-0.0024058479818911,-0.1026650445535778,0.017055310308933258,0.013391764834523201
5,e,forest_frac_slope_2000_2025,ssrd_wm2_slope_2000_2025,-0.002026488209103,-0.1026650445535778,0.017756789922714233,0.014552215114235878
5,e,forest_frac_slope_2000_2025,ssrd_wm2_slope_2000_2025,-0.0016471284363149,-0.1026650445535778,0.018217461183667183,0.015596900135278702
5,e,forest_frac_slope_2000_2025,ssrd_wm2_slope_2000_2025,-0.0012677686635269,-0.1026650445535778,0.019193153828382492,0.017093932256102562
5,e,forest_frac_slope_2000_2025,ssrd_wm2_slope_2000_2025,-0.0008884088907388,-0.1026650445535778,0.019965285435318947,0.0182116087526083
5,e,forest_frac_slope_2000_2025,ssrd_wm2_slope_2000_2025,-0.0005090491179507,-0.1026650445535778,0.020540349185466766,0.019288066774606705
5,e,forest_frac_slope_2000_2025,ssrd_wm2_slope_2000_2025,-0.0001296893451627,-0.1026650445535778,0.021273000165820122,0.02110319212079048
5,e,forest_frac_slope_2000_2025,ssrd_wm2_slope_2000_2025,0.0002496704276253,-0.1026650445535778,0.023301618173718452,0.024095745757222176
5,e,forest_frac_slope_2000_2025,ssrd_wm2_slope_2000_2025,0.0006290302004134,-0.1026650445535778,0.023609139025211334,0.024864010512828827
5,e,forest_frac_slope_2000_2025,ssrd_wm2_slope_2000_2025,0.0010083899732014,-0.1026650445535778,0.02422383986413479,0.02578183449804783
5,e,forest_frac_slope_2000_2025,ssrd_wm2_slope_2000_2025,0.0013877497459895,-0.1026650445535778,0.02442222833633423,0.02612227201461792
5,e,forest_frac_slope_2000_2025,ssrd_wm2_slope_2000_2025,0.0017671095187776,-0.1026650445535778,0.024484945461153984,0.026486007496714592
5,e,forest_frac_slope_2000_2025,ssrd_wm2_slope_2000_2025,0.0021464692915656,-0.1026650445535778,0.024920936673879623,0.027104273438453674
5,e,forest_frac_slope_2000_2025,ssrd_wm2_slope_2000_2025,0.0025258290643537,-0.1026650445535778,0.025028925389051437,0.02741190232336521
5,e,forest_frac_slope_2000_2025,ssrd_wm2_slope_2000_2025,0.0029051888371418,-0.1026650445535778,0.025460099801421165,0.027995357289910316
5,e,forest_frac_slope_2000_2025,ssrd_wm2_slope_2000_2025,0.0032845486099298,-0.1026650445535778,0.025669999420642853,0.028278226032853127
5,e,forest_frac_slope_2000_2025,ssrd_wm2_slope_2000_2025,0.0036639083827179,-0.1026650445535778,0.025676647201180458,0.028351373970508575
5,e,forest_frac_slope_2000_2025,ssrd_wm2_slope_2000_2025,0.004043268155506,-0.1026650445535778,0.025860728695988655,0.028605200350284576
5,e,forest_frac_slope_2000_2025,ssrd_wm2_slope_2000_2025,0.004422627928294,-0.1026650445535778,0.026127595454454422,0.0288890041410923
5,e,forest_frac_slope_2000_2025,ssrd_wm2_slope_2000_2025,0.0048019877010821,-0.1026650445535778,0.02615337073802948,0.029047835618257523
5,e,forest_frac_slope_2000_2025,ssrd_wm2_slope_2000_2025,0.0051813474738702,-0.1026650445535778,0.026353871449828148,0.029448598623275757
5,e,forest_frac_slope_2000_2025,ssrd_wm2_slope_2000_2025,0.0055607072466582,-0.1026650445535778,0.02635408379137516,0.02952508255839348
5,e,forest_frac_slope_2000_2025,ssrd_wm2_slope_2000_2025,0.0059400670194463,-0.1026650445535778,0.02631869725883007,0.029638957232236862
5,e,forest_frac_slope_2000_2025,ssrd_wm2_slope_2000_2025,-0.0092343238920763,-0.101226445659995,0.006608924362808466,-0.004866685252636671
5,e,forest_frac_slope_2000_2025,ssrd_wm2_slope_2000_2025,-0.0088549641192882,-0.101226445659995,0.006837477907538414,-0.0044839829206466675
5,e,forest_frac_slope_2000_2025,ssrd_wm2_slope_2000_2025,-0.0084756043465002,-0.101226445659995,0.007098255213350058,-0.0037860525771975517
5,e,forest_frac_slope_2000_2025,ssrd_wm2_slope_2000_2025,-0.0080962445737121,-0.101226445659995,0.007819506339728832,-0.002655720803886652
5,e,forest_frac_slope_2000_2025,ssrd_wm2_slope_2000_2025,-0.007716884800924,-0.101226445659995,0.008502671495079994,-0.0014720592880621552
5,e,forest_frac_slope_2000_2025,ssrd_wm2_slope_2000_2025,-0.007337525028136,-0.101226445659995,0.009160266257822514,-0.0006719919038005173
5,e,forest_frac_slope_2000_2025,ssrd_wm2_slope_2000_2025,-0.0069581652553479,-0.101226445659995,0.009716236963868141,0.0004724879690911621
5,e,forest_frac_slope_2000_2025,ssrd_wm2_slope_2000_2025,-0.0065788054825598,-0.101226445659995,0.009894579648971558,0.0008698864839971066
5,e,forest_frac_slope_2000_2025,ssrd_wm2_slope_2000_2025,-0.0061994457097717,-0.101226445659995,0.010030877776443958,0.0014768164837732911
5,e,forest_frac_slope_2000_2025,ssrd_wm2_slope_2000_2025,-0.0058200859369837,-0.101226445659995,0.0109249884262681,0.0029196918476372957
5,e,forest_frac_slope_2000_2025,ssrd_wm2_slope_2000_2025,-0.0054407261641956,-0.101226445659995,0.012774590402841568,0.005884254351258278
5,e,forest_frac_slope_2000_2025,ssrd_wm2_slope_2000_2025,-0.0050613663914075,-0.101226445659995,0.012760281562805176,0.0059451512061059475
5,e,forest_frac_slope_2000_2025,ssrd_wm2_slope_2000_2025,-0.0046820066186195,-0.101226445659995,0.014218638651072979,0.008046586066484451
5,e,forest_frac_slope_2000_2025,ssrd_wm2_slope_2000_2025,-0.0043026468458314,-0.101226445659995,0.014644083566963673,0.009186792187392712
5,e,forest_frac_slope_2000_2025,ssrd_wm2_slope_2000_2025,-0.0039232870730433,-0.101226445659995,0.014811951667070389,0.009695938788354397
5,e,forest_frac_slope_2000_2025,ssrd_wm2_slope_2000_2025,-0.0035439273002553,-0.101226445659995,0.01533878967165947,0.010889966040849686
5,e,forest_frac_slope_2000_2025,ssrd_wm2_slope_2000_2025,-0.0031645675274672,-0.101226445659995,0.01574532873928547,0.011621988378465176
5,e,forest_frac_slope_2000_2025,ssrd_wm2_slope_2000_2025,-0.0027852077546791,-0.101226445659995,0.01681787148118019,0.012784717604517937
5,e,forest_frac_slope_2000_2025,ssrd_wm2_slope_2000_2025,-0.0024058479818911,-0.101226445659995,0.01705576665699482,0.01339203491806984
5,e,forest_frac_slope_2000_2025,ssrd_wm2_slope_2000_2025,-0.002026488209103,-0.101226445659995,0.017757244408130646,0.014552552253007889
5,e,forest_frac_slope_2000_2025,ssrd_wm2_slope_2000_2025,-0.0016471284363149,-0.101226445659995,0.018217917531728745,0.015597334131598473
5,e,forest_frac_slope_2000_2025,ssrd_wm2_slope_2000_2025,-0.0012677686635269,-0.101226445659995,0.019193608313798904,0.017094478011131287
5,e,forest_frac_slope_2000_2025,ssrd_wm2_slope_2000_2025,-0.0008884088907388,-0.101226445659995,0.019965743646025658,0.0182120893150568
5,e,forest_frac_slope_2000_2025,ssrd_wm2_slope_2000_2025,-0.0005090491179507,-0.101226445659995,0.020532749593257904,0.019280556589365005
5,e,forest_frac_slope_2000_2025,ssrd_wm2_slope_2000_2025,-0.0001296893451627,-0.101226445659995,0.02126539871096611,0.02109563909471035
5,e,forest_frac_slope_2000_2025,ssrd_wm2_slope_2000_2025,0.0002496704276253,-0.101226445659995,0.023296626284718513,0.024090880528092384
5,e,forest_frac_slope_2000_2025,ssrd_wm2_slope_2000_2025,0.0006290302004134,-0.101226445659995,0.023604147136211395,0.024859078228473663
5,e,forest_frac_slope_2000_2025,ssrd_wm2_slope_2000_2025,0.0010083899732014,-0.101226445659995,0.0242188461124897,0.025776810944080353
5,e,forest_frac_slope_2000_2025,ssrd_wm2_slope_2000_2025,0.0013877497459895,-0.101226445659995,0.02441723458468914,0.026117248460650444
5,e,forest_frac_slope_2000_2025,ssrd_wm2_slope_2000_2025,0.0017671095187776,-0.101226445659995,0.024479953572154045,0.02648085355758667
5,e,forest_frac_slope_2000_2025,ssrd_wm2_slope_2000_2025,0.0021464692915656,-0.101226445659995,0.024915942922234535,0.027099119499325752
5,e,forest_frac_slope_2000_2025,ssrd_wm2_slope_2000_2025,0.0025258290643537,-0.101226445659995,0.02502393163740635,0.02740675024688244
5,e,forest_frac_slope_2000_2025,ssrd_wm2_slope_2000_2025,0.0029051888371418,-0.101226445659995,0.025455106049776077,0.02799013815820217
5,e,forest_frac_slope_2000_2025,ssrd_wm2_slope_2000_2025,0.0032845486099298,-0.101226445659995,0.025665007531642914,0.028273042291402817
5,e,forest_frac_slope_2000_2025,ssrd_wm2_slope_2000_2025,0.0036639083827179,-0.101226445659995,0.02567165531218052,0.028346188366413116
5,e,forest_frac_slope_2000_2025,ssrd_wm2_slope_2000_2025,0.004043268155506,-0.101226445659995,0.025855736806988716,0.028600014746189117
5,e,forest_frac_slope_2000_2025,ssrd_wm2_slope_2000_2025,0.004422627928294,-0.101226445659995,0.026122605428099632,0.02888382039964199
5,e,forest_frac_slope_2000_2025,ssrd_wm2_slope_2000_2025,0.0048019877010821,-0.101226445659995,0.026148376986384392,0.029042650014162064
5,e,forest_frac_slope_2000_2025,ssrd_wm2_slope_2000_2025,0.0051813474738702,-0.101226445659995,0.02634887769818306,0.029443413019180298
5,e,forest_frac_slope_2000_2025,ssrd_wm2_slope_2000_2025,0.0055607072466582,-0.101226445659995,0.026349090039730072,0.02951989509165287
5,e,forest_frac_slope_2000_2025,ssrd_wm2_slope_2000_2025,0.0059400670194463,-0.101226445659995,0.02631370536983013,0.029633773490786552
5,e,forest_frac_slope_2000_2025,ssrd_wm2_slope_2000_2025,-0.0092343238920763,-0.0997878467664122,0.0065936981700360775,-0.004868155345320702
5,e,forest_frac_slope_2000_2025,ssrd_wm2_slope_2000_2025,-0.0088549641192882,-0.0997878467664122,0.006822252180427313,-0.004484787583351135
5,e,forest_frac_slope_2000_2025,ssrd_wm2_slope_2000_2025,-0.0084756043465002,-0.0997878467664122,0.007083029020577669,-0.003786674700677395
5,e,forest_frac_slope_2000_2025,ssrd_wm2_slope_2000_2025,-0.0080962445737121,-0.0997878467664122,0.007804281078279018,-0.0026560123078525066
5,e,forest_frac_slope_2000_2025,ssrd_wm2_slope_2000_2025,-0.007716884800924,-0.0997878467664122,0.008487445302307606,-0.001472231699153781
5,e,forest_frac_slope_2000_2025,ssrd_wm2_slope_2000_2025,-0.007337525028136,-0.0997878467664122,0.009145040065050125,-0.0006712094182148576
5,e,forest_frac_slope_2000_2025,ssrd_wm2_slope_2000_2025,-0.0069581652553479,-0.0997878467664122,0.00970215629786253,0.0005036963266320527
5,e,forest_frac_slope_2000_2025,ssrd_wm2_slope_2000_2025,-0.0065788054825598,-0.0997878467664122,0.009880498051643372,0.0009011637885123491
5,e,forest_frac_slope_2000_2025,ssrd_wm2_slope_2000_2025,-0.0061994457097717,-0.0997878467664122,0.010016796179115772,0.0015079783042892814
5,e,forest_frac_slope_2000_2025,ssrd_wm2_slope_2000_2025,-0.0058200859369837,-0.0997878467664122,0.010910908691585064,0.002950622932985425
5,e,forest_frac_slope_2000_2025,ssrd_wm2_slope_2000_2025,-0.0054407261641956,-0.0997878467664122,0.012760047800838947,0.005881952121853828
5,e,forest_frac_slope_2000_2025,ssrd_wm2_slope_2000_2025,-0.0050613663914075,-0.0997878467664122,0.01274573802947998,0.00594291789457202
5,e,forest_frac_slope_2000_2025,ssrd_wm2_slope_2000_2025,-0.0046820066186195,-0.0997878467664122,0.014204095117747784,0.008044353686273098
5,e,forest_frac_slope_2000_2025,ssrd_wm2_slope_2000_2025,-0.0043026468458314,-0.0997878467664122,0.014629541896283627,0.009184564463794231
5,e,forest_frac_slope_2000_2025,ssrd_wm2_slope_2000_2025,-0.0039232870730433,-0.0997878467664122,0.014797410927712917,0.009693720377981663
5,e,forest_frac_slope_2000_2025,ssrd_wm2_slope_2000_2025,-0.0035439273002553,-0.0997878467664122,0.015311047434806824,0.010873851366341114
5,e,forest_frac_slope_2000_2025,ssrd_wm2_slope_2000_2025,-0.0031645675274672,-0.0997878467664122,0.015717586502432823,0.011601465754210949
5,e,forest_frac_slope_2000_2025,ssrd_wm2_slope_2000_2025,-0.0027852077546791,-0.0997878467664122,0.016790125519037247,0.012763301841914654
5,e,forest_frac_slope_2000_2025,ssrd_wm2_slope_2000_2025,-0.0024058479818911,-0.0997878467664122,0.01701747253537178,0.013359836302697659
5,e,forest_frac_slope_2000_2025,ssrd_wm2_slope_2000_2025,-0.002026488209103,-0.0997878467664122,0.01771708019077778,0.014517907984554768
5,e,forest_frac_slope_2000_2025,ssrd_wm2_slope_2000_2025,-0.0016471284363149,-0.0997878467664122,0.018177341669797897,0.015561383217573166
5,e,forest_frac_slope_2000_2025,ssrd_wm2_slope_2000_2025,-0.0012677686635269,-0.0997878467664122,0.019153032451868057,0.017058400437235832
5,e,forest_frac_slope_2000_2025,ssrd_wm2_slope_2000_2025,-0.0008884088907388,-0.0997878467664122,0.01993098296225071,0.018180223181843758
5,e,forest_frac_slope_2000_2025,ssrd_wm2_slope_2000_2025,-0.0005090491179507,-0.0997878467664122,0.020496806129813194,0.01924677938222885
5,e,forest_frac_slope_2000_2025,ssrd_wm2_slope_2000_2025,-0.0001296893451627,-0.0997878467664122,0.02123076468706131,0.021059509366750717
5,e,forest_frac_slope_2000_2025,ssrd_wm2_slope_2000_2025,0.0002496704276253,-0.0997878467664122,0.023248722776770592,0.024036316201090813
5,e,forest_frac_slope_2000_2025,ssrd_wm2_slope_2000_2025,0.0006290302004134,-0.0997878467664122,0.02355649694800377,0.024808062240481377
5,e,forest_frac_slope_2000_2025,ssrd_wm2_slope_2000_2025,0.0010083899732014,-0.0997878467664122,0.02418111264705658,0.025734802708029747
5,e,forest_frac_slope_2000_2025,ssrd_wm2_slope_2000_2025,0.0013877497459895,-0.0997878467664122,0.02437950111925602,0.026060987263917923
5,e,forest_frac_slope_2000_2025,ssrd_wm2_slope_2000_2025,0.0017671095187776,-0.0997878467664122,0.024440238252282143,0.02642028033733368
5,e,forest_frac_slope_2000_2025,ssrd_wm2_slope_2000_2025,0.0021464692915656,-0.0997878467664122,0.024876229465007782,0.0270382110029459
5,e,forest_frac_slope_2000_2025,ssrd_wm2_slope_2000_2025,0.0025258290643537,-0.0997878467664122,0.024984212592244148,0.0273450817912817
5,e,forest_frac_slope_2000_2025,ssrd_wm2_slope_2000_2025,0.0029051888371418,-0.0997878467664122,0.025415390729904175,0.027928141877055168
5,e,forest_frac_slope_2000_2025,ssrd_wm2_slope_2000_2025,0.0032845486099298,-0.0997878467664122,0.025625288486480713,0.02821076102554798
5,e,forest_frac_slope_2000_2025,ssrd_wm2_slope_2000_2025,0.0036639083827179,-0.0997878467664122,0.025631939992308617,0.028283555060625076
5,e,forest_frac_slope_2000_2025,ssrd_wm2_slope_2000_2025,0.004043268155506,-0.0997878467664122,0.025816021487116814,0.028537213802337646
5,e,forest_frac_slope_2000_2025,ssrd_wm2_slope_2000_2025,0.004422627928294,-0.0997878467664122,0.02608288638293743,0.028820769861340523
5,e,forest_frac_slope_2000_2025,ssrd_wm2_slope_2000_2025,0.0048019877010821,-0.0997878467664122,0.02610865980386734,0.028979467228055
5,e,forest_frac_slope_2000_2025,ssrd_wm2_slope_2000_2025,0.0051813474738702,-0.0997878467664122,0.026309162378311157,0.0293801948428154
5,e,forest_frac_slope_2000_2025,ssrd_wm2_slope_2000_2025,0.0055607072466582,-0.0997878467664122,0.02630937471985817,0.029456574469804764
5,e,forest_frac_slope_2000_2025,ssrd_wm2_slope_2000_2025,0.0059400670194463,-0.0997878467664122,0.02627398818731308,0.0295703187584877
5,e,forest_frac_slope_2000_2025,ssrd_wm2_slope_2000_2025,-0.0092343238920763,-0.0983492478728294,0.006592418998479843,-0.004907901398837566
5,e,forest_frac_slope_2000_2025,ssrd_wm2_slope_2000_2025,-0.0088549641192882,-0.0983492478728294,0.006820972543209791,-0.004524533171206713
5,e,forest_frac_slope_2000_2025,ssrd_wm2_slope_2000_2025,-0.0084756043465002,-0.0983492478728294,0.007081750314682722,-0.003826599568128586
5,e,forest_frac_slope_2000_2025,ssrd_wm2_slope_2000_2025,-0.0080962445737121,-0.0983492478728294,0.007803001441061497,-0.002695182105526328
5,e,forest_frac_slope_2000_2025,ssrd_wm2_slope_2000_2025,-0.007716884800924,-0.0983492478728294,0.008486167527735233,-0.0015115070855244994
5,e,forest_frac_slope_2000_2025,ssrd_wm2_slope_2000_2025,-0.007337525028136,-0.0983492478728294,0.009143761359155178,-0.0007107401615940034
5,e,forest_frac_slope_2000_2025,ssrd_wm2_slope_2000_2025,-0.0069581652553479,-0.0983492478728294,0.009702007286250591,0.0004644902655854821
5,e,forest_frac_slope_2000_2025,ssrd_wm2_slope_2000_2025,-0.0065788054825598,-0.0983492478728294,0.009878954850137234,0.0008610256481915712
5,e,forest_frac_slope_2000_2025,ssrd_wm2_slope_2000_2025,-0.0061994457097717,-0.0983492478728294,0.01001525204628706,0.0014684217749163508
5,e,forest_frac_slope_2000_2025,ssrd_wm2_slope_2000_2025,-0.0058200859369837,-0.0983492478728294,0.010909363627433777,0.002911233576014638
5,e,forest_frac_slope_2000_2025,ssrd_wm2_slope_2000_2025,-0.0054407261641956,-0.0983492478728294,0.01275850273668766,0.00584309222176671
5,e,forest_frac_slope_2000_2025,ssrd_wm2_slope_2000_2025,-0.0050613663914075,-0.0983492478728294,0.012744194827973843,0.005904516205191612
5,e,forest_frac_slope_2000_2025,ssrd_wm2_slope_2000_2025,-0.0046820066186195,-0.0983492478728294,0.014202551916241646,0.008006514050066471
5,e,forest_frac_slope_2000_2025,ssrd_wm2_slope_2000_2025,-0.0043026468458314,-0.0983492478728294,0.01462799683213234,0.009147175587713718
5,e,forest_frac_slope_2000_2025,ssrd_wm2_slope_2000_2025,-0.0039232870730433,-0.0983492478728294,0.014795864000916481,0.009656858630478382
5,e,forest_frac_slope_2000_2025,ssrd_wm2_slope_2000_2025,-0.0035439273002553,-0.0983492478728294,0.015309500508010387,0.010837328620254993
5,e,forest_frac_slope_2000_2025,ssrd_wm2_slope_2000_2025,-0.0031645675274672,-0.0983492478728294,0.01571604050695896,0.011565536260604858
5,e,forest_frac_slope_2000_2025,ssrd_wm2_slope_2000_2025,-0.0027852077546791,-0.0983492478728294,0.016783447936177254,0.012722919695079327
5,e,forest_frac_slope_2000_2025,ssrd_wm2_slope_2000_2025,-0.0024058479818911,-0.0983492478728294,0.01700734905898571,0.013317663222551346
5,e,forest_frac_slope_2000_2025,ssrd_wm2_slope_2000_2025,-0.002026488209103,-0.0983492478728294,0.01770695671439171,0.014476832002401352
5,e,forest_frac_slope_2000_2025,ssrd_wm2_slope_2000_2025,-0.0016471284363149,-0.0983492478728294,0.01816820725798607,0.015521843917667866
5,e,forest_frac_slope_2000_2025,ssrd_wm2_slope_2000_2025,-0.0012677686635269,-0.0983492478728294,0.019143899902701378,0.01702193357050419
5,e,forest_frac_slope_2000_2025,ssrd_wm2_slope_2000_2025,-0.0008884088907388,-0.0983492478728294,0.01992184855043888,0.01814708299934864
5,e,forest_frac_slope_2000_2025,ssrd_wm2_slope_2000_2025,-0.0005090491179507,-0.0983492478728294,0.020487671718001366,0.01923573762178421
5,e,forest_frac_slope_2000_2025,ssrd_wm2_slope_2000_2025,-0.0001296893451627,-0.0983492478728294,0.021215638145804405,0.02104376256465912
5,e,forest_frac_slope_2000_2025,ssrd_wm2_slope_2000_2025,0.0002496704276253,-0.0983492478728294,0.02323044463992119,0.02402227558195591
5,e,forest_frac_slope_2000_2025,ssrd_wm2_slope_2000_2025,0.0006290302004134,-0.0983492478728294,0.023538215085864067,0.024794714525341988
5,e,forest_frac_slope_2000_2025,ssrd_wm2_slope_2000_2025,0.0010083899732014,-0.0983492478728294,0.024167969822883606,0.025727469474077225
5,e,forest_frac_slope_2000_2025,ssrd_wm2_slope_2000_2025,0.0013877497459895,-0.0983492478728294,0.024366356432437897,0.026054052636027336
5,e,forest_frac_slope_2000_2025,ssrd_wm2_slope_2000_2025,0.0017671095187776,-0.0983492478728294,0.02442709356546402,0.026413695886731148
5,e,forest_frac_slope_2000_2025,ssrd_wm2_slope_2000_2025,0.0021464692915656,-0.0983492478728294,0.02486308291554451,0.0270317941904068
5,e,forest_frac_slope_2000_2025,ssrd_wm2_slope_2000_2025,0.0025258290643537,-0.0983492478728294,0.024971069768071175,0.02733871527016163
5,e,forest_frac_slope_2000_2025,ssrd_wm2_slope_2000_2025,0.0029051888371418,-0.0983492478728294,0.025402246043086052,0.02792181633412838
5,e,forest_frac_slope_2000_2025,ssrd_wm2_slope_2000_2025,0.0032845486099298,-0.0983492478728294,0.02561214379966259,0.028204549103975296
5,e,forest_frac_slope_2000_2025,ssrd_wm2_slope_2000_2025,0.0036639083827179,-0.0983492478728294,0.025618795305490494,0.028277447447180748
5,e,forest_frac_slope_2000_2025,ssrd_wm2_slope_2000_2025,0.004043268155506,-0.0983492478728294,0.02580287680029869,0.0285310260951519
5,e,forest_frac_slope_2000_2025,ssrd_wm2_slope_2000_2025,0.004422627928294,-0.0983492478728294,0.026069743558764458,0.02881469763815403
5,e,forest_frac_slope_2000_2025,ssrd_wm2_slope_2000_2025,0.0048019877010821,-0.0983492478728294,0.026095515117049217,0.028973650187253952
5,e,forest_frac_slope_2000_2025,ssrd_wm2_slope_2000_2025,0.0051813474738702,-0.0983492478728294,0.026296017691493034,0.02937454916536808
5,e,forest_frac_slope_2000_2025,ssrd_wm2_slope_2000_2025,0.0055607072466582,-0.0983492478728294,0.026296230033040047,0.02945108339190483
5,e,forest_frac_slope_2000_2025,ssrd_wm2_slope_2000_2025,0.0059400670194463,-0.0983492478728294,0.026260845363140106,0.02956482209265232
5,e,forest_frac_slope_2000_2025,ssrd_wm2_slope_2000_2025,-0.0092343238920763,-0.0969106489792466,0.006601190660148859,-0.004922941327095032
5,e,forest_frac_slope_2000_2025,ssrd_wm2_slope_2000_2025,-0.0088549641192882,-0.0969106489792466,0.006829745136201382,-0.004539314191788435
5,e,forest_frac_slope_2000_2025,ssrd_wm2_slope_2000_2025,-0.0084756043465002,-0.0969106489792466,0.007090521510690451,-0.0038413493894040585
5,e,forest_frac_slope_2000_2025,ssrd_wm2_slope_2000_2025,-0.0080962445737121,-0.0969106489792466,0.007808479480445385,-0.002706939820200205
5,e,forest_frac_slope_2000_2025,ssrd_wm2_slope_2000_2025,-0.007716884800924,-0.0969106489792466,0.008491644635796547,-0.0015228867996484041
5,e,forest_frac_slope_2000_2025,ssrd_wm2_slope_2000_2025,-0.007337525028136,-0.0969106489792466,0.009149239398539066,-0.0007219107355922461
5,e,forest_frac_slope_2000_2025,ssrd_wm2_slope_2000_2025,-0.0069581652553479,-0.0969106489792466,0.009707484394311905,0.00045378689537756145
5,e,forest_frac_slope_2000_2025,ssrd_wm2_slope_2000_2025,-0.0065788054825598,-0.0969106489792466,0.009884431958198547,0.0008507067104801536
5,e,forest_frac_slope_2000_2025,ssrd_wm2_slope_2000_2025,-0.0061994457097717,-0.0969106489792466,0.010020730085670948,0.001458443352021277
5,e,forest_frac_slope_2000_2025,ssrd_wm2_slope_2000_2025,-0.0058200859369837,-0.0969106489792466,0.010929525829851627,0.002912075724452734
5,e,forest_frac_slope_2000_2025,ssrd_wm2_slope_2000_2025,-0.0054407261641956,-0.0969106489792466,0.012773547321557999,0.005839787423610687
5,e,forest_frac_slope_2000_2025,ssrd_wm2_slope_2000_2025,-0.0050613663914075,-0.0969106489792466,0.012759238481521606,0.005901620723307133
5,e,forest_frac_slope_2000_2025,ssrd_wm2_slope_2000_2025,-0.0046820066186195,-0.0969106489792466,0.014217596501111984,0.008004502393305302
5,e,forest_frac_slope_2000_2025,ssrd_wm2_slope_2000_2025,-0.0043026468458314,-0.0969106489792466,0.014643039554357529,0.009146589785814285
5,e,forest_frac_slope_2000_2025,ssrd_wm2_slope_2000_2025,-0.0039232870730433,-0.0969106489792466,0.014810911379754543,0.009656713344156742
5,e,forest_frac_slope_2000_2025,ssrd_wm2_slope_2000_2025,-0.0035439273002553,-0.0969106489792466,0.015324545092880726,0.010837370529770851
5,e,forest_frac_slope_2000_2025,ssrd_wm2_slope_2000_2025,-0.0031645675274672,-0.0969106489792466,0.015728749334812164,0.011559596285223961
5,e,forest_frac_slope_2000_2025,ssrd_wm2_slope_2000_2025,-0.0027852077546791,-0.0969106489792466,0.016796156764030457,0.012716967612504959
5,e,forest_frac_slope_2000_2025,ssrd_wm2_slope_2000_2025,-0.0024058479818911,-0.0969106489792466,0.017020059749484062,0.013313010334968567
5,e,forest_frac_slope_2000_2025,ssrd_wm2_slope_2000_2025,-0.002026488209103,-0.0969106489792466,0.01771966554224491,0.014473802410066128
5,e,forest_frac_slope_2000_2025,ssrd_wm2_slope_2000_2025,-0.0016471284363149,-0.0969106489792466,0.01818091794848442,0.015520392917096615
5,e,forest_frac_slope_2000_2025,ssrd_wm2_slope_2000_2025,-0.0012677686635269,-0.0969106489792466,0.01915660873055458,0.017024533823132515
5,e,forest_frac_slope_2000_2025,ssrd_wm2_slope_2000_2025,-0.0008884088907388,-0.0969106489792466,0.019934557378292084,0.018150918185710907
5,e,forest_frac_slope_2000_2025,ssrd_wm2_slope_2000_2025,-0.0005090491179507,-0.0969106489792466,0.02050038054585457,0.019240928813815117
5,e,forest_frac_slope_2000_2025,ssrd_wm2_slope_2000_2025,-0.0001296893451627,-0.0969106489792466,0.021228346973657608,0.02105208858847618
5,e,forest_frac_slope_2000_2025,ssrd_wm2_slope_2000_2025,0.0002496704276253,-0.0969106489792466,0.02323889546096325,0.024030160158872604
5,e,forest_frac_slope_2000_2025,ssrd_wm2_slope_2000_2025,0.0006290302004134,-0.0969106489792466,0.023546667769551277,0.02480248361825943
5,e,forest_frac_slope_2000_2025,ssrd_wm2_slope_2000_2025,0.0010083899732014,-0.0969106489792466,0.024176418781280518,0.025735773146152496
5,e,forest_frac_slope_2000_2025,ssrd_wm2_slope_2000_2025,0.0013877497459895,-0.0969106489792466,0.024374809116125107,0.026062533259391785
5,e,forest_frac_slope_2000_2025,ssrd_wm2_slope_2000_2025,0.0017671095187776,-0.0969106489792466,0.02443554438650608,0.02642257884144783
5,e,forest_frac_slope_2000_2025,ssrd_wm2_slope_2000_2025,0.0021464692915656,-0.0969106489792466,0.02487153373658657,0.027040967717766762
5,e,forest_frac_slope_2000_2025,ssrd_wm2_slope_2000_2025,0.0025258290643537,-0.0969106489792466,0.024979520589113235,0.027348235249519348
5,e,forest_frac_slope_2000_2025,ssrd_wm2_slope_2000_2025,0.0029051888371418,-0.0969106489792466,0.025410696864128113,0.02793150581419468
5,e,forest_frac_slope_2000_2025,ssrd_wm2_slope_2000_2025,0.0032845486099298,-0.0969106489792466,0.0256205964833498,0.028214620426297188
5,e,forest_frac_slope_2000_2025,ssrd_wm2_slope_2000_2025,0.0036639083827179,-0.0969106489792466,0.025627246126532555,0.028287595137953758
5,e,forest_frac_slope_2000_2025,ssrd_wm2_slope_2000_2025,0.004043268155506,-0.0969106489792466,0.02581132762134075,0.028541605919599533
5,e,forest_frac_slope_2000_2025,ssrd_wm2_slope_2000_2025,0.004422627928294,-0.0969106489792466,0.026078196242451668,0.0288254227489233
5,e,forest_frac_slope_2000_2025,ssrd_wm2_slope_2000_2025,0.0048019877010821,-0.0969106489792466,0.026103967800736427,0.028984609991312027
5,e,forest_frac_slope_2000_2025,ssrd_wm2_slope_2000_2025,0.0051813474738702,-0.0969106489792466,0.026304470375180244,0.029385864734649658
5,e,forest_frac_slope_2000_2025,ssrd_wm2_slope_2000_2025,0.0055607072466582,-0.0969106489792466,0.026304682716727257,0.029462553560733795
5,e,forest_frac_slope_2000_2025,ssrd_wm2_slope_2000_2025,0.0059400670194463,-0.0969106489792466,0.026269296184182167,0.029576759785413742
5,e,forest_frac_slope_2000_2025,ssrd_wm2_slope_2000_2025,-0.0092343238920763,-0.0954720500856637,0.006562318652868271,-0.004936741665005684
5,e,forest_frac_slope_2000_2025,ssrd_wm2_slope_2000_2025,-0.0088549641192882,-0.0954720500856637,0.00679151201620698,-0.004552481696009636
5,e,forest_frac_slope_2000_2025,ssrd_wm2_slope_2000_2025,-0.0084756043465002,-0.0954720500856637,0.007052289787679911,-0.0038547415751963854
5,e,forest_frac_slope_2000_2025,ssrd_wm2_slope_2000_2025,-0.0080962445737121,-0.0954720500856637,0.007770247291773558,-0.002720280084758997
5,e,forest_frac_slope_2000_2025,ssrd_wm2_slope_2000_2025,-0.007716884800924,-0.0954720500856637,0.008453411981463432,-0.0015361211262643337
5,e,forest_frac_slope_2000_2025,ssrd_wm2_slope_2000_2025,-0.007337525028136,-0.0954720500856637,0.009111005812883377,-0.0007353628752753139
5,e,forest_frac_slope_2000_2025,ssrd_wm2_slope_2000_2025,-0.0069581652553479,-0.0954720500856637,0.009667003527283669,0.0004375146818347275
5,e,forest_frac_slope_2000_2025,ssrd_wm2_slope_2000_2025,-0.0065788054825598,-0.0954720500856637,0.009843952022492886,0.0008344664238393307
5,e,forest_frac_slope_2000_2025,ssrd_wm2_slope_2000_2025,-0.0061994457097717,-0.0954720500856637,0.009980249218642712,0.0014421826926991343
5,e,forest_frac_slope_2000_2025,ssrd_wm2_slope_2000_2025,-0.0058200859369837,-0.0954720500856637,0.0108739472925663,0.002884779591113329
5,e,forest_frac_slope_2000_2025,ssrd_wm2_slope_2000_2025,-0.0054407261641956,-0.0954720500856637,0.012717969715595245,0.005812529940158129
5,e,forest_frac_slope_2000_2025,ssrd_wm2_slope_2000_2025,-0.0050613663914075,-0.0954720500856637,0.012703659944236279,0.005874304100871086
5,e,forest_frac_slope_2000_2025,ssrd_wm2_slope_2000_2025,-0.0046820066186195,-0.0954720500856637,0.014162016101181507,0.007976301945745945
5,e,forest_frac_slope_2000_2025,ssrd_wm2_slope_2000_2025,-0.0043026468458314,-0.0954720500856637,0.01458746287971735,0.009117946960031986
5,e,forest_frac_slope_2000_2025,ssrd_wm2_slope_2000_2025,-0.0039232870730433,-0.0954720500856637,0.01475533191114664,0.009627736173570156
5,e,forest_frac_slope_2000_2025,ssrd_wm2_slope_2000_2025,-0.0035439273002553,-0.0954720500856637,0.015261516906321049,0.010799947194755077
5,e,forest_frac_slope_2000_2025,ssrd_wm2_slope_2000_2025,-0.0031645675274672,-0.0954720500856637,0.015659399330615997,0.01151556707918644
5,e,forest_frac_slope_2000_2025,ssrd_wm2_slope_2000_2025,-0.0027852077546791,-0.0954720500856637,0.01672680489718914,0.01267271488904953
5,e,forest_frac_slope_2000_2025,ssrd_wm2_slope_2000_2025,-0.0024058479818911,-0.0954720500856637,0.016950709745287895,0.013267438858747482
5,e,forest_frac_slope_2000_2025,ssrd_wm2_slope_2000_2025,-0.002026488209103,-0.0954720500856637,0.017650315538048744,0.014426692388951778
5,e,forest_frac_slope_2000_2025,ssrd_wm2_slope_2000_2025,-0.0016471284363149,-0.0954720500856637,0.018108561635017395,0.015460786409676075
5,e,forest_frac_slope_2000_2025,ssrd_wm2_slope_2000_2025,-0.0012677686635269,-0.0954720500856637,0.019082313403487206,0.01696525514125824
5,e,forest_frac_slope_2000_2025,ssrd_wm2_slope_2000_2025,-0.0008884088907388,-0.0954720500856637,0.019854821264743805,0.01808570884168148
5,e,forest_frac_slope_2000_2025,ssrd_wm2_slope_2000_2025,-0.0005090491179507,-0.0954720500856637,0.02042137272655964,0.019174301996827126
5,e,forest_frac_slope_2000_2025,ssrd_wm2_slope_2000_2025,-0.0001296893451627,-0.0954720500856637,0.02113182842731476,0.020953115075826645
5,e,forest_frac_slope_2000_2025,ssrd_wm2_slope_2000_2025,0.0002496704276253,-0.0954720500856637,0.023145046085119247,0.023934300988912582
5,e,forest_frac_slope_2000_2025,ssrd_wm2_slope_2000_2025,0.0006290302004134,-0.0954720500856637,0.023454321548342705,0.02470673806965351
5,e,forest_frac_slope_2000_2025,ssrd_wm2_slope_2000_2025,0.0010083899732014,-0.0954720500856637,0.02408440038561821,0.025640612468123436
5,e,forest_frac_slope_2000_2025,ssrd_wm2_slope_2000_2025,0.0013877497459895,-0.0954720500856637,0.02428278885781765,0.025966856628656387
5,e,forest_frac_slope_2000_2025,ssrd_wm2_slope_2000_2025,0.0017671095187776,-0.0954720500856637,0.024343525990843773,0.026326848194003105
5,e,forest_frac_slope_2000_2025,ssrd_wm2_slope_2000_2025,0.0021464692915656,-0.0954720500856637,0.024779513478279114,0.02694532461464405
5,e,forest_frac_slope_2000_2025,ssrd_wm2_slope_2000_2025,0.0025258290643537,-0.0954720500856637,0.024887502193450928,0.027254968881607056
5,e,forest_frac_slope_2000_2025,ssrd_wm2_slope_2000_2025,0.0029051888371418,-0.0954720500856637,0.025318678468465805,0.02783813513815403
5,e,forest_frac_slope_2000_2025,ssrd_wm2_slope_2000_2025,0.0032845486099298,-0.0954720500856637,0.02554367482662201,0.028144462034106255
5,e,forest_frac_slope_2000_2025,ssrd_wm2_slope_2000_2025,0.0036639083827179,-0.0954720500856637,0.025550324469804764,0.028217436745762825
5,e,forest_frac_slope_2000_2025,ssrd_wm2_slope_2000_2025,0.004043268155506,-0.0954720500856637,0.02573440596461296,0.028471501544117928
5,e,forest_frac_slope_2000_2025,ssrd_wm2_slope_2000_2025,0.004422627928294,-0.0954720500856637,0.026001272723078728,0.028755318373441696
5,e,forest_frac_slope_2000_2025,ssrd_wm2_slope_2000_2025,0.0048019877010821,-0.0954720500856637,0.026027046144008636,0.02891450934112072
5,e,forest_frac_slope_2000_2025,ssrd_wm2_slope_2000_2025,0.0051813474738702,-0.0954720500856637,0.026227546855807304,0.02931576780974865
5,e,forest_frac_slope_2000_2025,ssrd_wm2_slope_2000_2025,0.0055607072466582,-0.0954720500856637,0.026227761059999466,0.029392369091510773
5,e,forest_frac_slope_2000_2025,ssrd_wm2_slope_2000_2025,0.0059400670194463,-0.0954720500856637,0.026192374527454376,0.029506566002964973
5,e,forest_frac_slope_2000_2025,ssrd_wm2_slope_2000_2025,-0.0092343238920763,-0.0940334511920809,0.006547987461090088,-0.0049360753037035465
5,e,forest_frac_slope_2000_2025,ssrd_wm2_slope_2000_2025,-0.0088549641192882,-0.0940334511920809,0.006777179893106222,-0.0045518153347074986
5,e,forest_frac_slope_2000_2025,ssrd_wm2_slope_2000_2025,-0.0084756043465002,-0.0940334511920809,0.007037959061563015,-0.003854075213894248
5,e,forest_frac_slope_2000_2025,ssrd_wm2_slope_2000_2025,-0.0080962445737121,-0.0940334511920809,0.0077559151686728,-0.002719613490626216
5,e,forest_frac_slope_2000_2025,ssrd_wm2_slope_2000_2025,-0.007716884800924,-0.0940334511920809,0.008439081721007824,-0.0015354546485468745
5,e,forest_frac_slope_2000_2025,ssrd_wm2_slope_2000_2025,-0.007337525028136,-0.0940334511920809,0.009096674621105194,-0.0007346963393501937
5,e,forest_frac_slope_2000_2025,ssrd_wm2_slope_2000_2025,-0.0069581652553479,-0.0940334511920809,0.00965267326682806,0.0004381812468636781
5,e,forest_frac_slope_2000_2025,ssrd_wm2_slope_2000_2025,-0.0065788054825598,-0.0940334511920809,0.009829620830714703,0.0008351330179721117
5,e,forest_frac_slope_2000_2025,ssrd_wm2_slope_2000_2025,-0.0061994457097717,-0.0940334511920809,0.009965918958187103,0.0014428492868319154
5,e,forest_frac_slope_2000_2025,ssrd_wm2_slope_2000_2025,-0.0058200859369837,-0.0940334511920809,0.010859617032110691,0.00288544618524611
5,e,forest_frac_slope_2000_2025,ssrd_wm2_slope_2000_2025,-0.0054407261641956,-0.0940334511920809,0.012703638523817062,0.005813196767121553
5,e,forest_frac_slope_2000_2025,ssrd_wm2_slope_2000_2025,-0.0050613663914075,-0.0940334511920809,0.01268932968378067,0.005874969996511936
5,e,forest_frac_slope_2000_2025,ssrd_wm2_slope_2000_2025,-0.0046820066186195,-0.0940334511920809,0.014147684909403324,0.00797696877270937
5,e,forest_frac_slope_2000_2025,ssrd_wm2_slope_2000_2025,-0.0043026468458314,-0.0940334511920809,0.014573132619261742,0.009118613786995411
5,e,forest_frac_slope_2000_2025,ssrd_wm2_slope_2000_2025,-0.0039232870730433,-0.0940334511920809,0.014741000719368458,0.009628402069211006
5,e,forest_frac_slope_2000_2025,ssrd_wm2_slope_2000_2025,-0.0035439273002553,-0.0940334511920809,0.015247185714542866,0.010800614021718502
5,e,forest_frac_slope_2000_2025,ssrd_wm2_slope_2000_2025,-0.0031645675274672,-0.0940334511920809,0.015645068138837814,0.011516233906149864
5,e,forest_frac_slope_2000_2025,ssrd_wm2_slope_2000_2025,-0.0027852077546791,-0.0940334511920809,0.016712475568056107,0.01267338078469038
5,e,forest_frac_slope_2000_2025,ssrd_wm2_slope_2000_2025,-0.0024058479818911,-0.0940334511920809,0.016936376690864563,0.013268105685710907
5,e,forest_frac_slope_2000_2025,ssrd_wm2_slope_2000_2025,-0.002026488209103,-0.0940334511920809,0.01763598434627056,0.014427047222852707
5,e,forest_frac_slope_2000_2025,ssrd_wm2_slope_2000_2025,-0.0016471284363149,-0.0940334511920809,0.018094230443239212,0.015459706075489521
5,e,forest_frac_slope_2000_2025,ssrd_wm2_slope_2000_2025,-0.0012677686635269,-0.0940334511920809,0.019067984074354172,0.01696304976940155
5,e,forest_frac_slope_2000_2025,ssrd_wm2_slope_2000_2025,-0.0008884088907388,-0.0940334511920809,0.01984049193561077,0.01808272674679756
5,e,forest_frac_slope_2000_2025,ssrd_wm2_slope_2000_2025,-0.0005090491179507,-0.0940334511920809,0.020407041534781456,0.019168956205248833
5,e,forest_frac_slope_2000_2025,ssrd_wm2_slope_2000_2025,-0.0001296893451627,-0.0940334511920809,0.021117497235536575,0.020937371999025345
5,e,forest_frac_slope_2000_2025,ssrd_wm2_slope_2000_2025,0.0002496704276253,-0.0940334511920809,0.023125436156988144,0.02391819655895233
5,e,forest_frac_slope_2000_2025,ssrd_wm2_slope_2000_2025,0.0006290302004134,-0.0940334511920809,0.023434709757566452,0.024689914658665657
5,e,forest_frac_slope_2000_2025,ssrd_wm2_slope_2000_2025,0.0010083899732014,-0.0940334511920809,0.024064788594841957,0.025623569265007973
5,e,forest_frac_slope_2000_2025,ssrd_wm2_slope_2000_2025,0.0013877497459895,-0.0940334511920809,0.024263178929686546,0.025949396193027496
5,e,forest_frac_slope_2000_2025,ssrd_wm2_slope_2000_2025,0.0017671095187776,-0.0940334511920809,0.02432391233742237,0.026309121400117874
5,e,forest_frac_slope_2000_2025,ssrd_wm2_slope_2000_2025,0.0021464692915656,-0.0940334511920809,0.02475990168750286,0.026927389204502106
5,e,forest_frac_slope_2000_2025,ssrd_wm2_slope_2000_2025,0.0025258290643537,-0.0940334511920809,0.024867886677384377,0.02723701111972332
5,e,forest_frac_slope_2000_2025,ssrd_wm2_slope_2000_2025,0.0029051888371418,-0.0940334511920809,0.025299066677689552,0.027820181101560593
5,e,forest_frac_slope_2000_2025,ssrd_wm2_slope_2000_2025,0.0032845486099298,-0.0940334511920809,0.025524063035845757,0.028126509860157967
5,e,forest_frac_slope_2000_2025,ssrd_wm2_slope_2000_2025,0.0036639083827179,-0.0940334511920809,0.025530710816383362,0.028199201449751854
5,e,forest_frac_slope_2000_2025,ssrd_wm2_slope_2000_2025,0.004043268155506,-0.0940334511920809,0.02571479231119156,0.028453268110752106
5,e,forest_frac_slope_2000_2025,ssrd_wm2_slope_2000_2025,0.004422627928294,-0.0940334511920809,0.025981659069657326,0.028737081214785576
5,e,forest_frac_slope_2000_2025,ssrd_wm2_slope_2000_2025,0.0048019877010821,-0.0940334511920809,0.026007432490587234,0.02889624983072281
5,e,forest_frac_slope_2000_2025,ssrd_wm2_slope_2000_2025,0.0051813474738702,-0.0940334511920809,0.02620793506503105,0.02929750829935074
5,e,forest_frac_slope_2000_2025,ssrd_wm2_slope_2000_2025,0.0055607072466582,-0.0940334511920809,0.026208145543932915,0.029374180361628532
5,e,forest_frac_slope_2000_2025,ssrd_wm2_slope_2000_2025,0.0059400670194463,-0.0940334511920809,0.026172762736678123,0.02948830835521221
5,e,forest_frac_slope_2000_2025,ssrd_wm2_slope_2000_2025,-0.0092343238920763,-0.0925948522984981,0.006540380883961916,-0.004936520475894213
5,e,forest_frac_slope_2000_2025,ssrd_wm2_slope_2000_2025,-0.0088549641192882,-0.0925948522984981,0.006769574712961912,-0.004552232567220926
5,e,forest_frac_slope_2000_2025,ssrd_wm2_slope_2000_2025,-0.0084756043465002,-0.0925948522984981,0.007030352018773556,-0.0038544924464076757
5,e,forest_frac_slope_2000_2025,ssrd_wm2_slope_2000_2025,-0.0080962445737121,-0.0925948522984981,0.007749450858682394,-0.0027188744861632586
5,e,forest_frac_slope_2000_2025,ssrd_wm2_slope_2000_2025,-0.007716884800924,-0.0925948522984981,0.008435932919383049,-0.0015314939664676785
5,e,forest_frac_slope_2000_2025,ssrd_wm2_slope_2000_2025,-0.007337525028136,-0.0925948522984981,0.00909392163157463,-0.0007304543978534639
5,e,forest_frac_slope_2000_2025,ssrd_wm2_slope_2000_2025,-0.0069581652553479,-0.0925948522984981,0.009649918414652348,0.00044247254845686257
5,e,forest_frac_slope_2000_2025,ssrd_wm2_slope_2000_2025,-0.0065788054825598,-0.0925948522984981,0.00982686784118414,0.0008393603493459523
5,e,forest_frac_slope_2000_2025,ssrd_wm2_slope_2000_2025,-0.0061994457097717,-0.0925948522984981,0.009963165037333965,0.001446890877559781
5,e,forest_frac_slope_2000_2025,ssrd_wm2_slope_2000_2025,-0.0058200859369837,-0.0925948522984981,0.010856863111257553,0.002889483468607068
5,e,forest_frac_slope_2000_2025,ssrd_wm2_slope_2000_2025,-0.0054407261641956,-0.0925948522984981,0.012700678780674934,0.005817027762532234
5,e,forest_frac_slope_2000_2025,ssrd_wm2_slope_2000_2025,-0.0050613663914075,-0.0925948522984981,0.012686369940638542,0.005878728814423084
5,e,forest_frac_slope_2000_2025,ssrd_wm2_slope_2000_2025,-0.0046820066186195,-0.0925948522984981,0.01414472609758377,0.007980715483427048
5,e,forest_frac_slope_2000_2025,ssrd_wm2_slope_2000_2025,-0.0043026468458314,-0.0925948522984981,0.014570172876119614,0.00912200566381216
5,e,forest_frac_slope_2000_2025,ssrd_wm2_slope_2000_2025,-0.0039232870730433,-0.0925948522984981,0.014738041907548904,0.009631842374801636
5,e,forest_frac_slope_2000_2025,ssrd_wm2_slope_2000_2025,-0.0035439273002553,-0.0925948522984981,0.015244226902723312,0.010804149322211742
5,e,forest_frac_slope_2000_2025,ssrd_wm2_slope_2000_2025,-0.0031645675274672,-0.0925948522984981,0.015639562159776688,0.011517340317368507
5,e,forest_frac_slope_2000_2025,ssrd_wm2_slope_2000_2025,-0.0027852077546791,-0.0925948522984981,0.016675759106874466,0.012643132358789444
5,e,forest_frac_slope_2000_2025,ssrd_wm2_slope_2000_2025,-0.0024058479818911,-0.0925948522984981,0.01689966209232807,0.013237766921520233
5,e,forest_frac_slope_2000_2025,ssrd_wm2_slope_2000_2025,-0.002026488209103,-0.0925948522984981,0.017597638070583344,0.014398152008652687
5,e,forest_frac_slope_2000_2025,ssrd_wm2_slope_2000_2025,-0.0016471284363149,-0.0925948522984981,0.018055884167551994,0.015430225990712643
5,e,forest_frac_slope_2000_2025,ssrd_wm2_slope_2000_2025,-0.0012677686635269,-0.0925948522984981,0.019029637798666954,0.016933580860495567
5,e,forest_frac_slope_2000_2025,ssrd_wm2_slope_2000_2025,-0.0008884088907388,-0.0925948522984981,0.019802143797278404,0.018053429201245308
5,e,forest_frac_slope_2000_2025,ssrd_wm2_slope_2000_2025,-0.0005090491179507,-0.0925948522984981,0.020386794582009315,0.019160181283950806
5,e,forest_frac_slope_2000_2025,ssrd_wm2_slope_2000_2025,-0.0001296893451627,-0.0925948522984981,0.021098371595144272,0.020926861092448235
5,e,forest_frac_slope_2000_2025,ssrd_wm2_slope_2000_2025,0.0002496704276253,-0.0925948522984981,0.023104511201381683,0.023866167291998863
5,e,forest_frac_slope_2000_2025,ssrd_wm2_slope_2000_2025,0.0006290302004134,-0.0925948522984981,0.023415207862854004,0.02462937869131565
5,e,forest_frac_slope_2000_2025,ssrd_wm2_slope_2000_2025,0.0010083899732014,-0.0925948522984981,0.024048708379268646,0.02556905336678028
5,e,forest_frac_slope_2000_2025,ssrd_wm2_slope_2000_2025,0.0013877497459895,-0.0925948522984981,0.024247096851468086,0.02589268609881401
5,e,forest_frac_slope_2000_2025,ssrd_wm2_slope_2000_2025,0.0017671095187776,-0.0925948522984981,0.02430783212184906,0.02625259757041931
5,e,forest_frac_slope_2000_2025,ssrd_wm2_slope_2000_2025,0.0021464692915656,-0.0925948522984981,0.024742688983678818,0.026868877932429314
5,e,forest_frac_slope_2000_2025,ssrd_wm2_slope_2000_2025,0.0025258290643537,-0.0925948522984981,0.02485067769885063,0.02717917412519455
5,e,forest_frac_slope_2000_2025,ssrd_wm2_slope_2000_2025,0.0029051888371418,-0.0925948522984981,0.02528185211122036,0.027762126177549362
5,e,forest_frac_slope_2000_2025,ssrd_wm2_slope_2000_2025,0.0032845486099298,-0.0925948522984981,0.025506848469376564,0.028068602085113525
5,e,forest_frac_slope_2000_2025,ssrd_wm2_slope_2000_2025,0.0036639083827179,-0.0925948522984981,0.025513499975204468,0.028140828013420105
5,e,forest_frac_slope_2000_2025,ssrd_wm2_slope_2000_2025,0.004043268155506,-0.0925948522984981,0.025697579607367516,0.0283946730196476
5,e,forest_frac_slope_2000_2025,ssrd_wm2_slope_2000_2025,0.004422627928294,-0.0925948522984981,0.02596444822847843,0.028677720576524734
5,e,forest_frac_slope_2000_2025,ssrd_wm2_slope_2000_2025,0.0048019877010821,-0.0925948522984981,0.02599021978676319,0.02883690781891346
5,e,forest_frac_slope_2000_2025,ssrd_wm2_slope_2000_2025,0.0051813474738702,-0.0925948522984981,0.02619072236120701,0.029237166047096252
5,e,forest_frac_slope_2000_2025,ssrd_wm2_slope_2000_2025,0.0055607072466582,-0.0925948522984981,0.02619093656539917,0.02931404486298561
5,e,forest_frac_slope_2000_2025,ssrd_wm2_slope_2000_2025,0.0059400670194463,-0.0925948522984981,0.02615436539053917,0.029427479952573776
5,e,forest_frac_slope_2000_2025,ssrd_wm2_slope_2000_2025,-0.0092343238920763,-0.0911562534049153,0.006582596339285374,-0.0048975711688399315
5,e,forest_frac_slope_2000_2025,ssrd_wm2_slope_2000_2025,-0.0088549641192882,-0.0911562534049153,0.0068117897026240826,-0.004512641578912735
5,e,forest_frac_slope_2000_2025,ssrd_wm2_slope_2000_2025,-0.0084756043465002,-0.0911562534049153,0.007072567008435726,-0.0038143633864820004
5,e,forest_frac_slope_2000_2025,ssrd_wm2_slope_2000_2025,-0.0080962445737121,-0.0911562534049153,0.007752518635243177,-0.0027163305785506964
5,e,forest_frac_slope_2000_2025,ssrd_wm2_slope_2000_2025,-0.007716884800924,-0.0911562534049153,0.008438999764621258,-0.0015284226974472404
5,e,forest_frac_slope_2000_2025,ssrd_wm2_slope_2000_2025,-0.007337525028136,-0.0911562534049153,0.00909698847681284,-0.0007260540733113885
5,e,forest_frac_slope_2000_2025,ssrd_wm2_slope_2000_2025,-0.0069581652553479,-0.0911562534049153,0.009654220193624496,0.0004480861534830183
5,e,forest_frac_slope_2000_2025,ssrd_wm2_slope_2000_2025,-0.0065788054825598,-0.0911562534049153,0.009831167757511139,0.0008453325717709959
5,e,forest_frac_slope_2000_2025,ssrd_wm2_slope_2000_2025,-0.0061994457097717,-0.0911562534049153,0.009967464953660965,0.001453540986403823
5,e,forest_frac_slope_2000_2025,ssrd_wm2_slope_2000_2025,-0.0058200859369837,-0.0911562534049153,0.010840901173651218,0.002880767220631242
5,e,forest_frac_slope_2000_2025,ssrd_wm2_slope_2000_2025,-0.0054407261641956,-0.0911562534049153,0.0126847168430686,0.005808314308524132
5,e,forest_frac_slope_2000_2025,ssrd_wm2_slope_2000_2025,-0.0050613663914075,-0.0911562534049153,0.012670408934354782,0.005869960878044367
5,e,forest_frac_slope_2000_2025,ssrd_wm2_slope_2000_2025,-0.0046820066186195,-0.0911562534049153,0.014128201641142368,0.007971225306391716
5,e,forest_frac_slope_2000_2025,ssrd_wm2_slope_2000_2025,-0.0043026468458314,-0.0911562534049153,0.014555215835571289,0.009113744832575321
5,e,forest_frac_slope_2000_2025,ssrd_wm2_slope_2000_2025,-0.0039232870730433,-0.0911562534049153,0.01472308486700058,0.009623517282307148
5,e,forest_frac_slope_2000_2025,ssrd_wm2_slope_2000_2025,-0.0035439273002553,-0.0911562534049153,0.015226258896291256,0.010792743414640427
5,e,forest_frac_slope_2000_2025,ssrd_wm2_slope_2000_2025,-0.0031645675274672,-0.0911562534049153,0.015623558312654495,0.011507549323141575
5,e,forest_frac_slope_2000_2025,ssrd_wm2_slope_2000_2025,-0.0027852077546791,-0.0911562534049153,0.016655460000038147,0.012632695026695728
5,e,forest_frac_slope_2000_2025,ssrd_wm2_slope_2000_2025,-0.0024058479818911,-0.0911562534049153,0.016879362985491753,0.013227042742073536
5,e,forest_frac_slope_2000_2025,ssrd_wm2_slope_2000_2025,-0.002026488209103,-0.0911562534049153,0.017579693347215652,0.014389845542609692
5,e,forest_frac_slope_2000_2025,ssrd_wm2_slope_2000_2025,-0.0016471284363149,-0.0911562534049153,0.018041281029582024,0.01542501151561737
5,e,forest_frac_slope_2000_2025,ssrd_wm2_slope_2000_2025,-0.0012677686635269,-0.0911562534049153,0.019015036523342133,0.01692804880440235
5,e,forest_frac_slope_2000_2025,ssrd_wm2_slope_2000_2025,-0.0008884088907388,-0.0911562534049153,0.019787542521953583,0.01804550364613533
5,e,forest_frac_slope_2000_2025,ssrd_wm2_slope_2000_2025,-0.0005090491179507,-0.0911562534049153,0.020372193306684494,0.019150298088788986
5,e,forest_frac_slope_2000_2025,ssrd_wm2_slope_2000_2025,-0.0001296893451627,-0.0911562534049153,0.02107791043817997,0.020907917991280556
5,e,forest_frac_slope_2000_2025,ssrd_wm2_slope_2000_2025,0.0002496704276253,-0.0911562534049153,0.023096580058336258,0.023858780041337013
5,e,forest_frac_slope_2000_2025,ssrd_wm2_slope_2000_2025,0.0006290302004134,-0.0911562534049153,0.023407278582453728,0.024621527642011642
5,e,forest_frac_slope_2000_2025,ssrd_wm2_slope_2000_2025,0.0010083899732014,-0.0911562534049153,0.02404077537357807,0.025560589507222176
5,e,forest_frac_slope_2000_2025,ssrd_wm2_slope_2000_2025,0.0013877497459895,-0.0911562534049153,0.02423916570842266,0.025883885100483894
5,e,forest_frac_slope_2000_2025,ssrd_wm2_slope_2000_2025,0.0017671095187776,-0.0911562534049153,0.024301882833242416,0.0262453556060791
5,e,forest_frac_slope_2000_2025,ssrd_wm2_slope_2000_2025,0.0021464692915656,-0.0911562534049153,0.024736739695072174,0.026861432939767838
5,e,forest_frac_slope_2000_2025,ssrd_wm2_slope_2000_2025,0.0025258290643537,-0.0911562534049153,0.024844728410243988,0.027171598747372627
5,e,forest_frac_slope_2000_2025,ssrd_wm2_slope_2000_2025,0.0029051888371418,-0.0911562534049153,0.025273548439145088,0.027752133086323738
5,e,forest_frac_slope_2000_2025,ssrd_wm2_slope_2000_2025,0.0032845486099298,-0.0911562534049153,0.025504790246486664,0.028064556419849396
5,e,forest_frac_slope_2000_2025,ssrd_wm2_slope_2000_2025,0.0036639083827179,-0.0911562534049153,0.02551143988966942,0.02813676744699478
5,e,forest_frac_slope_2000_2025,ssrd_wm2_slope_2000_2025,0.004043268155506,-0.0911562534049153,0.025695521384477615,0.028390591964125633
5,e,forest_frac_slope_2000_2025,ssrd_wm2_slope_2000_2025,0.004422627928294,-0.0911562534049153,0.025962388142943382,0.02867356687784195
5,e,forest_frac_slope_2000_2025,ssrd_wm2_slope_2000_2025,0.0048019877010821,-0.0911562534049153,0.02598816156387329,0.02883271872997284
5,e,forest_frac_slope_2000_2025,ssrd_wm2_slope_2000_2025,0.0051813474738702,-0.0911562534049153,0.02618866227567196,0.029232870787382126
5,e,forest_frac_slope_2000_2025,ssrd_wm2_slope_2000_2025,0.0055607072466582,-0.0911562534049153,0.02618887461721897,0.029309596866369247
5,e,forest_frac_slope_2000_2025,ssrd_wm2_slope_2000_2025,0.0059400670194463,-0.0911562534049153,0.02615230344235897,0.029422922059893608
5,e,forest_frac_slope_2000_2025,ssrd_wm2_slope_2000_2025,-0.0092343238920763,-0.0897176545113325,0.006582596339285374,-0.0048975711688399315
5,e,forest_frac_slope_2000_2025,ssrd_wm2_slope_2000_2025,-0.0088549641192882,-0.0897176545113325,0.0068117897026240826,-0.004512641578912735
5,e,forest_frac_slope_2000_2025,ssrd_wm2_slope_2000_2025,-0.0084756043465002,-0.0897176545113325,0.007072567008435726,-0.0038143633864820004
5,e,forest_frac_slope_2000_2025,ssrd_wm2_slope_2000_2025,-0.0080962445737121,-0.0897176545113325,0.007752518635243177,-0.0027163305785506964
5,e,forest_frac_slope_2000_2025,ssrd_wm2_slope_2000_2025,-0.007716884800924,-0.0897176545113325,0.008438999764621258,-0.0015284226974472404
5,e,forest_frac_slope_2000_2025,ssrd_wm2_slope_2000_2025,-0.007337525028136,-0.0897176545113325,0.00909698847681284,-0.0007260540733113885
5,e,forest_frac_slope_2000_2025,ssrd_wm2_slope_2000_2025,-0.0069581652553479,-0.0897176545113325,0.009654220193624496,0.0004480861534830183
5,e,forest_frac_slope_2000_2025,ssrd_wm2_slope_2000_2025,-0.0065788054825598,-0.0897176545113325,0.009831167757511139,0.0008453325717709959
5,e,forest_frac_slope_2000_2025,ssrd_wm2_slope_2000_2025,-0.0061994457097717,-0.0897176545113325,0.009967464953660965,0.001453540986403823
5,e,forest_frac_slope_2000_2025,ssrd_wm2_slope_2000_2025,-0.0058200859369837,-0.0897176545113325,0.010840901173651218,0.002880767220631242
5,e,forest_frac_slope_2000_2025,ssrd_wm2_slope_2000_2025,-0.0054407261641956,-0.0897176545113325,0.0126847168430686,0.005808314308524132
5,e,forest_frac_slope_2000_2025,ssrd_wm2_slope_2000_2025,-0.0050613663914075,-0.0897176545113325,0.012670408934354782,0.005869960878044367
5,e,forest_frac_slope_2000_2025,ssrd_wm2_slope_2000_2025,-0.0046820066186195,-0.0897176545113325,0.014128201641142368,0.007971225306391716
5,e,forest_frac_slope_2000_2025,ssrd_wm2_slope_2000_2025,-0.0043026468458314,-0.0897176545113325,0.014555215835571289,0.009113744832575321
5,e,forest_frac_slope_2000_2025,ssrd_wm2_slope_2000_2025,-0.0039232870730433,-0.0897176545113325,0.01472308486700058,0.009623517282307148
5,e,forest_frac_slope_2000_2025,ssrd_wm2_slope_2000_2025,-0.0035439273002553,-0.0897176545113325,0.015226258896291256,0.010792743414640427
5,e,forest_frac_slope_2000_2025,ssrd_wm2_slope_2000_2025,-0.0031645675274672,-0.0897176545113325,0.015623558312654495,0.011507549323141575
5,e,forest_frac_slope_2000_2025,ssrd_wm2_slope_2000_2025,-0.0027852077546791,-0.0897176545113325,0.016655460000038147,0.012632695026695728
5,e,forest_frac_slope_2000_2025,ssrd_wm2_slope_2000_2025,-0.0024058479818911,-0.0897176545113325,0.016879362985491753,0.013227042742073536
5,e,forest_frac_slope_2000_2025,ssrd_wm2_slope_2000_2025,-0.002026488209103,-0.0897176545113325,0.017579693347215652,0.014389845542609692
5,e,forest_frac_slope_2000_2025,ssrd_wm2_slope_2000_2025,-0.0016471284363149,-0.0897176545113325,0.018041281029582024,0.01542501151561737
5,e,forest_frac_slope_2000_2025,ssrd_wm2_slope_2000_2025,-0.0012677686635269,-0.0897176545113325,0.019015036523342133,0.01692804880440235
5,e,forest_frac_slope_2000_2025,ssrd_wm2_slope_2000_2025,-0.0008884088907388,-0.0897176545113325,0.019787542521953583,0.01804550364613533
5,e,forest_frac_slope_2000_2025,ssrd_wm2_slope_2000_2025,-0.0005090491179507,-0.0897176545113325,0.020372193306684494,0.019150298088788986
5,e,forest_frac_slope_2000_2025,ssrd_wm2_slope_2000_2025,-0.0001296893451627,-0.0897176545113325,0.02107791043817997,0.020907917991280556
5,e,forest_frac_slope_2000_2025,ssrd_wm2_slope_2000_2025,0.0002496704276253,-0.0897176545113325,0.023096580058336258,0.023858780041337013
5,e,forest_frac_slope_2000_2025,ssrd_wm2_slope_2000_2025,0.0006290302004134,-0.0897176545113325,0.023407278582453728,0.024621527642011642
5,e,forest_frac_slope_2000_2025,ssrd_wm2_slope_2000_2025,0.0010083899732014,-0.0897176545113325,0.02404077537357807,0.025560589507222176
5,e,forest_frac_slope_2000_2025,ssrd_wm2_slope_2000_2025,0.0013877497459895,-0.0897176545113325,0.02423916570842266,0.025883885100483894
5,e,forest_frac_slope_2000_2025,ssrd_wm2_slope_2000_2025,0.0017671095187776,-0.0897176545113325,0.024301882833242416,0.0262453556060791
5,e,forest_frac_slope_2000_2025,ssrd_wm2_slope_2000_2025,0.0021464692915656,-0.0897176545113325,0.024736739695072174,0.026861432939767838
5,e,forest_frac_slope_2000_2025,ssrd_wm2_slope_2000_2025,0.0025258290643537,-0.0897176545113325,0.024844728410243988,0.027171598747372627
5,e,forest_frac_slope_2000_2025,ssrd_wm2_slope_2000_2025,0.0029051888371418,-0.0897176545113325,0.025273548439145088,0.027752133086323738
5,e,forest_frac_slope_2000_2025,ssrd_wm2_slope_2000_2025,0.0032845486099298,-0.0897176545113325,0.025504790246486664,0.028064556419849396
5,e,forest_frac_slope_2000_2025,ssrd_wm2_slope_2000_2025,0.0036639083827179,-0.0897176545113325,0.02551143988966942,0.02813676744699478
5,e,forest_frac_slope_2000_2025,ssrd_wm2_slope_2000_2025,0.004043268155506,-0.0897176545113325,0.025695521384477615,0.028390591964125633
5,e,forest_frac_slope_2000_2025,ssrd_wm2_slope_2000_2025,0.004422627928294,-0.0897176545113325,0.025962388142943382,0.02867356687784195
5,e,forest_frac_slope_2000_2025,ssrd_wm2_slope_2000_2025,0.0048019877010821,-0.0897176545113325,0.02598816156387329,0.02883271872997284
5,e,forest_frac_slope_2000_2025,ssrd_wm2_slope_2000_2025,0.0051813474738702,-0.0897176545113325,0.02618866227567196,0.029232870787382126
5,e,forest_frac_slope_2000_2025,ssrd_wm2_slope_2000_2025,0.0055607072466582,-0.0897176545113325,0.02618887461721897,0.029309596866369247
5,e,forest_frac_slope_2000_2025,ssrd_wm2_slope_2000_2025,0.0059400670194463,-0.0897176545113325,0.02615230344235897,0.029422922059893608
5,e,forest_frac_slope_2000_2025,ssrd_wm2_slope_2000_2025,-0.0092343238920763,-0.0882790556177496,0.006638709921389818,-0.00491558900102973
5,e,forest_frac_slope_2000_2025,ssrd_wm2_slope_2000_2025,-0.0088549641192882,-0.0882790556177496,0.006868141703307629,-0.004530188161879778
5,e,forest_frac_slope_2000_2025,ssrd_wm2_slope_2000_2025,-0.0084756043465002,-0.0882790556177496,0.007128919009119272,-0.0038313493132591248
5,e,forest_frac_slope_2000_2025,ssrd_wm2_slope_2000_2025,-0.0080962445737121,-0.0882790556177496,0.0078088706359267235,-0.002732805907726288
5,e,forest_frac_slope_2000_2025,ssrd_wm2_slope_2000_2025,-0.007716884800924,-0.0882790556177496,0.008508262224495411,-0.0015316966455429792
5,e,forest_frac_slope_2000_2025,ssrd_wm2_slope_2000_2025,-0.007337525028136,-0.0882790556177496,0.009166250005364418,-0.0007288189372047782
5,e,forest_frac_slope_2000_2025,ssrd_wm2_slope_2000_2025,-0.0069581652553479,-0.0882790556177496,0.00968686118721962,0.0004427161766216159
5,e,forest_frac_slope_2000_2025,ssrd_wm2_slope_2000_2025,-0.0065788054825598,-0.0882790556177496,0.009863809682428837,0.0008410096052102745
5,e,forest_frac_slope_2000_2025,ssrd_wm2_slope_2000_2025,-0.0061994457097717,-0.0882790556177496,0.010000106878578663,0.00144999660551548
5,e,forest_frac_slope_2000_2025,ssrd_wm2_slope_2000_2025,-0.0058200859369837,-0.0882790556177496,0.010872512124478817,0.002876680577173829
5,e,forest_frac_slope_2000_2025,ssrd_wm2_slope_2000_2025,-0.0054407261641956,-0.0882790556177496,0.012715546414256096,0.005803761538118124
5,e,forest_frac_slope_2000_2025,ssrd_wm2_slope_2000_2025,-0.0050613663914075,-0.0882790556177496,0.012701237574219704,0.005864775273948908
5,e,forest_frac_slope_2000_2025,ssrd_wm2_slope_2000_2025,-0.0046820066186195,-0.0882790556177496,0.01415617298334837,0.007963014766573906
5,e,forest_frac_slope_2000_2025,ssrd_wm2_slope_2000_2025,-0.0043026468458314,-0.0882790556177496,0.014585542492568493,0.009107472375035286
5,e,forest_frac_slope_2000_2025,ssrd_wm2_slope_2000_2025,-0.0039232870730433,-0.0882790556177496,0.014753411523997784,0.009615283459424973
5,e,forest_frac_slope_2000_2025,ssrd_wm2_slope_2000_2025,-0.0035439273002553,-0.0882790556177496,0.015256586484611034,0.010784560814499855
5,e,forest_frac_slope_2000_2025,ssrd_wm2_slope_2000_2025,-0.0031645675274672,-0.0882790556177496,0.01565772294998169,0.01150323823094368
5,e,forest_frac_slope_2000_2025,ssrd_wm2_slope_2000_2025,-0.0027852077546791,-0.0882790556177496,0.016681747511029243,0.012621143832802773
5,e,forest_frac_slope_2000_2025,ssrd_wm2_slope_2000_2025,-0.0024058479818911,-0.0882790556177496,0.016905713826417923,0.013217007741332054
5,e,forest_frac_slope_2000_2025,ssrd_wm2_slope_2000_2025,-0.002026488209103,-0.0882790556177496,0.01760604791343212,0.01438007690012455
5,e,forest_frac_slope_2000_2025,ssrd_wm2_slope_2000_2025,-0.0016471284363149,-0.0882790556177496,0.018067635595798492,0.015415191650390625
5,e,forest_frac_slope_2000_2025,ssrd_wm2_slope_2000_2025,-0.0012677686635269,-0.0882790556177496,0.019041389226913452,0.016919700428843498
5,e,forest_frac_slope_2000_2025,ssrd_wm2_slope_2000_2025,-0.0008884088907388,-0.0882790556177496,0.019811885431408882,0.018037719652056694
5,e,forest_frac_slope_2000_2025,ssrd_wm2_slope_2000_2025,-0.0005090491179507,-0.0882790556177496,0.020396534353494644,0.01916825957596302
5,e,forest_frac_slope_2000_2025,ssrd_wm2_slope_2000_2025,-0.0001296893451627,-0.0882790556177496,0.021103661507368088,0.020928125828504562
5,e,forest_frac_slope_2000_2025,ssrd_wm2_slope_2000_2025,0.0002496704276253,-0.0882790556177496,0.023120516911149025,0.023878727108240128
5,e,forest_frac_slope_2000_2025,ssrd_wm2_slope_2000_2025,0.0006290302004134,-0.0882790556177496,0.02343413606286049,0.024644918739795685
5,e,forest_frac_slope_2000_2025,ssrd_wm2_slope_2000_2025,0.0010083899732014,-0.0882790556177496,0.024067634716629982,0.02558436430990696
5,e,forest_frac_slope_2000_2025,ssrd_wm2_slope_2000_2025,0.0013877497459895,-0.0882790556177496,0.024266023188829422,0.025909224525094032
5,e,forest_frac_slope_2000_2025,ssrd_wm2_slope_2000_2025,0.0017671095187776,-0.0882790556177496,0.024328742176294327,0.026270685717463493
5,e,forest_frac_slope_2000_2025,ssrd_wm2_slope_2000_2025,0.0021464692915656,-0.0882790556177496,0.024763600900769234,0.026886610314249992
5,e,forest_frac_slope_2000_2025,ssrd_wm2_slope_2000_2025,0.0025258290643537,-0.0882790556177496,0.0248715877532959,0.027196379378437996
5,e,forest_frac_slope_2000_2025,ssrd_wm2_slope_2000_2025,0.0029051888371418,-0.0882790556177496,0.025300407782197,0.027776597067713737
5,e,forest_frac_slope_2000_2025,ssrd_wm2_slope_2000_2025,0.0032845486099298,-0.0882790556177496,0.025531649589538574,0.02808856964111328
5,e,forest_frac_slope_2000_2025,ssrd_wm2_slope_2000_2025,0.0036639083827179,-0.0882790556177496,0.02553829737007618,0.028160810470581055
5,e,forest_frac_slope_2000_2025,ssrd_wm2_slope_2000_2025,0.004043268155506,-0.0882790556177496,0.025722378864884377,0.02841484732925892
5,e,forest_frac_slope_2000_2025,ssrd_wm2_slope_2000_2025,0.004422627928294,-0.0882790556177496,0.025989137589931488,0.028697343543171883
5,e,forest_frac_slope_2000_2025,ssrd_wm2_slope_2000_2025,0.0048019877010821,-0.0882790556177496,0.026014909148216248,0.028856506571173668
5,e,forest_frac_slope_2000_2025,ssrd_wm2_slope_2000_2025,0.0051813474738702,-0.0882790556177496,0.026215413585305214,0.029256563633680344
5,e,forest_frac_slope_2000_2025,ssrd_wm2_slope_2000_2025,0.0055607072466582,-0.0882790556177496,0.026215625926852226,0.029333187267184258
5,e,forest_frac_slope_2000_2025,ssrd_wm2_slope_2000_2025,0.0059400670194463,-0.0882790556177496,0.026179056614637375,0.02944662794470787
5,e,forest_frac_slope_2000_2025,ssrd_wm2_slope_2000_2025,-0.0092343238920763,-0.0868404567241668,0.0066753714345395565,-0.004905177745968103
5,e,forest_frac_slope_2000_2025,ssrd_wm2_slope_2000_2025,-0.0088549641192882,-0.0868404567241668,0.006908359471708536,-0.004519553389400244
5,e,forest_frac_slope_2000_2025,ssrd_wm2_slope_2000_2025,-0.0084756043465002,-0.0868404567241668,0.00718122161924839,-0.0038084068801254034
5,e,forest_frac_slope_2000_2025,ssrd_wm2_slope_2000_2025,-0.0080962445737121,-0.0868404567241668,0.007861172780394554,-0.0027099705766886473
5,e,forest_frac_slope_2000_2025,ssrd_wm2_slope_2000_2025,-0.007716884800924,-0.0868404567241668,0.008560563437640667,-0.001508032437413931
5,e,forest_frac_slope_2000_2025,ssrd_wm2_slope_2000_2025,-0.007337525028136,-0.0868404567241668,0.009218552149832249,-0.0007055308669805527
5,e,forest_frac_slope_2000_2025,ssrd_wm2_slope_2000_2025,-0.0069581652553479,-0.0868404567241668,0.009788221679627895,0.0005127171752974391
5,e,forest_frac_slope_2000_2025,ssrd_wm2_slope_2000_2025,-0.0065788054825598,-0.0868404567241668,0.009965170174837112,0.0009116593864746392
5,e,forest_frac_slope_2000_2025,ssrd_wm2_slope_2000_2025,-0.0061994457097717,-0.0868404567241668,0.010101467370986938,0.0015193265862762928
5,e,forest_frac_slope_2000_2025,ssrd_wm2_slope_2000_2025,-0.0058200859369837,-0.0868404567241668,0.010973871685564518,0.0029462489765137434
5,e,forest_frac_slope_2000_2025,ssrd_wm2_slope_2000_2025,-0.0054407261641956,-0.0868404567241668,0.01284045074135065,0.005897261667996645
5,e,forest_frac_slope_2000_2025,ssrd_wm2_slope_2000_2025,-0.0050613663914075,-0.0868404567241668,0.012826141901314259,0.005958645138889551
5,e,forest_frac_slope_2000_2025,ssrd_wm2_slope_2000_2025,-0.0046820066186195,-0.0868404567241668,0.014281079173088074,0.008057359606027603
5,e,forest_frac_slope_2000_2025,ssrd_wm2_slope_2000_2025,-0.0043026468458314,-0.0868404567241668,0.014719911850988865,0.00921159703284502
5,e,forest_frac_slope_2000_2025,ssrd_wm2_slope_2000_2025,-0.0039232870730433,-0.0868404567241668,0.014887780882418156,0.009719686582684517
5,e,forest_frac_slope_2000_2025,ssrd_wm2_slope_2000_2025,-0.0035439273002553,-0.0868404567241668,0.015404030680656433,0.010903009213507175
5,e,forest_frac_slope_2000_2025,ssrd_wm2_slope_2000_2025,-0.0031645675274672,-0.0868404567241668,0.01582387648522854,0.011639022268354893
5,e,forest_frac_slope_2000_2025,ssrd_wm2_slope_2000_2025,-0.0027852077546791,-0.0868404567241668,0.016832105815410614,0.012740240432322025
5,e,forest_frac_slope_2000_2025,ssrd_wm2_slope_2000_2025,-0.0024058479818911,-0.0868404567241668,0.01705712266266346,0.013335596770048141
5,e,forest_frac_slope_2000_2025,ssrd_wm2_slope_2000_2025,-0.002026488209103,-0.0868404567241668,0.017720378935337067,0.014462952502071857
5,e,forest_frac_slope_2000_2025,ssrd_wm2_slope_2000_2025,-0.0016471284363149,-0.0868404567241668,0.018177760764956474,0.015495426021516323
5,e,forest_frac_slope_2000_2025,ssrd_wm2_slope_2000_2025,-0.0012677686635269,-0.0868404567241668,0.01912776194512844,0.016976362094283104
5,e,forest_frac_slope_2000_2025,ssrd_wm2_slope_2000_2025,-0.0008884088907388,-0.0868404567241668,0.019874384626746178,0.018082352355122566
5,e,forest_frac_slope_2000_2025,ssrd_wm2_slope_2000_2025,-0.0005090491179507,-0.0868404567241668,0.020425599068403244,0.01919029839336872
5,e,forest_frac_slope_2000_2025,ssrd_wm2_slope_2000_2025,-0.0001296893451627,-0.0868404567241668,0.02112213522195816,0.02094269171357155
5,e,forest_frac_slope_2000_2025,ssrd_wm2_slope_2000_2025,0.0002496704276253,-0.0868404567241668,0.023112129420042038,0.023868966847658157
5,e,forest_frac_slope_2000_2025,ssrd_wm2_slope_2000_2025,0.0006290302004134,-0.0868404567241668,0.023425746709108353,0.02463514916598797
5,e,forest_frac_slope_2000_2025,ssrd_wm2_slope_2000_2025,0.0010083899732014,-0.0868404567241668,0.024059247225522995,0.02557455003261566
5,e,forest_frac_slope_2000_2025,ssrd_wm2_slope_2000_2025,0.0013877497459895,-0.0868404567241668,0.024257633835077286,0.0258994922041893
5,e,forest_frac_slope_2000_2025,ssrd_wm2_slope_2000_2025,0.0017671095187776,-0.0868404567241668,0.02432035095989704,0.02626097947359085
5,e,forest_frac_slope_2000_2025,ssrd_wm2_slope_2000_2025,0.0021464692915656,-0.0868404567241668,0.024755211547017097,0.02687690779566765
5,e,forest_frac_slope_2000_2025,ssrd_wm2_slope_2000_2025,0.0025258290643537,-0.0868404567241668,0.024863198399543762,0.027186637744307518
5,e,forest_frac_slope_2000_2025,ssrd_wm2_slope_2000_2025,0.0029051888371418,-0.0868404567241668,0.025292018428444862,0.027766726911067963
5,e,forest_frac_slope_2000_2025,ssrd_wm2_slope_2000_2025,0.0032845486099298,-0.0868404567241668,0.025522638112306595,0.02807793579995632
5,e,forest_frac_slope_2000_2025,ssrd_wm2_slope_2000_2025,0.0036639083827179,-0.0868404567241668,0.0255292858928442,0.028150176629424095
5,e,forest_frac_slope_2000_2025,ssrd_wm2_slope_2000_2025,0.004043268155506,-0.0868404567241668,0.025713367387652397,0.02840421348810196
5,e,forest_frac_slope_2000_2025,ssrd_wm2_slope_2000_2025,0.004422627928294,-0.0868404567241668,0.02598012611269951,0.028686456382274628
5,e,forest_frac_slope_2000_2025,ssrd_wm2_slope_2000_2025,0.0048019877010821,-0.0868404567241668,0.026005899533629417,0.028845584020018578
5,e,forest_frac_slope_2000_2025,ssrd_wm2_slope_2000_2025,0.0051813474738702,-0.0868404567241668,0.026206402108073235,0.029245777055621147
5,e,forest_frac_slope_2000_2025,ssrd_wm2_slope_2000_2025,0.0055607072466582,-0.0868404567241668,0.026206612586975098,0.029322337359189987
5,e,forest_frac_slope_2000_2025,ssrd_wm2_slope_2000_2025,0.0059400670194463,-0.0868404567241668,0.026170043274760246,0.029435710981488228
5,e,forest_frac_slope_2000_2025,ssrd_wm2_slope_2000_2025,-0.0092343238920763,-0.085401857830584,0.006766589358448982,-0.0048378887586295605
5,e,forest_frac_slope_2000_2025,ssrd_wm2_slope_2000_2025,-0.0088549641192882,-0.085401857830584,0.006999576929956675,-0.004451283253729343
5,e,forest_frac_slope_2000_2025,ssrd_wm2_slope_2000_2025,-0.0084756043465002,-0.085401857830584,0.007272439077496529,-0.0037375132087618113
5,e,forest_frac_slope_2000_2025,ssrd_wm2_slope_2000_2025,-0.0080962445737121,-0.085401857830584,0.007952390238642693,-0.0026370917912572622
5,e,forest_frac_slope_2000_2025,ssrd_wm2_slope_2000_2025,-0.007716884800924,-0.085401857830584,0.008651780895888805,-0.001431938842870295
5,e,forest_frac_slope_2000_2025,ssrd_wm2_slope_2000_2025,-0.007337525028136,-0.085401857830584,0.009309769608080387,-0.0006171548156999052
5,e,forest_frac_slope_2000_2025,ssrd_wm2_slope_2000_2025,-0.0069581652553479,-0.085401857830584,0.009879440069198608,0.0006039625150151551
5,e,forest_frac_slope_2000_2025,ssrd_wm2_slope_2000_2025,-0.0065788054825598,-0.085401857830584,0.01005638763308525,0.0010085987159982324
5,e,forest_frac_slope_2000_2025,ssrd_wm2_slope_2000_2025,-0.0061994457097717,-0.085401857830584,0.010192684829235077,0.0016185888089239597
5,e,forest_frac_slope_2000_2025,ssrd_wm2_slope_2000_2025,-0.0058200859369837,-0.085401857830584,0.011065089143812656,0.0030465044546872377
5,e,forest_frac_slope_2000_2025,ssrd_wm2_slope_2000_2025,-0.0054407261641956,-0.085401857830584,0.012984105385839939,0.006051003001630306
5,e,forest_frac_slope_2000_2025,ssrd_wm2_slope_2000_2025,-0.0050613663914075,-0.085401857830584,0.012969796545803547,0.006113007664680481
5,e,forest_frac_slope_2000_2025,ssrd_wm2_slope_2000_2025,-0.0046820066186195,-0.085401857830584,0.014409586787223816,0.008196995593607426
5,e,forest_frac_slope_2000_2025,ssrd_wm2_slope_2000_2025,-0.0043026468458314,-0.085401857830584,0.014848421327769756,0.009346612729132175
5,e,forest_frac_slope_2000_2025,ssrd_wm2_slope_2000_2025,-0.0039232870730433,-0.085401857830584,0.015016288496553898,0.009853596799075603
5,e,forest_frac_slope_2000_2025,ssrd_wm2_slope_2000_2025,-0.0035439273002553,-0.085401857830584,0.015532538294792175,0.011036692187190056
5,e,forest_frac_slope_2000_2025,ssrd_wm2_slope_2000_2025,-0.0031645675274672,-0.085401857830584,0.01595098152756691,0.011770707555115223
5,e,forest_frac_slope_2000_2025,ssrd_wm2_slope_2000_2025,-0.0027852077546791,-0.085401857830584,0.016959208995103836,0.012871609069406986
5,e,forest_frac_slope_2000_2025,ssrd_wm2_slope_2000_2025,-0.0024058479818911,-0.085401857830584,0.017184225842356682,0.013465051539242268
5,e,forest_frac_slope_2000_2025,ssrd_wm2_slope_2000_2025,-0.002026488209103,-0.085401857830584,0.01778784766793251,0.014522179029881954
5,e,forest_frac_slope_2000_2025,ssrd_wm2_slope_2000_2025,-0.0016471284363149,-0.085401857830584,0.0182037353515625,0.01550954207777977
5,e,forest_frac_slope_2000_2025,ssrd_wm2_slope_2000_2025,-0.0012677686635269,-0.085401857830584,0.01915914937853813,0.016993727535009384
5,e,forest_frac_slope_2000_2025,ssrd_wm2_slope_2000_2025,-0.0008884088907388,-0.085401857830584,0.019900333136320114,0.018093042075634003
5,e,forest_frac_slope_2000_2025,ssrd_wm2_slope_2000_2025,-0.0005090491179507,-0.085401857830584,0.02044985070824623,0.019196484237909317
5,e,forest_frac_slope_2000_2025,ssrd_wm2_slope_2000_2025,-0.0001296893451627,-0.085401857830584,0.021146386861801147,0.02094736509025097
5,e,forest_frac_slope_2000_2025,ssrd_wm2_slope_2000_2025,0.0002496704276253,-0.085401857830584,0.023129602894186974,0.023861857131123543
5,e,forest_frac_slope_2000_2025,ssrd_wm2_slope_2000_2025,0.0006290302004134,-0.085401857830584,0.02344343066215515,0.024627303704619408
5,e,forest_frac_slope_2000_2025,ssrd_wm2_slope_2000_2025,0.0010083899732014,-0.085401857830584,0.024076929315924644,0.02556600421667099
5,e,forest_frac_slope_2000_2025,ssrd_wm2_slope_2000_2025,0.0013877497459895,-0.085401857830584,0.024275317788124084,0.025889946147799492
5,e,forest_frac_slope_2000_2025,ssrd_wm2_slope_2000_2025,0.0017671095187776,-0.085401857830584,0.02433803491294384,0.02625126950442791
5,e,forest_frac_slope_2000_2025,ssrd_wm2_slope_2000_2025,0.0021464692915656,-0.085401857830584,0.024772893637418747,0.026867078617215157
5,e,forest_frac_slope_2000_2025,ssrd_wm2_slope_2000_2025,0.0025258290643537,-0.085401857830584,0.02488088235259056,0.02717634290456772
5,e,forest_frac_slope_2000_2025,ssrd_wm2_slope_2000_2025,0.0029051888371418,-0.085401857830584,0.02530970238149166,0.027756087481975555
5,e,forest_frac_slope_2000_2025,ssrd_wm2_slope_2000_2025,0.0032845486099298,-0.085401857830584,0.025540320202708244,0.02806822396814823
5,e,forest_frac_slope_2000_2025,ssrd_wm2_slope_2000_2025,0.0036639083827179,-0.085401857830584,0.02554696798324585,0.028154773637652397
5,e,forest_frac_slope_2000_2025,ssrd_wm2_slope_2000_2025,0.004043268155506,-0.085401857830584,0.025731049478054047,0.02841241843998432
5,e,forest_frac_slope_2000_2025,ssrd_wm2_slope_2000_2025,0.004422627928294,-0.085401857830584,0.025997810065746307,0.028695762157440186
5,e,forest_frac_slope_2000_2025,ssrd_wm2_slope_2000_2025,0.0048019877010821,-0.085401857830584,0.026023583486676216,0.02885545790195465
5,e,forest_frac_slope_2000_2025,ssrd_wm2_slope_2000_2025,0.0051813474738702,-0.085401857830584,0.026224086061120033,0.029255816712975502
5,e,forest_frac_slope_2000_2025,ssrd_wm2_slope_2000_2025,0.0055607072466582,-0.085401857830584,0.026224296540021896,0.0293324813246727
5,e,forest_frac_slope_2000_2025,ssrd_wm2_slope_2000_2025,0.0059400670194463,-0.085401857830584,0.026187727227807045,0.029445869848132133
5,e,forest_frac_slope_2000_2025,ssrd_wm2_slope_2000_2025,-0.0092343238920763,-0.0839632589370012,0.0068802498281002045,-0.004802137613296509
5,e,forest_frac_slope_2000_2025,ssrd_wm2_slope_2000_2025,-0.0088549641192882,-0.0839632589370012,0.007113238330930471,-0.004414214286953211
5,e,forest_frac_slope_2000_2025,ssrd_wm2_slope_2000_2025,-0.0084756043465002,-0.0839632589370012,0.007386099547147751,-0.003697239561006427
5,e,forest_frac_slope_2000_2025,ssrd_wm2_slope_2000_2025,-0.0080962445737121,-0.0839632589370012,0.00806605163961649,-0.002593717072159052
5,e,forest_frac_slope_2000_2025,ssrd_wm2_slope_2000_2025,-0.007716884800924,-0.0839632589370012,0.008765441365540028,-0.0013851505937054753
5,e,forest_frac_slope_2000_2025,ssrd_wm2_slope_2000_2025,-0.007337525028136,-0.0839632589370012,0.009394178166985512,-0.0005780619103461504
5,e,forest_frac_slope_2000_2025,ssrd_wm2_slope_2000_2025,-0.0069581652553479,-0.0839632589370012,0.009963847696781158,0.0006462889141403139
5,e,forest_frac_slope_2000_2025,ssrd_wm2_slope_2000_2025,-0.0065788054825598,-0.0839632589370012,0.010138258337974548,0.00107675907202065
5,e,forest_frac_slope_2000_2025,ssrd_wm2_slope_2000_2025,-0.0061994457097717,-0.0839632589370012,0.0102745546028018,0.0016887811943888664
5,e,forest_frac_slope_2000_2025,ssrd_wm2_slope_2000_2025,-0.0058200859369837,-0.0839632589370012,0.011146395467221737,0.0031176225747913122
5,e,forest_frac_slope_2000_2025,ssrd_wm2_slope_2000_2025,-0.0054407261641956,-0.0839632589370012,0.01306541170924902,0.0061226231046020985
5,e,forest_frac_slope_2000_2025,ssrd_wm2_slope_2000_2025,-0.0050613663914075,-0.0839632589370012,0.013051101006567478,0.0061852228827774525
5,e,forest_frac_slope_2000_2025,ssrd_wm2_slope_2000_2025,-0.0046820066186195,-0.0839632589370012,0.014490892179310322,0.008269505575299263
5,e,forest_frac_slope_2000_2025,ssrd_wm2_slope_2000_2025,-0.0043026468458314,-0.0839632589370012,0.014929726719856262,0.009419574402272701
5,e,forest_frac_slope_2000_2025,ssrd_wm2_slope_2000_2025,-0.0039232870730433,-0.0839632589370012,0.015097595751285553,0.00992706697434187
5,e,forest_frac_slope_2000_2025,ssrd_wm2_slope_2000_2025,-0.0035439273002553,-0.0839632589370012,0.01561384554952383,0.011110852472484112
5,e,forest_frac_slope_2000_2025,ssrd_wm2_slope_2000_2025,-0.0031645675274672,-0.0839632589370012,0.015981324017047882,0.011794520542025566
5,e,forest_frac_slope_2000_2025,ssrd_wm2_slope_2000_2025,-0.0027852077546791,-0.0839632589370012,0.016989553347229958,0.012895721942186356
5,e,forest_frac_slope_2000_2025,ssrd_wm2_slope_2000_2025,-0.0024058479818911,-0.0839632589370012,0.017214570194482803,0.013487330637872219
5,e,forest_frac_slope_2000_2025,ssrd_wm2_slope_2000_2025,-0.002026488209103,-0.0839632589370012,0.017818190157413483,0.014545443467795849
5,e,forest_frac_slope_2000_2025,ssrd_wm2_slope_2000_2025,-0.0016471284363149,-0.0839632589370012,0.018234077841043472,0.015533595345914364
5,e,forest_frac_slope_2000_2025,ssrd_wm2_slope_2000_2025,-0.0012677686635269,-0.0839632589370012,0.019189488142728806,0.01701853796839714
5,e,forest_frac_slope_2000_2025,ssrd_wm2_slope_2000_2025,-0.0008884088907388,-0.0839632589370012,0.0199296735227108,0.018116824328899384
5,e,forest_frac_slope_2000_2025,ssrd_wm2_slope_2000_2025,-0.0005090491179507,-0.0839632589370012,0.020479191094636917,0.019224833697080612
5,e,forest_frac_slope_2000_2025,ssrd_wm2_slope_2000_2025,-0.0001296893451627,-0.0839632589370012,0.021177196875214577,0.020973416045308113
5,e,forest_frac_slope_2000_2025,ssrd_wm2_slope_2000_2025,0.0002496704276253,-0.0839632589370012,0.02314818650484085,0.023835893720388412
5,e,forest_frac_slope_2000_2025,ssrd_wm2_slope_2000_2025,0.0006290302004134,-0.0839632589370012,0.023462016135454178,0.02459041401743889
5,e,forest_frac_slope_2000_2025,ssrd_wm2_slope_2000_2025,0.0010083899732014,-0.0839632589370012,0.02409551478922367,0.02552398107945919
5,e,forest_frac_slope_2000_2025,ssrd_wm2_slope_2000_2025,0.0013877497459895,-0.0839632589370012,0.02429390326142311,0.025845397263765335
5,e,forest_frac_slope_2000_2025,ssrd_wm2_slope_2000_2025,0.0017671095187776,-0.0839632589370012,0.024356620386242867,0.026205772534012794
5,e,forest_frac_slope_2000_2025,ssrd_wm2_slope_2000_2025,0.0021464692915656,-0.0839632589370012,0.024791479110717773,0.026820389553904533
5,e,forest_frac_slope_2000_2025,ssrd_wm2_slope_2000_2025,0.0025258290643537,-0.0839632589370012,0.024899465963244438,0.027129430323839188
5,e,forest_frac_slope_2000_2025,ssrd_wm2_slope_2000_2025,0.0029051888371418,-0.0839632589370012,0.02532828599214554,0.027708835899829865
5,e,forest_frac_slope_2000_2025,ssrd_wm2_slope_2000_2025,0.0032845486099298,-0.0839632589370012,0.02555890567600727,0.028021564707159996
5,e,forest_frac_slope_2000_2025,ssrd_wm2_slope_2000_2025,0.0036639083827179,-0.0839632589370012,0.025565555319190025,0.028109392151236534
5,e,forest_frac_slope_2000_2025,ssrd_wm2_slope_2000_2025,0.004043268155506,-0.0839632589370012,0.025749634951353073,0.028367983177304268
5,e,forest_frac_slope_2000_2025,ssrd_wm2_slope_2000_2025,0.004422627928294,-0.0839632589370012,0.026016395539045334,0.028652478009462357
5,e,forest_frac_slope_2000_2025,ssrd_wm2_slope_2000_2025,0.0048019877010821,-0.0839632589370012,0.026042167097330093,0.0288171898573637
5,e,forest_frac_slope_2000_2025,ssrd_wm2_slope_2000_2025,0.0051813474738702,-0.0839632589370012,0.02624266967177391,0.02926020324230194
5,e,forest_frac_slope_2000_2025,ssrd_wm2_slope_2000_2025,0.0055607072466582,-0.0839632589370012,0.026242882013320923,0.029350560158491135
5,e,forest_frac_slope_2000_2025,ssrd_wm2_slope_2000_2025,0.0059400670194463,-0.0839632589370012,0.02620631456375122,0.02946992963552475
5,e,forest_frac_slope_2000_2025,ssrd_wm2_slope_2000_2025,-0.0092343238920763,-0.0825246600434184,0.006874014623463154,-0.004807544406503439
5,e,forest_frac_slope_2000_2025,ssrd_wm2_slope_2000_2025,-0.0088549641192882,-0.0825246600434184,0.007107003591954708,-0.004420498386025429
5,e,forest_frac_slope_2000_2025,ssrd_wm2_slope_2000_2025,-0.0084756043465002,-0.0825246600434184,0.007379863876849413,-0.0037035210989415646
5,e,forest_frac_slope_2000_2025,ssrd_wm2_slope_2000_2025,-0.0080962445737121,-0.0825246600434184,0.008059816434979439,-0.00259994063526392
5,e,forest_frac_slope_2000_2025,ssrd_wm2_slope_2000_2025,-0.007716884800924,-0.0825246600434184,0.008759207092225552,-0.0013913613511249423
5,e,forest_frac_slope_2000_2025,ssrd_wm2_slope_2000_2025,-0.007337525028136,-0.0825246600434184,0.009387942962348461,-0.0005842444370500743
5,e,forest_frac_slope_2000_2025,ssrd_wm2_slope_2000_2025,-0.0069581652553479,-0.0825246600434184,0.009957612492144108,0.0006401205901056528
5,e,forest_frac_slope_2000_2025,ssrd_wm2_slope_2000_2025,-0.0065788054825598,-0.0825246600434184,0.010132023133337498,0.0010705908061936498
5,e,forest_frac_slope_2000_2025,ssrd_wm2_slope_2000_2025,-0.0061994457097717,-0.0825246600434184,0.01026831939816475,0.0016826546052470803
5,e,forest_frac_slope_2000_2025,ssrd_wm2_slope_2000_2025,-0.0058200859369837,-0.0825246600434184,0.011140159331262112,0.0031115503516048193
5,e,forest_frac_slope_2000_2025,ssrd_wm2_slope_2000_2025,-0.0054407261641956,-0.0825246600434184,0.013059175573289394,0.006116549018770456
5,e,forest_frac_slope_2000_2025,ssrd_wm2_slope_2000_2025,-0.0050613663914075,-0.0825246600434184,0.013044867664575577,0.006179217714816332
5,e,forest_frac_slope_2000_2025,ssrd_wm2_slope_2000_2025,-0.0046820066186195,-0.0825246600434184,0.014484656974673271,0.008263498544692993
5,e,forest_frac_slope_2000_2025,ssrd_wm2_slope_2000_2025,-0.0043026468458314,-0.0825246600434184,0.014923491515219212,0.00941356923431158
5,e,forest_frac_slope_2000_2025,ssrd_wm2_slope_2000_2025,-0.0039232870730433,-0.0825246600434184,0.015091362409293652,0.00992102175951004
5,e,forest_frac_slope_2000_2025,ssrd_wm2_slope_2000_2025,-0.0035439273002553,-0.0825246600434184,0.015607609413564205,0.011104676872491837
5,e,forest_frac_slope_2000_2025,ssrd_wm2_slope_2000_2025,-0.0031645675274672,-0.0825246600434184,0.015974991023540497,0.011787357740104198
5,e,forest_frac_slope_2000_2025,ssrd_wm2_slope_2000_2025,-0.0027852077546791,-0.0825246600434184,0.016983218491077423,0.01288830116391182
5,e,forest_frac_slope_2000_2025,ssrd_wm2_slope_2000_2025,-0.0024058479818911,-0.0825246600434184,0.01720823533833027,0.013479522429406643
5,e,forest_frac_slope_2000_2025,ssrd_wm2_slope_2000_2025,-0.002026488209103,-0.0825246600434184,0.017803331837058067,0.0145290307700634
5,e,forest_frac_slope_2000_2025,ssrd_wm2_slope_2000_2025,-0.0016471284363149,-0.0825246600434184,0.018219219520688057,0.01551707275211811
5,e,forest_frac_slope_2000_2025,ssrd_wm2_slope_2000_2025,-0.0012677686635269,-0.0825246600434184,0.01917463168501854,0.01700197532773018
5,e,forest_frac_slope_2000_2025,ssrd_wm2_slope_2000_2025,-0.0008884088907388,-0.0825246600434184,0.01991368643939495,0.01809927634894848
5,e,forest_frac_slope_2000_2025,ssrd_wm2_slope_2000_2025,-0.0005090491179507,-0.0825246600434184,0.020463399589061737,0.01920878328382969
5,e,forest_frac_slope_2000_2025,ssrd_wm2_slope_2000_2025,-0.0001296893451627,-0.0825246600434184,0.021159686148166656,0.020955806598067284
5,e,forest_frac_slope_2000_2025,ssrd_wm2_slope_2000_2025,0.0002496704276253,-0.0825246600434184,0.02313181757926941,0.023819366469979286
5,e,forest_frac_slope_2000_2025,ssrd_wm2_slope_2000_2025,0.0006290302004134,-0.0825246600434184,0.023445643484592438,0.024574458599090576
5,e,forest_frac_slope_2000_2025,ssrd_wm2_slope_2000_2025,0.0010083899732014,-0.0825246600434184,0.02408766746520996,0.025516735389828682
5,e,forest_frac_slope_2000_2025,ssrd_wm2_slope_2000_2025,0.0013877497459895,-0.0825246600434184,0.0242860559374094,0.02583828940987587
5,e,forest_frac_slope_2000_2025,ssrd_wm2_slope_2000_2025,0.0017671095187776,-0.0825246600434184,0.024348773062229156,0.026198742911219597
5,e,forest_frac_slope_2000_2025,ssrd_wm2_slope_2000_2025,0.0021464692915656,-0.0825246600434184,0.024783629924058914,0.026813287287950516
5,e,forest_frac_slope_2000_2025,ssrd_wm2_slope_2000_2025,0.0025258290643537,-0.0825246600434184,0.024891620501875877,0.02712233178317547
5,e,forest_frac_slope_2000_2025,ssrd_wm2_slope_2000_2025,0.0029051888371418,-0.0825246600434184,0.02532043866813183,0.027701864019036293
5,e,forest_frac_slope_2000_2025,ssrd_wm2_slope_2000_2025,0.0032845486099298,-0.0825246600434184,0.02555105835199356,0.028014609590172768
5,e,forest_frac_slope_2000_2025,ssrd_wm2_slope_2000_2025,0.0036639083827179,-0.0825246600434184,0.025557707995176315,0.028102407231926918
5,e,forest_frac_slope_2000_2025,ssrd_wm2_slope_2000_2025,0.004043268155506,-0.0825246600434184,0.025741787627339363,0.0283610001206398
5,e,forest_frac_slope_2000_2025,ssrd_wm2_slope_2000_2025,0.004422627928294,-0.0825246600434184,0.026008546352386475,0.02864549681544304
5,e,forest_frac_slope_2000_2025,ssrd_wm2_slope_2000_2025,0.0048019877010821,-0.0825246600434184,0.026034319773316383,0.028810208663344383
5,e,forest_frac_slope_2000_2025,ssrd_wm2_slope_2000_2025,0.0051813474738702,-0.0825246600434184,0.0262348223477602,0.029253222048282623
5,e,forest_frac_slope_2000_2025,ssrd_wm2_slope_2000_2025,0.0055607072466582,-0.0825246600434184,0.026235032826662064,0.029343578964471817
5,e,forest_frac_slope_2000_2025,ssrd_wm2_slope_2000_2025,0.0059400670194463,-0.0825246600434184,0.02619846723973751,0.029462948441505432
5,e,forest_frac_slope_2000_2025,ssrd_wm2_slope_2000_2025,-0.0092343238920763,-0.0810860611498355,0.006912889424711466,-0.00480498094111681
5,e,forest_frac_slope_2000_2025,ssrd_wm2_slope_2000_2025,-0.0088549641192882,-0.0810860611498355,0.00714587839320302,-0.004416974261403084
5,e,forest_frac_slope_2000_2025,ssrd_wm2_slope_2000_2025,-0.0084756043465002,-0.0810860611498355,0.007418739143759012,-0.003699191380292177
5,e,forest_frac_slope_2000_2025,ssrd_wm2_slope_2000_2025,-0.0080962445737121,-0.0810860611498355,0.008098691701889038,-0.0025944227818399668
5,e,forest_frac_slope_2000_2025,ssrd_wm2_slope_2000_2025,-0.007716884800924,-0.0810860611498355,0.008798082359135151,-0.0013842576881870627
5,e,forest_frac_slope_2000_2025,ssrd_wm2_slope_2000_2025,-0.007337525028136,-0.0810860611498355,0.00942681822925806,-0.000574645004235208
5,e,forest_frac_slope_2000_2025,ssrd_wm2_slope_2000_2025,-0.0069581652553479,-0.0810860611498355,0.009996487759053707,0.0006522303447127342
5,e,forest_frac_slope_2000_2025,ssrd_wm2_slope_2000_2025,-0.0065788054825598,-0.0810860611498355,0.010170897468924522,0.001084629911929369
5,e,forest_frac_slope_2000_2025,ssrd_wm2_slope_2000_2025,-0.0061994457097717,-0.0810860611498355,0.010307195596396923,0.0017079688841477036
5,e,forest_frac_slope_2000_2025,ssrd_wm2_slope_2000_2025,-0.0058200859369837,-0.0810860611498355,0.011141602881252766,0.003107043681666255
5,e,forest_frac_slope_2000_2025,ssrd_wm2_slope_2000_2025,-0.0054407261641956,-0.0810860611498355,0.013060618191957474,0.006112042348831892
5,e,forest_frac_slope_2000_2025,ssrd_wm2_slope_2000_2025,-0.0050613663914075,-0.0810860611498355,0.013046309351921082,0.0061747110448777676
5,e,forest_frac_slope_2000_2025,ssrd_wm2_slope_2000_2025,-0.0046820066186195,-0.0810860611498355,0.01448609959334135,0.008259102702140808
5,e,forest_frac_slope_2000_2025,ssrd_wm2_slope_2000_2025,-0.0043026468458314,-0.0810860611498355,0.014924933202564716,0.009409240446984768
5,e,forest_frac_slope_2000_2025,ssrd_wm2_slope_2000_2025,-0.0039232870730433,-0.0810860611498355,0.015092804096639156,0.009916812181472778
5,e,forest_frac_slope_2000_2025,ssrd_wm2_slope_2000_2025,-0.0035439273002553,-0.0810860611498355,0.01560905110090971,0.011100501753389835
5,e,forest_frac_slope_2000_2025,ssrd_wm2_slope_2000_2025,-0.0031645675274672,-0.0810860611498355,0.015976432710886,0.011783226393163204
5,e,forest_frac_slope_2000_2025,ssrd_wm2_slope_2000_2025,-0.0027852077546791,-0.0810860611498355,0.016984662041068077,0.012884466908872128
5,e,forest_frac_slope_2000_2025,ssrd_wm2_slope_2000_2025,-0.0024058479818911,-0.0810860611498355,0.017209677025675774,0.013476571999490261
5,e,forest_frac_slope_2000_2025,ssrd_wm2_slope_2000_2025,-0.002026488209103,-0.0810860611498355,0.017804773524403572,0.014526576735079288
5,e,forest_frac_slope_2000_2025,ssrd_wm2_slope_2000_2025,-0.0016471284363149,-0.0810860611498355,0.01822066120803356,0.015514971688389778
5,e,forest_frac_slope_2000_2025,ssrd_wm2_slope_2000_2025,-0.0012677686635269,-0.0810860611498355,0.019176073372364044,0.01700017973780632
5,e,forest_frac_slope_2000_2025,ssrd_wm2_slope_2000_2025,-0.0008884088907388,-0.0810860611498355,0.019915129989385605,0.01809796690940857
5,e,forest_frac_slope_2000_2025,ssrd_wm2_slope_2000_2025,-0.0005090491179507,-0.0810860611498355,0.020464841276407242,0.019207561388611794
5,e,forest_frac_slope_2000_2025,ssrd_wm2_slope_2000_2025,-0.0001296893451627,-0.0810860611498355,0.021159829571843147,0.020955270156264305
5,e,forest_frac_slope_2000_2025,ssrd_wm2_slope_2000_2025,0.0002496704276253,-0.0810860611498355,0.023132842034101486,0.023819930851459503
5,e,forest_frac_slope_2000_2025,ssrd_wm2_slope_2000_2025,0.0006290302004134,-0.0810860611498355,0.023446667939424515,0.024575358256697655
5,e,forest_frac_slope_2000_2025,ssrd_wm2_slope_2000_2025,0.0010083899732014,-0.0810860611498355,0.024088691920042038,0.025517933070659637
5,e,forest_frac_slope_2000_2025,ssrd_wm2_slope_2000_2025,0.0013877497459895,-0.0810860611498355,0.024287080392241478,0.025839515030384064
5,e,forest_frac_slope_2000_2025,ssrd_wm2_slope_2000_2025,0.0017671095187776,-0.0810860611498355,0.024349797517061234,0.02619997039437294
5,e,forest_frac_slope_2000_2025,ssrd_wm2_slope_2000_2025,0.0021464692915656,-0.0810860611498355,0.02478465624153614,0.026814574375748634
5,e,forest_frac_slope_2000_2025,ssrd_wm2_slope_2000_2025,0.0025258290643537,-0.0810860611498355,0.024892644956707954,0.02712358720600605
5,e,forest_frac_slope_2000_2025,ssrd_wm2_slope_2000_2025,0.0029051888371418,-0.0810860611498355,0.025321464985609055,0.027703123167157173
5,e,forest_frac_slope_2000_2025,ssrd_wm2_slope_2000_2025,0.0032845486099298,-0.0810860611498355,0.025552082806825638,0.028015868738293648
5,e,forest_frac_slope_2000_2025,ssrd_wm2_slope_2000_2025,0.0036639083827179,-0.0810860611498355,0.025558732450008392,0.028103729709982872
5,e,forest_frac_slope_2000_2025,ssrd_wm2_slope_2000_2025,0.004043268155506,-0.0810860611498355,0.02574281394481659,0.028362322598695755
5,e,forest_frac_slope_2000_2025,ssrd_wm2_slope_2000_2025,0.004422627928294,-0.0810860611498355,0.0260095726698637,0.028646819293498993
5,e,forest_frac_slope_2000_2025,ssrd_wm2_slope_2000_2025,0.0048019877010821,-0.0810860611498355,0.02603534609079361,0.028811531141400337
5,e,forest_frac_slope_2000_2025,ssrd_wm2_slope_2000_2025,0.0051813474738702,-0.0810860611498355,0.026235846802592278,0.029254544526338577
5,e,forest_frac_slope_2000_2025,ssrd_wm2_slope_2000_2025,0.0055607072466582,-0.0810860611498355,0.02623605914413929,0.02934485673904419
5,e,forest_frac_slope_2000_2025,ssrd_wm2_slope_2000_2025,0.0059400670194463,-0.0810860611498355,0.02619948983192444,0.02946425788104534
5,e,forest_frac_slope_2000_2025,ssrd_wm2_slope_2000_2025,-0.0092343238920763,-0.0796474622562527,0.006916898302733898,-0.004801775794476271
5,e,forest_frac_slope_2000_2025,ssrd_wm2_slope_2000_2025,-0.0088549641192882,-0.0796474622562527,0.007149886339902878,-0.004413769580423832
5,e,forest_frac_slope_2000_2025,ssrd_wm2_slope_2000_2025,-0.0084756043465002,-0.0796474622562527,0.007422747556120157,-0.0036959073040634394
5,e,forest_frac_slope_2000_2025,ssrd_wm2_slope_2000_2025,-0.0080962445737121,-0.0796474622562527,0.008102699182927608,-0.0025911384727805853
5,e,forest_frac_slope_2000_2025,ssrd_wm2_slope_2000_2025,-0.007716884800924,-0.0796474622562527,0.008802090771496296,-0.0013809730298817158
5,e,forest_frac_slope_2000_2025,ssrd_wm2_slope_2000_2025,-0.007337525028136,-0.0796474622562527,0.00943082757294178,-0.0005713604623451829
5,e,forest_frac_slope_2000_2025,ssrd_wm2_slope_2000_2025,-0.0069581652553479,-0.0796474622562527,0.010000497102737427,0.0006555148283950984
5,e,forest_frac_slope_2000_2025,ssrd_wm2_slope_2000_2025,-0.0065788054825598,-0.0796474622562527,0.010174905881285667,0.0010879943147301674
5,e,forest_frac_slope_2000_2025,ssrd_wm2_slope_2000_2025,-0.0061994457097717,-0.0796474622562527,0.010311204008758068,0.0017113538924604654
5,e,forest_frac_slope_2000_2025,ssrd_wm2_slope_2000_2025,-0.0058200859369837,-0.0796474622562527,0.011144546791911125,0.003109365003183484
5,e,forest_frac_slope_2000_2025,ssrd_wm2_slope_2000_2025,-0.0054407261641956,-0.0796474622562527,0.013063563033938408,0.006114363670349121
5,e,forest_frac_slope_2000_2025,ssrd_wm2_slope_2000_2025,-0.0050613663914075,-0.0796474622562527,0.013049253262579441,0.006177052855491638
5,e,forest_frac_slope_2000_2025,ssrd_wm2_slope_2000_2025,-0.0046820066186195,-0.0796474622562527,0.01448904350399971,0.008261444978415966
5,e,forest_frac_slope_2000_2025,ssrd_wm2_slope_2000_2025,-0.0043026468458314,-0.0796474622562527,0.01492787804454565,0.009411582723259926
5,e,forest_frac_slope_2000_2025,ssrd_wm2_slope_2000_2025,-0.0039232870730433,-0.0796474622562527,0.01509574893862009,0.00991925410926342
5,e,forest_frac_slope_2000_2025,ssrd_wm2_slope_2000_2025,-0.0035439273002553,-0.0796474622562527,0.01561199501156807,0.011102944612503052
5,e,forest_frac_slope_2000_2025,ssrd_wm2_slope_2000_2025,-0.0031645675274672,-0.0796474622562527,0.015979479998350143,0.011785873211920261
5,e,forest_frac_slope_2000_2025,ssrd_wm2_slope_2000_2025,-0.0027852077546791,-0.0796474622562527,0.01697712577879429,0.01287704799324274
5,e,forest_frac_slope_2000_2025,ssrd_wm2_slope_2000_2025,-0.0024058479818911,-0.0796474622562527,0.017202142626047134,0.013469252735376358
5,e,forest_frac_slope_2000_2025,ssrd_wm2_slope_2000_2025,-0.002026488209103,-0.0796474622562527,0.017797237262129784,0.014519576914608479
5,e,forest_frac_slope_2000_2025,ssrd_wm2_slope_2000_2025,-0.0016471284363149,-0.0796474622562527,0.018213124945759773,0.01550805103033781
5,e,forest_frac_slope_2000_2025,ssrd_wm2_slope_2000_2025,-0.0012677686635269,-0.0796474622562527,0.019168537110090256,0.01699366234242916
5,e,forest_frac_slope_2000_2025,ssrd_wm2_slope_2000_2025,-0.0008884088907388,-0.0796474622562527,0.01990557089447975,0.01808929815888405
5,e,forest_frac_slope_2000_2025,ssrd_wm2_slope_2000_2025,-0.0005090491179507,-0.0796474622562527,0.020455284044146538,0.019197804853320122
5,e,forest_frac_slope_2000_2025,ssrd_wm2_slope_2000_2025,-0.0001296893451627,-0.0796474622562527,0.021148687228560448,0.0209436547011137
5,e,forest_frac_slope_2000_2025,ssrd_wm2_slope_2000_2025,0.0002496704276253,-0.0796474622562527,0.0231296569108963,0.023815762251615524
5,e,forest_frac_slope_2000_2025,ssrd_wm2_slope_2000_2025,0.0006290302004134,-0.0796474622562527,0.02344348281621933,0.024571029469370842
5,e,forest_frac_slope_2000_2025,ssrd_wm2_slope_2000_2025,0.0010083899732014,-0.0796474622562527,0.024085504934191704,0.025513524189591408
5,e,forest_frac_slope_2000_2025,ssrd_wm2_slope_2000_2025,0.0013877497459895,-0.0796474622562527,0.024284010753035545,0.02583514153957367
5,e,forest_frac_slope_2000_2025,ssrd_wm2_slope_2000_2025,0.0017671095187776,-0.0796474622562527,0.0243467278778553,0.026195596903562546
5,e,forest_frac_slope_2000_2025,ssrd_wm2_slope_2000_2025,0.0021464692915656,-0.0796474622562527,0.024781586602330208,0.026810120791196823
5,e,forest_frac_slope_2000_2025,ssrd_wm2_slope_2000_2025,0.0025258290643537,-0.0796474622562527,0.024889573454856873,0.027119137346744537
5,e,forest_frac_slope_2000_2025,ssrd_wm2_slope_2000_2025,0.0029051888371418,-0.0796474622562527,0.025318393483757973,0.027698589488863945
5,e,forest_frac_slope_2000_2025,ssrd_wm2_slope_2000_2025,0.0032845486099298,-0.0796474622562527,0.025553440675139427,0.028015760704874992
5,e,forest_frac_slope_2000_2025,ssrd_wm2_slope_2000_2025,0.0036639083827179,-0.0796474622562527,0.02556009031832218,0.028103625401854515
5,e,forest_frac_slope_2000_2025,ssrd_wm2_slope_2000_2025,0.004043268155506,-0.0796474622562527,0.02574417181313038,0.02836213819682598
5,e,forest_frac_slope_2000_2025,ssrd_wm2_slope_2000_2025,0.004422627928294,-0.0796474622562527,0.02601092867553234,0.02864663116633892
5,e,forest_frac_slope_2000_2025,ssrd_wm2_slope_2000_2025,0.0048019877010821,-0.0796474622562527,0.02603670209646225,0.028811343014240265
5,e,forest_frac_slope_2000_2025,ssrd_wm2_slope_2000_2025,0.0051813474738702,-0.0796474622562527,0.026237204670906067,0.029254360124468803
5,e,forest_frac_slope_2000_2025,ssrd_wm2_slope_2000_2025,0.0055607072466582,-0.0796474622562527,0.02623741514980793,0.029344672337174416
5,e,forest_frac_slope_2000_2025,ssrd_wm2_slope_2000_2025,0.0059400670194463,-0.0796474622562527,0.026200847700238228,0.02946406975388527
5,e,forest_frac_slope_2000_2025,ssrd_wm2_slope_2000_2025,-0.0092343238920763,-0.0782088633626699,0.006912852171808481,-0.004804252181202173
5,e,forest_frac_slope_2000_2025,ssrd_wm2_slope_2000_2025,-0.0088549641192882,-0.0782088633626699,0.007145840208977461,-0.004416246432811022
5,e,forest_frac_slope_2000_2025,ssrd_wm2_slope_2000_2025,-0.0084756043465002,-0.0782088633626699,0.007418700959533453,-0.0036983839236199856
5,e,forest_frac_slope_2000_2025,ssrd_wm2_slope_2000_2025,-0.0080962445737121,-0.0782088633626699,0.008098653517663479,-0.0025937415193766356
5,e,forest_frac_slope_2000_2025,ssrd_wm2_slope_2000_2025,-0.007716884800924,-0.0782088633626699,0.008798044174909592,-0.0013835761928930879
5,e,forest_frac_slope_2000_2025,ssrd_wm2_slope_2000_2025,-0.007337525028136,-0.0782088633626699,0.009426780976355076,-0.0005739634507335722
5,e,forest_frac_slope_2000_2025,ssrd_wm2_slope_2000_2025,-0.0069581652553479,-0.0782088633626699,0.009996449574828148,0.0006529118400067091
5,e,forest_frac_slope_2000_2025,ssrd_wm2_slope_2000_2025,-0.0065788054825598,-0.0782088633626699,0.010170860216021538,0.0010853912681341171
5,e,forest_frac_slope_2000_2025,ssrd_wm2_slope_2000_2025,-0.0061994457097717,-0.0782088633626699,0.010307157412171364,0.0017087507294490933
5,e,forest_frac_slope_2000_2025,ssrd_wm2_slope_2000_2025,-0.0058200859369837,-0.0782088633626699,0.011140501126646996,0.003106879536062479
5,e,forest_frac_slope_2000_2025,ssrd_wm2_slope_2000_2025,-0.0054407261641956,-0.0782088633626699,0.013059515506029129,0.006111877970397472
5,e,forest_frac_slope_2000_2025,ssrd_wm2_slope_2000_2025,-0.0050613663914075,-0.0782088633626699,0.013045206665992737,0.006174568086862564
5,e,forest_frac_slope_2000_2025,ssrd_wm2_slope_2000_2025,-0.0046820066186195,-0.0782088633626699,0.014484996907413006,0.00825883261859417
5,e,forest_frac_slope_2000_2025,ssrd_wm2_slope_2000_2025,-0.0043026468458314,-0.0782088633626699,0.014923831447958946,0.00940897036343813
5,e,forest_frac_slope_2000_2025,ssrd_wm2_slope_2000_2025,-0.0039232870730433,-0.0782088633626699,0.015091700479388237,0.009916641749441624
5,e,forest_frac_slope_2000_2025,ssrd_wm2_slope_2000_2025,-0.0035439273002553,-0.0782088633626699,0.015607950277626514,0.01110033318400383
5,e,forest_frac_slope_2000_2025,ssrd_wm2_slope_2000_2025,-0.0031645675274672,-0.0782088633626699,0.015975432470440865,0.011783134192228317
5,e,forest_frac_slope_2000_2025,ssrd_wm2_slope_2000_2025,-0.0027852077546791,-0.0782088633626699,0.01697307825088501,0.012874308973550797
5,e,forest_frac_slope_2000_2025,ssrd_wm2_slope_2000_2025,-0.0024058479818911,-0.0782088633626699,0.017198095098137856,0.013466335833072662
5,e,forest_frac_slope_2000_2025,ssrd_wm2_slope_2000_2025,-0.002026488209103,-0.0782088633626699,0.017793191596865654,0.014516533352434635
5,e,forest_frac_slope_2000_2025,ssrd_wm2_slope_2000_2025,-0.0016471284363149,-0.0782088633626699,0.018209079280495644,0.015504879876971245
5,e,forest_frac_slope_2000_2025,ssrd_wm2_slope_2000_2025,-0.0012677686635269,-0.0782088633626699,0.019164491444826126,0.016990363597869873
5,e,forest_frac_slope_2000_2025,ssrd_wm2_slope_2000_2025,-0.0008884088907388,-0.0782088633626699,0.019901525229215622,0.018085874617099762
5,e,forest_frac_slope_2000_2025,ssrd_wm2_slope_2000_2025,-0.0005090491179507,-0.0782088633626699,0.020451238378882408,0.01919425278902054
5,e,forest_frac_slope_2000_2025,ssrd_wm2_slope_2000_2025,-0.0001296893451627,-0.0782088633626699,0.02114463970065117,0.020940102636814117
5,e,forest_frac_slope_2000_2025,ssrd_wm2_slope_2000_2025,0.0002496704276253,-0.0782088633626699,0.023125609382987022,0.02381221204996109
5,e,forest_frac_slope_2000_2025,ssrd_wm2_slope_2000_2025,0.0006290302004134,-0.0782088633626699,0.0234394371509552,0.02456735260784626
5,e,forest_frac_slope_2000_2025,ssrd_wm2_slope_2000_2025,0.0010083899732014,-0.0782088633626699,0.024081459268927574,0.025509847328066826
5,e,forest_frac_slope_2000_2025,ssrd_wm2_slope_2000_2025,0.0013877497459895,-0.0782088633626699,0.024279965087771416,0.025831464678049088
5,e,forest_frac_slope_2000_2025,ssrd_wm2_slope_2000_2025,0.0017671095187776,-0.0782088633626699,0.02434268407523632,0.026191791519522667
5,e,forest_frac_slope_2000_2025,ssrd_wm2_slope_2000_2025,0.0021464692915656,-0.0782088633626699,0.024777540937066078,0.026806319132447243
5,e,forest_frac_slope_2000_2025,ssrd_wm2_slope_2000_2025,0.0025258290643537,-0.0782088633626699,0.024885527789592743,0.02711533196270466
5,e,forest_frac_slope_2000_2025,ssrd_wm2_slope_2000_2025,0.0029051888371418,-0.0782088633626699,0.025314347818493843,0.027694733813405037
5,e,forest_frac_slope_2000_2025,ssrd_wm2_slope_2000_2025,0.0032845486099298,-0.0782088633626699,0.02554939314723015,0.028011903166770935
5,e,forest_frac_slope_2000_2025,ssrd_wm2_slope_2000_2025,0.0036639083827179,-0.0782088633626699,0.025556042790412903,0.028099721297621727
5,e,forest_frac_slope_2000_2025,ssrd_wm2_slope_2000_2025,0.004043268155506,-0.0782088633626699,0.0257401242852211,0.028358129784464836
5,e,forest_frac_slope_2000_2025,ssrd_wm2_slope_2000_2025,0.004422627928294,-0.0782088633626699,0.02600688301026821,0.028642572462558746
5,e,forest_frac_slope_2000_2025,ssrd_wm2_slope_2000_2025,0.0048019877010821,-0.0782088633626699,0.02603265456855297,0.028807353228330612
5,e,forest_frac_slope_2000_2025,ssrd_wm2_slope_2000_2025,0.0051813474738702,-0.0782088633626699,0.026233157142996788,0.02925032377243042
5,e,forest_frac_slope_2000_2025,ssrd_wm2_slope_2000_2025,0.0055607072466582,-0.0782088633626699,0.02623336762189865,0.029340632259845734
5,e,forest_frac_slope_2000_2025,ssrd_wm2_slope_2000_2025,0.0059400670194463,-0.0782088633626699,0.02619680017232895,0.029460106045007706
5,e,forest_frac_slope_2000_2025,ssrd_wm2_slope_2000_2025,-0.0092343238920763,-0.0767702644690871,0.006910011637955904,-0.004806265700608492
5,e,forest_frac_slope_2000_2025,ssrd_wm2_slope_2000_2025,-0.0088549641192882,-0.0767702644690871,0.007143000140786171,-0.0044183069840073586
5,e,forest_frac_slope_2000_2025,ssrd_wm2_slope_2000_2025,-0.0084756043465002,-0.0767702644690871,0.007415862288326025,-0.003700444707646966
5,e,forest_frac_slope_2000_2025,ssrd_wm2_slope_2000_2025,-0.0080962445737121,-0.0767702644690871,0.008095812983810902,-0.0025958025362342596
5,e,forest_frac_slope_2000_2025,ssrd_wm2_slope_2000_2025,-0.007716884800924,-0.0767702644690871,0.008795204572379589,-0.00138563709333539
5,e,forest_frac_slope_2000_2025,ssrd_wm2_slope_2000_2025,-0.007337525028136,-0.0767702644690871,0.009423941373825073,-0.0005760593921877444
5,e,forest_frac_slope_2000_2025,ssrd_wm2_slope_2000_2025,-0.0069581652553479,-0.0767702644690871,0.009993609972298145,0.0006508159567601979
5,e,forest_frac_slope_2000_2025,ssrd_wm2_slope_2000_2025,-0.0065788054825598,-0.0767702644690871,0.01016801968216896,0.0010833080159500241
5,e,forest_frac_slope_2000_2025,ssrd_wm2_slope_2000_2025,-0.0061994457097717,-0.0767702644690871,0.010304317809641361,0.0017066325526684523
5,e,forest_frac_slope_2000_2025,ssrd_wm2_slope_2000_2025,-0.0058200859369837,-0.0767702644690871,0.011137661524116993,0.0031047153752297163
5,e,forest_frac_slope_2000_2025,ssrd_wm2_slope_2000_2025,-0.0054407261641956,-0.0767702644690871,0.013056676834821701,0.006108394358307123
5,e,forest_frac_slope_2000_2025,ssrd_wm2_slope_2000_2025,-0.0050613663914075,-0.0767702644690871,0.013042367063462734,0.006170990411192179
5,e,forest_frac_slope_2000_2025,ssrd_wm2_slope_2000_2025,-0.0046820066186195,-0.0767702644690871,0.014482156373560429,0.00825522094964981
5,e,forest_frac_slope_2000_2025,ssrd_wm2_slope_2000_2025,-0.0043026468458314,-0.0767702644690871,0.014920633286237717,0.009405054152011871
5,e,forest_frac_slope_2000_2025,ssrd_wm2_slope_2000_2025,-0.0039232870730433,-0.0767702644690871,0.015088504180312157,0.0099128233268857
5,e,forest_frac_slope_2000_2025,ssrd_wm2_slope_2000_2025,-0.0035439273002553,-0.0767702644690871,0.015604752115905285,0.01109659019857645
5,e,forest_frac_slope_2000_2025,ssrd_wm2_slope_2000_2025,-0.0031645675274672,-0.0767702644690871,0.015972236171364784,0.011779424734413624
5,e,forest_frac_slope_2000_2025,ssrd_wm2_slope_2000_2025,-0.0027852077546791,-0.0767702644690871,0.01696988195180893,0.012870775535702705
5,e,forest_frac_slope_2000_2025,ssrd_wm2_slope_2000_2025,-0.0024058479818911,-0.0767702644690871,0.017194896936416626,0.01346325408667326
5,e,forest_frac_slope_2000_2025,ssrd_wm2_slope_2000_2025,-0.002026488209103,-0.0767702644690871,0.017789991572499275,0.014514045789837837
5,e,forest_frac_slope_2000_2025,ssrd_wm2_slope_2000_2025,-0.0016471284363149,-0.0767702644690871,0.018205536529421806,0.0155023243278265
5,e,forest_frac_slope_2000_2025,ssrd_wm2_slope_2000_2025,-0.0012677686635269,-0.0767702644690871,0.01916094869375229,0.016988152638077736
5,e,forest_frac_slope_2000_2025,ssrd_wm2_slope_2000_2025,-0.0008884088907388,-0.0767702644690871,0.019897982478141785,0.018083728849887848
5,e,forest_frac_slope_2000_2025,ssrd_wm2_slope_2000_2025,-0.0005090491179507,-0.0767702644690871,0.020446905866265297,0.019190462306141853
5,e,forest_frac_slope_2000_2025,ssrd_wm2_slope_2000_2025,-0.0001296893451627,-0.0767702644690871,0.021141761913895607,0.02093787118792534
5,e,forest_frac_slope_2000_2025,ssrd_wm2_slope_2000_2025,0.0002496704276253,-0.0767702644690871,0.02312272973358631,0.02380998246371746
5,e,forest_frac_slope_2000_2025,ssrd_wm2_slope_2000_2025,0.0006290302004134,-0.0767702644690871,0.02343655750155449,0.024566467851400375
5,e,forest_frac_slope_2000_2025,ssrd_wm2_slope_2000_2025,0.0010083899732014,-0.0767702644690871,0.024078581482172012,0.025508923456072807
5,e,forest_frac_slope_2000_2025,ssrd_wm2_slope_2000_2025,0.0013877497459895,-0.0767702644690871,0.024277085438370705,0.025830555707216263
5,e,forest_frac_slope_2000_2025,ssrd_wm2_slope_2000_2025,0.0017671095187776,-0.0767702644690871,0.02433980256319046,0.02619088441133499
5,e,forest_frac_slope_2000_2025,ssrd_wm2_slope_2000_2025,0.0021464692915656,-0.0767702644690871,0.024774663150310516,0.026805363595485687
5,e,forest_frac_slope_2000_2025,ssrd_wm2_slope_2000_2025,0.0025258290643537,-0.0767702644690871,0.024882648140192032,0.027114378288388252
5,e,forest_frac_slope_2000_2025,ssrd_wm2_slope_2000_2025,0.0029051888371418,-0.0767702644690871,0.025311468169093132,0.0276938509196043
5,e,forest_frac_slope_2000_2025,ssrd_wm2_slope_2000_2025,0.0032845486099298,-0.0767702644690871,0.025546513497829437,0.028011061251163483
5,e,forest_frac_slope_2000_2025,ssrd_wm2_slope_2000_2025,0.0036639083827179,-0.0767702644690871,0.025553163141012192,0.028098920360207558
5,e,forest_frac_slope_2000_2025,ssrd_wm2_slope_2000_2025,0.004043268155506,-0.0767702644690871,0.02573724463582039,0.02835734374821186
5,e,forest_frac_slope_2000_2025,ssrd_wm2_slope_2000_2025,0.004422627928294,-0.0767702644690871,0.0260040033608675,0.028641782701015472
5,e,forest_frac_slope_2000_2025,ssrd_wm2_slope_2000_2025,0.0048019877010821,-0.0767702644690871,0.02602977678179741,0.028806626796722412
5,e,forest_frac_slope_2000_2025,ssrd_wm2_slope_2000_2025,0.0051813474738702,-0.0767702644690871,0.026230277493596077,0.02924960106611252
5,e,forest_frac_slope_2000_2025,ssrd_wm2_slope_2000_2025,0.0055607072466582,-0.0767702644690871,0.02623048983514309,0.029339952394366264
5,e,forest_frac_slope_2000_2025,ssrd_wm2_slope_2000_2025,0.0059400670194463,-0.0767702644690871,0.026193920522928238,0.029459422454237938
5,e,forest_frac_slope_2000_2025,ssrd_wm2_slope_2000_2025,-0.0092343238920763,-0.0753316655755043,0.006905981805175543,-0.004812110681086779
5,e,forest_frac_slope_2000_2025,ssrd_wm2_slope_2000_2025,-0.0088549641192882,-0.0753316655755043,0.007138140965253115,-0.004424673039466143
5,e,forest_frac_slope_2000_2025,ssrd_wm2_slope_2000_2025,-0.0084756043465002,-0.0753316655755043,0.007411002181470394,-0.003706624498590827
5,e,forest_frac_slope_2000_2025,ssrd_wm2_slope_2000_2025,-0.0080962445737121,-0.0753316655755043,0.008090954273939133,-0.002601857064291835
5,e,forest_frac_slope_2000_2025,ssrd_wm2_slope_2000_2025,-0.007716884800924,-0.0753316655755043,0.008790343999862671,-0.001391623169183731
5,e,forest_frac_slope_2000_2025,ssrd_wm2_slope_2000_2025,-0.007337525028136,-0.0753316655755043,0.009419080801308155,-0.0005818001227453351
5,e,forest_frac_slope_2000_2025,ssrd_wm2_slope_2000_2025,-0.0069581652553479,-0.0753316655755043,0.009988750331103802,0.0006451246445067227
5,e,forest_frac_slope_2000_2025,ssrd_wm2_slope_2000_2025,-0.0065788054825598,-0.0753316655755043,0.010163159109652042,0.0010776165872812271
5,e,forest_frac_slope_2000_2025,ssrd_wm2_slope_2000_2025,-0.0061994457097717,-0.0753316655755043,0.010299458168447018,0.0017009908333420753
5,e,forest_frac_slope_2000_2025,ssrd_wm2_slope_2000_2025,-0.0058200859369837,-0.0753316655755043,0.011132800951600075,0.0030991227831691504
5,e,forest_frac_slope_2000_2025,ssrd_wm2_slope_2000_2025,-0.0054407261641956,-0.0753316655755043,0.013051816262304783,0.006102948449552059
5,e,forest_frac_slope_2000_2025,ssrd_wm2_slope_2000_2025,-0.0050613663914075,-0.0753316655755043,0.013039104640483856,0.006167191080749035
5,e,forest_frac_slope_2000_2025,ssrd_wm2_slope_2000_2025,-0.0046820066186195,-0.0753316655755043,0.014478894881904125,0.008251520805060863
5,e,forest_frac_slope_2000_2025,ssrd_wm2_slope_2000_2025,-0.0043026468458314,-0.0753316655755043,0.014917370863258839,0.009401421993970871
5,e,forest_frac_slope_2000_2025,ssrd_wm2_slope_2000_2025,-0.0039232870730433,-0.0753316655755043,0.015085240826010704,0.009909259155392647
5,e,forest_frac_slope_2000_2025,ssrd_wm2_slope_2000_2025,-0.0035439273002553,-0.0753316655755043,0.015601488761603832,0.011093223467469215
5,e,forest_frac_slope_2000_2025,ssrd_wm2_slope_2000_2025,-0.0031645675274672,-0.0753316655755043,0.01596897281706333,0.011776276864111423
5,e,forest_frac_slope_2000_2025,ssrd_wm2_slope_2000_2025,-0.0027852077546791,-0.0753316655755043,0.016966618597507477,0.012867793440818787
5,e,forest_frac_slope_2000_2025,ssrd_wm2_slope_2000_2025,-0.0024058479818911,-0.0753316655755043,0.017191635444760323,0.013460321351885796
5,e,forest_frac_slope_2000_2025,ssrd_wm2_slope_2000_2025,-0.002026488209103,-0.0753316655755043,0.01778673194348812,0.014511211775243282
5,e,forest_frac_slope_2000_2025,ssrd_wm2_slope_2000_2025,-0.0016471284363149,-0.0753316655755043,0.018202273175120354,0.015499688684940338
5,e,forest_frac_slope_2000_2025,ssrd_wm2_slope_2000_2025,-0.0012677686635269,-0.0753316655755043,0.019157685339450836,0.01698579452931881
5,e,forest_frac_slope_2000_2025,ssrd_wm2_slope_2000_2025,-0.0008884088907388,-0.0753316655755043,0.019894717261195183,0.01808162033557892
5,e,forest_frac_slope_2000_2025,ssrd_wm2_slope_2000_2025,-0.0005090491179507,-0.0753316655755043,0.020443644374608994,0.0191887766122818
5,e,forest_frac_slope_2000_2025,ssrd_wm2_slope_2000_2025,-0.0001296893451627,-0.0753316655755043,0.02113799750804901,0.02093612588942051
5,e,forest_frac_slope_2000_2025,ssrd_wm2_slope_2000_2025,0.0002496704276253,-0.0753316655755043,0.02311369590461254,0.023803411051630974
5,e,forest_frac_slope_2000_2025,ssrd_wm2_slope_2000_2025,0.0006290302004134,-0.0753316655755043,0.02342752367258072,0.02456064522266388
5,e,forest_frac_slope_2000_2025,ssrd_wm2_slope_2000_2025,0.0010083899732014,-0.0753316655755043,0.024069545790553093,0.02550349570810795
5,e,forest_frac_slope_2000_2025,ssrd_wm2_slope_2000_2025,0.0013877497459895,-0.0753316655755043,0.024267097935080528,0.025824567303061485
5,e,forest_frac_slope_2000_2025,ssrd_wm2_slope_2000_2025,0.0017671095187776,-0.0753316655755043,0.024329815059900284,0.026185767725110054
5,e,forest_frac_slope_2000_2025,ssrd_wm2_slope_2000_2025,0.0021464692915656,-0.0753316655755043,0.02476467378437519,0.02680123597383499
5,e,forest_frac_slope_2000_2025,ssrd_wm2_slope_2000_2025,0.0025258290643537,-0.0753316655755043,0.024872662499547005,0.02711748145520687
5,e,forest_frac_slope_2000_2025,ssrd_wm2_slope_2000_2025,0.0029051888371418,-0.0753316655755043,0.025301482528448105,0.027697153389453888
5,e,forest_frac_slope_2000_2025,ssrd_wm2_slope_2000_2025,0.0032845486099298,-0.0753316655755043,0.02553652599453926,0.028014754876494408
5,e,forest_frac_slope_2000_2025,ssrd_wm2_slope_2000_2025,0.0036639083827179,-0.0753316655755043,0.025543175637722015,0.02810286544263363
5,e,forest_frac_slope_2000_2025,ssrd_wm2_slope_2000_2025,0.004043268155506,-0.0753316655755043,0.025727257132530212,0.028361402451992035
5,e,forest_frac_slope_2000_2025,ssrd_wm2_slope_2000_2025,0.004422627928294,-0.0753316655755043,0.025994015857577324,0.028645839542150497
5,e,forest_frac_slope_2000_2025,ssrd_wm2_slope_2000_2025,0.0048019877010821,-0.0753316655755043,0.026019789278507233,0.02881067991256714
5,e,forest_frac_slope_2000_2025,ssrd_wm2_slope_2000_2025,0.0051813474738702,-0.0753316655755043,0.0262202899903059,0.029253704473376274
5,e,forest_frac_slope_2000_2025,ssrd_wm2_slope_2000_2025,0.0055607072466582,-0.0753316655755043,0.026220502331852913,0.02934415265917778
5,e,forest_frac_slope_2000_2025,ssrd_wm2_slope_2000_2025,0.0059400670194463,-0.0753316655755043,0.02618393301963806,0.029463673010468483
6,f,forest_frac_slope_2000_2025,pop_log_density_2000,-0.0092343238920763,0.0,0.006999364588409662,-0.00465594045817852
6,f,forest_frac_slope_2000_2025,pop_log_density_2000,-0.0088549641192882,0.0,0.007246351335197687,-0.004260928835719824
6,f,forest_frac_slope_2000_2025,pop_log_density_2000,-0.0084756043465002,0.0,0.007507508620619774,-0.0035364986397325993
6,f,forest_frac_slope_2000_2025,pop_log_density_2000,-0.0080962445737121,0.0,0.00819431897252798,-0.002427843166515231
6,f,forest_frac_slope_2000_2025,pop_log_density_2000,-0.007716884800924,0.0,0.008848846890032291,-0.0012552861589938402
6,f,forest_frac_slope_2000_2025,pop_log_density_2000,-0.007337525028136,0.0,0.009498746134340763,-0.00044952030293643475
6,f,forest_frac_slope_2000_2025,pop_log_density_2000,-0.0069581652553479,0.0,0.010065089911222458,0.0007501483196392655
6,f,forest_frac_slope_2000_2025,pop_log_density_2000,-0.0065788054825598,0.0,0.010264107026159763,0.001168136252090335
6,f,forest_frac_slope_2000_2025,pop_log_density_2000,-0.0061994457097717,0.0,0.010400255210697651,0.001794326351955533
6,f,forest_frac_slope_2000_2025,pop_log_density_2000,-0.0058200859369837,0.0,0.011283953674137592,0.0032787874806672335
6,f,forest_frac_slope_2000_2025,pop_log_density_2000,-0.0054407261641956,0.0,0.013123796321451664,0.006249558180570602
6,f,forest_frac_slope_2000_2025,pop_log_density_2000,-0.0050613663914075,0.0,0.013107744976878166,0.006312130950391293
6,f,forest_frac_slope_2000_2025,pop_log_density_2000,-0.0046820066186195,0.0,0.014541050419211388,0.00840281043201685
6,f,forest_frac_slope_2000_2025,pop_log_density_2000,-0.0043026468458314,0.0,0.014962472952902317,0.00955465342849493
6,f,forest_frac_slope_2000_2025,pop_log_density_2000,-0.0039232870730433,0.0,0.015129610896110535,0.010071417316794395
6,f,forest_frac_slope_2000_2025,pop_log_density_2000,-0.0035439273002553,0.0,0.01562623865902424,0.01126139611005783
6,f,forest_frac_slope_2000_2025,pop_log_density_2000,-0.0031645675274672,0.0,0.016046736389398575,0.01200688723474741
6,f,forest_frac_slope_2000_2025,pop_log_density_2000,-0.0027852077546791,0.0,0.017135702073574066,0.01317468099296093
6,f,forest_frac_slope_2000_2025,pop_log_density_2000,-0.0024058479818911,0.0,0.017394619062542915,0.013811282813549042
6,f,forest_frac_slope_2000_2025,pop_log_density_2000,-0.002026488209103,0.0,0.01812010444700718,0.01499954890459776
6,f,forest_frac_slope_2000_2025,pop_log_density_2000,-0.0016471284363149,0.0,0.01858251541852951,0.016055021435022354
6,f,forest_frac_slope_2000_2025,pop_log_density_2000,-0.0012677686635269,0.0,0.019583681598305702,0.01761193573474884
6,f,forest_frac_slope_2000_2025,pop_log_density_2000,-0.0008884088907388,0.0,0.020446689799427986,0.018799858167767525
6,f,forest_frac_slope_2000_2025,pop_log_density_2000,-0.0005090491179507,0.0,0.02110893279314041,0.01992628164589405
6,f,forest_frac_slope_2000_2025,pop_log_density_2000,-0.0001296893451627,0.0,0.021912163123488426,0.021764852106571198
6,f,forest_frac_slope_2000_2025,pop_log_density_2000,0.0002496704276253,0.0,0.02385821007192135,0.02461431175470352
6,f,forest_frac_slope_2000_2025,pop_log_density_2000,0.0006290302004134,0.0,0.024165833368897438,0.02540002390742302
6,f,forest_frac_slope_2000_2025,pop_log_density_2000,0.0010083899732014,0.0,0.024758199229836464,0.026288844645023346
6,f,forest_frac_slope_2000_2025,pop_log_density_2000,0.0013877497459895,0.0,0.024968402460217476,0.026635916903614998
6,f,forest_frac_slope_2000_2025,pop_log_density_2000,0.0017671095187776,0.0,0.02503099851310253,0.02699775993824005
6,f,forest_frac_slope_2000_2025,pop_log_density_2000,0.0021464692915656,0.0,0.025496454909443855,0.027644561603665352
6,f,forest_frac_slope_2000_2025,pop_log_density_2000,0.0025258290643537,0.0,0.025645872578024864,0.02797679975628853
6,f,forest_frac_slope_2000_2025,pop_log_density_2000,0.0029051888371418,0.0,0.02605058066546917,0.028531556949019432
6,f,forest_frac_slope_2000_2025,pop_log_density_2000,0.0032845486099298,0.0,0.026253079995512962,0.02880321443080902
6,f,forest_frac_slope_2000_2025,pop_log_density_2000,0.0036639083827179,0.0,0.026259368285536766,0.028878064826130867
6,f,forest_frac_slope_2000_2025,pop_log_density_2000,0.004043268155506,0.0,0.026442497968673706,0.029131002724170685
6,f,forest_frac_slope_2000_2025,pop_log_density_2000,0.004422627928294,0.0,0.026692209765315056,0.029398364946246147
6,f,forest_frac_slope_2000_2025,pop_log_density_2000,0.0048019877010821,0.0,0.026717999950051308,0.029553603380918503
6,f,forest_frac_slope_2000_2025,pop_log_density_2000,0.0051813474738702,0.0,0.02690020576119423,0.02993541769683361
6,f,forest_frac_slope_2000_2025,pop_log_density_2000,0.0055607072466582,0.0,0.026900557801127434,0.03001219406723976
6,f,forest_frac_slope_2000_2025,pop_log_density_2000,0.0059400670194463,0.0,0.026867037639021873,0.03012762777507305
6,f,forest_frac_slope_2000_2025,pop_log_density_2000,-0.0092343238920763,0.1602119639875981,0.007246552500873804,-0.004368246998637915
6,f,forest_frac_slope_2000_2025,pop_log_density_2000,-0.0088549641192882,0.1602119639875981,0.007454253267496824,-0.004040714353322983
6,f,forest_frac_slope_2000_2025,pop_log_density_2000,-0.0084756043465002,0.1602119639875981,0.007719714660197496,-0.0033970351796597242
6,f,forest_frac_slope_2000_2025,pop_log_density_2000,-0.0080962445737121,0.1602119639875981,0.008467311039566994,-0.002263366710394621
6,f,forest_frac_slope_2000_2025,pop_log_density_2000,-0.007716884800924,0.1602119639875981,0.009218553081154823,-0.0009837038815021515
6,f,forest_frac_slope_2000_2025,pop_log_density_2000,-0.007337525028136,0.1602119639875981,0.00986845139414072,-0.00017814137390814722
6,f,forest_frac_slope_2000_2025,pop_log_density_2000,-0.0069581652553479,0.1602119639875981,0.010464816354215145,0.0009622375364415348
6,f,forest_frac_slope_2000_2025,pop_log_density_2000,-0.0065788054825598,0.1602119639875981,0.010657328180968761,0.0013815037673339248
6,f,forest_frac_slope_2000_2025,pop_log_density_2000,-0.0061994457097717,0.1602119639875981,0.010793477296829224,0.0020097934175282717
6,f,forest_frac_slope_2000_2025,pop_log_density_2000,-0.0058200859369837,0.1602119639875981,0.011737251654267311,0.0035892589949071407
6,f,forest_frac_slope_2000_2025,pop_log_density_2000,-0.0054407261641956,0.1602119639875981,0.013644916005432606,0.006627843249589205
6,f,forest_frac_slope_2000_2025,pop_log_density_2000,-0.0050613663914075,0.1602119639875981,0.013628864660859108,0.006691839080303907
6,f,forest_frac_slope_2000_2025,pop_log_density_2000,-0.0046820066186195,0.1602119639875981,0.015128682367503643,0.008851084858179092
6,f,forest_frac_slope_2000_2025,pop_log_density_2000,-0.0043026468458314,0.1602119639875981,0.015681413933634758,0.010133959352970123
6,f,forest_frac_slope_2000_2025,pop_log_density_2000,-0.0039232870730433,0.1602119639875981,0.015859298408031464,0.0106528764590621
6,f,forest_frac_slope_2000_2025,pop_log_density_2000,-0.0035439273002553,0.1602119639875981,0.016421601176261902,0.01195169985294342
6,f,forest_frac_slope_2000_2025,pop_log_density_2000,-0.0031645675274672,0.1602119639875981,0.016945896670222282,0.012836787849664688
6,f,forest_frac_slope_2000_2025,pop_log_density_2000,-0.0027852077546791,0.1602119639875981,0.018058856949210167,0.01411027554422617
6,f,forest_frac_slope_2000_2025,pop_log_density_2000,-0.0024058479818911,0.1602119639875981,0.018299348652362823,0.014713268727064133
6,f,forest_frac_slope_2000_2025,pop_log_density_2000,-0.002026488209103,0.1602119639875981,0.01898801513016224,0.015844501554965973
6,f,forest_frac_slope_2000_2025,pop_log_density_2000,-0.0016471284363149,0.1602119639875981,0.01949084922671318,0.01692776009440422
6,f,forest_frac_slope_2000_2025,pop_log_density_2000,-0.0012677686635269,0.1602119639875981,0.02050604671239853,0.018482713028788567
6,f,forest_frac_slope_2000_2025,pop_log_density_2000,-0.0008884088907388,0.1602119639875981,0.021236324682831764,0.019526656717061996
6,f,forest_frac_slope_2000_2025,pop_log_density_2000,-0.0005090491179507,0.1602119639875981,0.021637551486492157,0.020458020269870758
6,f,forest_frac_slope_2000_2025,pop_log_density_2000,-0.0001296893451627,0.1602119639875981,0.022331053391098976,0.022208767011761665
6,f,forest_frac_slope_2000_2025,pop_log_density_2000,0.0002496704276253,0.1602119639875981,0.024028688669204712,0.024761753156781197
6,f,forest_frac_slope_2000_2025,pop_log_density_2000,0.0006290302004134,0.1602119639875981,0.02433612570166588,0.02554047666490078
6,f,forest_frac_slope_2000_2025,pop_log_density_2000,0.0010083899732014,0.1602119639875981,0.02492349036037922,0.026420967653393745
6,f,forest_frac_slope_2000_2025,pop_log_density_2000,0.0013877497459895,0.1602119639875981,0.025130148977041245,0.026760997250676155
6,f,forest_frac_slope_2000_2025,pop_log_density_2000,0.0017671095187776,0.1602119639875981,0.0251927450299263,0.027115507051348686
6,f,forest_frac_slope_2000_2025,pop_log_density_2000,0.0021464692915656,0.1602119639875981,0.02565743215382099,0.027759870514273643
6,f,forest_frac_slope_2000_2025,pop_log_density_2000,0.0025258290643537,0.1602119639875981,0.025806849822402,0.028091035783290863
6,f,forest_frac_slope_2000_2025,pop_log_density_2000,0.0029051888371418,0.1602119639875981,0.026211557909846306,0.028644956648349762
6,f,forest_frac_slope_2000_2025,pop_log_density_2000,0.0032845486099298,0.1602119639875981,0.0264140572398901,0.028915248811244965
6,f,forest_frac_slope_2000_2025,pop_log_density_2000,0.0036639083827179,0.1602119639875981,0.026420345529913902,0.02898920699954033
6,f,forest_frac_slope_2000_2025,pop_log_density_2000,0.004043268155506,0.1602119639875981,0.026602182537317276,0.029240000993013382
6,f,forest_frac_slope_2000_2025,pop_log_density_2000,0.004422627928294,0.1602119639875981,0.026851743459701538,0.02950676530599594
6,f,forest_frac_slope_2000_2025,pop_log_density_2000,0.0048019877010821,0.1602119639875981,0.02687753736972809,0.02966161072254181
6,f,forest_frac_slope_2000_2025,pop_log_density_2000,0.0051813474738702,0.1602119639875981,0.02705974318087101,0.030043013393878937
6,f,forest_frac_slope_2000_2025,pop_log_density_2000,0.0055607072466582,0.1602119639875981,0.027060091495513916,0.03011990897357464
6,f,forest_frac_slope_2000_2025,pop_log_density_2000,0.0059400670194463,0.1602119639875981,0.027015406638383865,0.0302236620336771
6,f,forest_frac_slope_2000_2025,pop_log_density_2000,-0.0092343238920763,0.3204239279751962,0.0072540584951639175,-0.004225295968353748
6,f,forest_frac_slope_2000_2025,pop_log_density_2000,-0.0088549641192882,0.3204239279751962,0.007461759261786938,-0.0038978434167802334
6,f,forest_frac_slope_2000_2025,pop_log_density_2000,-0.0084756043465002,0.3204239279751962,0.00772722065448761,-0.0032540219835937023
6,f,forest_frac_slope_2000_2025,pop_log_density_2000,-0.0080962445737121,0.3204239279751962,0.008474817499518394,-0.0021201842464506626
6,f,forest_frac_slope_2000_2025,pop_log_density_2000,-0.007716884800924,0.3204239279751962,0.009226059541106224,-0.0008419985533691943
6,f,forest_frac_slope_2000_2025,pop_log_density_2000,-0.007337525028136,0.3204239279751962,0.009875958785414696,-4.1190782212652266e-05
6,f,forest_frac_slope_2000_2025,pop_log_density_2000,-0.0069581652553479,0.3204239279751962,0.01047395821660757,0.0010638578096404672
6,f,forest_frac_slope_2000_2025,pop_log_density_2000,-0.0065788054825598,0.3204239279751962,0.010666469112038612,0.0014708753442391753
6,f,forest_frac_slope_2000_2025,pop_log_density_2000,-0.0061994457097717,0.3204239279751962,0.0108026172965765,0.002095938893035054
6,f,forest_frac_slope_2000_2025,pop_log_density_2000,-0.0058200859369837,0.3204239279751962,0.011746392585337162,0.00367256673052907
6,f,forest_frac_slope_2000_2025,pop_log_density_2000,-0.0054407261641956,0.3204239279751962,0.013654056936502457,0.006709893699735403
6,f,forest_frac_slope_2000_2025,pop_log_density_2000,-0.0050613663914075,0.3204239279751962,0.013638006523251534,0.006773573346436024
6,f,forest_frac_slope_2000_2025,pop_log_density_2000,-0.0046820066186195,0.3204239279751962,0.015137825161218643,0.008933008648455143
6,f,forest_frac_slope_2000_2025,pop_log_density_2000,-0.0043026468458314,0.3204239279751962,0.015690555796027184,0.0102152144536376
6,f,forest_frac_slope_2000_2025,pop_log_density_2000,-0.0039232870730433,0.3204239279751962,0.01586844213306904,0.01073349080979824
6,f,forest_frac_slope_2000_2025,pop_log_density_2000,-0.0035439273002553,0.3204239279751962,0.016430741176009178,0.012031379155814648
6,f,forest_frac_slope_2000_2025,pop_log_density_2000,-0.0031645675274672,0.3204239279751962,0.016955038532614708,0.01291543710976839
6,f,forest_frac_slope_2000_2025,pop_log_density_2000,-0.0027852077546791,0.3204239279751962,0.018088025972247124,0.01423883717507124
6,f,forest_frac_slope_2000_2025,pop_log_density_2000,-0.0024058479818911,0.3204239279751962,0.01832851767539978,0.014840791933238506
6,f,forest_frac_slope_2000_2025,pop_log_density_2000,-0.002026488209103,0.3204239279751962,0.019017184153199196,0.01597122848033905
6,f,forest_frac_slope_2000_2025,pop_log_density_2000,-0.0016471284363149,0.3204239279751962,0.01951582171022892,0.017050324007868767
6,f,forest_frac_slope_2000_2025,pop_log_density_2000,-0.0012677686635269,0.3204239279751962,0.02051074057817459,0.018551228567957878
6,f,forest_frac_slope_2000_2025,pop_log_density_2000,-0.0008884088907388,0.3204239279751962,0.02124261111021042,0.01959308236837387
6,f,forest_frac_slope_2000_2025,pop_log_density_2000,-0.0005090491179507,0.3204239279751962,0.021643836051225662,0.02051931619644165
6,f,forest_frac_slope_2000_2025,pop_log_density_2000,-0.0001296893451627,0.3204239279751962,0.02233733795583248,0.022225528955459595
6,f,forest_frac_slope_2000_2025,pop_log_density_2000,0.0002496704276253,0.3204239279751962,0.024035394191741943,0.024772442877292633
6,f,forest_frac_slope_2000_2025,pop_log_density_2000,0.0006290302004134,0.3204239279751962,0.024343246594071388,0.02554955519735813
6,f,forest_frac_slope_2000_2025,pop_log_density_2000,0.0010083899732014,0.3204239279751962,0.02493061125278473,0.026427768170833588
6,f,forest_frac_slope_2000_2025,pop_log_density_2000,0.0013877497459895,0.3204239279751962,0.025137271732091904,0.026766924187541008
6,f,forest_frac_slope_2000_2025,pop_log_density_2000,0.0017671095187776,0.3204239279751962,0.02519986778497696,0.027120335027575493
6,f,forest_frac_slope_2000_2025,pop_log_density_2000,0.0021464692915656,0.3204239279751962,0.025664551183581352,0.027763718739151955
6,f,forest_frac_slope_2000_2025,pop_log_density_2000,0.0025258290643537,0.3204239279751962,0.02581397257745266,0.028094394132494926
6,f,forest_frac_slope_2000_2025,pop_log_density_2000,0.0029051888371418,0.3204239279751962,0.026218678802251816,0.02864794433116913
6,f,forest_frac_slope_2000_2025,pop_log_density_2000,0.0032845486099298,0.3204239279751962,0.026421179994940758,0.028918113559484482
6,f,forest_frac_slope_2000_2025,pop_log_density_2000,0.0036639083827179,0.3204239279751962,0.026428131386637688,0.02899261564016342
6,f,forest_frac_slope_2000_2025,pop_log_density_2000,0.004043268155506,0.3204239279751962,0.02660997025668621,0.029243163764476776
6,f,forest_frac_slope_2000_2025,pop_log_density_2000,0.004422627928294,0.3204239279751962,0.026859531179070473,0.029509926214814186
6,f,forest_frac_slope_2000_2025,pop_log_density_2000,0.0048019877010821,0.3204239279751962,0.026884345337748528,0.029663795605301857
6,f,forest_frac_slope_2000_2025,pop_log_density_2000,0.0051813474738702,0.3204239279751962,0.0270665492862463,0.030045077204704285
6,f,forest_frac_slope_2000_2025,pop_log_density_2000,0.0055607072466582,0.3204239279751962,0.027066905051469803,0.030121969059109688
6,f,forest_frac_slope_2000_2025,pop_log_density_2000,0.0059400670194463,0.3204239279751962,0.027022218331694603,0.030225597321987152
6,f,forest_frac_slope_2000_2025,pop_log_density_2000,-0.0092343238920763,0.4806358919627944,0.007259187754243612,-0.004219882655888796
6,f,forest_frac_slope_2000_2025,pop_log_density_2000,-0.0088549641192882,0.4806358919627944,0.0074668885208666325,-0.003892197972163558
6,f,forest_frac_slope_2000_2025,pop_log_density_2000,-0.0084756043465002,0.4806358919627944,0.007732349913567305,-0.0032481439411640167
6,f,forest_frac_slope_2000_2025,pop_log_density_2000,-0.0080962445737121,0.4806358919627944,0.008479946292936802,-0.0021140738390386105
6,f,forest_frac_slope_2000_2025,pop_log_density_2000,-0.007716884800924,0.4806358919627944,0.009231188334524632,-0.0008357592159882188
6,f,forest_frac_slope_2000_2025,pop_log_density_2000,-0.007337525028136,0.4806358919627944,0.009881087578833103,-3.495163036859594e-05
6,f,forest_frac_slope_2000_2025,pop_log_density_2000,-0.0069581652553479,0.4806358919627944,0.010478206910192966,0.001069979858584702
6,f,forest_frac_slope_2000_2025,pop_log_density_2000,-0.0065788054825598,0.4806358919627944,0.010670717805624008,0.0014769973931834102
6,f,forest_frac_slope_2000_2025,pop_log_density_2000,-0.0061994457097717,0.4806358919627944,0.01080686692148447,0.002102112164720893
6,f,forest_frac_slope_2000_2025,pop_log_density_2000,-0.0058200859369837,0.4806358919627944,0.011750641278922558,0.003678711364045739
6,f,forest_frac_slope_2000_2025,pop_log_density_2000,-0.0054407261641956,0.4806358919627944,0.013658307492733002,0.006716038566082716
6,f,forest_frac_slope_2000_2025,pop_log_density_2000,-0.0050613663914075,0.4806358919627944,0.013642254285514355,0.00677979551255703
6,f,forest_frac_slope_2000_2025,pop_log_density_2000,-0.0046820066186195,0.4806358919627944,0.015142074786126614,0.008939229883253574
6,f,forest_frac_slope_2000_2025,pop_log_density_2000,-0.0043026468458314,0.4806358919627944,0.01569480448961258,0.010221435688436031
6,f,forest_frac_slope_2000_2025,pop_log_density_2000,-0.0039232870730433,0.4806358919627944,0.015872688964009285,0.010739684104919434
6,f,forest_frac_slope_2000_2025,pop_log_density_2000,-0.0035439273002553,0.4806358919627944,0.016434989869594574,0.012037545442581177
6,f,forest_frac_slope_2000_2025,pop_log_density_2000,-0.0031645675274672,0.4806358919627944,0.016959287226200104,0.012921640649437904
6,f,forest_frac_slope_2000_2025,pop_log_density_2000,-0.0027852077546791,0.4806358919627944,0.01809227652847767,0.014244938269257545
6,f,forest_frac_slope_2000_2025,pop_log_density_2000,-0.0024058479818911,0.4806358919627944,0.018332768231630325,0.01484686229377985
6,f,forest_frac_slope_2000_2025,pop_log_density_2000,-0.002026488209103,0.4806358919627944,0.01902143470942974,0.01597732864320278
6,f,forest_frac_slope_2000_2025,pop_log_density_2000,-0.0016471284363149,0.4806358919627944,0.019521070644259453,0.017057377845048904
6,f,forest_frac_slope_2000_2025,pop_log_density_2000,-0.0012677686635269,0.4806358919627944,0.020515989512205124,0.018558355048298836
6,f,forest_frac_slope_2000_2025,pop_log_density_2000,-0.0008884088907388,0.4806358919627944,0.02124786004424095,0.019600193947553635
6,f,forest_frac_slope_2000_2025,pop_log_density_2000,-0.0005090491179507,0.4806358919627944,0.021649084985256195,0.020526373758912086
6,f,forest_frac_slope_2000_2025,pop_log_density_2000,-0.0001296893451627,0.4806358919627944,0.022342586889863014,0.022235075011849403
6,f,forest_frac_slope_2000_2025,pop_log_density_2000,0.0002496704276253,0.4806358919627944,0.024040643125772476,0.024776864796876907
6,f,forest_frac_slope_2000_2025,pop_log_density_2000,0.0006290302004134,0.4806358919627944,0.02434849552810192,0.025553226470947266
6,f,forest_frac_slope_2000_2025,pop_log_density_2000,0.0010083899732014,0.4806358919627944,0.024935860186815262,0.026431100443005562
6,f,forest_frac_slope_2000_2025,pop_log_density_2000,0.0013877497459895,0.4806358919627944,0.025142520666122437,0.026770178228616714
6,f,forest_frac_slope_2000_2025,pop_log_density_2000,0.0017671095187776,0.4806358919627944,0.025205116719007492,0.027123695239424706
6,f,forest_frac_slope_2000_2025,pop_log_density_2000,0.0021464692915656,0.4806358919627944,0.025669801980257034,0.027767078951001167
6,f,forest_frac_slope_2000_2025,pop_log_density_2000,0.0025258290643537,0.4806358919627944,0.025819221511483192,0.02809775434434414
6,f,forest_frac_slope_2000_2025,pop_log_density_2000,0.0029051888371418,0.4806358919627944,0.0262239258736372,0.02865130826830864
6,f,forest_frac_slope_2000_2025,pop_log_density_2000,0.0032845486099298,0.4806358919627944,0.026426205411553383,0.028921248391270638
6,f,forest_frac_slope_2000_2025,pop_log_density_2000,0.0036639083827179,0.4806358919627944,0.026433156803250313,0.028995780274271965
6,f,forest_frac_slope_2000_2025,pop_log_density_2000,0.004043268155506,0.4806358919627944,0.026614995673298836,0.02924633026123047
6,f,forest_frac_slope_2000_2025,pop_log_density_2000,0.004422627928294,0.4806358919627944,0.02686455473303795,0.02951306290924549
6,f,forest_frac_slope_2000_2025,pop_log_density_2000,0.0048019877010821,0.4806358919627944,0.026889368891716003,0.029666932299733162
6,f,forest_frac_slope_2000_2025,pop_log_density_2000,0.0051813474738702,0.4806358919627944,0.027071578428149223,0.03004818595945835
6,f,forest_frac_slope_2000_2025,pop_log_density_2000,0.0055607072466582,0.4806358919627944,0.027071930468082428,0.030125051736831665
6,f,forest_frac_slope_2000_2025,pop_log_density_2000,0.0059400670194463,0.4806358919627944,0.027027243748307228,0.030228685587644577
6,f,forest_frac_slope_2000_2025,pop_log_density_2000,-0.0092343238920763,0.6408478559503925,0.00726517615839839,-0.004212311003357172
6,f,forest_frac_slope_2000_2025,pop_log_density_2000,-0.0088549641192882,0.6408478559503925,0.007472875993698835,-0.0038845976814627647
6,f,forest_frac_slope_2000_2025,pop_log_density_2000,-0.0084756043465002,0.6408478559503925,0.007738338317722082,-0.003240500343963504
6,f,forest_frac_slope_2000_2025,pop_log_density_2000,-0.0080962445737121,0.6408478559503925,0.008485933765769005,-0.0021064302418380976
6,f,forest_frac_slope_2000_2025,pop_log_density_2000,-0.007716884800924,0.6408478559503925,0.009237176738679409,-0.0008283387869596481
6,f,forest_frac_slope_2000_2025,pop_log_density_2000,-0.007337525028136,0.6408478559503925,0.009887075051665306,-2.7531181331141852e-05
6,f,forest_frac_slope_2000_2025,pop_log_density_2000,-0.0069581652553479,0.6408478559503925,0.01048419438302517,0.0010774487163871527
6,f,forest_frac_slope_2000_2025,pop_log_density_2000,-0.0065788054825598,0.6408478559503925,0.010676706209778786,0.0014844662509858608
6,f,forest_frac_slope_2000_2025,pop_log_density_2000,-0.0061994457097717,0.6408478559503925,0.010812854394316673,0.0021095811389386654
6,f,forest_frac_slope_2000_2025,pop_log_density_2000,-0.0058200859369837,0.6408478559503925,0.011756629683077335,0.003686258802190423
6,f,forest_frac_slope_2000_2025,pop_log_density_2000,-0.0054407261641956,0.6408478559503925,0.013664293102920055,0.00672366376966238
6,f,forest_frac_slope_2000_2025,pop_log_density_2000,-0.0050613663914075,0.6408478559503925,0.013648242689669132,0.006787500344216824
6,f,forest_frac_slope_2000_2025,pop_log_density_2000,-0.0046820066186195,0.6408478559503925,0.015148061327636242,0.008946935646235943
6,f,forest_frac_slope_2000_2025,pop_log_density_2000,-0.0043026468458314,0.6408478559503925,0.015700792893767357,0.01022904273122549
6,f,forest_frac_slope_2000_2025,pop_log_density_2000,-0.0039232870730433,0.6408478559503925,0.015878677368164062,0.010747233405709267
6,f,forest_frac_slope_2000_2025,pop_log_density_2000,-0.0035439273002553,0.6408478559503925,0.016460832208395004,0.01206493191421032
6,f,forest_frac_slope_2000_2025,pop_log_density_2000,-0.0031645675274672,0.6408478559503925,0.016985129565000534,0.012949012219905853
6,f,forest_frac_slope_2000_2025,pop_log_density_2000,-0.0027852077546791,0.6408478559503925,0.0181181151419878,0.014272262342274189
6,f,forest_frac_slope_2000_2025,pop_log_density_2000,-0.0024058479818911,0.6408478559503925,0.018358608707785606,0.014874130487442017
6,f,forest_frac_slope_2000_2025,pop_log_density_2000,-0.002026488209103,0.6408478559503925,0.019047275185585022,0.016004441305994987
6,f,forest_frac_slope_2000_2025,pop_log_density_2000,-0.0016471284363149,0.6408478559503925,0.01954750157892704,0.017085080966353416
6,f,forest_frac_slope_2000_2025,pop_log_density_2000,-0.0012677686635269,0.6408478559503925,0.02054242044687271,0.018585920333862305
6,f,forest_frac_slope_2000_2025,pop_log_density_2000,-0.0008884088907388,0.6408478559503925,0.02127429097890854,0.01962762139737606
6,f,forest_frac_slope_2000_2025,pop_log_density_2000,-0.0005090491179507,0.6408478559503925,0.021675515919923782,0.020553801208734512
6,f,forest_frac_slope_2000_2025,pop_log_density_2000,-0.0001296893451627,0.6408478559503925,0.02235729619860649,0.022250359877943993
6,f,forest_frac_slope_2000_2025,pop_log_density_2000,0.0002496704276253,0.6408478559503925,0.02404697984457016,0.0247831828892231
6,f,forest_frac_slope_2000_2025,pop_log_density_2000,0.0006290302004134,0.6408478559503925,0.024354832246899605,0.025559404864907265
6,f,forest_frac_slope_2000_2025,pop_log_density_2000,0.0010083899732014,0.6408478559503925,0.024942195042967796,0.02643704228103161
6,f,forest_frac_slope_2000_2025,pop_log_density_2000,0.0013877497459895,0.6408478559503925,0.02514885552227497,0.02677612379193306
6,f,forest_frac_slope_2000_2025,pop_log_density_2000,0.0017671095187776,0.6408478559503925,0.025211451575160027,0.02712978981435299
6,f,forest_frac_slope_2000_2025,pop_log_density_2000,0.0021464692915656,0.6408478559503925,0.02567613683640957,0.027773253619670868
6,f,forest_frac_slope_2000_2025,pop_log_density_2000,0.0025258290643537,0.6408478559503925,0.025825558230280876,0.02810382843017578
6,f,forest_frac_slope_2000_2025,pop_log_density_2000,0.0029051888371418,0.6408478559503925,0.026230264455080032,0.028657400980591774
6,f,forest_frac_slope_2000_2025,pop_log_density_2000,0.0032845486099298,0.6408478559503925,0.026432542130351067,0.028927408158779144
6,f,forest_frac_slope_2000_2025,pop_log_density_2000,0.0036639083827179,0.6408478559503925,0.026439491659402847,0.02900194190442562
6,f,forest_frac_slope_2000_2025,pop_log_density_2000,0.004043268155506,0.6408478559503925,0.02662133239209652,0.0292523093521595
6,f,forest_frac_slope_2000_2025,pop_log_density_2000,0.004422627928294,0.6408478559503925,0.02687089331448078,0.029518891125917435
6,f,forest_frac_slope_2000_2025,pop_log_density_2000,0.0048019877010821,0.6408478559503925,0.026895703747868538,0.029672730714082718
6,f,forest_frac_slope_2000_2025,pop_log_density_2000,0.0051813474738702,0.6408478559503925,0.02707790955901146,0.030053826048970222
6,f,forest_frac_slope_2000_2025,pop_log_density_2000,0.0055607072466582,0.6408478559503925,0.027078265324234962,0.030130691826343536
6,f,forest_frac_slope_2000_2025,pop_log_density_2000,0.0059400670194463,0.6408478559503925,0.027033576741814613,0.0302343238145113
6,f,forest_frac_slope_2000_2025,pop_log_density_2000,-0.0092343238920763,0.8010598199379906,0.007282900623977184,-0.004070098977535963
6,f,forest_frac_slope_2000_2025,pop_log_density_2000,-0.0088549641192882,0.8010598199379906,0.007490600924938917,-0.003741587046533823
6,f,forest_frac_slope_2000_2025,pop_log_density_2000,-0.0084756043465002,0.8010598199379906,0.007756063248962164,-0.003093434264883399
6,f,forest_frac_slope_2000_2025,pop_log_density_2000,-0.0080962445737121,0.8010598199379906,0.008503659628331661,-0.0019578190986067057
6,f,forest_frac_slope_2000_2025,pop_log_density_2000,-0.007716884800924,0.8010598199379906,0.00925490166991949,-0.0006757534574717283
6,f,forest_frac_slope_2000_2025,pop_log_density_2000,-0.007337525028136,0.8010598199379906,0.009904800914227962,0.00013568346912506968
6,f,forest_frac_slope_2000_2025,pop_log_density_2000,-0.0069581652553479,0.8010598199379906,0.010517504997551441,0.001257198629900813
6,f,forest_frac_slope_2000_2025,pop_log_density_2000,-0.0065788054825598,0.8010598199379906,0.010710923932492733,0.0016661263071000576
6,f,forest_frac_slope_2000_2025,pop_log_density_2000,-0.0061994457097717,0.8010598199379906,0.010847073048353195,0.0022915476001799107
6,f,forest_frac_slope_2000_2025,pop_log_density_2000,-0.0058200859369837,0.8010598199379906,0.011790847405791283,0.0038680562283843756
6,f,forest_frac_slope_2000_2025,pop_log_density_2000,-0.0054407261641956,0.8010598199379906,0.013698512688279152,0.00690572801977396
6,f,forest_frac_slope_2000_2025,pop_log_density_2000,-0.0050613663914075,0.8010598199379906,0.01368246041238308,0.00696986448019743
6,f,forest_frac_slope_2000_2025,pop_log_density_2000,-0.0046820066186195,0.8010598199379906,0.01518227905035019,0.009128586389124393
6,f,forest_frac_slope_2000_2025,pop_log_density_2000,-0.0043026468458314,0.8010598199379906,0.01573501154780388,0.010404890403151512
6,f,forest_frac_slope_2000_2025,pop_log_density_2000,-0.0039232870730433,0.8010598199379906,0.015912896022200584,0.010921131819486618
6,f,forest_frac_slope_2000_2025,pop_log_density_2000,-0.0035439273002553,0.8010598199379906,0.0164942629635334,0.012186311185359955
6,f,forest_frac_slope_2000_2025,pop_log_density_2000,-0.0031645675274672,0.8010598199379906,0.01701856032013893,0.013070243410766125
6,f,forest_frac_slope_2000_2025,pop_log_density_2000,-0.0027852077546791,0.8010598199379906,0.018151549622416496,0.014391555450856686
6,f,forest_frac_slope_2000_2025,pop_log_density_2000,-0.0024058479818911,0.8010598199379906,0.018392041325569153,0.014991074800491333
6,f,forest_frac_slope_2000_2025,pop_log_density_2000,-0.002026488209103,0.8010598199379906,0.01908070594072342,0.01610681228339672
6,f,forest_frac_slope_2000_2025,pop_log_density_2000,-0.0016471284363149,0.8010598199379906,0.019580932334065437,0.01718234457075596
6,f,forest_frac_slope_2000_2025,pop_log_density_2000,-0.0012677686635269,0.8010598199379906,0.02057585120201111,0.018666543066501617
6,f,forest_frac_slope_2000_2025,pop_log_density_2000,-0.0008884088907388,0.8010598199379906,0.02129213698208332,0.019694026559591293
6,f,forest_frac_slope_2000_2025,pop_log_density_2000,-0.0005090491179507,0.8010598199379906,0.0216964203864336,0.02061399072408676
6,f,forest_frac_slope_2000_2025,pop_log_density_2000,-0.0001296893451627,0.8010598199379906,0.02237820066511631,0.022275410592556
6,f,forest_frac_slope_2000_2025,pop_log_density_2000,0.0002496704276253,0.8010598199379906,0.024065259844064713,0.024800250306725502
6,f,forest_frac_slope_2000_2025,pop_log_density_2000,0.0006290302004134,0.8010598199379906,0.024373110383749008,0.02557361125946045
6,f,forest_frac_slope_2000_2025,pop_log_density_2000,0.0010083899732014,0.8010598199379906,0.024960819631814957,0.02645082399249077
6,f,forest_frac_slope_2000_2025,pop_log_density_2000,0.0013877497459895,0.8010598199379906,0.02516748011112213,0.02678828500211239
6,f,forest_frac_slope_2000_2025,pop_log_density_2000,0.0017671095187776,0.8010598199379906,0.025230078026652336,0.027140850201249123
6,f,forest_frac_slope_2000_2025,pop_log_density_2000,0.0021464692915656,0.8010598199379906,0.02569476328790188,0.027783745899796486
6,f,forest_frac_slope_2000_2025,pop_log_density_2000,0.0025258290643537,0.8010598199379906,0.025844180956482887,0.028113828971982002
6,f,forest_frac_slope_2000_2025,pop_log_density_2000,0.0029051888371418,0.8010598199379906,0.026248887181282043,0.028667068108916283
6,f,forest_frac_slope_2000_2025,pop_log_density_2000,0.0032845486099298,0.8010598199379906,0.026451164856553078,0.028936825692653656
6,f,forest_frac_slope_2000_2025,pop_log_density_2000,0.0036639083827179,0.8010598199379906,0.026458116248250008,0.029010925441980362
6,f,forest_frac_slope_2000_2025,pop_log_density_2000,0.004043268155506,0.8010598199379906,0.02663995511829853,0.02926129288971424
6,f,forest_frac_slope_2000_2025,pop_log_density_2000,0.004422627928294,0.8010598199379906,0.026889514178037643,0.029527731239795685
6,f,forest_frac_slope_2000_2025,pop_log_density_2000,0.0048019877010821,0.8010598199379906,0.026914330199360847,0.029681352898478508
6,f,forest_frac_slope_2000_2025,pop_log_density_2000,0.0051813474738702,0.8010598199379906,0.027096537873148918,0.030062442645430565
6,f,forest_frac_slope_2000_2025,pop_log_density_2000,0.0055607072466582,0.8010598199379906,0.027096888050436974,0.03013927862048149
6,f,forest_frac_slope_2000_2025,pop_log_density_2000,0.0059400670194463,0.8010598199379906,0.027052201330661774,0.030242906883358955
6,f,forest_frac_slope_2000_2025,pop_log_density_2000,-0.0092343238920763,0.9612717839255888,0.0072782295756042,-0.00404297886416316
6,f,forest_frac_slope_2000_2025,pop_log_density_2000,-0.0088549641192882,0.9612717839255888,0.007485929410904646,-0.0037148778792470694
6,f,forest_frac_slope_2000_2025,pop_log_density_2000,-0.0084756043465002,0.9612717839255888,0.007751391734927893,-0.003066765144467354
6,f,forest_frac_slope_2000_2025,pop_log_density_2000,-0.0080962445737121,0.9612717839255888,0.00849898811429739,-0.0019315618555992842
6,f,forest_frac_slope_2000_2025,pop_log_density_2000,-0.007716884800924,0.9612717839255888,0.009250229224562645,-0.0006496983114629984
6,f,forest_frac_slope_2000_2025,pop_log_density_2000,-0.007337525028136,0.9612717839255888,0.009900128468871117,0.00016120601503644139
6,f,forest_frac_slope_2000_2025,pop_log_density_2000,-0.0069581652553479,0.9612717839255888,0.01051283348351717,0.001281852019019425
6,f,forest_frac_slope_2000_2025,pop_log_density_2000,-0.0065788054825598,0.9612717839255888,0.010706251487135887,0.0016900491900742054
6,f,forest_frac_slope_2000_2025,pop_log_density_2000,-0.0061994457097717,0.9612717839255888,0.01084240060299635,0.0023151615168899298
6,f,forest_frac_slope_2000_2025,pop_log_density_2000,-0.0058200859369837,0.9612717839255888,0.011786175891757011,0.003891004715114832
6,f,forest_frac_slope_2000_2025,pop_log_density_2000,-0.0054407261641956,0.9612717839255888,0.01369384117424488,0.00692847091704607
6,f,forest_frac_slope_2000_2025,pop_log_density_2000,-0.0050613663914075,0.9612717839255888,0.013677789829671383,0.006992247886955738
6,f,forest_frac_slope_2000_2025,pop_log_density_2000,-0.0046820066186195,0.9612717839255888,0.015216456726193428,0.009188995696604252
6,f,forest_frac_slope_2000_2025,pop_log_density_2000,-0.0043026468458314,0.9612717839255888,0.015772569924592972,0.010468373075127602
6,f,forest_frac_slope_2000_2025,pop_log_density_2000,-0.0039232870730433,0.9612717839255888,0.015950456261634827,0.010983996093273163
6,f,forest_frac_slope_2000_2025,pop_log_density_2000,-0.0035439273002553,0.9612717839255888,0.016531823202967644,0.012248056940734386
6,f,forest_frac_slope_2000_2025,pop_log_density_2000,-0.0031645675274672,0.9612717839255888,0.017056120559573174,0.013131371699273586
6,f,forest_frac_slope_2000_2025,pop_log_density_2000,-0.0027852077546791,0.9612717839255888,0.01818910613656044,0.014452171511948109
6,f,forest_frac_slope_2000_2025,pop_log_density_2000,-0.0024058479818911,0.9612717839255888,0.018429599702358246,0.015051085501909256
6,f,forest_frac_slope_2000_2025,pop_log_density_2000,-0.002026488209103,0.9612717839255888,0.01911826618015766,0.016165688633918762
6,f,forest_frac_slope_2000_2025,pop_log_density_2000,-0.0016471284363149,0.9612717839255888,0.01961849257349968,0.017239166423678398
6,f,forest_frac_slope_2000_2025,pop_log_density_2000,-0.0012677686635269,0.9612717839255888,0.02061341144144535,0.018721522763371468
6,f,forest_frac_slope_2000_2025,pop_log_density_2000,-0.0008884088907388,0.9612717839255888,0.021290849894285202,0.019708301872015
6,f,forest_frac_slope_2000_2025,pop_log_density_2000,-0.0005090491179507,0.9612717839255888,0.021695133298635483,0.020626001060009003
6,f,forest_frac_slope_2000_2025,pop_log_density_2000,-0.0001296893451627,0.9612717839255888,0.022376911714673042,0.02228064276278019
6,f,forest_frac_slope_2000_2025,pop_log_density_2000,0.0002496704276253,0.9612717839255888,0.024065108969807625,0.02480502799153328
6,f,forest_frac_slope_2000_2025,pop_log_density_2000,0.0006290302004134,0.9612717839255888,0.02437296323478222,0.025576496496796608
6,f,forest_frac_slope_2000_2025,pop_log_density_2000,0.0010083899732014,0.9612717839255888,0.024960674345493317,0.026453297585248947
6,f,forest_frac_slope_2000_2025,pop_log_density_2000,0.0013877497459895,0.9612717839255888,0.025167332962155342,0.02679034322500229
6,f,forest_frac_slope_2000_2025,pop_log_density_2000,0.0017671095187776,0.9612717839255888,0.02522992715239525,0.027142498642206192
6,f,forest_frac_slope_2000_2025,pop_log_density_2000,0.0021464692915656,0.9612717839255888,0.02569461427628994,0.027785036712884903
6,f,forest_frac_slope_2000_2025,pop_log_density_2000,0.0025258290643537,0.9612717839255888,0.025844354182481766,0.028115030378103256
6,f,forest_frac_slope_2000_2025,pop_log_density_2000,0.0029051888371418,0.9612717839255888,0.02624906226992607,0.028668269515037537
6,f,forest_frac_slope_2000_2025,pop_log_density_2000,0.0032845486099298,0.9612717839255888,0.026451341807842255,0.02893761545419693
6,f,forest_frac_slope_2000_2025,pop_log_density_2000,0.0036639083827179,0.9612717839255888,0.026458291336894035,0.029011720791459084
6,f,forest_frac_slope_2000_2025,pop_log_density_2000,0.004043268155506,0.9612717839255888,0.02664013020694256,0.029261983931064606
6,f,forest_frac_slope_2000_2025,pop_log_density_2000,0.004422627928294,0.9612717839255888,0.02688969299197197,0.029528213664889336
6,f,forest_frac_slope_2000_2025,pop_log_density_2000,0.0048019877010821,0.9612717839255888,0.026914505288004875,0.02968178503215313
6,f,forest_frac_slope_2000_2025,pop_log_density_2000,0.0051813474738702,0.9612717839255888,0.027096711099147797,0.030062774196267128
6,f,forest_frac_slope_2000_2025,pop_log_density_2000,0.0055607072466582,0.9612717839255888,0.027097063139081,0.030139608308672905
6,f,forest_frac_slope_2000_2025,pop_log_density_2000,0.0059400670194463,0.9612717839255888,0.0270523764193058,0.03024313598871231
6,f,forest_frac_slope_2000_2025,pop_log_density_2000,-0.0092343238920763,1.121483747913187,0.00731902290135622,-0.0040375590324401855
6,f,forest_frac_slope_2000_2025,pop_log_density_2000,-0.0088549641192882,1.121483747913187,0.00752672366797924,-0.00370833114720881
6,f,forest_frac_slope_2000_2025,pop_log_density_2000,-0.0084756043465002,1.121483747913187,0.007792186923325062,-0.0030593345873057842
6,f,forest_frac_slope_2000_2025,pop_log_density_2000,-0.0080962445737121,1.121483747913187,0.008539782837033272,-0.001922975992783904
6,f,forest_frac_slope_2000_2025,pop_log_density_2000,-0.007716884800924,1.121483747913187,0.009291023947298527,-0.0006396054523065686
6,f,forest_frac_slope_2000_2025,pop_log_density_2000,-0.007337525028136,1.121483747913187,0.009940924122929573,0.0001727219350868836
6,f,forest_frac_slope_2000_2025,pop_log_density_2000,-0.0069581652553479,1.121483747913187,0.010510453954339027,0.0012802203418686986
6,f,forest_frac_slope_2000_2025,pop_log_density_2000,-0.0065788054825598,1.121483747913187,0.010703871957957745,0.0016883912030607462
6,f,forest_frac_slope_2000_2025,pop_log_density_2000,-0.0061994457097717,1.121483747913187,0.010840020142495632,0.002313497941941023
6,f,forest_frac_slope_2000_2025,pop_log_density_2000,-0.0058200859369837,1.121483747913187,0.011783795431256294,0.0038893092423677444
6,f,forest_frac_slope_2000_2025,pop_log_density_2000,-0.0054407261641956,1.121483747913187,0.013691460713744164,0.006926774978637695
6,f,forest_frac_slope_2000_2025,pop_log_density_2000,-0.0050613663914075,1.121483747913187,0.013675408437848091,0.006990532856434584
6,f,forest_frac_slope_2000_2025,pop_log_density_2000,-0.0046820066186195,1.121483747913187,0.015214076265692711,0.009187279269099236
6,f,forest_frac_slope_2000_2025,pop_log_density_2000,-0.0043026468458314,1.121483747913187,0.015770191326737404,0.010466624982655048
6,f,forest_frac_slope_2000_2025,pop_log_density_2000,-0.0039232870730433,1.121483747913187,0.01594807393848896,0.010982193052768707
6,f,forest_frac_slope_2000_2025,pop_log_density_2000,-0.0035439273002553,1.121483747913187,0.016529442742466927,0.01224613282829523
6,f,forest_frac_slope_2000_2025,pop_log_density_2000,-0.0031645675274672,1.121483747913187,0.017053740099072456,0.01312936283648014
6,f,forest_frac_slope_2000_2025,pop_log_density_2000,-0.0027852077546791,1.121483747913187,0.018186727538704872,0.01445015612989664
6,f,forest_frac_slope_2000_2025,pop_log_density_2000,-0.0024058479818911,1.121483747913187,0.01842721924185753,0.015049044042825699
6,f,forest_frac_slope_2000_2025,pop_log_density_2000,-0.002026488209103,1.121483747913187,0.019115887582302094,0.01616363599896431
6,f,forest_frac_slope_2000_2025,pop_log_density_2000,-0.0016471284363149,1.121483747913187,0.01961611397564411,0.01723707653582096
6,f,forest_frac_slope_2000_2025,pop_log_density_2000,-0.0012677686635269,1.121483747913187,0.020611030980944633,0.018719376996159554
6,f,forest_frac_slope_2000_2025,pop_log_density_2000,-0.0008884088907388,1.121483747913187,0.021288467571139336,0.019706036895513535
6,f,forest_frac_slope_2000_2025,pop_log_density_2000,-0.0005090491179507,1.121483747913187,0.021692752838134766,0.020623689517378807
6,f,forest_frac_slope_2000_2025,pop_log_density_2000,-0.0001296893451627,1.121483747913187,0.022374531254172325,0.022278139367699623
6,f,forest_frac_slope_2000_2025,pop_log_density_2000,0.0002496704276253,1.121483747913187,0.024066919460892677,0.024806613102555275
6,f,forest_frac_slope_2000_2025,pop_log_density_2000,0.0006290302004134,1.121483747913187,0.024371575564146042,0.02557486668229103
6,f,forest_frac_slope_2000_2025,pop_log_density_2000,0.0010083899732014,1.121483747913187,0.02495928667485714,0.02645156905055046
6,f,forest_frac_slope_2000_2025,pop_log_density_2000,0.0013877497459895,1.121483747913187,0.025165943428874016,0.02678852342069149
6,f,forest_frac_slope_2000_2025,pop_log_density_2000,0.0017671095187776,1.121483747913187,0.02522854134440422,0.027140680700540543
6,f,forest_frac_slope_2000_2025,pop_log_density_2000,0.0021464692915656,1.121483747913187,0.02569134347140789,0.027781270444393158
6,f,forest_frac_slope_2000_2025,pop_log_density_2000,0.0025258290643537,1.121483747913187,0.025841087102890015,0.028111260384321213
6,f,forest_frac_slope_2000_2025,pop_log_density_2000,0.0029051888371418,1.121483747913187,0.02624579332768917,0.02866440825164318
6,f,forest_frac_slope_2000_2025,pop_log_density_2000,0.0032845486099298,1.121483747913187,0.026448069140315056,0.028933709487318993
6,f,forest_frac_slope_2000_2025,pop_log_density_2000,0.0036639083827179,1.121483747913187,0.026455022394657135,0.02900778502225876
6,f,forest_frac_slope_2000_2025,pop_log_density_2000,0.004043268155506,1.121483747913187,0.026636861264705658,0.02925805002450943
6,f,forest_frac_slope_2000_2025,pop_log_density_2000,0.004422627928294,1.121483747913187,0.02688641846179962,0.02952425368130207
6,f,forest_frac_slope_2000_2025,pop_log_density_2000,0.0048019877010821,1.121483747913187,0.026911232620477676,0.029677826911211014
6,f,forest_frac_slope_2000_2025,pop_log_density_2000,0.0051813474738702,1.121483747913187,0.027093442156910896,0.030058816075325012
6,f,forest_frac_slope_2000_2025,pop_log_density_2000,0.0055607072466582,1.121483747913187,0.02709379605948925,0.030135612934827805
6,f,forest_frac_slope_2000_2025,pop_log_density_2000,0.0059400670194463,1.121483747913187,0.02704910933971405,0.030239064246416092
6,f,forest_frac_slope_2000_2025,pop_log_density_2000,-0.0092343238920763,1.281695711900785,0.007359668612480164,-0.003986091818660498
6,f,forest_frac_slope_2000_2025,pop_log_density_2000,-0.0088549641192882,1.281695711900785,0.0075673675164580345,-0.003657497465610504
6,f,forest_frac_slope_2000_2025,pop_log_density_2000,-0.0084756043465002,1.281695711900785,0.007832830771803856,-0.0030102618038654327
6,f,forest_frac_slope_2000_2025,pop_log_density_2000,-0.0080962445737121,1.281695711900785,0.008587315678596497,-0.0018679002532735467
6,f,forest_frac_slope_2000_2025,pop_log_density_2000,-0.007716884800924,1.281695711900785,0.0093385586515069,-0.000584648281801492
6,f,forest_frac_slope_2000_2025,pop_log_density_2000,-0.007337525028136,1.281695711900785,0.009988456964492798,0.00022713032376486808
6,f,forest_frac_slope_2000_2025,pop_log_density_2000,-0.0069581652553479,1.281695711900785,0.010600114241242409,0.0013773220125585794
6,f,forest_frac_slope_2000_2025,pop_log_density_2000,-0.0065788054825598,1.281695711900785,0.0107935331761837,0.0017846100963652134
6,f,forest_frac_slope_2000_2025,pop_log_density_2000,-0.0061994457097717,1.281695711900785,0.010929681360721588,0.0024094318505376577
6,f,forest_frac_slope_2000_2025,pop_log_density_2000,-0.0058200859369837,1.281695711900785,0.011846733279526234,0.003957495093345642
6,f,forest_frac_slope_2000_2025,pop_log_density_2000,-0.0054407261641956,1.281695711900785,0.01375232357531786,0.0069855013862252235
6,f,forest_frac_slope_2000_2025,pop_log_density_2000,-0.0050613663914075,1.281695711900785,0.013736272230744362,0.007049376145005226
6,f,forest_frac_slope_2000_2025,pop_log_density_2000,-0.0046820066186195,1.281695711900785,0.015317979268729687,0.00928940623998642
6,f,forest_frac_slope_2000_2025,pop_log_density_2000,-0.0043026468458314,1.281695711900785,0.01586720533668995,0.010561717674136162
6,f,forest_frac_slope_2000_2025,pop_log_density_2000,-0.0039232870730433,1.281695711900785,0.016045089811086655,0.011077338829636574
6,f,forest_frac_slope_2000_2025,pop_log_density_2000,-0.0035439273002553,1.281695711900785,0.016582202166318893,0.012297415174543858
6,f,forest_frac_slope_2000_2025,pop_log_density_2000,-0.0031645675274672,1.281695711900785,0.017106497660279274,0.013181407935917377
6,f,forest_frac_slope_2000_2025,pop_log_density_2000,-0.0027852077546791,1.281695711900785,0.01823948696255684,0.014502941630780697
6,f,forest_frac_slope_2000_2025,pop_log_density_2000,-0.0024058479818911,1.281695711900785,0.018479978665709496,0.015101970173418522
6,f,forest_frac_slope_2000_2025,pop_log_density_2000,-0.002026488209103,1.281695711900785,0.019165989011526108,0.016213970258831978
6,f,forest_frac_slope_2000_2025,pop_log_density_2000,-0.0016471284363149,1.281695711900785,0.019666215404868126,0.017286967486143112
6,f,forest_frac_slope_2000_2025,pop_log_density_2000,-0.0012677686635269,1.281695711900785,0.020618095993995667,0.01872538961470127
6,f,forest_frac_slope_2000_2025,pop_log_density_2000,-0.0008884088907388,1.281695711900785,0.021256059408187866,0.01967429742217064
6,f,forest_frac_slope_2000_2025,pop_log_density_2000,-0.0005090491179507,1.281695711900785,0.021660342812538147,0.02059168927371502
6,f,forest_frac_slope_2000_2025,pop_log_density_2000,-0.0001296893451627,1.281695711900785,0.022342123091220856,0.022246163338422775
6,f,forest_frac_slope_2000_2025,pop_log_density_2000,0.0002496704276253,1.281695711900785,0.024040227755904198,0.024780718609690666
6,f,forest_frac_slope_2000_2025,pop_log_density_2000,0.0006290302004134,1.281695711900785,0.024344881996512413,0.025548093020915985
6,f,forest_frac_slope_2000_2025,pop_log_density_2000,0.0010083899732014,1.281695711900785,0.02493259310722351,0.026424381881952286
6,f,forest_frac_slope_2000_2025,pop_log_density_2000,0.0013877497459895,1.281695711900785,0.025139251723885536,0.02676134742796421
6,f,forest_frac_slope_2000_2025,pop_log_density_2000,0.0017671095187776,1.281695711900785,0.025201847776770592,0.02711350843310356
6,f,forest_frac_slope_2000_2025,pop_log_density_2000,0.0021464692915656,1.281695711900785,0.02566465362906456,0.02775418944656849
6,f,forest_frac_slope_2000_2025,pop_log_density_2000,0.0025258290643537,1.281695711900785,0.025814393535256386,0.028084173798561096
6,f,forest_frac_slope_2000_2025,pop_log_density_2000,0.0029051888371418,1.281695711900785,0.02621900476515293,0.028637221083045006
6,f,forest_frac_slope_2000_2025,pop_log_density_2000,0.0032845486099298,1.281695711900785,0.026421280577778816,0.028906524181365967
6,f,forest_frac_slope_2000_2025,pop_log_density_2000,0.0036639083827179,1.281695711900785,0.026428233832120895,0.028980618342757225
6,f,forest_frac_slope_2000_2025,pop_log_density_2000,0.004043268155506,1.281695711900785,0.02661007270216942,0.02923087775707245
6,f,forest_frac_slope_2000_2025,pop_log_density_2000,0.004422627928294,1.281695711900785,0.02685963362455368,0.02949717454612255
6,f,forest_frac_slope_2000_2025,pop_log_density_2000,0.0048019877010821,1.281695711900785,0.026884444057941437,0.029650747776031494
6,f,forest_frac_slope_2000_2025,pop_log_density_2000,0.0051813474738702,1.281695711900785,0.027066649869084358,0.030031738802790642
6,f,forest_frac_slope_2000_2025,pop_log_density_2000,0.0055607072466582,1.281695711900785,0.027067003771662712,0.030108533799648285
6,f,forest_frac_slope_2000_2025,pop_log_density_2000,0.0059400670194463,1.281695711900785,0.027039609849452972,0.030229276046156883
6,f,forest_frac_slope_2000_2025,pop_log_density_2000,-0.0092343238920763,1.441907675888383,0.007445719093084335,-0.0037618582136929035
6,f,forest_frac_slope_2000_2025,pop_log_density_2000,-0.0088549641192882,1.441907675888383,0.0076534198597073555,-0.003433531615883112
6,f,forest_frac_slope_2000_2025,pop_log_density_2000,-0.0084756043465002,1.441907675888383,0.007920543663203716,-0.0027848680038005114
6,f,forest_frac_slope_2000_2025,pop_log_density_2000,-0.0080962445737121,1.441907675888383,0.008675028569996357,-0.0016429158858954906
6,f,forest_frac_slope_2000_2025,pop_log_density_2000,-0.007716884800924,1.441907675888383,0.009426270611584187,-0.00036061654100194573
6,f,forest_frac_slope_2000_2025,pop_log_density_2000,-0.007337525028136,1.441907675888383,0.010076169855892658,0.00045096734538674355
6,f,forest_frac_slope_2000_2025,pop_log_density_2000,-0.0069581652553479,1.441907675888383,0.010687828063964844,0.001600605552084744
6,f,forest_frac_slope_2000_2025,pop_log_density_2000,-0.0065788054825598,1.441907675888383,0.010881246067583561,0.002007510745897889
6,f,forest_frac_slope_2000_2025,pop_log_density_2000,-0.0061994457097717,1.441907675888383,0.011017395183444023,0.002630817238241434
6,f,forest_frac_slope_2000_2025,pop_log_density_2000,-0.0058200859369837,1.441907675888383,0.011855006217956543,0.0039982907474040985
6,f,forest_frac_slope_2000_2025,pop_log_density_2000,-0.0054407261641956,1.441907675888383,0.013771317899227142,0.007037134375423193
6,f,forest_frac_slope_2000_2025,pop_log_density_2000,-0.0050613663914075,1.441907675888383,0.01375526748597622,0.007101866416633129
6,f,forest_frac_slope_2000_2025,pop_log_density_2000,-0.0046820066186195,1.441907675888383,0.0153378089889884,0.009338687174022198
6,f,forest_frac_slope_2000_2025,pop_log_density_2000,-0.0043026468458314,1.441907675888383,0.015887035056948662,0.0105819096788764
6,f,forest_frac_slope_2000_2025,pop_log_density_2000,-0.0039232870730433,1.441907675888383,0.016064919531345367,0.011096189729869366
6,f,forest_frac_slope_2000_2025,pop_log_density_2000,-0.0035439273002553,1.441907675888383,0.016602031886577606,0.01231989823281765
6,f,forest_frac_slope_2000_2025,pop_log_density_2000,-0.0031645675274672,1.441907675888383,0.017126327380537987,0.013205605559051037
6,f,forest_frac_slope_2000_2025,pop_log_density_2000,-0.0027852077546791,1.441907675888383,0.018259314820170403,0.014526668936014175
6,f,forest_frac_slope_2000_2025,pop_log_density_2000,-0.0024058479818911,1.441907675888383,0.018495630472898483,0.015120076946914196
6,f,forest_frac_slope_2000_2025,pop_log_density_2000,-0.002026488209103,1.441907675888383,0.019182395190000534,0.016232633963227272
6,f,forest_frac_slope_2000_2025,pop_log_density_2000,-0.0016471284363149,1.441907675888383,0.0196826234459877,0.017304977402091026
6,f,forest_frac_slope_2000_2025,pop_log_density_2000,-0.0012677686635269,1.441907675888383,0.02062378078699112,0.01873253472149372
6,f,forest_frac_slope_2000_2025,pop_log_density_2000,-0.0008884088907388,1.441907675888383,0.02126174606382847,0.01968098059296608
6,f,forest_frac_slope_2000_2025,pop_log_density_2000,-0.0005090491179507,1.441907675888383,0.02166655659675598,0.02059236168861389
6,f,forest_frac_slope_2000_2025,pop_log_density_2000,-0.0001296893451627,1.441907675888383,0.022347278892993927,0.022244751453399658
6,f,forest_frac_slope_2000_2025,pop_log_density_2000,0.0002496704276253,1.441907675888383,0.024046029895544052,0.024780601263046265
6,f,forest_frac_slope_2000_2025,pop_log_density_2000,0.0006290302004134,1.441907675888383,0.024350687861442566,0.025547780096530914
6,f,forest_frac_slope_2000_2025,pop_log_density_2000,0.0010083899732014,1.441907675888383,0.024938397109508514,0.026424121111631393
6,f,forest_frac_slope_2000_2025,pop_log_density_2000,0.0013877497459895,1.441907675888383,0.02514505758881569,0.026761125773191452
6,f,forest_frac_slope_2000_2025,pop_log_density_2000,0.0017671095187776,1.441907675888383,0.025207653641700745,0.02711326628923416
6,f,forest_frac_slope_2000_2025,pop_log_density_2000,0.0021464692915656,1.441907675888383,0.025670457631349564,0.027753988280892372
6,f,forest_frac_slope_2000_2025,pop_log_density_2000,0.0025258290643537,1.441907675888383,0.02582019753754139,0.028084056451916695
6,f,forest_frac_slope_2000_2025,pop_log_density_2000,0.0029051888371418,1.441907675888383,0.026224808767437935,0.0286371111869812
6,f,forest_frac_slope_2000_2025,pop_log_density_2000,0.0032845486099298,1.441907675888383,0.02642708644270897,0.028906358405947685
6,f,forest_frac_slope_2000_2025,pop_log_density_2000,0.0036639083827179,1.441907675888383,0.02643403597176075,0.02898045815527439
6,f,forest_frac_slope_2000_2025,pop_log_density_2000,0.004043268155506,1.441907675888383,0.026615876704454422,0.029230469837784767
6,f,forest_frac_slope_2000_2025,pop_log_density_2000,0.004422627928294,1.441907675888383,0.026865433901548386,0.0294966883957386
6,f,forest_frac_slope_2000_2025,pop_log_density_2000,0.0048019877010821,1.441907675888383,0.02689025178551674,0.029650229960680008
6,f,forest_frac_slope_2000_2025,pop_log_density_2000,0.0051813474738702,1.441907675888383,0.02707245573401451,0.030031155794858932
6,f,forest_frac_slope_2000_2025,pop_log_density_2000,0.0055607072466582,1.441907675888383,0.027072807773947716,0.030107948929071426
6,f,forest_frac_slope_2000_2025,pop_log_density_2000,0.0059400670194463,1.441907675888383,0.027045415714383125,0.030228663235902786
6,f,forest_frac_slope_2000_2025,pop_log_density_2000,-0.0092343238920763,1.6021196398759812,0.007448647636920214,-0.0037567210383713245
6,f,forest_frac_slope_2000_2025,pop_log_density_2000,-0.0088549641192882,1.6021196398759812,0.007656348403543234,-0.003429234027862549
6,f,forest_frac_slope_2000_2025,pop_log_density_2000,-0.0084756043465002,1.6021196398759812,0.007923472672700882,-0.002781000453978777
6,f,forest_frac_slope_2000_2025,pop_log_density_2000,-0.0080962445737121,1.6021196398759812,0.008677957579493523,-0.001640176516957581
6,f,forest_frac_slope_2000_2025,pop_log_density_2000,-0.007716884800924,1.6021196398759812,0.009429199621081352,-0.0003579754556994885
6,f,forest_frac_slope_2000_2025,pop_log_density_2000,-0.007337525028136,1.6021196398759812,0.010079099796712399,0.0004531272279564291
6,f,forest_frac_slope_2000_2025,pop_log_density_2000,-0.0069581652553479,1.6021196398759812,0.01069075707346201,0.0016025437507778406
6,f,forest_frac_slope_2000_2025,pop_log_density_2000,-0.0065788054825598,1.6021196398759812,0.010884175077080727,0.0020092404447495937
6,f,forest_frac_slope_2000_2025,pop_log_density_2000,-0.0061994457097717,1.6021196398759812,0.011020323261618614,0.0026324705686420202
6,f,forest_frac_slope_2000_2025,pop_log_density_2000,-0.0058200859369837,1.6021196398759812,0.011857935227453709,0.0039998204447329044
6,f,forest_frac_slope_2000_2025,pop_log_density_2000,-0.0054407261641956,1.6021196398759812,0.013774245977401733,0.007038343697786331
6,f,forest_frac_slope_2000_2025,pop_log_density_2000,-0.0050613663914075,1.6021196398759812,0.01375819556415081,0.007103038020431995
6,f,forest_frac_slope_2000_2025,pop_log_density_2000,-0.0046820066186195,1.6021196398759812,0.015340737998485565,0.009339858777821064
6,f,forest_frac_slope_2000_2025,pop_log_density_2000,-0.0043026468458314,1.6021196398759812,0.015889964997768402,0.010582744143903255
6,f,forest_frac_slope_2000_2025,pop_log_density_2000,-0.0039232870730433,1.6021196398759812,0.01606784760951996,0.011096806265413761
6,f,forest_frac_slope_2000_2025,pop_log_density_2000,-0.0035439273002553,1.6021196398759812,0.01660967245697975,0.012324956245720387
6,f,forest_frac_slope_2000_2025,pop_log_density_2000,-0.0031645675274672,1.6021196398759812,0.01713396981358528,0.013210534118115902
6,f,forest_frac_slope_2000_2025,pop_log_density_2000,-0.0027852077546791,1.6021196398759812,0.018266957253217697,0.014531209133565426
6,f,forest_frac_slope_2000_2025,pop_log_density_2000,-0.0024058479818911,1.6021196398759812,0.01850327104330063,0.015124676749110222
6,f,forest_frac_slope_2000_2025,pop_log_density_2000,-0.002026488209103,1.6021196398759812,0.01919003762304783,0.01623724400997162
6,f,forest_frac_slope_2000_2025,pop_log_density_2000,-0.0016471284363149,1.6021196398759812,0.019686086103320122,0.017307646572589874
6,f,forest_frac_slope_2000_2025,pop_log_density_2000,-0.0012677686635269,1.6021196398759812,0.02062724344432354,0.01873495802283287
6,f,forest_frac_slope_2000_2025,pop_log_density_2000,-0.0008884088907388,1.6021196398759812,0.02126520685851574,0.019683323800563812
6,f,forest_frac_slope_2000_2025,pop_log_density_2000,-0.0005090491179507,1.6021196398759812,0.021670019254088402,0.020594460889697075
6,f,forest_frac_slope_2000_2025,pop_log_density_2000,-0.0001296893451627,1.6021196398759812,0.022351840510964394,0.02224758081138134
6,f,forest_frac_slope_2000_2025,pop_log_density_2000,0.0002496704276253,1.6021196398759812,0.024045880883932114,0.024778347462415695
6,f,forest_frac_slope_2000_2025,pop_log_density_2000,0.0006290302004134,1.6021196398759812,0.02435089834034443,0.025545764714479446
6,f,forest_frac_slope_2000_2025,pop_log_density_2000,0.0010083899732014,1.6021196398759812,0.024938609451055527,0.026422029361128807
6,f,forest_frac_slope_2000_2025,pop_log_density_2000,0.0013877497459895,1.6021196398759812,0.0251452699303627,0.026759034022688866
6,f,forest_frac_slope_2000_2025,pop_log_density_2000,0.0017671095187776,1.6021196398759812,0.025207865983247757,0.027111047878861427
6,f,forest_frac_slope_2000_2025,pop_log_density_2000,0.0021464692915656,1.6021196398759812,0.025670669972896576,0.027751775458455086
6,f,forest_frac_slope_2000_2025,pop_log_density_2000,0.0025258290643537,1.6021196398759812,0.02582041174173355,0.02808176726102829
6,f,forest_frac_slope_2000_2025,pop_log_density_2000,0.0029051888371418,1.6021196398759812,0.026225019246339798,0.028634818270802498
6,f,forest_frac_slope_2000_2025,pop_log_density_2000,0.0032845486099298,1.6021196398759812,0.02642751671373844,0.028904162347316742
6,f,forest_frac_slope_2000_2025,pop_log_density_2000,0.0036639083827179,1.6021196398759812,0.02643446810543537,0.02897825837135315
6,f,forest_frac_slope_2000_2025,pop_log_density_2000,0.004043268155506,1.6021196398759812,0.026616306975483894,0.029228273779153824
6,f,forest_frac_slope_2000_2025,pop_log_density_2000,0.004422627928294,1.6021196398759812,0.026865869760513306,0.029494496062397957
6,f,forest_frac_slope_2000_2025,pop_log_density_2000,0.0048019877010821,1.6021196398759812,0.02689068205654621,0.029647909104824066
6,f,forest_frac_slope_2000_2025,pop_log_density_2000,0.0051813474738702,1.6021196398759812,0.027072887867689133,0.03002883307635784
6,f,forest_frac_slope_2000_2025,pop_log_density_2000,0.0055607072466582,1.6021196398759812,0.02707323618233204,0.030105628073215485
6,f,forest_frac_slope_2000_2025,pop_log_density_2000,0.0059400670194463,1.6021196398759812,0.02704584412276745,0.030226342380046844
6,f,forest_frac_slope_2000_2025,pop_log_density_2000,-0.0092343238920763,1.7623316038635797,0.007548813242465258,-0.0035645742900669575
6,f,forest_frac_slope_2000_2025,pop_log_density_2000,-0.0088549641192882,1.7623316038635797,0.0077565135434269905,-0.0032372453715652227
6,f,forest_frac_slope_2000_2025,pop_log_density_2000,-0.0084756043465002,1.7623316038635797,0.008023637346923351,-0.002589150331914425
6,f,forest_frac_slope_2000_2025,pop_log_density_2000,-0.0080962445737121,1.7623316038635797,0.00871910247951746,-0.0016067179385572672
6,f,forest_frac_slope_2000_2025,pop_log_density_2000,-0.007716884800924,1.7623316038635797,0.00947034452110529,-0.00032456190092489123
6,f,forest_frac_slope_2000_2025,pop_log_density_2000,-0.007337525028136,1.7623316038635797,0.010120243765413761,0.00048653135308995843
6,f,forest_frac_slope_2000_2025,pop_log_density_2000,-0.0069581652553479,1.7623316038635797,0.010731901042163372,0.0016359263099730015
6,f,forest_frac_slope_2000_2025,pop_log_density_2000,-0.0065788054825598,1.7623316038635797,0.01092531904578209,0.0020425557158887386
6,f,forest_frac_slope_2000_2025,pop_log_density_2000,-0.0061994457097717,1.7623316038635797,0.011061468161642551,0.002665785141289234
6,f,forest_frac_slope_2000_2025,pop_log_density_2000,-0.0058200859369837,1.7623316038635797,0.011857542209327221,0.003991597797721624
6,f,forest_frac_slope_2000_2025,pop_log_density_2000,-0.0054407261641956,1.7623316038635797,0.013773854821920395,0.0070300656370818615
6,f,forest_frac_slope_2000_2025,pop_log_density_2000,-0.0050613663914075,1.7623316038635797,0.013757804408669472,0.007094779051840305
6,f,forest_frac_slope_2000_2025,pop_log_density_2000,-0.0046820066186195,1.7623316038635797,0.015340344049036503,0.009331872686743736
6,f,forest_frac_slope_2000_2025,pop_log_density_2000,-0.0043026468458314,1.7623316038635797,0.015889571979641914,0.010574757121503353
6,f,forest_frac_slope_2000_2025,pop_log_density_2000,-0.0039232870730433,1.7623316038635797,0.01606745645403862,0.011088683269917965
6,f,forest_frac_slope_2000_2025,pop_log_density_2000,-0.0035439273002553,1.7623316038635797,0.016609281301498413,0.01231655478477478
6,f,forest_frac_slope_2000_2025,pop_log_density_2000,-0.0031645675274672,1.7623316038635797,0.017133576795458794,0.013202019967138767
6,f,forest_frac_slope_2000_2025,pop_log_density_2000,-0.0027852077546791,1.7623316038635797,0.01826656609773636,0.014522829093039036
6,f,forest_frac_slope_2000_2025,pop_log_density_2000,-0.0024058479818911,1.7623316038635797,0.01850287988781929,0.015116376802325249
6,f,forest_frac_slope_2000_2025,pop_log_density_2000,-0.002026488209103,1.7623316038635797,0.01918964460492134,0.016229011118412018
6,f,forest_frac_slope_2000_2025,pop_log_density_2000,-0.0016471284363149,1.7623316038635797,0.019685691222548485,0.01730114407837391
6,f,forest_frac_slope_2000_2025,pop_log_density_2000,-0.0012677686635269,1.7623316038635797,0.020626850426197052,0.01874934509396553
6,f,forest_frac_slope_2000_2025,pop_log_density_2000,-0.0008884088907388,1.7623316038635797,0.021264629438519478,0.019699007272720337
6,f,forest_frac_slope_2000_2025,pop_log_density_2000,-0.0005090491179507,1.7623316038635797,0.02166943997144699,0.020610272884368896
6,f,forest_frac_slope_2000_2025,pop_log_density_2000,-0.0001296893451627,1.7623316038635797,0.022346267476677895,0.022259803488850594
6,f,forest_frac_slope_2000_2025,pop_log_density_2000,0.0002496704276253,1.7623316038635797,0.02404112182557583,0.024770474061369896
6,f,forest_frac_slope_2000_2025,pop_log_density_2000,0.0006290302004134,1.7623316038635797,0.024346141144633293,0.025535866618156433
6,f,forest_frac_slope_2000_2025,pop_log_density_2000,0.0010083899732014,1.7623316038635797,0.02493385225534439,0.026411624625325203
6,f,forest_frac_slope_2000_2025,pop_log_density_2000,0.0013877497459895,1.7623316038635797,0.025140510872006416,0.026748841628432274
6,f,forest_frac_slope_2000_2025,pop_log_density_2000,0.0017671095187776,1.7623316038635797,0.025203106924891472,0.027100995182991028
6,f,forest_frac_slope_2000_2025,pop_log_density_2000,0.0021464692915656,1.7623316038635797,0.02566591277718544,0.027741827070713043
6,f,forest_frac_slope_2000_2025,pop_log_density_2000,0.0025258290643537,1.7623316038635797,0.025815652683377266,0.028072388842701912
6,f,forest_frac_slope_2000_2025,pop_log_density_2000,0.0029051888371418,1.7623316038635797,0.026220262050628662,0.02862553857266903
6,f,forest_frac_slope_2000_2025,pop_log_density_2000,0.0032845486099298,1.7623316038635797,0.026422757655382156,0.02889506332576275
6,f,forest_frac_slope_2000_2025,pop_log_density_2000,0.0036639083827179,1.7623316038635797,0.026429710909724236,0.028969161212444305
6,f,forest_frac_slope_2000_2025,pop_log_density_2000,0.004043268155506,1.7623316038635797,0.02661154977977276,0.02921922691166401
6,f,forest_frac_slope_2000_2025,pop_log_density_2000,0.004422627928294,1.7623316038635797,0.02686110883951187,0.029485631734132767
6,f,forest_frac_slope_2000_2025,pop_log_density_2000,0.0048019877010821,1.7623316038635797,0.026885922998189926,0.029639050364494324
6,f,forest_frac_slope_2000_2025,pop_log_density_2000,0.0051813474738702,1.7623316038635797,0.02706705406308174,0.030019089579582214
6,f,forest_frac_slope_2000_2025,pop_log_density_2000,0.0055607072466582,1.7623316038635797,0.027067406103014946,0.03009595163166523
6,f,forest_frac_slope_2000_2025,pop_log_density_2000,0.0059400670194463,1.7623316038635797,0.027040010318160057,0.030216731131076813
6,f,forest_frac_slope_2000_2025,pop_log_density_2000,-0.0092343238920763,1.9225435678511773,0.0075851669535040855,-0.003483264474198222
6,f,forest_frac_slope_2000_2025,pop_log_density_2000,-0.0088549641192882,1.9225435678511773,0.007792867720127106,-0.003155186539515853
6,f,forest_frac_slope_2000_2025,pop_log_density_2000,-0.0084756043465002,1.9225435678511773,0.008059991523623466,-0.00250715808942914
6,f,forest_frac_slope_2000_2025,pop_log_density_2000,-0.0080962445737121,1.9225435678511773,0.008755455724895,-0.00152410170994699
6,f,forest_frac_slope_2000_2025,pop_log_density_2000,-0.007716884800924,1.9225435678511773,0.009506698697805405,-0.000241662681219168
6,f,forest_frac_slope_2000_2025,pop_log_density_2000,-0.007337525028136,1.9225435678511773,0.010156597010791302,0.0005697138840332627
6,f,forest_frac_slope_2000_2025,pop_log_density_2000,-0.0069581652553479,1.9225435678511773,0.01074589230120182,0.0017125623999163508
6,f,forest_frac_slope_2000_2025,pop_log_density_2000,-0.0065788054825598,1.9225435678511773,0.010939311236143112,0.002118683885782957
6,f,forest_frac_slope_2000_2025,pop_log_density_2000,-0.0061994457097717,1.9225435678511773,0.011075459420681,0.00274133519269526
6,f,forest_frac_slope_2000_2025,pop_log_density_2000,-0.0058200859369837,1.9225435678511773,0.01187153346836567,0.004066278226673603
6,f,forest_frac_slope_2000_2025,pop_log_density_2000,-0.0054407261641956,1.9225435678511773,0.013787845149636269,0.007103408221155405
6,f,forest_frac_slope_2000_2025,pop_log_density_2000,-0.0050613663914075,1.9225435678511773,0.013771794736385345,0.007166282273828983
6,f,forest_frac_slope_2000_2025,pop_log_density_2000,-0.0046820066186195,1.9225435678511773,0.015354338102042675,0.009401332587003708
6,f,forest_frac_slope_2000_2025,pop_log_density_2000,-0.0043026468458314,1.9225435678511773,0.015903562307357788,0.010638169944286346
6,f,forest_frac_slope_2000_2025,pop_log_density_2000,-0.0039232870730433,1.9225435678511773,0.016081446781754494,0.01111257541924715
6,f,forest_frac_slope_2000_2025,pop_log_density_2000,-0.0035439273002553,1.9225435678511773,0.016623271629214287,0.012329338118433952
6,f,forest_frac_slope_2000_2025,pop_log_density_2000,-0.0031645675274672,1.9225435678511773,0.017147568985819817,0.01321237999945879
6,f,forest_frac_slope_2000_2025,pop_log_density_2000,-0.0027852077546791,1.9225435678511773,0.018280556425452232,0.014531848952174187
6,f,forest_frac_slope_2000_2025,pop_log_density_2000,-0.0024058479818911,1.9225435678511773,0.018518595024943352,0.015150562860071659
6,f,forest_frac_slope_2000_2025,pop_log_density_2000,-0.002026488209103,1.9225435678511773,0.019213330000638962,0.016283659264445305
6,f,forest_frac_slope_2000_2025,pop_log_density_2000,-0.0016471284363149,1.9225435678511773,0.019709376618266106,0.017354412004351616
6,f,forest_frac_slope_2000_2025,pop_log_density_2000,-0.0012677686635269,1.9225435678511773,0.020650533959269524,0.0188017375767231
6,f,forest_frac_slope_2000_2025,pop_log_density_2000,-0.0008884088907388,1.9225435678511773,0.0212883111089468,0.019749969244003296
6,f,forest_frac_slope_2000_2025,pop_log_density_2000,-0.0005090491179507,1.9225435678511773,0.021693123504519463,0.020658517256379128
6,f,forest_frac_slope_2000_2025,pop_log_density_2000,-0.0001296893451627,1.9225435678511773,0.022369952872395515,0.022297795861959457
6,f,forest_frac_slope_2000_2025,pop_log_density_2000,0.0002496704276253,1.9225435678511773,0.0240648053586483,0.024787817150354385
6,f,forest_frac_slope_2000_2025,pop_log_density_2000,0.0006290302004134,1.9225435678511773,0.024369824677705765,0.025551093742251396
6,f,forest_frac_slope_2000_2025,pop_log_density_2000,0.0010083899732014,1.9225435678511773,0.024949567392468452,0.026425955817103386
6,f,forest_frac_slope_2000_2025,pop_log_density_2000,0.0013877497459895,1.9225435678511773,0.02515622414648533,0.026762599125504494
6,f,forest_frac_slope_2000_2025,pop_log_density_2000,0.0017671095187776,1.9225435678511773,0.025218820199370384,0.02711440995335579
6,f,forest_frac_slope_2000_2025,pop_log_density_2000,0.0021464692915656,1.9225435678511773,0.025681626051664352,0.027755189687013626
6,f,forest_frac_slope_2000_2025,pop_log_density_2000,0.0025258290643537,1.9225435678511773,0.02583136595785618,0.02808554284274578
6,f,forest_frac_slope_2000_2025,pop_log_density_2000,0.0029051888371418,1.9225435678511773,0.026235977187752724,0.028638692572712898
6,f,forest_frac_slope_2000_2025,pop_log_density_2000,0.0032845486099298,1.9225435678511773,0.02643847092986107,0.028908105567097664
6,f,forest_frac_slope_2000_2025,pop_log_density_2000,0.0036639083827179,1.9225435678511773,0.026445426046848297,0.028982216492295265
6,f,forest_frac_slope_2000_2025,pop_log_density_2000,0.004043268155506,1.9225435678511773,0.02662726305425167,0.02923235483467579
6,f,forest_frac_slope_2000_2025,pop_log_density_2000,0.004422627928294,1.9225435678511773,0.026876823976635933,0.02949863113462925
6,f,forest_frac_slope_2000_2025,pop_log_density_2000,0.0048019877010821,1.9225435678511773,0.02690163627266884,0.029652047902345657
6,f,forest_frac_slope_2000_2025,pop_log_density_2000,0.0051813474738702,1.9225435678511773,0.027082767337560654,0.0300320852547884
6,f,forest_frac_slope_2000_2025,pop_log_density_2000,0.0055607072466582,1.9225435678511773,0.027083123102784157,0.030108842998743057
6,f,forest_frac_slope_2000_2025,pop_log_density_2000,0.0059400670194463,1.9225435678511773,0.027055727317929268,0.030229482799768448
6,f,forest_frac_slope_2000_2025,pop_log_density_2000,-0.0092343238920763,2.082755531838776,0.007613509427756071,-0.0034629213623702526
6,f,forest_frac_slope_2000_2025,pop_log_density_2000,-0.0088549641192882,2.082755531838776,0.007821210660040379,-0.0031347593758255243
6,f,forest_frac_slope_2000_2025,pop_log_density_2000,-0.0084756043465002,2.082755531838776,0.00808833446353674,-0.0024867309257388115
6,f,forest_frac_slope_2000_2025,pop_log_density_2000,-0.0080962445737121,2.082755531838776,0.008783798664808273,-0.0015036744298413396
6,f,forest_frac_slope_2000_2025,pop_log_density_2000,-0.007716884800924,2.082755531838776,0.009535040706396103,-0.00022115172760095447
6,f,forest_frac_slope_2000_2025,pop_log_density_2000,-0.007337525028136,2.082755531838776,0.01018494088202715,0.0005901886615902185
6,f,forest_frac_slope_2000_2025,pop_log_density_2000,-0.0069581652553479,2.082755531838776,0.010774236172437668,0.0017330371774733067
6,f,forest_frac_slope_2000_2025,pop_log_density_2000,-0.0065788054825598,2.082755531838776,0.01096765324473381,0.002139158546924591
6,f,forest_frac_slope_2000_2025,pop_log_density_2000,-0.0061994457097717,2.082755531838776,0.011103802360594273,0.0027618100866675377
6,f,forest_frac_slope_2000_2025,pop_log_density_2000,-0.0058200859369837,2.082755531838776,0.011911810375750065,0.004098720382899046
6,f,forest_frac_slope_2000_2025,pop_log_density_2000,-0.0054407261641956,2.082755531838776,0.013828122057020664,0.007135942578315735
6,f,forest_frac_slope_2000_2025,pop_log_density_2000,-0.0050613663914075,2.082755531838776,0.013812071643769741,0.0071988170966506
6,f,forest_frac_slope_2000_2025,pop_log_density_2000,-0.0046820066186195,2.082755531838776,0.015394613146781921,0.009433934465050697
6,f,forest_frac_slope_2000_2025,pop_log_density_2000,-0.0043026468458314,2.082755531838776,0.01594383828341961,0.010670957155525684
6,f,forest_frac_slope_2000_2025,pop_log_density_2000,-0.0039232870730433,2.082755531838776,0.016121720895171165,0.011145454831421375
6,f,forest_frac_slope_2000_2025,pop_log_density_2000,-0.0035439273002553,2.082755531838776,0.016663547605276108,0.01236241590231657
6,f,forest_frac_slope_2000_2025,pop_log_density_2000,-0.0031645675274672,2.082755531838776,0.017187844961881638,0.013245657086372375
6,f,forest_frac_slope_2000_2025,pop_log_density_2000,-0.0027852077546791,2.082755531838776,0.01832052320241928,0.014564255252480507
6,f,forest_frac_slope_2000_2025,pop_log_density_2000,-0.0024058479818911,2.082755531838776,0.0185585618019104,0.015183307230472565
6,f,forest_frac_slope_2000_2025,pop_log_density_2000,-0.002026488209103,2.082755531838776,0.019253699108958244,0.01631786860525608
6,f,forest_frac_slope_2000_2025,pop_log_density_2000,-0.0016471284363149,2.082755531838776,0.01974974386394024,0.01739237643778324
6,f,forest_frac_slope_2000_2025,pop_log_density_2000,-0.0012677686635269,2.082755531838776,0.020714007318019867,0.018883535638451576
6,f,forest_frac_slope_2000_2025,pop_log_density_2000,-0.0008884088907388,2.082755531838776,0.021351786330342293,0.019833164289593697
6,f,forest_frac_slope_2000_2025,pop_log_density_2000,-0.0005090491179507,2.082755531838776,0.021756598725914955,0.020743124186992645
6,f,forest_frac_slope_2000_2025,pop_log_density_2000,-0.0001296893451627,2.082755531838776,0.022433077916502953,0.022381044924259186
6,f,forest_frac_slope_2000_2025,pop_log_density_2000,0.0002496704276253,2.082755531838776,0.02409331686794758,0.02482123300433159
6,f,forest_frac_slope_2000_2025,pop_log_density_2000,0.0006290302004134,2.082755531838776,0.024398336187005043,0.02558576688170433
6,f,forest_frac_slope_2000_2025,pop_log_density_2000,0.0010083899732014,2.082755531838776,0.024978075176477432,0.026461169123649597
6,f,forest_frac_slope_2000_2025,pop_log_density_2000,0.0013877497459895,2.082755531838776,0.025184735655784607,0.026797126978635788
6,f,forest_frac_slope_2000_2025,pop_log_density_2000,0.0017671095187776,2.082755531838776,0.025247331708669662,0.027147045359015465
6,f,forest_frac_slope_2000_2025,pop_log_density_2000,0.0021464692915656,2.082755531838776,0.025710133835673332,0.0277866180986166
6,f,forest_frac_slope_2000_2025,pop_log_density_2000,0.0025258290643537,2.082755531838776,0.025859877467155457,0.028116289526224136
6,f,forest_frac_slope_2000_2025,pop_log_density_2000,0.0029051888371418,2.082755531838776,0.026264486834406853,0.028668731451034546
6,f,forest_frac_slope_2000_2025,pop_log_density_2000,0.0032845486099298,2.082755531838776,0.026466982439160347,0.028937794268131256
6,f,forest_frac_slope_2000_2025,pop_log_density_2000,0.0036639083827179,2.082755531838776,0.026473931968212128,0.02901117317378521
6,f,forest_frac_slope_2000_2025,pop_log_density_2000,0.004043268155506,2.082755531838776,0.02665577456355095,0.029261238873004913
6,f,forest_frac_slope_2000_2025,pop_log_density_2000,0.004422627928294,2.082755531838776,0.026905333623290062,0.0295272134244442
6,f,forest_frac_slope_2000_2025,pop_log_density_2000,0.0048019877010821,2.082755531838776,0.026930147781968117,0.02968011237680912
6,f,forest_frac_slope_2000_2025,pop_log_density_2000,0.0051813474738702,2.082755531838776,0.027111278846859932,0.030060119926929474
6,f,forest_frac_slope_2000_2025,pop_log_density_2000,0.0055607072466582,2.082755531838776,0.027111632749438286,0.030136676505208015
6,f,forest_frac_slope_2000_2025,pop_log_density_2000,0.0059400670194463,2.082755531838776,0.027084236964583397,0.030255848541855812
6,f,forest_frac_slope_2000_2025,pop_log_density_2000,-0.0092343238920763,2.242967495826374,0.007637871894985437,-0.0034067106898874044
6,f,forest_frac_slope_2000_2025,pop_log_density_2000,-0.0088549641192882,2.242967495826374,0.00784557219594717,-0.0030787053983658552
6,f,forest_frac_slope_2000_2025,pop_log_density_2000,-0.0084756043465002,2.242967495826374,0.008112695999443531,-0.0024307852145284414
6,f,forest_frac_slope_2000_2025,pop_log_density_2000,-0.0080962445737121,2.242967495826374,0.008808160200715065,-0.0014481096295639873
6,f,forest_frac_slope_2000_2025,pop_log_density_2000,-0.007716884800924,2.242967495826374,0.009559402242302895,-0.00016578238864894956
6,f,forest_frac_slope_2000_2025,pop_log_density_2000,-0.007337525028136,2.242967495826374,0.010209302417933941,0.0006448799395002425
6,f,forest_frac_slope_2000_2025,pop_log_density_2000,-0.0069581652553479,2.242967495826374,0.01079859770834446,0.001787751680240035
6,f,forest_frac_slope_2000_2025,pop_log_density_2000,-0.0065788054825598,2.242967495826374,0.010992014780640602,0.0021938730496913195
6,f,forest_frac_slope_2000_2025,pop_log_density_2000,-0.0061994457097717,2.242967495826374,0.011128163896501064,0.0028162216767668724
6,f,forest_frac_slope_2000_2025,pop_log_density_2000,-0.0058200859369837,2.242967495826374,0.011943166144192219,0.004168459679931402
6,f,forest_frac_slope_2000_2025,pop_log_density_2000,-0.0054407261641956,2.242967495826374,0.013859478756785393,0.007205055560916662
6,f,forest_frac_slope_2000_2025,pop_log_density_2000,-0.0050613663914075,2.242967495826374,0.013843425549566746,0.007267592009156942
6,f,forest_frac_slope_2000_2025,pop_log_density_2000,-0.0046820066186195,2.242967495826374,0.0154259717091918,0.0095018669962883
6,f,forest_frac_slope_2000_2025,pop_log_density_2000,-0.0043026468458314,2.242967495826374,0.015975195914506912,0.010738035663962364
6,f,forest_frac_slope_2000_2025,pop_log_density_2000,-0.0039232870730433,2.242967495826374,0.016153080388903618,0.011211198754608631
6,f,forest_frac_slope_2000_2025,pop_log_density_2000,-0.0035439273002553,2.242967495826374,0.01669490337371826,0.012426527217030525
6,f,forest_frac_slope_2000_2025,pop_log_density_2000,-0.0031645675274672,2.242967495826374,0.01721920259296894,0.013306250795722008
6,f,forest_frac_slope_2000_2025,pop_log_density_2000,-0.0027852077546791,2.242967495826374,0.018351880833506584,0.014620008878409863
6,f,forest_frac_slope_2000_2025,pop_log_density_2000,-0.0024058479818911,2.242967495826374,0.018589915707707405,0.01523544266819954
6,f,forest_frac_slope_2000_2025,pop_log_density_2000,-0.002026488209103,2.242967495826374,0.019285054877400398,0.016366014257073402
6,f,forest_frac_slope_2000_2025,pop_log_density_2000,-0.0016471284363149,2.242967495826374,0.019781099632382393,0.01743718795478344
6,f,forest_frac_slope_2000_2025,pop_log_density_2000,-0.0012677686635269,2.242967495826374,0.02074536494910717,0.01892419159412384
6,f,forest_frac_slope_2000_2025,pop_log_density_2000,-0.0008884088907388,2.242967495826374,0.02138158492743969,0.019867796450853348
6,f,forest_frac_slope_2000_2025,pop_log_density_2000,-0.0005090491179507,2.242967495826374,0.02177940122783184,0.020771799609065056
6,f,forest_frac_slope_2000_2025,pop_log_density_2000,-0.0001296893451627,2.242967495826374,0.022455880418419838,0.02240806445479393
6,f,forest_frac_slope_2000_2025,pop_log_density_2000,0.0002496704276253,2.242967495826374,0.024116119369864464,0.024846086278557777
6,f,forest_frac_slope_2000_2025,pop_log_density_2000,0.0006290302004134,2.242967495826374,0.02442113868892193,0.02560942992568016
6,f,forest_frac_slope_2000_2025,pop_log_density_2000,0.0010083899732014,2.242967495826374,0.025000877678394318,0.02648451365530491
6,f,forest_frac_slope_2000_2025,pop_log_density_2000,0.0013877497459895,2.242967495826374,0.025207538157701492,0.026819853112101555
6,f,forest_frac_slope_2000_2025,pop_log_density_2000,0.0017671095187776,2.242967495826374,0.025270136073231697,0.027169059962034225
6,f,forest_frac_slope_2000_2025,pop_log_density_2000,0.0021464692915656,2.242967495826374,0.025732940062880516,0.02780832350254059
6,f,forest_frac_slope_2000_2025,pop_log_density_2000,0.0025258290643537,2.242967495826374,0.025882679969072342,0.02813771553337574
6,f,forest_frac_slope_2000_2025,pop_log_density_2000,0.0029051888371418,2.242967495826374,0.026287289336323738,0.028689874336123466
6,f,forest_frac_slope_2000_2025,pop_log_density_2000,0.0032845486099298,2.242967495826374,0.026489784941077232,0.028958521783351898
6,f,forest_frac_slope_2000_2025,pop_log_density_2000,0.0036639083827179,2.242967495826374,0.02649673819541931,0.029031964018940926
6,f,forest_frac_slope_2000_2025,pop_log_density_2000,0.004043268155506,2.242967495826374,0.026678575202822685,0.029281966388225555
6,f,forest_frac_slope_2000_2025,pop_log_density_2000,0.004422627928294,2.242967495826374,0.026928136125206947,0.029547695070505142
6,f,forest_frac_slope_2000_2025,pop_log_density_2000,0.0048019877010821,2.242967495826374,0.026952946558594704,0.02970052696764469
6,f,forest_frac_slope_2000_2025,pop_log_density_2000,0.0051813474738702,2.242967495826374,0.027134081348776817,0.030080299824476242
6,f,forest_frac_slope_2000_2025,pop_log_density_2000,0.0055607072466582,2.242967495826374,0.02713443525135517,0.030156629160046577
6,f,forest_frac_slope_2000_2025,pop_log_density_2000,0.0059400670194463,2.242967495826374,0.02710704132914543,0.03027566522359848
6,f,forest_frac_slope_2000_2025,pop_log_density_2000,-0.0092343238920763,2.403179459813972,0.0076425764709711075,-0.0034106867387890816
6,f,forest_frac_slope_2000_2025,pop_log_density_2000,-0.0088549641192882,2.403179459813972,0.007850277237594128,-0.0030824467539787292
6,f,forest_frac_slope_2000_2025,pop_log_density_2000,-0.0084756043465002,2.403179459813972,0.008117401972413063,-0.0024345265701413155
6,f,forest_frac_slope_2000_2025,pop_log_density_2000,-0.0080962445737121,2.403179459813972,0.008812866173684597,-0.0014518509851768613
6,f,forest_frac_slope_2000_2025,pop_log_density_2000,-0.007716884800924,2.403179459813972,0.009564108215272427,-0.00016958167543634772
6,f,forest_frac_slope_2000_2025,pop_log_density_2000,-0.007337525028136,2.403179459813972,0.010214007459580898,0.0006413150695152581
6,f,forest_frac_slope_2000_2025,pop_log_density_2000,-0.0069581652553479,2.403179459813972,0.010793352499604225,0.0017831440782174468
6,f,forest_frac_slope_2000_2025,pop_log_density_2000,-0.0065788054825598,2.403179459813972,0.010986769571900368,0.002189265564084053
6,f,forest_frac_slope_2000_2025,pop_log_density_2000,-0.0061994457097717,2.403179459813972,0.01112291868776083,0.002811614191159606
6,f,forest_frac_slope_2000_2025,pop_log_density_2000,-0.0058200859369837,2.403179459813972,0.01193792000412941,0.0041638524271547794
6,f,forest_frac_slope_2000_2025,pop_log_density_2000,-0.0054407261641956,2.403179459813972,0.013854233548045158,0.007200472988188267
6,f,forest_frac_slope_2000_2025,pop_log_density_2000,-0.0050613663914075,2.403179459813972,0.013838180340826511,0.007262951694428921
6,f,forest_frac_slope_2000_2025,pop_log_density_2000,-0.0046820066186195,2.403179459813972,0.015420724637806416,0.009497227147221565
6,f,forest_frac_slope_2000_2025,pop_log_density_2000,-0.0043026468458314,2.403179459813972,0.015969950705766678,0.010733336210250854
6,f,forest_frac_slope_2000_2025,pop_log_density_2000,-0.0039232870730433,2.403179459813972,0.016147833317518234,0.011206500232219696
6,f,forest_frac_slope_2000_2025,pop_log_density_2000,-0.0035439273002553,2.403179459813972,0.016689658164978027,0.01242182869464159
6,f,forest_frac_slope_2000_2025,pop_log_density_2000,-0.0031645675274672,2.403179459813972,0.017213955521583557,0.01330108754336834
6,f,forest_frac_slope_2000_2025,pop_log_density_2000,-0.0027852077546791,2.403179459813972,0.01834663562476635,0.014614728279411793
6,f,forest_frac_slope_2000_2025,pop_log_density_2000,-0.0024058479818911,2.403179459813972,0.01858467236161232,0.015230105258524418
6,f,forest_frac_slope_2000_2025,pop_log_density_2000,-0.002026488209103,2.403179459813972,0.01927957870066166,0.016360562294721603
6,f,forest_frac_slope_2000_2025,pop_log_density_2000,-0.0016471284363149,2.403179459813972,0.019775623455643654,0.01743173599243164
6,f,forest_frac_slope_2000_2025,pop_log_density_2000,-0.0012677686635269,2.403179459813972,0.020739885047078133,0.018918737769126892
6,f,forest_frac_slope_2000_2025,pop_log_density_2000,-0.0008884088907388,2.403179459813972,0.021376442164182663,0.01986267790198326
6,f,forest_frac_slope_2000_2025,pop_log_density_2000,-0.0005090491179507,2.403179459813972,0.021774256601929665,0.02076668106019497
6,f,forest_frac_slope_2000_2025,pop_log_density_2000,-0.0001296893451627,2.403179459813972,0.022450735792517662,0.022402945905923843
6,f,forest_frac_slope_2000_2025,pop_log_density_2000,0.0002496704276253,2.403179459813972,0.024111634120345116,0.02484162710607052
6,f,forest_frac_slope_2000_2025,pop_log_density_2000,0.0006290302004134,2.403179459813972,0.02441665157675743,0.025604968890547752
6,f,forest_frac_slope_2000_2025,pop_log_density_2000,0.0010083899732014,2.403179459813972,0.02499639429152012,0.02648007683455944
6,f,forest_frac_slope_2000_2025,pop_log_density_2000,0.0013877497459895,2.403179459813972,0.025203052908182144,0.026815440505743027
6,f,forest_frac_slope_2000_2025,pop_log_density_2000,0.0017671095187776,2.403179459813972,0.0252656489610672,0.027164649218320847
6,f,forest_frac_slope_2000_2025,pop_log_density_2000,0.0021464692915656,2.403179459813972,0.02572845108807087,0.0278039388358593
6,f,forest_frac_slope_2000_2025,pop_log_density_2000,0.0025258290643537,2.403179459813972,0.025878194719552994,0.0281333290040493
6,f,forest_frac_slope_2000_2025,pop_log_density_2000,0.0029051888371418,2.403179459813972,0.02628280408680439,0.028685487806797028
6,f,forest_frac_slope_2000_2025,pop_log_density_2000,0.0032845486099298,2.403179459813972,0.026485299691557884,0.02895413339138031
6,f,forest_frac_slope_2000_2025,pop_log_density_2000,0.0036639083827179,2.403179459813972,0.026492252945899963,0.029027240350842476
6,f,forest_frac_slope_2000_2025,pop_log_density_2000,0.004043268155506,2.403179459813972,0.026674091815948486,0.029277177527546883
6,f,forest_frac_slope_2000_2025,pop_log_density_2000,0.004422627928294,2.403179459813972,0.0269236508756876,0.02954290620982647
6,f,forest_frac_slope_2000_2025,pop_log_density_2000,0.0048019877010821,2.403179459813972,0.026948465034365654,0.029695739969611168
6,f,forest_frac_slope_2000_2025,pop_log_density_2000,0.0051813474738702,2.403179459813972,0.02712959609925747,0.03007551282644272
6,f,forest_frac_slope_2000_2025,pop_log_density_2000,0.0055607072466582,2.403179459813972,0.027129948139190674,0.030151840299367905
6,f,forest_frac_slope_2000_2025,pop_log_density_2000,0.0059400670194463,2.403179459813972,0.027102552354335785,0.030270878225564957
6,f,forest_frac_slope_2000_2025,pop_log_density_2000,-0.0092343238920763,2.56339142380157,0.007785390131175518,-0.0032822100911289454
6,f,forest_frac_slope_2000_2025,pop_log_density_2000,-0.0088549641192882,2.56339142380157,0.007993090897798538,-0.0029540446121245623
6,f,forest_frac_slope_2000_2025,pop_log_density_2000,-0.0084756043465002,2.56339142380157,0.008260214701294899,-0.0023057134822010994
6,f,forest_frac_slope_2000_2025,pop_log_density_2000,-0.0080962445737121,2.56339142380157,0.008859268389642239,-0.0014174572424963117
6,f,forest_frac_slope_2000_2025,pop_log_density_2000,-0.007716884800924,2.56339142380157,0.009610509499907494,-0.0001347328652627766
6,f,forest_frac_slope_2000_2025,pop_log_density_2000,-0.007337525028136,2.56339142380157,0.010260408744215965,0.0006762481643818319
6,f,forest_frac_slope_2000_2025,pop_log_density_2000,-0.0069581652553479,2.56339142380157,0.01084232423454523,0.0018199856858700514
6,f,forest_frac_slope_2000_2025,pop_log_density_2000,-0.0065788054825598,2.56339142380157,0.011018208228051662,0.002227288903668523
6,f,forest_frac_slope_2000_2025,pop_log_density_2000,-0.0061994457097717,2.56339142380157,0.01115435641258955,0.0028493735007941723
6,f,forest_frac_slope_2000_2025,pop_log_density_2000,-0.0058200859369837,2.56339142380157,0.01196935772895813,0.0042012534104287624
6,f,forest_frac_slope_2000_2025,pop_log_density_2000,-0.0054407261641956,2.56339142380157,0.013885987922549248,0.007241903338581324
6,f,forest_frac_slope_2000_2025,pop_log_density_2000,-0.0050613663914075,2.56339142380157,0.013871206901967525,0.007304952945560217
6,f,forest_frac_slope_2000_2025,pop_log_density_2000,-0.0046820066186195,2.56339142380157,0.01545525249093771,0.009540257044136524
6,f,forest_frac_slope_2000_2025,pop_log_density_2000,-0.0043026468458314,2.56339142380157,0.016004152595996857,0.010774891823530197
6,f,forest_frac_slope_2000_2025,pop_log_density_2000,-0.0039232870730433,2.56339142380157,0.016182037070393562,0.011247003450989723
6,f,forest_frac_slope_2000_2025,pop_log_density_2000,-0.0035439273002553,2.56339142380157,0.016723861917853355,0.012460499070584774
6,f,forest_frac_slope_2000_2025,pop_log_density_2000,-0.0031645675274672,2.56339142380157,0.017270950600504875,0.01335924118757248
6,f,forest_frac_slope_2000_2025,pop_log_density_2000,-0.0027852077546791,2.56339142380157,0.01840154081583023,0.01467175129801035
6,f,forest_frac_slope_2000_2025,pop_log_density_2000,-0.0024058479818911,2.56339142380157,0.0186395775526762,0.01528324093669653
6,f,forest_frac_slope_2000_2025,pop_log_density_2000,-0.002026488209103,2.56339142380157,0.019333411008119583,0.01641056127846241
6,f,forest_frac_slope_2000_2025,pop_log_density_2000,-0.0016471284363149,2.56339142380157,0.019829457625746727,0.017465976998209953
6,f,forest_frac_slope_2000_2025,pop_log_density_2000,-0.0012677686635269,2.56339142380157,0.020789137110114098,0.018946291878819466
6,f,forest_frac_slope_2000_2025,pop_log_density_2000,-0.0008884088907388,2.56339142380157,0.02142218127846718,0.019888615235686302
6,f,forest_frac_slope_2000_2025,pop_log_density_2000,-0.0005090491179507,2.56339142380157,0.02181030996143818,0.02079186402261257
6,f,forest_frac_slope_2000_2025,pop_log_density_2000,-0.0001296893451627,2.56339142380157,0.022486789152026176,0.022434689104557037
6,f,forest_frac_slope_2000_2025,pop_log_density_2000,0.0002496704276253,2.56339142380157,0.024146458134055138,0.024867702275514603
6,f,forest_frac_slope_2000_2025,pop_log_density_2000,0.0006290302004134,2.56339142380157,0.024451477453112602,0.025631453841924667
6,f,forest_frac_slope_2000_2025,pop_log_density_2000,0.0010083899732014,2.56339142380157,0.02503121644258499,0.02650570496916771
6,f,forest_frac_slope_2000_2025,pop_log_density_2000,0.0013877497459895,2.56339142380157,0.025237878784537315,0.026840852573513985
6,f,forest_frac_slope_2000_2025,pop_log_density_2000,0.0017671095187776,2.56339142380157,0.02530047297477722,0.027189690619707108
6,f,forest_frac_slope_2000_2025,pop_log_density_2000,0.0021464692915656,2.56339142380157,0.02576446160674095,0.027829742059111595
6,f,forest_frac_slope_2000_2025,pop_log_density_2000,0.0025258290643537,2.56339142380157,0.025914201512932777,0.02815861441195011
6,f,forest_frac_slope_2000_2025,pop_log_density_2000,0.0029051888371418,2.56339142380157,0.026318810880184174,0.028710683807730675
6,f,forest_frac_slope_2000_2025,pop_log_density_2000,0.0032845486099298,2.56339142380157,0.026521308347582817,0.028979219496250153
6,f,forest_frac_slope_2000_2025,pop_log_density_2000,0.0036639083827179,2.56339142380157,0.026528257876634598,0.02905190736055374
6,f,forest_frac_slope_2000_2025,pop_log_density_2000,0.004043268155506,2.56339142380157,0.02671009674668312,0.02930176444351673
6,f,forest_frac_slope_2000_2025,pop_log_density_2000,0.004422627928294,2.56339142380157,0.026959657669067383,0.029567597433924675
6,f,forest_frac_slope_2000_2025,pop_log_density_2000,0.0048019877010821,2.56339142380157,0.026984471827745438,0.029720325022935867
6,f,forest_frac_slope_2000_2025,pop_log_density_2000,0.0051813474738702,2.56339142380157,0.027165602892637253,0.03009980544447899
6,f,forest_frac_slope_2000_2025,pop_log_density_2000,0.0055607072466582,2.56339142380157,0.027165956795215607,0.030176032334566116
6,f,forest_frac_slope_2000_2025,pop_log_density_2000,0.0059400670194463,2.56339142380157,0.027138561010360718,0.030294908210635185
6,f,forest_frac_slope_2000_2025,pop_log_density_2000,-0.0092343238920763,2.723603387789168,0.008012557402253151,-0.003027481259778142
6,f,forest_frac_slope_2000_2025,pop_log_density_2000,-0.0088549641192882,2.723603387789168,0.008220258168876171,-0.0026995735242962837
6,f,forest_frac_slope_2000_2025,pop_log_density_2000,-0.0084756043465002,2.723603387789168,0.008487382903695107,-0.002051269169896841
6,f,forest_frac_slope_2000_2025,pop_log_density_2000,-0.0080962445737121,2.723603387789168,0.009100970812141895,-0.0011485039722174406
6,f,forest_frac_slope_2000_2025,pop_log_density_2000,-0.007716884800924,2.723603387789168,0.0098522137850523,0.000134225410874933
6,f,forest_frac_slope_2000_2025,pop_log_density_2000,-0.007337525028136,2.723603387789168,0.010502113029360771,0.0009450276847928762
6,f,forest_frac_slope_2000_2025,pop_log_density_2000,-0.0069581652553479,2.723603387789168,0.011084028519690037,0.002088675508275628
6,f,forest_frac_slope_2000_2025,pop_log_density_2000,-0.0065788054825598,2.723603387789168,0.011259910650551319,0.0024958765134215355
6,f,forest_frac_slope_2000_2025,pop_log_density_2000,-0.0061994457097717,2.723603387789168,0.011396058835089207,0.0031126094982028008
6,f,forest_frac_slope_2000_2025,pop_log_density_2000,-0.0058200859369837,2.723603387789168,0.012225942686200142,0.004477775190025568
6,f,forest_frac_slope_2000_2025,pop_log_density_2000,-0.0054407261641956,2.723603387789168,0.0139981210231781,0.007374412380158901
6,f,forest_frac_slope_2000_2025,pop_log_density_2000,-0.0050613663914075,2.723603387789168,0.013983337208628654,0.0074363755993545055
6,f,forest_frac_slope_2000_2025,pop_log_density_2000,-0.0046820066186195,2.723603387789168,0.015569227747619152,0.009672876447439194
6,f,forest_frac_slope_2000_2025,pop_log_density_2000,-0.0043026468458314,2.723603387789168,0.01611812599003315,0.010907343588769436
6,f,forest_frac_slope_2000_2025,pop_log_density_2000,-0.0039232870730433,2.723603387789168,0.016296012327075005,0.011379332281649113
6,f,forest_frac_slope_2000_2025,pop_log_density_2000,-0.0035439273002553,2.723603387789168,0.016835739836096764,0.012590738944709301
6,f,forest_frac_slope_2000_2025,pop_log_density_2000,-0.0031645675274672,2.723603387789168,0.01738717406988144,0.013493099249899387
6,f,forest_frac_slope_2000_2025,pop_log_density_2000,-0.0027852077546791,2.723603387789168,0.018517760559916496,0.014804143458604813
6,f,forest_frac_slope_2000_2025,pop_log_density_2000,-0.0024058479818911,2.723603387789168,0.018755799159407616,0.015420980751514435
6,f,forest_frac_slope_2000_2025,pop_log_density_2000,-0.002026488209103,2.723603387789168,0.019449632614850998,0.01654871366918087
6,f,forest_frac_slope_2000_2025,pop_log_density_2000,-0.0016471284363149,2.723603387789168,0.019946083426475525,0.017603833228349686
6,f,forest_frac_slope_2000_2025,pop_log_density_2000,-0.0012677686635269,2.723603387789168,0.02090507373213768,0.019069839268922806
6,f,forest_frac_slope_2000_2025,pop_log_density_2000,-0.0008884088907388,2.723603387789168,0.02153811790049076,0.02000884898006916
6,f,forest_frac_slope_2000_2025,pop_log_density_2000,-0.0005090491179507,2.723603387789168,0.021927474066615105,0.020911334082484245
6,f,forest_frac_slope_2000_2025,pop_log_density_2000,-0.0001296893451627,2.723603387789168,0.022588836029171944,0.02253609336912632
6,f,forest_frac_slope_2000_2025,pop_log_density_2000,0.0002496704276253,2.723603387789168,0.024254027754068375,0.024961646646261215
6,f,forest_frac_slope_2000_2025,pop_log_density_2000,0.0006290302004134,2.723603387789168,0.024558212608098984,0.025716625154018402
6,f,forest_frac_slope_2000_2025,pop_log_density_2000,0.0010083899732014,2.723603387789168,0.025137951597571373,0.026589810848236084
6,f,forest_frac_slope_2000_2025,pop_log_density_2000,0.0013877497459895,2.723603387789168,0.025343088433146477,0.02691912278532982
6,f,forest_frac_slope_2000_2025,pop_log_density_2000,0.0017671095187776,2.723603387789168,0.025405682623386383,0.027267388999462128
6,f,forest_frac_slope_2000_2025,pop_log_density_2000,0.0021464692915656,2.723603387789168,0.025869667530059814,0.027907224372029305
6,f,forest_frac_slope_2000_2025,pop_log_density_2000,0.0025258290643537,2.723603387789168,0.02601941116154194,0.02823544107377529
6,f,forest_frac_slope_2000_2025,pop_log_density_2000,0.0029051888371418,2.723603387789168,0.026424020528793335,0.02878730744123459
6,f,forest_frac_slope_2000_2025,pop_log_density_2000,0.0032845486099298,2.723603387789168,0.02662651613354683,0.029055537655949593
6,f,forest_frac_slope_2000_2025,pop_log_density_2000,0.0036639083827179,2.723603387789168,0.02663346566259861,0.029128046706318855
6,f,forest_frac_slope_2000_2025,pop_log_density_2000,0.004043268155506,2.723603387789168,0.026815306395292282,0.029377717524766922
6,f,forest_frac_slope_2000_2025,pop_log_density_2000,0.004422627928294,2.723603387789168,0.027064863592386246,0.02964327484369278
6,f,forest_frac_slope_2000_2025,pop_log_density_2000,0.0048019877010821,2.723603387789168,0.0270896777510643,0.029795760288834572
6,f,forest_frac_slope_2000_2025,pop_log_density_2000,0.0051813474738702,2.723603387789168,0.02727040834724903,0.030174659565091133
6,f,forest_frac_slope_2000_2025,pop_log_density_2000,0.0055607072466582,2.723603387789168,0.027270762249827385,0.030250778421759605
6,f,forest_frac_slope_2000_2025,pop_log_density_2000,0.0059400670194463,2.723603387789168,0.027243366464972496,0.030369525775313377
6,f,forest_frac_slope_2000_2025,pop_log_density_2000,-0.0092343238920763,2.883815351776766,0.008017432875931263,-0.003025404643267393
6,f,forest_frac_slope_2000_2025,pop_log_density_2000,-0.0088549641192882,2.883815351776766,0.008225133642554283,-0.0026973800268024206
6,f,forest_frac_slope_2000_2025,pop_log_density_2000,-0.0084756043465002,2.883815351776766,0.008492257446050644,-0.002048901515081525
6,f,forest_frac_slope_2000_2025,pop_log_density_2000,-0.0080962445737121,2.883815351776766,0.009105846285820007,-0.0011461363174021244
6,f,forest_frac_slope_2000_2025,pop_log_density_2000,-0.007716884800924,2.883815351776766,0.009857088327407837,0.00013659313844982535
6,f,forest_frac_slope_2000_2025,pop_log_density_2000,-0.007337525028136,2.883815351776766,0.010506987571716309,0.0009475162369199097
6,f,forest_frac_slope_2000_2025,pop_log_density_2000,-0.0069581652553479,2.883815351776766,0.011088902130723,0.002091397764161229
6,f,forest_frac_slope_2000_2025,pop_log_density_2000,-0.0065788054825598,2.883815351776766,0.011264785192906857,0.0024987156502902508
6,f,forest_frac_slope_2000_2025,pop_log_density_2000,-0.0061994457097717,2.883815351776766,0.011400935240089893,0.0031157995108515024
6,f,forest_frac_slope_2000_2025,pop_log_density_2000,-0.0058200859369837,2.883815351776766,0.01223081722855568,0.00448108185082674
6,f,forest_frac_slope_2000_2025,pop_log_density_2000,-0.0054407261641956,2.883815351776766,0.014002995565533638,0.007377718109637499
6,f,forest_frac_slope_2000_2025,pop_log_density_2000,-0.0050613663914075,2.883815351776766,0.013988211750984192,0.007439687382429838
6,f,forest_frac_slope_2000_2025,pop_log_density_2000,-0.0046820066186195,2.883815351776766,0.015576623380184174,0.009678591042757034
6,f,forest_frac_slope_2000_2025,pop_log_density_2000,-0.0043026468458314,2.883815351776766,0.016125522553920746,0.01091301441192627
6,f,forest_frac_slope_2000_2025,pop_log_density_2000,-0.0039232870730433,2.883815351776766,0.016303405165672302,0.011384885758161545
6,f,forest_frac_slope_2000_2025,pop_log_density_2000,-0.0035439273002553,2.883815351776766,0.01684313826262951,0.012596496380865574
6,f,forest_frac_slope_2000_2025,pop_log_density_2000,-0.0031645675274672,2.883815351776766,0.017394570633769035,0.013498927466571331
6,f,forest_frac_slope_2000_2025,pop_log_density_2000,-0.0027852077546791,2.883815351776766,0.01852515898644924,0.014810152351856232
6,f,forest_frac_slope_2000_2025,pop_log_density_2000,-0.0024058479818911,2.883815351776766,0.018763193860650063,0.01542698871344328
6,f,forest_frac_slope_2000_2025,pop_log_density_2000,-0.002026488209103,2.883815351776766,0.019457029178738594,0.016554899513721466
6,f,forest_frac_slope_2000_2025,pop_log_density_2000,-0.0016471284363149,2.883815351776766,0.01995347999036312,0.017610210925340652
6,f,forest_frac_slope_2000_2025,pop_log_density_2000,-0.0012677686635269,2.883815351776766,0.020912468433380127,0.019076406955718994
6,f,forest_frac_slope_2000_2025,pop_log_density_2000,-0.0008884088907388,2.883815351776766,0.02154730260372162,0.02001732401549816
6,f,forest_frac_slope_2000_2025,pop_log_density_2000,-0.0005090491179507,2.883815351776766,0.021936658769845963,0.020919829607009888
6,f,forest_frac_slope_2000_2025,pop_log_density_2000,-0.0001296893451627,2.883815351776766,0.02259802259504795,0.02254452556371689
6,f,forest_frac_slope_2000_2025,pop_log_density_2000,0.0002496704276253,2.883815351776766,0.024262141436338425,0.024968717247247696
6,f,forest_frac_slope_2000_2025,pop_log_density_2000,0.0006290302004134,2.883815351776766,0.024566326290369034,0.02572369948029518
6,f,forest_frac_slope_2000_2025,pop_log_density_2000,0.0010083899732014,2.883815351776766,0.025146065279841423,0.02659694105386734
6,f,forest_frac_slope_2000_2025,pop_log_density_2000,0.0013877497459895,2.883815351776766,0.025351200252771378,0.026926327496767044
6,f,forest_frac_slope_2000_2025,pop_log_density_2000,0.0017671095187776,2.883815351776766,0.025413798168301582,0.027274589985609055
6,f,forest_frac_slope_2000_2025,pop_log_density_2000,0.0021464692915656,2.883815351776766,0.025877784937620163,0.02791447937488556
6,f,forest_frac_slope_2000_2025,pop_log_density_2000,0.0025258290643537,2.883815351776766,0.026027683168649673,0.028242601081728935
6,f,forest_frac_slope_2000_2025,pop_log_density_2000,0.0029051888371418,2.883815351776766,0.02643229253590107,0.028794612735509872
6,f,forest_frac_slope_2000_2025,pop_log_density_2000,0.0032845486099298,2.883815351776766,0.026634786278009415,0.029062900692224503
6,f,forest_frac_slope_2000_2025,pop_log_density_2000,0.0036639083827179,2.883815351776766,0.026641741394996643,0.029135430231690407
6,f,forest_frac_slope_2000_2025,pop_log_density_2000,0.004043268155506,2.883815351776766,0.026823578402400017,0.029384823516011238
6,f,forest_frac_slope_2000_2025,pop_log_density_2000,0.004422627928294,2.883815351776766,0.02707313559949398,0.029650000855326653
6,f,forest_frac_slope_2000_2025,pop_log_density_2000,0.0048019877010821,2.883815351776766,0.027097953483462334,0.02980238012969494
6,f,forest_frac_slope_2000_2025,pop_log_density_2000,0.0051813474738702,2.883815351776766,0.027278518304228783,0.03018103539943695
6,f,forest_frac_slope_2000_2025,pop_log_density_2000,0.0055607072466582,2.883815351776766,0.027278872206807137,0.03025716170668602
6,f,forest_frac_slope_2000_2025,pop_log_density_2000,0.0059400670194463,2.883815351776766,0.027251476421952248,0.030375907197594643
6,f,forest_frac_slope_2000_2025,pop_log_density_2000,-0.0092343238920763,3.044027315764364,0.00825929269194603,-0.0026808520779013634
6,f,forest_frac_slope_2000_2025,pop_log_density_2000,-0.0088549641192882,3.044027315764364,0.008466992527246475,-0.0023536067456007004
6,f,forest_frac_slope_2000_2025,pop_log_density_2000,-0.0084756043465002,3.044027315764364,0.008734118193387985,-0.0017053298652172089
6,f,forest_frac_slope_2000_2025,pop_log_density_2000,-0.0080962445737121,3.044027315764364,0.009347706101834774,-0.0008026807336136699
6,f,forest_frac_slope_2000_2025,pop_log_density_2000,-0.007716884800924,3.044027315764364,0.010098948143422604,0.00047844782238826156
6,f,forest_frac_slope_2000_2025,pop_log_density_2000,-0.007337525028136,3.044027315764364,0.010748847387731075,0.0012890135403722525
6,f,forest_frac_slope_2000_2025,pop_log_density_2000,-0.0069581652553479,3.044027315764364,0.01132989302277565,0.002428571693599224
6,f,forest_frac_slope_2000_2025,pop_log_density_2000,-0.0065788054825598,3.044027315764364,0.011498459614813328,0.0028267225716263056
6,f,forest_frac_slope_2000_2025,pop_log_density_2000,-0.0061994457097717,3.044027315764364,0.011634607799351215,0.0034426236525177956
6,f,forest_frac_slope_2000_2025,pop_log_density_2000,-0.0058200859369837,3.044027315764364,0.012444281950592995,0.004788248334079981
6,f,forest_frac_slope_2000_2025,pop_log_density_2000,-0.0054407261641956,3.044027315764364,0.014216458424925804,0.007684305310249329
6,f,forest_frac_slope_2000_2025,pop_log_density_2000,-0.0050613663914075,3.044027315764364,0.014201676473021507,0.0077435788698494434
6,f,forest_frac_slope_2000_2025,pop_log_density_2000,-0.0046820066186195,3.044027315764364,0.015788758173584938,0.009981594048440456
6,f,forest_frac_slope_2000_2025,pop_log_density_2000,-0.0043026468458314,3.044027315764364,0.01633765734732151,0.011212737299501896
6,f,forest_frac_slope_2000_2025,pop_log_density_2000,-0.0039232870730433,3.044027315764364,0.016515541821718216,0.011681570671498775
6,f,forest_frac_slope_2000_2025,pop_log_density_2000,-0.0035439273002553,3.044027315764364,0.017055271193385124,0.012889637611806393
6,f,forest_frac_slope_2000_2025,pop_log_density_2000,-0.0031645675274672,3.044027315764364,0.01760670356452465,0.01378694362938404
6,f,forest_frac_slope_2000_2025,pop_log_density_2000,-0.0027852077546791,3.044027315764364,0.018737291917204857,0.01509435661137104
6,f,forest_frac_slope_2000_2025,pop_log_density_2000,-0.0024058479818911,3.044027315764364,0.018975328654050827,0.01570669189095497
6,f,forest_frac_slope_2000_2025,pop_log_density_2000,-0.002026488209103,3.044027315764364,0.01966916397213936,0.016824450343847275
6,f,forest_frac_slope_2000_2025,pop_log_density_2000,-0.0016471284363149,3.044027315764364,0.020168056711554527,0.01787661761045456
6,f,forest_frac_slope_2000_2025,pop_log_density_2000,-0.0012677686635269,3.044027315764364,0.021125411614775658,0.019331244751811028
6,f,forest_frac_slope_2000_2025,pop_log_density_2000,-0.0008884088907388,3.044027315764364,0.02175934426486492,0.020249083638191223
6,f,forest_frac_slope_2000_2025,pop_log_density_2000,-0.0005090491179507,3.044027315764364,0.022148700430989265,0.021145781502127647
6,f,forest_frac_slope_2000_2025,pop_log_density_2000,-0.0001296893451627,3.044027315764364,0.022765835747122765,0.02272828482091427
6,f,forest_frac_slope_2000_2025,pop_log_density_2000,0.0002496704276253,3.044027315764364,0.024417798966169357,0.025122875347733498
6,f,forest_frac_slope_2000_2025,pop_log_density_2000,0.0006290302004134,3.044027315764364,0.024722715839743614,0.025873938575387
6,f,forest_frac_slope_2000_2025,pop_log_density_2000,0.0010083899732014,3.044027315764364,0.025302458554506302,0.026745930314064026
6,f,forest_frac_slope_2000_2025,pop_log_density_2000,0.0013877497459895,3.044027315764364,0.025507591664791107,0.02707347832620144
6,f,forest_frac_slope_2000_2025,pop_log_density_2000,0.0017671095187776,3.044027315764364,0.025570189580321312,0.02742110565304756
6,f,forest_frac_slope_2000_2025,pop_log_density_2000,0.0021464692915656,3.044027315764364,0.026034176349639893,0.02806084044277668
6,f,forest_frac_slope_2000_2025,pop_log_density_2000,0.0025258290643537,3.044027315764364,0.026184072718024254,0.028388602659106255
6,f,forest_frac_slope_2000_2025,pop_log_density_2000,0.0029051888371418,3.044027315764364,0.0265886839479208,0.02893982268869877
6,f,forest_frac_slope_2000_2025,pop_log_density_2000,0.0032845486099298,3.044027315764364,0.02678956277668476,0.02920614928007126
6,f,forest_frac_slope_2000_2025,pop_log_density_2000,0.0036639083827179,3.044027315764364,0.026796512305736542,0.029277782887220383
6,f,forest_frac_slope_2000_2025,pop_log_density_2000,0.004043268155506,3.044027315764364,0.026978349313139915,0.02952515333890915
6,f,forest_frac_slope_2000_2025,pop_log_density_2000,0.004422627928294,3.044027315764364,0.027227910235524178,0.02978910692036152
6,f,forest_frac_slope_2000_2025,pop_log_density_2000,0.0048019877010821,3.044027315764364,0.027252724394202232,0.029941348358988762
6,f,forest_frac_slope_2000_2025,pop_log_density_2000,0.0051813474738702,3.044027315764364,0.02743329107761383,0.03032005950808525
6,f,forest_frac_slope_2000_2025,pop_log_density_2000,0.0055607072466582,3.044027315764364,0.027433643117547035,0.030395956709980965
6,f,forest_frac_slope_2000_2025,pop_log_density_2000,0.0059400670194463,3.044027315764364,0.027406247332692146,0.03051462583243847
6,f,forest_frac_slope_2000_2025,pop_log_density_2000,-0.0092343238920763,3.2042392797519623,0.008566918782889843,-0.0023126299493014812
6,f,forest_frac_slope_2000_2025,pop_log_density_2000,-0.0088549641192882,3.2042392797519623,0.008774618618190289,-0.001981386449187994
6,f,forest_frac_slope_2000_2025,pop_log_density_2000,-0.0084756043465002,3.2042392797519623,0.009024363942444324,-0.0013501180801540613
6,f,forest_frac_slope_2000_2025,pop_log_density_2000,-0.0080962445737121,3.2042392797519623,0.009637953713536263,-0.0004464870726224035
6,f,forest_frac_slope_2000_2025,pop_log_density_2000,-0.007716884800924,3.2042392797519623,0.01033485122025013,0.0007810072274878621
6,f,forest_frac_slope_2000_2025,pop_log_density_2000,-0.007337525028136,3.2042392797519623,0.010984749533236027,0.0015926188789308071
6,f,forest_frac_slope_2000_2025,pop_log_density_2000,-0.0069581652553479,3.2042392797519623,0.011565864086151123,0.0027332596946507692
6,f,forest_frac_slope_2000_2025,pop_log_density_2000,-0.0065788054825598,3.2042392797519623,0.0117344306781888,0.003131225472316146
6,f,forest_frac_slope_2000_2025,pop_log_density_2000,-0.0061994457097717,3.2042392797519623,0.011870579794049263,0.003748558461666107
6,f,forest_frac_slope_2000_2025,pop_log_density_2000,-0.0058200859369837,3.2042392797519623,0.012680252082645893,0.005094049032777548
6,f,forest_frac_slope_2000_2025,pop_log_density_2000,-0.0054407261641956,3.2042392797519623,0.014453762210905552,0.0079909423366189
6,f,forest_frac_slope_2000_2025,pop_log_density_2000,-0.0050613663914075,3.2042392797519623,0.014438050799071789,0.008049124851822853
6,f,forest_frac_slope_2000_2025,pop_log_density_2000,-0.0046820066186195,3.2042392797519623,0.016025129705667496,0.010288291610777378
6,f,forest_frac_slope_2000_2025,pop_log_density_2000,-0.0043026468458314,3.2042392797519623,0.016574030742049217,0.011518141254782677
6,f,forest_frac_slope_2000_2025,pop_log_density_2000,-0.0039232870730433,3.2042392797519623,0.016751915216445923,0.01198554690927267
6,f,forest_frac_slope_2000_2025,pop_log_density_2000,-0.0035439273002553,3.2042392797519623,0.01729411445558071,0.013196032494306564
6,f,forest_frac_slope_2000_2025,pop_log_density_2000,-0.0031645675274672,3.2042392797519623,0.0178369227796793,0.014091458171606064
6,f,forest_frac_slope_2000_2025,pop_log_density_2000,-0.0027852077546791,3.2042392797519623,0.018967511132359505,0.015397459268569946
6,f,forest_frac_slope_2000_2025,pop_log_density_2000,-0.0024058479818911,3.2042392797519623,0.019205547869205475,0.016003767028450966
6,f,forest_frac_slope_2000_2025,pop_log_density_2000,-0.002026488209103,3.2042392797519623,0.019899383187294006,0.017116544768214226
6,f,forest_frac_slope_2000_2025,pop_log_density_2000,-0.0016471284363149,3.2042392797519623,0.0203904677182436,0.018162837252020836
6,f,forest_frac_slope_2000_2025,pop_log_density_2000,-0.0012677686635269,3.2042392797519623,0.02134782262146473,0.019611377269029617
6,f,forest_frac_slope_2000_2025,pop_log_density_2000,-0.0008884088907388,3.2042392797519623,0.021959124132990837,0.020485788583755493
6,f,forest_frac_slope_2000_2025,pop_log_density_2000,-0.0005090491179507,3.2042392797519623,0.022315576672554016,0.021348120644688606
6,f,forest_frac_slope_2000_2025,pop_log_density_2000,-0.0001296893451627,3.2042392797519623,0.022911295294761658,0.022886725142598152
6,f,forest_frac_slope_2000_2025,pop_log_density_2000,0.0002496704276253,3.2042392797519623,0.024529239162802696,0.02523311972618103
6,f,forest_frac_slope_2000_2025,pop_log_density_2000,0.0006290302004134,3.2042392797519623,0.024833444505929947,0.02597770094871521
6,f,forest_frac_slope_2000_2025,pop_log_density_2000,0.0010083899732014,3.2042392797519623,0.025413185358047485,0.026848236098885536
6,f,forest_frac_slope_2000_2025,pop_log_density_2000,0.0013877497459895,3.2042392797519623,0.02561832033097744,0.02717461995780468
6,f,forest_frac_slope_2000_2025,pop_log_density_2000,0.0017671095187776,3.2042392797519623,0.025680916383862495,0.027521420270204544
6,f,forest_frac_slope_2000_2025,pop_log_density_2000,0.0021464692915656,3.2042392797519623,0.026131127029657364,0.02814696915447712
6,f,forest_frac_slope_2000_2025,pop_log_density_2000,0.0025258290643537,3.2042392797519623,0.026281027123332024,0.028474299237132072
6,f,forest_frac_slope_2000_2025,pop_log_density_2000,0.0029051888371418,3.2042392797519623,0.02668563462793827,0.02902493067085743
6,f,forest_frac_slope_2000_2025,pop_log_density_2000,0.0032845486099298,3.2042392797519623,0.026886513456702232,0.029291026294231415
6,f,forest_frac_slope_2000_2025,pop_log_density_2000,0.0036639083827179,3.2042392797519623,0.026893462985754013,0.0293619055300951
6,f,forest_frac_slope_2000_2025,pop_log_density_2000,0.004043268155506,3.2042392797519623,0.027074309065937996,0.029607854783535004
6,f,forest_frac_slope_2000_2025,pop_log_density_2000,0.004422627928294,3.2042392797519623,0.027323869988322258,0.029871610924601555
6,f,forest_frac_slope_2000_2025,pop_log_density_2000,0.0048019877010821,3.2042392797519623,0.027348684147000313,0.03002314642071724
6,f,forest_frac_slope_2000_2025,pop_log_density_2000,0.0051813474738702,3.2042392797519623,0.027529248967766762,0.030401993542909622
6,f,forest_frac_slope_2000_2025,pop_log_density_2000,0.0055607072466582,3.2042392797519623,0.027529602870345116,0.030477600172162056
6,f,forest_frac_slope_2000_2025,pop_log_density_2000,0.0059400670194463,3.2042392797519623,0.02749227173626423,0.030586417764425278
6,f,forest_frac_slope_2000_2025,pop_log_density_2000,-0.0092343238920763,3.364451243739561,0.008621103130280972,-0.0021386463195085526
6,f,forest_frac_slope_2000_2025,pop_log_density_2000,-0.0088549641192882,3.364451243739561,0.008828802965581417,-0.0018071613740175962
6,f,forest_frac_slope_2000_2025,pop_log_density_2000,-0.0084756043465002,3.364451243739561,0.009078548289835453,-0.0011758888140320778
6,f,forest_frac_slope_2000_2025,pop_log_density_2000,-0.0080962445737121,3.364451243739561,0.009692138060927391,-0.0002724668593145907
6,f,forest_frac_slope_2000_2025,pop_log_density_2000,-0.007716884800924,3.364451243739561,0.010389035567641258,0.0009541210602037609
6,f,forest_frac_slope_2000_2025,pop_log_density_2000,-0.007337525028136,3.364451243739561,0.01103893481194973,0.0017657524440437555
6,f,forest_frac_slope_2000_2025,pop_log_density_2000,-0.0069581652553479,3.364451243739561,0.011620048433542252,0.002906049834564328
6,f,forest_frac_slope_2000_2025,pop_log_density_2000,-0.0065788054825598,3.364451243739561,0.01178861502557993,0.003303483361378312
6,f,forest_frac_slope_2000_2025,pop_log_density_2000,-0.0061994457097717,3.364451243739561,0.011924764141440392,0.0039201476611196995
6,f,forest_frac_slope_2000_2025,pop_log_density_2000,-0.0058200859369837,3.364451243739561,0.012684008106589317,0.005095578730106354
6,f,forest_frac_slope_2000_2025,pop_log_density_2000,-0.0054407261641956,3.364451243739561,0.0144575210288167,0.007992351427674294
6,f,forest_frac_slope_2000_2025,pop_log_density_2000,-0.0050613663914075,3.364451243739561,0.014449544250965118,0.008059699088335037
6,f,forest_frac_slope_2000_2025,pop_log_density_2000,-0.0046820066186195,3.364451243739561,0.0160366240888834,0.010299342684447765
6,f,forest_frac_slope_2000_2025,pop_log_density_2000,-0.0043026468458314,3.364451243739561,0.01658552512526512,0.01152899768203497
6,f,forest_frac_slope_2000_2025,pop_log_density_2000,-0.0039232870730433,3.364451243739561,0.016763409599661827,0.01199659239500761
6,f,forest_frac_slope_2000_2025,pop_log_density_2000,-0.0035439273002553,3.364451243739561,0.017305606976151466,0.01320707704871893
6,f,forest_frac_slope_2000_2025,pop_log_density_2000,-0.0031645675274672,3.364451243739561,0.017844680696725845,0.014100882224738598
6,f,forest_frac_slope_2000_2025,pop_log_density_2000,-0.0027852077546791,3.364451243739561,0.01897526904940605,0.015406844206154346
6,f,forest_frac_slope_2000_2025,pop_log_density_2000,-0.0024058479818911,3.364451243739561,0.01921330764889717,0.01601378060877323
6,f,forest_frac_slope_2000_2025,pop_log_density_2000,-0.002026488209103,3.364451243739561,0.019907141104340553,0.01712634228169918
6,f,forest_frac_slope_2000_2025,pop_log_density_2000,-0.0016471284363149,3.364451243739561,0.020398225635290146,0.018172623589634895
6,f,forest_frac_slope_2000_2025,pop_log_density_2000,-0.0012677686635269,3.364451243739561,0.021355580538511276,0.019620493054389954
6,f,forest_frac_slope_2000_2025,pop_log_density_2000,-0.0008884088907388,3.364451243739561,0.021966882050037384,0.02049470879137516
6,f,forest_frac_slope_2000_2025,pop_log_density_2000,-0.0005090491179507,3.364451243739561,0.022323334589600563,0.021356754004955292
6,f,forest_frac_slope_2000_2025,pop_log_density_2000,-0.0001296893451627,3.364451243739561,0.022919053211808205,0.022895345464348793
6,f,forest_frac_slope_2000_2025,pop_log_density_2000,0.0002496704276253,3.364451243739561,0.024536700919270515,0.02524174377322197
6,f,forest_frac_slope_2000_2025,pop_log_density_2000,0.0006290302004134,3.364451243739561,0.024840904399752617,0.0259862020611763
6,f,forest_frac_slope_2000_2025,pop_log_density_2000,0.0010083899732014,3.364451243739561,0.025420647114515305,0.026856768876314163
6,f,forest_frac_slope_2000_2025,pop_log_density_2000,0.0013877497459895,3.364451243739561,0.02562578208744526,0.02718314714729786
6,f,forest_frac_slope_2000_2025,pop_log_density_2000,0.0017671095187776,3.364451243739561,0.025688378140330315,0.02752995491027832
6,f,forest_frac_slope_2000_2025,pop_log_density_2000,0.0021464692915656,3.364451243739561,0.026138588786125183,0.028155606240034103
6,f,forest_frac_slope_2000_2025,pop_log_density_2000,0.0025258290643537,3.364451243739561,0.026288487017154694,0.028482940047979355
6,f,forest_frac_slope_2000_2025,pop_log_density_2000,0.0029051888371418,3.364451243739561,0.02669309638440609,0.029033571481704712
6,f,forest_frac_slope_2000_2025,pop_log_density_2000,0.0032845486099298,3.364451243739561,0.026893971487879753,0.029299665242433548
6,f,forest_frac_slope_2000_2025,pop_log_density_2000,0.0036639083827179,3.364451243739561,0.02690092660486698,0.02937065064907074
6,f,forest_frac_slope_2000_2025,pop_log_density_2000,0.004043268155506,3.364451243739561,0.027081768959760666,0.029616599902510643
6,f,forest_frac_slope_2000_2025,pop_log_density_2000,0.004422627928294,3.364451243739561,0.027331333607435226,0.029880234971642494
6,f,forest_frac_slope_2000_2025,pop_log_density_2000,0.0048019877010821,3.364451243739561,0.027356142178177834,0.03003177046775818
6,f,forest_frac_slope_2000_2025,pop_log_density_2000,0.0051813474738702,3.364451243739561,0.02753671072423458,0.03041061758995056
6,f,forest_frac_slope_2000_2025,pop_log_density_2000,0.0055607072466582,3.364451243739561,0.027537062764167786,0.030486224219202995
6,f,forest_frac_slope_2000_2025,pop_log_density_2000,0.0059400670194463,3.364451243739561,0.027499733492732048,0.030595041811466217
6,f,forest_frac_slope_2000_2025,pop_log_density_2000,-0.0092343238920763,3.524663207727159,0.008589710108935833,-0.0021265633404254913
6,f,forest_frac_slope_2000_2025,pop_log_density_2000,-0.0088549641192882,3.524663207727159,0.008797410875558853,-0.0017943140119314194
6,f,forest_frac_slope_2000_2025,pop_log_density_2000,-0.0084756043465002,3.524663207727159,0.009047157131135464,-0.0011635520495474339
6,f,forest_frac_slope_2000_2025,pop_log_density_2000,-0.0080962445737121,3.524663207727159,0.009660745970904827,-0.00026016932679340243
6,f,forest_frac_slope_2000_2025,pop_log_density_2000,-0.007716884800924,3.524663207727159,0.010357643477618694,0.0009653394226916134
6,f,forest_frac_slope_2000_2025,pop_log_density_2000,-0.007337525028136,3.524663207727159,0.011007542721927166,0.0017740430776029825
6,f,forest_frac_slope_2000_2025,pop_log_density_2000,-0.0069581652553479,3.524663207727159,0.011600609868764877,0.0029245964251458645
6,f,forest_frac_slope_2000_2025,pop_log_density_2000,-0.0065788054825598,3.524663207727159,0.01176917552947998,0.0033207456581294537
6,f,forest_frac_slope_2000_2025,pop_log_density_2000,-0.0061994457097717,3.524663207727159,0.011905325576663017,0.00393668795004487
6,f,forest_frac_slope_2000_2025,pop_log_density_2000,-0.0058200859369837,3.524663207727159,0.012664570473134518,0.005110928323119879
6,f,forest_frac_slope_2000_2025,pop_log_density_2000,-0.0054407261641956,3.524663207727159,0.014438080601394176,0.008007421158254147
6,f,forest_frac_slope_2000_2025,pop_log_density_2000,-0.0050613663914075,3.524663207727159,0.01443010289222002,0.008073338307440281
6,f,forest_frac_slope_2000_2025,pop_log_density_2000,-0.0046820066186195,3.524663207727159,0.016017185524106026,0.0103123988956213
6,f,forest_frac_slope_2000_2025,pop_log_density_2000,-0.0043026468458314,3.524663207727159,0.016566086560487747,0.011540013365447521
6,f,forest_frac_slope_2000_2025,pop_log_density_2000,-0.0039232870730433,3.524663207727159,0.016743969172239304,0.012005963362753391
6,f,forest_frac_slope_2000_2025,pop_log_density_2000,-0.0035439273002553,3.524663207727159,0.017284007743000984,0.013211999088525772
6,f,forest_frac_slope_2000_2025,pop_log_density_2000,-0.0031645675274672,3.524663207727159,0.017823079600930214,0.014103878289461136
6,f,forest_frac_slope_2000_2025,pop_log_density_2000,-0.0027852077546791,3.524663207727159,0.01895366981625557,0.015405407175421715
6,f,forest_frac_slope_2000_2025,pop_log_density_2000,-0.0024058479818911,3.524663207727159,0.01919170655310154,0.01599632017314434
6,f,forest_frac_slope_2000_2025,pop_log_density_2000,-0.002026488209103,3.524663207727159,0.01988561823964119,0.0171072855591774
6,f,forest_frac_slope_2000_2025,pop_log_density_2000,-0.0016471284363149,3.524663207727159,0.020376702770590782,0.01815267652273178
6,f,forest_frac_slope_2000_2025,pop_log_density_2000,-0.0012677686635269,3.524663207727159,0.021334057673811913,0.019600072875618935
6,f,forest_frac_slope_2000_2025,pop_log_density_2000,-0.0008884088907388,3.524663207727159,0.02194535918533802,0.02047388069331646
6,f,forest_frac_slope_2000_2025,pop_log_density_2000,-0.0005090491179507,3.524663207727159,0.02230180986225605,0.021335531026124954
6,f,forest_frac_slope_2000_2025,pop_log_density_2000,-0.0001296893451627,3.524663207727159,0.02289753034710884,0.02287389524281025
6,f,forest_frac_slope_2000_2025,pop_log_density_2000,0.0002496704276253,3.524663207727159,0.02453942783176899,0.025244327262043953
6,f,forest_frac_slope_2000_2025,pop_log_density_2000,0.0006290302004134,3.524663207727159,0.02484363317489624,0.025988781824707985
6,f,forest_frac_slope_2000_2025,pop_log_density_2000,0.0010083899732014,3.524663207727159,0.02542337402701378,0.026859093457460403
6,f,forest_frac_slope_2000_2025,pop_log_density_2000,0.0013877497459895,3.524663207727159,0.025628508999943733,0.027185510843992233
6,f,forest_frac_slope_2000_2025,pop_log_density_2000,0.0017671095187776,3.524663207727159,0.02569110505282879,0.027532171458005905
6,f,forest_frac_slope_2000_2025,pop_log_density_2000,0.0021464692915656,3.524663207727159,0.026141315698623657,0.02815776877105236
6,f,forest_frac_slope_2000_2025,pop_log_density_2000,0.0025258290643537,3.524663207727159,0.026291213929653168,0.028485164046287537
6,f,forest_frac_slope_2000_2025,pop_log_density_2000,0.0029051888371418,3.524663207727159,0.026695823296904564,0.029035726562142372
6,f,forest_frac_slope_2000_2025,pop_log_density_2000,0.0032845486099298,3.524663207727159,0.026896702125668526,0.029301917180418968
6,f,forest_frac_slope_2000_2025,pop_log_density_2000,0.0036639083827179,3.524663207727159,0.026903655380010605,0.029372908174991608
6,f,forest_frac_slope_2000_2025,pop_log_density_2000,0.004043268155506,3.524663207727159,0.02708449773490429,0.029618853703141212
6,f,forest_frac_slope_2000_2025,pop_log_density_2000,0.004422627928294,3.524663207727159,0.027334056794643402,0.029882417991757393
6,f,forest_frac_slope_2000_2025,pop_log_density_2000,0.0048019877010821,3.524663207727159,0.027358872815966606,0.030033957213163376
6,f,forest_frac_slope_2000_2025,pop_log_density_2000,0.0051813474738702,3.524663207727159,0.027539437636733055,0.03041277825832367
6,f,forest_frac_slope_2000_2025,pop_log_density_2000,0.0055607072466582,3.524663207727159,0.02753978781402111,0.030488386750221252
6,f,forest_frac_slope_2000_2025,pop_log_density_2000,0.0059400670194463,3.524663207727159,0.02750246413052082,0.030597206205129623
6,f,forest_frac_slope_2000_2025,pop_log_density_2000,-0.0092343238920763,3.684875171714757,0.008624335750937462,-0.0020929877646267414
6,f,forest_frac_slope_2000_2025,pop_log_density_2000,-0.0088549641192882,3.684875171714757,0.008832036517560482,-0.0017605487955734134
6,f,forest_frac_slope_2000_2025,pop_log_density_2000,-0.0084756043465002,3.684875171714757,0.009081782773137093,-0.0011297068558633327
6,f,forest_frac_slope_2000_2025,pop_log_density_2000,-0.0080962445737121,3.684875171714757,0.009695371612906456,-0.00022624499979428947
6,f,forest_frac_slope_2000_2025,pop_log_density_2000,-0.007716884800924,3.684875171714757,0.010392268188297749,0.0009993602288886905
6,f,forest_frac_slope_2000_2025,pop_log_density_2000,-0.007337525028136,3.684875171714757,0.01104216743260622,0.0018081605667248368
6,f,forest_frac_slope_2000_2025,pop_log_density_2000,-0.0069581652553479,3.684875171714757,0.011635233648121357,0.0029588101897388697
6,f,forest_frac_slope_2000_2025,pop_log_density_2000,-0.0065788054825598,3.684875171714757,0.011803802102804184,0.003354959422722459
6,f,forest_frac_slope_2000_2025,pop_log_density_2000,-0.0061994457097717,3.684875171714757,0.011939950287342072,0.003971177153289318
6,f,forest_frac_slope_2000_2025,pop_log_density_2000,-0.0058200859369837,3.684875171714757,0.012699195183813572,0.005145609378814697
6,f,forest_frac_slope_2000_2025,pop_log_density_2000,-0.0054407261641956,3.684875171714757,0.01447270717471838,0.008042102679610252
6,f,forest_frac_slope_2000_2025,pop_log_density_2000,-0.0050613663914075,3.684875171714757,0.014464731328189373,0.008108017966151237
6,f,forest_frac_slope_2000_2025,pop_log_density_2000,-0.0046820066186195,3.684875171714757,0.01605181023478508,0.01034708134829998
6,f,forest_frac_slope_2000_2025,pop_log_density_2000,-0.0043026468458314,3.684875171714757,0.016556762158870697,0.011530745774507523
6,f,forest_frac_slope_2000_2025,pop_log_density_2000,-0.0039232870730433,3.684875171714757,0.016734648495912552,0.011996694840490818
6,f,forest_frac_slope_2000_2025,pop_log_density_2000,-0.0035439273002553,3.684875171714757,0.017274683341383934,0.013202731497585773
6,f,forest_frac_slope_2000_2025,pop_log_density_2000,-0.0031645675274672,3.684875171714757,0.017813755199313164,0.014094521291553974
6,f,forest_frac_slope_2000_2025,pop_log_density_2000,-0.0027852077546791,3.684875171714757,0.01894434541463852,0.015396048314869404
6,f,forest_frac_slope_2000_2025,pop_log_density_2000,-0.0024058479818911,3.684875171714757,0.01918238215148449,0.015986964106559753
6,f,forest_frac_slope_2000_2025,pop_log_density_2000,-0.002026488209103,3.684875171714757,0.01987629197537899,0.017097927629947662
6,f,forest_frac_slope_2000_2025,pop_log_density_2000,-0.0016471284363149,3.684875171714757,0.020367378368973732,0.018143320456147194
6,f,forest_frac_slope_2000_2025,pop_log_density_2000,-0.0012677686635269,3.684875171714757,0.02132473513484001,0.019590718671679497
6,f,forest_frac_slope_2000_2025,pop_log_density_2000,-0.0008884088907388,3.684875171714757,0.02193603478372097,0.020464524626731873
6,f,forest_frac_slope_2000_2025,pop_log_density_2000,-0.0005090491179507,3.684875171714757,0.02229248732328415,0.021326176822185516
6,f,forest_frac_slope_2000_2025,pop_log_density_2000,-0.0001296893451627,3.684875171714757,0.02288881503045559,0.022865241393446922
6,f,forest_frac_slope_2000_2025,pop_log_density_2000,0.0002496704276253,3.684875171714757,0.02453071065247059,0.025235766544938087
6,f,forest_frac_slope_2000_2025,pop_log_density_2000,0.0006290302004134,3.684875171714757,0.02483491599559784,0.025980131700634956
6,f,forest_frac_slope_2000_2025,pop_log_density_2000,0.0010083899732014,3.684875171714757,0.025414656847715378,0.026850439608097076
6,f,forest_frac_slope_2000_2025,pop_log_density_2000,0.0013877497459895,3.684875171714757,0.025619791820645332,0.027176862582564354
6,f,forest_frac_slope_2000_2025,pop_log_density_2000,0.0017671095187776,3.684875171714757,0.025682389736175537,0.027523521333932877
6,f,forest_frac_slope_2000_2025,pop_log_density_2000,0.0021464692915656,3.684875171714757,0.026132600381970406,0.028148993849754333
6,f,forest_frac_slope_2000_2025,pop_log_density_2000,0.0025258290643537,3.684875171714757,0.026282498612999916,0.02847639098763466
6,f,forest_frac_slope_2000_2025,pop_log_density_2000,0.0029051888371418,3.684875171714757,0.026687107980251312,0.029026953503489494
6,f,forest_frac_slope_2000_2025,pop_log_density_2000,0.0032845486099298,3.684875171714757,0.026887983083724976,0.029293034225702286
6,f,forest_frac_slope_2000_2025,pop_log_density_2000,0.0036639083827179,3.684875171714757,0.026894934475421906,0.029364023357629776
6,f,forest_frac_slope_2000_2025,pop_log_density_2000,0.004043268155506,3.684875171714757,0.02707578055560589,0.02960997261106968
6,f,forest_frac_slope_2000_2025,pop_log_density_2000,0.004422627928294,3.684875171714757,0.027325337752699852,0.02987363189458847
6,f,forest_frac_slope_2000_2025,pop_log_density_2000,0.0048019877010821,3.684875171714757,0.027350151911377907,0.030025167390704155
6,f,forest_frac_slope_2000_2025,pop_log_density_2000,0.0051813474738702,3.684875171714757,0.027530720457434654,0.03040408156812191
6,f,forest_frac_slope_2000_2025,pop_log_density_2000,0.0055607072466582,3.684875171714757,0.02753107063472271,0.030479688197374344
6,f,forest_frac_slope_2000_2025,pop_log_density_2000,0.0059400670194463,3.684875171714757,0.02749374322593212,0.030588509514927864
6,f,forest_frac_slope_2000_2025,pop_log_density_2000,-0.0092343238920763,3.845087135702355,0.008649777621030807,-0.0020747084636241198
6,f,forest_frac_slope_2000_2025,pop_log_density_2000,-0.0088549641192882,3.845087135702355,0.008858556859195232,-0.0017411973094567657
6,f,forest_frac_slope_2000_2025,pop_log_density_2000,-0.0084756043465002,3.845087135702355,0.009108302183449268,-0.0011103556025773287
6,f,forest_frac_slope_2000_2025,pop_log_density_2000,-0.0080962445737121,3.845087135702355,0.009721891023218632,-0.00020684467745013535
6,f,forest_frac_slope_2000_2025,pop_log_density_2000,-0.007716884800924,3.845087135702355,0.010418788529932499,0.0010187530424445868
6,f,forest_frac_slope_2000_2025,pop_log_density_2000,-0.007337525028136,3.845087135702355,0.01106868777424097,0.0018276771297678351
6,f,forest_frac_slope_2000_2025,pop_log_density_2000,-0.0069581652553479,3.845087135702355,0.011661754921078682,0.002978783566504717
6,f,forest_frac_slope_2000_2025,pop_log_density_2000,-0.0065788054825598,3.845087135702355,0.011830320581793785,0.003380252979695797
6,f,forest_frac_slope_2000_2025,pop_log_density_2000,-0.0061994457097717,3.845087135702355,0.011966469697654247,0.003998925443738699
6,f,forest_frac_slope_2000_2025,pop_log_density_2000,-0.0058200859369837,3.845087135702355,0.012725715525448322,0.005173820070922375
6,f,forest_frac_slope_2000_2025,pop_log_density_2000,-0.0054407261641956,3.845087135702355,0.014499559067189693,0.008071229793131351
6,f,forest_frac_slope_2000_2025,pop_log_density_2000,-0.0050613663914075,3.845087135702355,0.014491583220660686,0.008137361146509647
6,f,forest_frac_slope_2000_2025,pop_log_density_2000,-0.0046820066186195,3.845087135702355,0.016078663989901543,0.010376515798270702
6,f,forest_frac_slope_2000_2025,pop_log_density_2000,-0.0043026468458314,3.845087135702355,0.01658361405134201,0.011559998616576195
6,f,forest_frac_slope_2000_2025,pop_log_density_2000,-0.0039232870730433,3.845087135702355,0.016761500388383865,0.012025939300656319
6,f,forest_frac_slope_2000_2025,pop_log_density_2000,-0.0035439273002553,3.845087135702355,0.017301537096500397,0.01323198713362217
6,f,forest_frac_slope_2000_2025,pop_log_density_2000,-0.0031645675274672,3.845087135702355,0.017840608954429626,0.014123223721981049
6,f,forest_frac_slope_2000_2025,pop_log_density_2000,-0.0027852077546791,3.845087135702355,0.018971199169754982,0.015424591489136219
6,f,forest_frac_slope_2000_2025,pop_log_density_2000,-0.0024058479818911,3.845087135702355,0.019209235906600952,0.01601518504321575
6,f,forest_frac_slope_2000_2025,pop_log_density_2000,-0.002026488209103,3.845087135702355,0.019903145730495453,0.017124414443969727
6,f,forest_frac_slope_2000_2025,pop_log_density_2000,-0.0016471284363149,3.845087135702355,0.020394232124090195,0.018169231712818146
6,f,forest_frac_slope_2000_2025,pop_log_density_2000,-0.0012677686635269,3.845087135702355,0.02135050855576992,0.019614582881331444
6,f,forest_frac_slope_2000_2025,pop_log_density_2000,-0.0008884088907388,3.845087135702355,0.021961810067296028,0.020487768575549126
6,f,forest_frac_slope_2000_2025,pop_log_density_2000,-0.0005090491179507,3.845087135702355,0.022317903116345406,0.02134905569255352
6,f,forest_frac_slope_2000_2025,pop_log_density_2000,-0.0001296893451627,3.845087135702355,0.022914230823516846,0.022887766361236572
6,f,forest_frac_slope_2000_2025,pop_log_density_2000,0.0002496704276253,3.845087135702355,0.024556627497076988,0.025258464738726616
6,f,forest_frac_slope_2000_2025,pop_log_density_2000,0.0006290302004134,3.845087135702355,0.024861395359039307,0.026003189384937286
6,f,forest_frac_slope_2000_2025,pop_log_density_2000,0.0010083899732014,3.845087135702355,0.025441138073801994,0.026873279362916946
6,f,forest_frac_slope_2000_2025,pop_log_density_2000,0.0013877497459895,3.845087135702355,0.02564627304673195,0.027199795469641685
6,f,forest_frac_slope_2000_2025,pop_log_density_2000,0.0017671095187776,3.845087135702355,0.025708869099617004,0.027546584606170654
6,f,forest_frac_slope_2000_2025,pop_log_density_2000,0.0021464692915656,3.845087135702355,0.026159081608057022,0.02817203290760517
6,f,forest_frac_slope_2000_2025,pop_log_density_2000,0.0025258290643537,3.845087135702355,0.026308977976441383,0.028499450534582138
6,f,forest_frac_slope_2000_2025,pop_log_density_2000,0.0029051888371418,3.845087135702355,0.02671358734369278,0.029050013050436974
6,f,forest_frac_slope_2000_2025,pop_log_density_2000,0.0032845486099298,3.845087135702355,0.02691446617245674,0.029316170141100883
6,f,forest_frac_slope_2000_2025,pop_log_density_2000,0.0036639083827179,3.845087135702355,0.02692141942679882,0.02938726358115673
6,f,forest_frac_slope_2000_2025,pop_log_density_2000,0.004043268155506,3.845087135702355,0.027102263644337654,0.029633210971951485
6,f,forest_frac_slope_2000_2025,pop_log_density_2000,0.004422627928294,3.845087135702355,0.027351824566721916,0.029896870255470276
6,f,forest_frac_slope_2000_2025,pop_log_density_2000,0.0048019877010821,3.845087135702355,0.027376635000109673,0.030048375949263573
6,f,forest_frac_slope_2000_2025,pop_log_density_2000,0.0051813474738702,3.845087135702355,0.02755720168352127,0.03042733110487461
6,f,forest_frac_slope_2000_2025,pop_log_density_2000,0.0055607072466582,3.845087135702355,0.027557553723454475,0.030502939596772194
6,f,forest_frac_slope_2000_2025,pop_log_density_2000,0.0059400670194463,3.845087135702355,0.027520228177309036,0.030611807480454445
6,f,forest_frac_slope_2000_2025,pop_log_density_2000,-0.0092343238920763,4.005299099689953,0.00864352285861969,-0.0020417377818375826
6,f,forest_frac_slope_2000_2025,pop_log_density_2000,-0.0088549641192882,4.005299099689953,0.008852302096784115,-0.0017084237188100815
6,f,forest_frac_slope_2000_2025,pop_log_density_2000,-0.0084756043465002,4.005299099689953,0.0091020492836833,-0.0010775112314149737
6,f,forest_frac_slope_2000_2025,pop_log_density_2000,-0.0080962445737121,4.005299099689953,0.009715638123452663,-0.00017398074851371348
6,f,forest_frac_slope_2000_2025,pop_log_density_2000,-0.007716884800924,4.005299099689953,0.010412533767521381,0.0010515041649341583
6,f,forest_frac_slope_2000_2025,pop_log_density_2000,-0.007337525028136,4.005299099689953,0.011062433943152428,0.001860357471741736
6,f,forest_frac_slope_2000_2025,pop_log_density_2000,-0.0069581652553479,4.005299099689953,0.011655501089990139,0.003011327935382724
6,f,forest_frac_slope_2000_2025,pop_log_density_2000,-0.0065788054825598,4.005299099689953,0.011824067682027817,0.003412872552871704
6,f,forest_frac_slope_2000_2025,pop_log_density_2000,-0.0061994457097717,4.005299099689953,0.011960215866565704,0.004031711723655462
6,f,forest_frac_slope_2000_2025,pop_log_density_2000,-0.0058200859369837,4.005299099689953,0.012719460763037205,0.005206272006034851
6,f,forest_frac_slope_2000_2025,pop_log_density_2000,-0.0054407261641956,4.005299099689953,0.01449330523610115,0.008103194646537304
6,f,forest_frac_slope_2000_2025,pop_log_density_2000,-0.0050613663914075,4.005299099689953,0.014485329389572144,0.00816887803375721
6,f,forest_frac_slope_2000_2025,pop_log_density_2000,-0.0046820066186195,4.005299099689953,0.016072409227490425,0.010408032685518265
6,f,forest_frac_slope_2000_2025,pop_log_density_2000,-0.0043026468458314,4.005299099689953,0.016577361151576042,0.011591688729822636
6,f,forest_frac_slope_2000_2025,pop_log_density_2000,-0.0039232870730433,4.005299099689953,0.0167552437633276,0.012056928128004074
6,f,forest_frac_slope_2000_2025,pop_log_density_2000,-0.0035439273002553,4.005299099689953,0.01729528233408928,0.013262459076941013
6,f,forest_frac_slope_2000_2025,pop_log_density_2000,-0.0031645675274672,4.005299099689953,0.01783435419201851,0.014154008589684963
6,f,forest_frac_slope_2000_2025,pop_log_density_2000,-0.0027852077546791,4.005299099689953,0.018965765833854675,0.015456220135092735
6,f,forest_frac_slope_2000_2025,pop_log_density_2000,-0.0024058479818911,4.005299099689953,0.019205069169402122,0.016047775745391846
6,f,forest_frac_slope_2000_2025,pop_log_density_2000,-0.002026488209103,4.005299099689953,0.019898980855941772,0.017155922949314117
6,f,forest_frac_slope_2000_2025,pop_log_density_2000,-0.0016471284363149,4.005299099689953,0.020390065386891365,0.018193524330854416
6,f,forest_frac_slope_2000_2025,pop_log_density_2000,-0.0012677686635269,4.005299099689953,0.02134634368121624,0.019637128338217735
6,f,forest_frac_slope_2000_2025,pop_log_density_2000,-0.0008884088907388,4.005299099689953,0.0219576433300972,0.02050860971212387
6,f,forest_frac_slope_2000_2025,pop_log_density_2000,-0.0005090491179507,4.005299099689953,0.022313738241791725,0.02136586233973503
6,f,forest_frac_slope_2000_2025,pop_log_density_2000,-0.0001296893451627,4.005299099689953,0.0229101050645113,0.02288840152323246
6,f,forest_frac_slope_2000_2025,pop_log_density_2000,0.0002496704276253,4.005299099689953,0.024552324786782265,0.02525818906724453
6,f,forest_frac_slope_2000_2025,pop_log_density_2000,0.0006290302004134,4.005299099689953,0.02485758438706398,0.026002535596489906
6,f,forest_frac_slope_2000_2025,pop_log_density_2000,0.0010083899732014,4.005299099689953,0.02543732337653637,0.02687240019440651
6,f,forest_frac_slope_2000_2025,pop_log_density_2000,0.0013877497459895,4.005299099689953,0.025642458349466324,0.02719867415726185
6,f,forest_frac_slope_2000_2025,pop_log_density_2000,0.0017671095187776,4.005299099689953,0.02570505440235138,0.027545079588890076
6,f,forest_frac_slope_2000_2025,pop_log_density_2000,0.0021464692915656,4.005299099689953,0.026155265048146248,0.02817026525735855
6,f,forest_frac_slope_2000_2025,pop_log_density_2000,0.0025258290643537,4.005299099689953,0.02630516327917576,0.02849758230149746
6,f,forest_frac_slope_2000_2025,pop_log_density_2000,0.0029051888371418,4.005299099689953,0.026709772646427155,0.029048042371869087
6,f,forest_frac_slope_2000_2025,pop_log_density_2000,0.0032845486099298,4.005299099689953,0.026910655200481415,0.029314285144209862
6,f,forest_frac_slope_2000_2025,pop_log_density_2000,0.0036639083827179,4.005299099689953,0.026917604729533195,0.029385264962911606
6,f,forest_frac_slope_2000_2025,pop_log_density_2000,0.004043268155506,4.005299099689953,0.02709844894707203,0.029630916193127632
6,f,forest_frac_slope_2000_2025,pop_log_density_2000,0.004422627928294,4.005299099689953,0.02734800986945629,0.029894573614001274
6,f,forest_frac_slope_2000_2025,pop_log_density_2000,0.0048019877010821,4.005299099689953,0.027372820302844048,0.030045976862311363
6,f,forest_frac_slope_2000_2025,pop_log_density_2000,0.0051813474738702,4.005299099689953,0.027553386986255646,0.030424734577536583
6,f,forest_frac_slope_2000_2025,pop_log_density_2000,0.0055607072466582,4.005299099689953,0.02755373902618885,0.03050043061375618
6,f,forest_frac_slope_2000_2025,pop_log_density_2000,0.0059400670194463,4.005299099689953,0.02751641348004341,0.03060929663479328
6,f,forest_frac_slope_2000_2025,pop_log_density_2000,-0.0092343238920763,4.165511063677552,0.008639664389193058,-0.0020528174936771393
6,f,forest_frac_slope_2000_2025,pop_log_density_2000,-0.0088549641192882,4.165511063677552,0.008848444558680058,-0.0017195034306496382
6,f,forest_frac_slope_2000_2025,pop_log_density_2000,-0.0084756043465002,4.165511063677552,0.009098190814256668,-0.0010885803494602442
6,f,forest_frac_slope_2000_2025,pop_log_density_2000,-0.0080962445737121,4.165511063677552,0.009711778722703457,-0.00018494004325475544
6,f,forest_frac_slope_2000_2025,pop_log_density_2000,-0.007716884800924,4.165511063677552,0.010408676229417324,0.0010408018715679646
6,f,forest_frac_slope_2000_2025,pop_log_density_2000,-0.007337525028136,4.165511063677552,0.011058575473725796,0.0018496145494282246
6,f,forest_frac_slope_2000_2025,pop_log_density_2000,-0.0069581652553479,4.165511063677552,0.011651105247437954,0.0030000663828104734
6,f,forest_frac_slope_2000_2025,pop_log_density_2000,-0.0065788054825598,4.165511063677552,0.011819671839475632,0.0034016729332506657
6,f,forest_frac_slope_2000_2025,pop_log_density_2000,-0.0061994457097717,4.165511063677552,0.011955820955336094,0.004020381718873978
6,f,forest_frac_slope_2000_2025,pop_log_density_2000,-0.0058200859369837,4.165511063677552,0.012715065851807594,0.005194909404963255
6,f,forest_frac_slope_2000_2025,pop_log_density_2000,-0.0054407261641956,4.165511063677552,0.01448891032487154,0.008092167787253857
6,f,forest_frac_slope_2000_2025,pop_log_density_2000,-0.0050613663914075,4.165511063677552,0.014481735415756702,0.008165414445102215
6,f,forest_frac_slope_2000_2025,pop_log_density_2000,-0.0046820066186195,4.165511063677552,0.016068818047642708,0.010406055487692356
6,f,forest_frac_slope_2000_2025,pop_log_density_2000,-0.0043026468458314,4.165511063677552,0.016573768109083176,0.011590364389121532
6,f,forest_frac_slope_2000_2025,pop_log_density_2000,-0.0039232870730433,4.165511063677552,0.01675165258347988,0.012056000530719757
6,f,forest_frac_slope_2000_2025,pop_log_density_2000,-0.0035439273002553,4.165511063677552,0.017291691154241562,0.01326156035065651
6,f,forest_frac_slope_2000_2025,pop_log_density_2000,-0.0031645675274672,4.165511063677552,0.017830250784754753,0.01415305770933628
6,f,forest_frac_slope_2000_2025,pop_log_density_2000,-0.0027852077546791,4.165511063677552,0.01896166056394577,0.015455416403710842
6,f,forest_frac_slope_2000_2025,pop_log_density_2000,-0.0024058479818911,4.165511063677552,0.01919996365904808,0.016046032309532166
6,f,forest_frac_slope_2000_2025,pop_log_density_2000,-0.002026488209103,4.165511063677552,0.01989387534558773,0.017154309898614883
6,f,forest_frac_slope_2000_2025,pop_log_density_2000,-0.0016471284363149,4.165511063677552,0.020384959876537323,0.018191827461123466
6,f,forest_frac_slope_2000_2025,pop_log_density_2000,-0.0012677686635269,4.165511063677552,0.021341238170862198,0.01963530108332634
6,f,forest_frac_slope_2000_2025,pop_log_density_2000,-0.0008884088907388,4.165511063677552,0.021952537819743156,0.020506782457232475
6,f,forest_frac_slope_2000_2025,pop_log_density_2000,-0.0005090491179507,4.165511063677552,0.022308632731437683,0.021364182233810425
6,f,forest_frac_slope_2000_2025,pop_log_density_2000,-0.0001296893451627,4.165511063677552,0.022904999554157257,0.022886810824275017
6,f,forest_frac_slope_2000_2025,pop_log_density_2000,0.0002496704276253,4.165511063677552,0.024544674903154373,0.025253692641854286
6,f,forest_frac_slope_2000_2025,pop_log_density_2000,0.0006290302004134,4.165511063677552,0.024848615750670433,0.02599649503827095
6,f,forest_frac_slope_2000_2025,pop_log_density_2000,0.0010083899732014,4.165511063677552,0.025428354740142822,0.026866355910897255
6,f,forest_frac_slope_2000_2025,pop_log_density_2000,0.0013877497459895,4.165511063677552,0.025633491575717926,0.027192674577236176
6,f,forest_frac_slope_2000_2025,pop_log_density_2000,0.0017671095187776,4.165511063677552,0.02569608762860298,0.027538934722542763
6,f,forest_frac_slope_2000_2025,pop_log_density_2000,0.0021464692915656,4.165511063677552,0.02614629827439785,0.02816423960030079
6,f,forest_frac_slope_2000_2025,pop_log_density_2000,0.0025258290643537,4.165511063677552,0.02629619650542736,0.028491655364632607
6,f,forest_frac_slope_2000_2025,pop_log_density_2000,0.0029051888371418,4.165511063677552,0.026700807735323906,0.02904224954545498
6,f,forest_frac_slope_2000_2025,pop_log_density_2000,0.0032845486099298,4.165511063677552,0.02690168470144272,0.02930862456560135
6,f,forest_frac_slope_2000_2025,pop_log_density_2000,0.0036639083827179,4.165511063677552,0.02690863609313965,0.02937947027385235
6,f,forest_frac_slope_2000_2025,pop_log_density_2000,0.004043268155506,4.165511063677552,0.02709175832569599,0.029627272859215736
6,f,forest_frac_slope_2000_2025,pop_log_density_2000,0.004422627928294,4.165511063677552,0.027341315522789955,0.02989092469215393
6,f,forest_frac_slope_2000_2025,pop_log_density_2000,0.0048019877010821,4.165511063677552,0.02736612968146801,0.030042458325624466
6,f,forest_frac_slope_2000_2025,pop_log_density_2000,0.0051813474738702,4.165511063677552,0.027538064867258072,0.030412591993808746
6,f,forest_frac_slope_2000_2025,pop_log_density_2000,0.0055607072466582,4.165511063677552,0.027538416907191277,0.030488280579447746
6,f,forest_frac_slope_2000_2025,pop_log_density_2000,0.0059400670194463,4.165511063677552,0.02750108763575554,0.030597146600484848
6,f,forest_frac_slope_2000_2025,pop_log_density_2000,-0.0092343238920763,4.325723027665149,0.008665656670928001,-0.002038330305367708
6,f,forest_frac_slope_2000_2025,pop_log_density_2000,-0.0088549641192882,4.325723027665149,0.008874436840415001,-0.0017048680456355214
6,f,forest_frac_slope_2000_2025,pop_log_density_2000,-0.0084756043465002,4.325723027665149,0.009124182164669037,-0.0010739155113697052
6,f,forest_frac_slope_2000_2025,pop_log_density_2000,-0.0080962445737121,4.325723027665149,0.0097377710044384,-0.0001702751178527251
6,f,forest_frac_slope_2000_2025,pop_log_density_2000,-0.007716884800924,4.325723027665149,0.010434668511152267,0.0010555312037467957
6,f,forest_frac_slope_2000_2025,pop_log_density_2000,-0.007337525028136,4.325723027665149,0.01108456775546074,0.0018643399234861135
6,f,forest_frac_slope_2000_2025,pop_log_density_2000,-0.0069581652553479,4.325723027665149,0.011677097529172897,0.00301513634622097
6,f,forest_frac_slope_2000_2025,pop_log_density_2000,-0.0065788054825598,4.325723027665149,0.011845663189888,0.003418893786147237
6,f,forest_frac_slope_2000_2025,pop_log_density_2000,-0.0061994457097717,4.325723027665149,0.011981813237071037,0.004038162995129824
6,f,forest_frac_slope_2000_2025,pop_log_density_2000,-0.0058200859369837,4.325723027665149,0.012741059064865112,0.005213115364313126
6,f,forest_frac_slope_2000_2025,pop_log_density_2000,-0.0054407261641956,4.325723027665149,0.014514900743961334,0.008110747672617435
6,f,forest_frac_slope_2000_2025,pop_log_density_2000,-0.0050613663914075,4.325723027665149,0.014507727697491646,0.008184289559721947
6,f,forest_frac_slope_2000_2025,pop_log_density_2000,-0.0046820066186195,4.325723027665149,0.01609520986676216,0.010425742715597153
6,f,forest_frac_slope_2000_2025,pop_log_density_2000,-0.0043026468458314,4.325723027665149,0.01660015992820263,0.011610197834670544
6,f,forest_frac_slope_2000_2025,pop_log_density_2000,-0.0039232870730433,4.325723027665149,0.016778044402599335,0.012075832113623619
6,f,forest_frac_slope_2000_2025,pop_log_density_2000,-0.0035439273002553,4.325723027665149,0.017318081110715866,0.01328185573220253
6,f,forest_frac_slope_2000_2025,pop_log_density_2000,-0.0031645675274672,4.325723027665149,0.017856642603874207,0.014173660427331924
6,f,forest_frac_slope_2000_2025,pop_log_density_2000,-0.0027852077546791,4.325723027665149,0.018992751836776733,0.015481073409318924
6,f,forest_frac_slope_2000_2025,pop_log_density_2000,-0.0024058479818911,4.325723027665149,0.019231054931879044,0.016072047874331474
6,f,forest_frac_slope_2000_2025,pop_log_density_2000,-0.002026488209103,4.325723027665149,0.019924966618418694,0.017180632799863815
6,f,forest_frac_slope_2000_2025,pop_log_density_2000,-0.0016471284363149,4.325723027665149,0.020416053012013435,0.01821875013411045
6,f,forest_frac_slope_2000_2025,pop_log_density_2000,-0.0012677686635269,4.325723027665149,0.02137232944369316,0.019663309678435326
6,f,forest_frac_slope_2000_2025,pop_log_density_2000,-0.0008884088907388,4.325723027665149,0.02198362909257412,0.020535796880722046
6,f,forest_frac_slope_2000_2025,pop_log_density_2000,-0.0005090491179507,4.325723027665149,0.022339724004268646,0.021395087242126465
6,f,forest_frac_slope_2000_2025,pop_log_density_2000,-0.0001296893451627,4.325723027665149,0.02293608896434307,0.02293412759900093
6,f,forest_frac_slope_2000_2025,pop_log_density_2000,0.0002496704276253,4.325723027665149,0.024573367089033127,0.02527596987783909
6,f,forest_frac_slope_2000_2025,pop_log_density_2000,0.0006290302004134,4.325723027665149,0.024877309799194336,0.02601608820259571
6,f,forest_frac_slope_2000_2025,pop_log_density_2000,0.0010083899732014,4.325723027665149,0.025457048788666725,0.026884280145168304
6,f,forest_frac_slope_2000_2025,pop_log_density_2000,0.0013877497459895,4.325723027665149,0.02566218562424183,0.027210025116801262
6,f,forest_frac_slope_2000_2025,pop_log_density_2000,0.0017671095187776,4.325723027665149,0.02572462148964405,0.027556108310818672
6,f,forest_frac_slope_2000_2025,pop_log_density_2000,0.0021464692915656,4.325723027665149,0.02617483399808407,0.028181152418255806
6,f,forest_frac_slope_2000_2025,pop_log_density_2000,0.0025258290643537,4.325723027665149,0.02632473222911358,0.02850848250091076
6,f,forest_frac_slope_2000_2025,pop_log_density_2000,0.0029051888371418,4.325723027665149,0.026729341596364975,0.029059162363409996
6,f,forest_frac_slope_2000_2025,pop_log_density_2000,0.0032845486099298,4.325723027665149,0.026930218562483788,0.02932540886104107
6,f,forest_frac_slope_2000_2025,pop_log_density_2000,0.0036639083827179,4.325723027665149,0.026937173679471016,0.029396215453743935
6,f,forest_frac_slope_2000_2025,pop_log_density_2000,0.004043268155506,4.325723027665149,0.02712029218673706,0.02964407578110695
6,f,forest_frac_slope_2000_2025,pop_log_density_2000,0.004422627928294,4.325723027665149,0.027369851246476173,0.02990751899778843
6,f,forest_frac_slope_2000_2025,pop_log_density_2000,0.0048019877010821,4.325723027665149,0.02739466354250908,0.030059045180678368
6,f,forest_frac_slope_2000_2025,pop_log_density_2000,0.0051813474738702,4.325723027665149,0.02756660059094429,0.030429204925894737
6,f,forest_frac_slope_2000_2025,pop_log_density_2000,0.0055607072466582,4.325723027665149,0.027566954493522644,0.030504945665597916
6,f,forest_frac_slope_2000_2025,pop_log_density_2000,0.0059400670194463,4.325723027665149,0.027529621496796608,0.030613861978054047
6,f,forest_frac_slope_2000_2025,pop_log_density_2000,-0.0092343238920763,4.485934991652748,0.008672332391142845,-0.002008544048294425
6,f,forest_frac_slope_2000_2025,pop_log_density_2000,-0.0088549641192882,4.485934991652748,0.00888111162930727,-0.0016750923823565245
6,f,forest_frac_slope_2000_2025,pop_log_density_2000,-0.0084756043465002,4.485934991652748,0.00913085788488388,-0.0010441516060382128
6,f,forest_frac_slope_2000_2025,pop_log_density_2000,-0.0080962445737121,4.485934991652748,0.009744446724653244,-0.00014064711285755038
6,f,forest_frac_slope_2000_2025,pop_log_density_2000,-0.007716884800924,4.485934991652748,0.010441344231367111,0.0010851499391719699
6,f,forest_frac_slope_2000_2025,pop_log_density_2000,-0.007337525028136,4.485934991652748,0.011091243475675583,0.0018939482979476452
6,f,forest_frac_slope_2000_2025,pop_log_density_2000,-0.0069581652553479,4.485934991652748,0.011683773249387741,0.0030445733573287725
6,f,forest_frac_slope_2000_2025,pop_log_density_2000,-0.0065788054825598,4.485934991652748,0.011852339841425419,0.003448150586336851
6,f,forest_frac_slope_2000_2025,pop_log_density_2000,-0.0061994457097717,4.485934991652748,0.011988488957285881,0.0040671443566679955
6,f,forest_frac_slope_2000_2025,pop_log_density_2000,-0.0058200859369837,4.485934991652748,0.012747734785079956,0.005242094397544861
6,f,forest_frac_slope_2000_2025,pop_log_density_2000,-0.0054407261641956,4.485934991652748,0.014521578326821327,0.008139648474752903
6,f,forest_frac_slope_2000_2025,pop_log_density_2000,-0.0050613663914075,4.485934991652748,0.01451440155506134,0.008213191293179989
6,f,forest_frac_slope_2000_2025,pop_log_density_2000,-0.0046820066186195,4.485934991652748,0.016101885586977005,0.010454659350216389
6,f,forest_frac_slope_2000_2025,pop_log_density_2000,-0.0043026468458314,4.485934991652748,0.016606835648417473,0.011639110743999481
6,f,forest_frac_slope_2000_2025,pop_log_density_2000,-0.0039232870730433,4.485934991652748,0.01678472012281418,0.01210486888885498
6,f,forest_frac_slope_2000_2025,pop_log_density_2000,-0.0035439273002553,4.485934991652748,0.01732475683093071,0.013309957459568977
6,f,forest_frac_slope_2000_2025,pop_log_density_2000,-0.0031645675274672,4.485934991652748,0.01786229759454727,0.0142010897397995
6,f,forest_frac_slope_2000_2025,pop_log_density_2000,-0.0027852077546791,4.485934991652748,0.0189984068274498,0.01550749596208334
6,f,forest_frac_slope_2000_2025,pop_log_density_2000,-0.0024058479818911,4.485934991652748,0.019236711785197258,0.0160974208265543
6,f,forest_frac_slope_2000_2025,pop_log_density_2000,-0.002026488209103,4.485934991652748,0.01993062160909176,0.01720520108938217
6,f,forest_frac_slope_2000_2025,pop_log_density_2000,-0.0016471284363149,4.485934991652748,0.020421283319592476,0.01824149303138256
6,f,forest_frac_slope_2000_2025,pop_log_density_2000,-0.0012677686635269,4.485934991652748,0.0213775597512722,0.019683102145791054
6,f,forest_frac_slope_2000_2025,pop_log_density_2000,-0.0008884088907388,4.485934991652748,0.02198885940015316,0.02054418809711933
6,f,forest_frac_slope_2000_2025,pop_log_density_2000,-0.0005090491179507,4.485934991652748,0.02234409563243389,0.021401293575763702
6,f,forest_frac_slope_2000_2025,pop_log_density_2000,-0.0001296893451627,4.485934991652748,0.022940462455153465,0.02293936163187027
6,f,forest_frac_slope_2000_2025,pop_log_density_2000,0.0002496704276253,4.485934991652748,0.02457774244248867,0.025280499830842018
6,f,forest_frac_slope_2000_2025,pop_log_density_2000,0.0006290302004134,4.485934991652748,0.02488168142735958,0.026020469143986702
6,f,forest_frac_slope_2000_2025,pop_log_density_2000,0.0010083899732014,4.485934991652748,0.025461889803409576,0.02688859961926937
6,f,forest_frac_slope_2000_2025,pop_log_density_2000,0.0013877497459895,4.485934991652748,0.02566702477633953,0.027214333415031433
6,f,forest_frac_slope_2000_2025,pop_log_density_2000,0.0017671095187776,4.485934991652748,0.025729462504386902,0.027560347691178322
6,f,forest_frac_slope_2000_2025,pop_log_density_2000,0.0021464692915656,4.485934991652748,0.02617967315018177,0.028185393661260605
6,f,forest_frac_slope_2000_2025,pop_log_density_2000,0.0025258290643537,4.485934991652748,0.02632957138121128,0.028512712568044662
6,f,forest_frac_slope_2000_2025,pop_log_density_2000,0.0029051888371418,4.485934991652748,0.026734180748462677,0.02906341478228569
6,f,forest_frac_slope_2000_2025,pop_log_density_2000,0.0032845486099298,4.485934991652748,0.02693505957722664,0.02932974137365818
6,f,forest_frac_slope_2000_2025,pop_log_density_2000,0.0036639083827179,4.485934991652748,0.02694201096892357,0.02940053679049015
6,f,forest_frac_slope_2000_2025,pop_log_density_2000,0.004043268155506,4.485934991652748,0.027125129476189613,0.029648398980498314
6,f,forest_frac_slope_2000_2025,pop_log_density_2000,0.004422627928294,4.485934991652748,0.027374694123864174,0.029911845922470093
6,f,forest_frac_slope_2000_2025,pop_log_density_2000,0.0048019877010821,4.485934991652748,0.02739950455725193,0.030063368380069733
6,f,forest_frac_slope_2000_2025,pop_log_density_2000,0.0051813474738702,4.485934991652748,0.027571439743041992,0.03043353371322155
6,f,forest_frac_slope_2000_2025,pop_log_density_2000,0.0055607072466582,4.485934991652748,0.027571791782975197,0.030509278178215027
6,f,forest_frac_slope_2000_2025,pop_log_density_2000,0.0059400670194463,4.485934991652748,0.02753446251153946,0.03061819076538086
6,f,forest_frac_slope_2000_2025,pop_log_density_2000,-0.0092343238920763,4.646146955640345,0.008662624284625053,-0.002019553678110242
6,f,forest_frac_slope_2000_2025,pop_log_density_2000,-0.0088549641192882,4.646146955640345,0.008871404454112053,-0.0016861926997080445
6,f,forest_frac_slope_2000_2025,pop_log_density_2000,-0.0084756043465002,4.646146955640345,0.009138797409832478,-0.0010376955615356565
6,f,forest_frac_slope_2000_2025,pop_log_density_2000,-0.0080962445737121,4.646146955640345,0.009752386249601841,-0.00013419099559541792
6,f,forest_frac_slope_2000_2025,pop_log_density_2000,-0.007716884800924,4.646146955640345,0.010449281893670559,0.0010915809543803334
6,f,forest_frac_slope_2000_2025,pop_log_density_2000,-0.007337525028136,4.646146955640345,0.01109918113797903,0.001900341478176415
6,f,forest_frac_slope_2000_2025,pop_log_density_2000,-0.0069581652553479,4.646146955640345,0.011691800318658352,0.0030510672368109226
6,f,forest_frac_slope_2000_2025,pop_log_density_2000,-0.0065788054825598,4.646146955640345,0.011860367842018604,0.0034547336399555206
6,f,forest_frac_slope_2000_2025,pop_log_density_2000,-0.0061994457097717,4.646146955640345,0.011996516026556492,0.004073672462254763
6,f,forest_frac_slope_2000_2025,pop_log_density_2000,-0.0058200859369837,4.646146955640345,0.012755761854350567,0.00524854427203536
6,f,forest_frac_slope_2000_2025,pop_log_density_2000,-0.0054407261641956,4.646146955640345,0.014527572318911552,0.008144199848175049
6,f,forest_frac_slope_2000_2025,pop_log_density_2000,-0.0050613663914075,4.646146955640345,0.014520397409796715,0.008217712864279747
6,f,forest_frac_slope_2000_2025,pop_log_density_2000,-0.0046820066186195,4.646146955640345,0.01610787957906723,0.010459127835929394
6,f,forest_frac_slope_2000_2025,pop_log_density_2000,-0.0043026468458314,4.646146955640345,0.016612829640507698,0.011643500067293644
6,f,forest_frac_slope_2000_2025,pop_log_density_2000,-0.0039232870730433,4.646146955640345,0.016790714114904404,0.012108913622796535
6,f,forest_frac_slope_2000_2025,pop_log_density_2000,-0.0035439273002553,4.646146955640345,0.017330750823020935,0.013313942588865757
6,f,forest_frac_slope_2000_2025,pop_log_density_2000,-0.0031645675274672,4.646146955640345,0.017868293449282646,0.014205134473741055
6,f,forest_frac_slope_2000_2025,pop_log_density_2000,-0.0027852077546791,4.646146955640345,0.019004400819540024,0.015511760488152504
6,f,forest_frac_slope_2000_2025,pop_log_density_2000,-0.0024058479818911,4.646146955640345,0.01924395002424717,0.016103411093354225
6,f,forest_frac_slope_2000_2025,pop_log_density_2000,-0.002026488209103,4.646146955640345,0.01993785984814167,0.017211442813277245
6,f,forest_frac_slope_2000_2025,pop_log_density_2000,-0.0016471284363149,4.646146955640345,0.020428521558642387,0.01824790984392166
6,f,forest_frac_slope_2000_2025,pop_log_density_2000,-0.0012677686635269,4.646146955640345,0.021384799852967262,0.019689586013555527
6,f,forest_frac_slope_2000_2025,pop_log_density_2000,-0.0008884088907388,4.646146955640345,0.02199610136449337,0.020550711080431938
6,f,forest_frac_slope_2000_2025,pop_log_density_2000,-0.0005090491179507,4.646146955640345,0.022351335734128952,0.021407362073659897
6,f,forest_frac_slope_2000_2025,pop_log_density_2000,-0.0001296893451627,4.646146955640345,0.022947702556848526,0.02294648438692093
6,f,forest_frac_slope_2000_2025,pop_log_density_2000,0.0002496704276253,4.646146955640345,0.02458389289677143,0.02528594247996807
6,f,forest_frac_slope_2000_2025,pop_log_density_2000,0.0006290302004134,4.646146955640345,0.02488783374428749,0.026025447994470596
6,f,forest_frac_slope_2000_2025,pop_log_density_2000,0.0010083899732014,4.646146955640345,0.025468042120337486,0.026893360540270805
6,f,forest_frac_slope_2000_2025,pop_log_density_2000,0.0013877497459895,4.646146955640345,0.02567317895591259,0.02721881866455078
6,f,forest_frac_slope_2000_2025,pop_log_density_2000,0.0017671095187776,4.646146955640345,0.02573561482131481,0.027564678341150284
6,f,forest_frac_slope_2000_2025,pop_log_density_2000,0.0021464692915656,4.646146955640345,0.02618582546710968,0.028189556673169136
6,f,forest_frac_slope_2000_2025,pop_log_density_2000,0.0025258290643537,4.646146955640345,0.02633572556078434,0.028516868129372597
6,f,forest_frac_slope_2000_2025,pop_log_density_2000,0.0029051888371418,4.646146955640345,0.026740334928035736,0.029067354276776314
6,f,forest_frac_slope_2000_2025,pop_log_density_2000,0.0032845486099298,4.646146955640345,0.0269412100315094,0.02933356538414955
6,f,forest_frac_slope_2000_2025,pop_log_density_2000,0.0036639083827179,4.646146955640345,0.026948165148496628,0.029404310509562492
6,f,forest_frac_slope_2000_2025,pop_log_density_2000,0.004043268155506,4.646146955640345,0.027131283655762672,0.029652150347828865
6,f,forest_frac_slope_2000_2025,pop_log_density_2000,0.004422627928294,4.646146955640345,0.027380844578146935,0.029915714636445045
6,f,forest_frac_slope_2000_2025,pop_log_density_2000,0.0048019877010821,4.646146955640345,0.02740565687417984,0.030067114159464836
6,f,forest_frac_slope_2000_2025,pop_log_density_2000,0.0051813474738702,4.646146955640345,0.027577590197324753,0.030437132343649864
6,f,forest_frac_slope_2000_2025,pop_log_density_2000,0.0055607072466582,4.646146955640345,0.027577947825193405,0.030512837693095207
6,f,forest_frac_slope_2000_2025,pop_log_density_2000,0.0059400670194463,4.646146955640345,0.02754061669111252,0.030621815472841263
6,f,forest_frac_slope_2000_2025,pop_log_density_2000,-0.0092343238920763,4.806358919627944,0.008728728629648685,-0.0019476357847452164
6,f,forest_frac_slope_2000_2025,pop_log_density_2000,-0.0088549641192882,4.806358919627944,0.00893750786781311,-0.0016143594402819872
6,f,forest_frac_slope_2000_2025,pop_log_density_2000,-0.0084756043465002,4.806358919627944,0.009204900823533535,-0.000966135470662266
6,f,forest_frac_slope_2000_2025,pop_log_density_2000,-0.0080962445737121,4.806358919627944,0.009818490594625473,-6.26918554189615e-05
6,f,forest_frac_slope_2000_2025,pop_log_density_2000,-0.007716884800924,4.806358919627944,0.010515386238694191,0.0011630867375060916
6,f,forest_frac_slope_2000_2025,pop_log_density_2000,-0.007337525028136,4.806358919627944,0.011168243363499641,0.0019747866317629814
6,f,forest_frac_slope_2000_2025,pop_log_density_2000,-0.0069581652553479,4.806358919627944,0.011760862544178963,0.0031254852656275034
6,f,forest_frac_slope_2000_2025,pop_log_density_2000,-0.0065788054825598,4.806358919627944,0.01192942913621664,0.003529708366841078
6,f,forest_frac_slope_2000_2025,pop_log_density_2000,-0.0061994457097717,4.806358919627944,0.012065577320754528,0.004148581996560097
6,f,forest_frac_slope_2000_2025,pop_log_density_2000,-0.0058200859369837,4.806358919627944,0.012824823148548603,0.00532373646274209
6,f,forest_frac_slope_2000_2025,pop_log_density_2000,-0.0054407261641956,4.806358919627944,0.01459515281021595,0.008234393782913685
6,f,forest_frac_slope_2000_2025,pop_log_density_2000,-0.0050613663914075,4.806358919627944,0.014587977901101112,0.008308310061693192
6,f,forest_frac_slope_2000_2025,pop_log_density_2000,-0.0046820066186195,4.806358919627944,0.01617545820772648,0.01055076252669096
6,f,forest_frac_slope_2000_2025,pop_log_density_2000,-0.0043026468458314,4.806358919627944,0.016680408269166946,0.011735117062926292
6,f,forest_frac_slope_2000_2025,pop_log_density_2000,-0.0039232870730433,4.806358919627944,0.0168582946062088,0.012200120836496353
6,f,forest_frac_slope_2000_2025,pop_log_density_2000,-0.0035439273002553,4.806358919627944,0.017398927360773087,0.013405523262917995
6,f,forest_frac_slope_2000_2025,pop_log_density_2000,-0.0031645675274672,4.806358919627944,0.01793646812438965,0.01429624855518341
6,f,forest_frac_slope_2000_2025,pop_log_density_2000,-0.0027852077546791,4.806358919627944,0.01907317154109478,0.01560222264379263
6,f,forest_frac_slope_2000_2025,pop_log_density_2000,-0.0024058479818911,4.806358919627944,0.019312720745801926,0.016192832961678505
6,f,forest_frac_slope_2000_2025,pop_log_density_2000,-0.002026488209103,4.806358919627944,0.020006632432341576,0.017293846234679222
6,f,forest_frac_slope_2000_2025,pop_log_density_2000,-0.0016471284363149,4.806358919627944,0.020497294142842293,0.018328525125980377
6,f,forest_frac_slope_2000_2025,pop_log_density_2000,-0.0012677686635269,4.806358919627944,0.02145357057452202,0.01976838707923889
6,f,forest_frac_slope_2000_2025,pop_log_density_2000,-0.0008884088907388,4.806358919627944,0.0220616664737463,0.020623814314603806
6,f,forest_frac_slope_2000_2025,pop_log_density_2000,-0.0005090491179507,4.806358919627944,0.02241690084338188,0.021475523710250854
6,f,forest_frac_slope_2000_2025,pop_log_density_2000,-0.0001296893451627,4.806358919627944,0.02301396243274212,0.02301361784338951
6,f,forest_frac_slope_2000_2025,pop_log_density_2000,0.0002496704276253,4.806358919627944,0.024645840749144554,0.025346964597702026
6,f,forest_frac_slope_2000_2025,pop_log_density_2000,0.0006290302004134,4.806358919627944,0.024949779734015465,0.026085443794727325
6,f,forest_frac_slope_2000_2025,pop_log_density_2000,0.0010083899732014,4.806358919627944,0.02552998811006546,0.026951726526021957
6,f,forest_frac_slope_2000_2025,pop_log_density_2000,0.0013877497459895,4.806358919627944,0.025735123082995415,0.02727636881172657
6,f,forest_frac_slope_2000_2025,pop_log_density_2000,0.0017671095187776,4.806358919627944,0.025797557085752487,0.02762075513601303
6,f,forest_frac_slope_2000_2025,pop_log_density_2000,0.0021464692915656,4.806358919627944,0.026247771456837654,0.028243770822882652
6,f,forest_frac_slope_2000_2025,pop_log_density_2000,0.0025258290643537,4.806358919627944,0.026397669687867165,0.028560396283864975
6,f,forest_frac_slope_2000_2025,pop_log_density_2000,0.0029051888371418,4.806358919627944,0.02680227905511856,0.029111206531524658
6,f,forest_frac_slope_2000_2025,pop_log_density_2000,0.0032845486099298,4.806358919627944,0.027003157883882523,0.029376588761806488
6,f,forest_frac_slope_2000_2025,pop_log_density_2000,0.0036639083827179,4.806358919627944,0.027010111138224602,0.0294469203799963
6,f,forest_frac_slope_2000_2025,pop_log_density_2000,0.004043268155506,4.806358919627944,0.027193227782845497,0.02969421073794365
6,f,forest_frac_slope_2000_2025,pop_log_density_2000,0.004422627928294,4.806358919627944,0.02744278870522976,0.029957586899399757
6,f,forest_frac_slope_2000_2025,pop_log_density_2000,0.0048019877010821,4.806358919627944,0.027467601001262665,0.030108658596873283
6,f,forest_frac_slope_2000_2025,pop_log_density_2000,0.0051813474738702,4.806358919627944,0.027639538049697876,0.030478397384285927
6,f,forest_frac_slope_2000_2025,pop_log_density_2000,0.0055607072466582,4.806358919627944,0.02763989195227623,0.030553637072443962
6,f,forest_frac_slope_2000_2025,pop_log_density_2000,0.0059400670194463,4.806358919627944,0.02760256454348564,0.03065795637667179
6,f,forest_frac_slope_2000_2025,pop_log_density_2000,-0.0092343238920763,4.9665708836155416,0.0087464964017272,-0.0018595550209283829
6,f,forest_frac_slope_2000_2025,pop_log_density_2000,-0.0088549641192882,4.9665708836155416,0.008955275639891624,-0.0015267037088051438
6,f,forest_frac_slope_2000_2025,pop_log_density_2000,-0.0084756043465002,4.9665708836155416,0.009222668595612049,-0.0008786789840087295
6,f,forest_frac_slope_2000_2025,pop_log_density_2000,-0.0080962445737121,4.9665708836155416,0.009848923422396183,3.711446333909407e-05
6,f,forest_frac_slope_2000_2025,pop_log_density_2000,-0.007716884800924,4.9665708836155416,0.010545819997787476,0.0012624049559235573
6,f,forest_frac_slope_2000_2025,pop_log_density_2000,-0.007337525028136,4.9665708836155416,0.011198676191270351,0.0020732844714075327
6,f,forest_frac_slope_2000_2025,pop_log_density_2000,-0.0069581652553479,4.9665708836155416,0.011791296303272247,0.003223456209525466
6,f,forest_frac_slope_2000_2025,pop_log_density_2000,-0.0065788054825598,4.9665708836155416,0.01195986196398735,0.0036271754652261734
6,f,forest_frac_slope_2000_2025,pop_log_density_2000,-0.0061994457097717,4.9665708836155416,0.012096011079847813,0.004245461896061897
6,f,forest_frac_slope_2000_2025,pop_log_density_2000,-0.0058200859369837,4.9665708836155416,0.012855255976319313,0.005419936031103134
6,f,forest_frac_slope_2000_2025,pop_log_density_2000,-0.0054407261641956,4.9665708836155416,0.014625584706664085,0.008329703472554684
6,f,forest_frac_slope_2000_2025,pop_log_density_2000,-0.0050613663914075,4.9665708836155416,0.014618410728871822,0.008402371779084206
6,f,forest_frac_slope_2000_2025,pop_log_density_2000,-0.0046820066186195,4.9665708836155416,0.016205891966819763,0.010643729008734226
6,f,forest_frac_slope_2000_2025,pop_log_density_2000,-0.0043026468458314,4.9665708836155416,0.01671084389090538,0.01182701624929905
6,f,forest_frac_slope_2000_2025,pop_log_density_2000,-0.0039232870730433,4.9665708836155416,0.016888726502656937,0.012289576232433319
6,f,forest_frac_slope_2000_2025,pop_log_density_2000,-0.0035439273002553,4.9665708836155416,0.01742936111986637,0.013493251986801624
6,f,forest_frac_slope_2000_2025,pop_log_density_2000,-0.0031645675274672,4.9665708836155416,0.017966900020837784,0.014381082728505135
6,f,forest_frac_slope_2000_2025,pop_log_density_2000,-0.0027852077546791,4.9665708836155416,0.019107840955257416,0.01568765938282013
6,f,forest_frac_slope_2000_2025,pop_log_density_2000,-0.0024058479818911,4.9665708836155416,0.01934739015996456,0.016274498775601387
6,f,forest_frac_slope_2000_2025,pop_log_density_2000,-0.002026488209103,4.9665708836155416,0.020041448995471,0.01735561341047287
6,f,forest_frac_slope_2000_2025,pop_log_density_2000,-0.0016471284363149,4.9665708836155416,0.02053210884332657,0.018385978415608406
6,f,forest_frac_slope_2000_2025,pop_log_density_2000,-0.0012677686635269,4.9665708836155416,0.021488387137651443,0.019821997731924057
6,f,forest_frac_slope_2000_2025,pop_log_density_2000,-0.0008884088907388,4.9665708836155416,0.022096481174230576,0.020674681290984154
6,f,forest_frac_slope_2000_2025,pop_log_density_2000,-0.0005090491179507,4.9665708836155416,0.022451717406511307,0.02152353525161743
6,f,forest_frac_slope_2000_2025,pop_log_density_2000,-0.0001296893451627,4.9665708836155416,0.023047814145684242,0.02304821088910103
6,f,forest_frac_slope_2000_2025,pop_log_density_2000,0.0002496704276253,4.9665708836155416,0.024677487090229988,0.02537824958562851
6,f,forest_frac_slope_2000_2025,pop_log_density_2000,0.0006290302004134,4.9665708836155416,0.0249814260751009,0.026117069646716118
6,f,forest_frac_slope_2000_2025,pop_log_density_2000,0.0010083899732014,4.9665708836155416,0.025561634451150894,0.026982158422470093
6,f,forest_frac_slope_2000_2025,pop_log_density_2000,0.0013877497459895,4.9665708836155416,0.025766771286725998,0.02730606123805046
6,f,forest_frac_slope_2000_2025,pop_log_density_2000,0.0017671095187776,4.9665708836155416,0.02582920715212822,0.02764955535531044
6,f,forest_frac_slope_2000_2025,pop_log_density_2000,0.0021464692915656,4.9665708836155416,0.026279419660568237,0.02827213890850544
6,f,forest_frac_slope_2000_2025,pop_log_density_2000,0.0025258290643537,4.9665708836155416,0.026429319754242897,0.028588561341166496
6,f,forest_frac_slope_2000_2025,pop_log_density_2000,0.0029051888371418,4.9665708836155416,0.026833929121494293,0.029139069840312004
6,f,forest_frac_slope_2000_2025,pop_log_density_2000,0.0032845486099298,4.9665708836155416,0.027034804224967957,0.02940436638891697
6,f,forest_frac_slope_2000_2025,pop_log_density_2000,0.0036639083827179,4.9665708836155416,0.027041755616664886,0.029474563896656036
6,f,forest_frac_slope_2000_2025,pop_log_density_2000,0.004043268155506,4.9665708836155416,0.02722487412393093,0.02972162887454033
6,f,forest_frac_slope_2000_2025,pop_log_density_2000,0.004422627928294,4.9665708836155416,0.027474435046315193,0.029984865337610245
6,f,forest_frac_slope_2000_2025,pop_log_density_2000,0.0048019877010821,4.9665708836155416,0.027499249204993248,0.030135853216052055
6,f,forest_frac_slope_2000_2025,pop_log_density_2000,0.0051813474738702,4.9665708836155416,0.02767118439078331,0.030505400151014328
6,f,forest_frac_slope_2000_2025,pop_log_density_2000,0.0055607072466582,4.9665708836155416,0.027671540156006813,0.03058045357465744
6,f,forest_frac_slope_2000_2025,pop_log_density_2000,0.0059400670194463,4.9665708836155416,0.027634210884571075,0.030684776604175568
6,f,forest_frac_slope_2000_2025,pop_log_density_2000,-0.0092343238920763,5.12678284760314,0.0087324483320117,-0.0018726984271779656
6,f,forest_frac_slope_2000_2025,pop_log_density_2000,-0.0088549641192882,5.12678284760314,0.008941227570176125,-0.0015398471150547266
6,f,forest_frac_slope_2000_2025,pop_log_density_2000,-0.0084756043465002,5.12678284760314,0.00920862052589655,-0.0008918223902583122
6,f,forest_frac_slope_2000_2025,pop_log_density_2000,-0.0080962445737121,5.12678284760314,0.009834875352680683,2.4017268515308388e-05
6,f,forest_frac_slope_2000_2025,pop_log_density_2000,-0.007716884800924,5.12678284760314,0.010531771928071976,0.0012492992682382464
6,f,forest_frac_slope_2000_2025,pop_log_density_2000,-0.007337525028136,5.12678284760314,0.011184628121554852,0.002060129540041089
6,f,forest_frac_slope_2000_2025,pop_log_density_2000,-0.0069581652553479,5.12678284760314,0.011777246370911598,0.0032102433033287525
6,f,forest_frac_slope_2000_2025,pop_log_density_2000,-0.0065788054825598,5.12678284760314,0.011945141479372978,0.0036132908426225185
6,f,forest_frac_slope_2000_2025,pop_log_density_2000,-0.0061994457097717,5.12678284760314,0.01208129059523344,0.004231577273458242
6,f,forest_frac_slope_2000_2025,pop_log_density_2000,-0.0058200859369837,5.12678284760314,0.01284053549170494,0.005406100768595934
6,f,forest_frac_slope_2000_2025,pop_log_density_2000,-0.0054407261641956,5.12678284760314,0.014610864222049713,0.008315760642290115
6,f,forest_frac_slope_2000_2025,pop_log_density_2000,-0.0050613663914075,5.12678284760314,0.014603691175580025,0.008388428948819637
6,f,forest_frac_slope_2000_2025,pop_log_density_2000,-0.0046820066186195,5.12678284760314,0.01619311049580574,0.010631666518747807
6,f,forest_frac_slope_2000_2025,pop_log_density_2000,-0.0043026468458314,5.12678284760314,0.016698062419891357,0.011814954690635204
6,f,forest_frac_slope_2000_2025,pop_log_density_2000,-0.0039232870730433,5.12678284760314,0.016875945031642914,0.012277515605092049
6,f,forest_frac_slope_2000_2025,pop_log_density_2000,-0.0035439273002553,5.12678284760314,0.01741657964885235,0.013481073081493378
6,f,forest_frac_slope_2000_2025,pop_log_density_2000,-0.0031645675274672,5.12678284760314,0.01795411854982376,0.014368731528520584
6,f,forest_frac_slope_2000_2025,pop_log_density_2000,-0.0027852077546791,5.12678284760314,0.019095057621598244,0.015675131231546402
6,f,forest_frac_slope_2000_2025,pop_log_density_2000,-0.0024058479818911,5.12678284760314,0.01933460682630539,0.016261978074908257
6,f,forest_frac_slope_2000_2025,pop_log_density_2000,-0.002026488209103,5.12678284760314,0.02002866566181183,0.017343036830425262
6,f,forest_frac_slope_2000_2025,pop_log_density_2000,-0.0016471284363149,5.12678284760314,0.020519327372312546,0.01837345026433468
6,f,forest_frac_slope_2000_2025,pop_log_density_2000,-0.0012677686635269,5.12678284760314,0.02147560380399227,0.019809400662779808
6,f,forest_frac_slope_2000_2025,pop_log_density_2000,-0.0008884088907388,5.12678284760314,0.02208326943218708,0.020661460235714912
6,f,forest_frac_slope_2000_2025,pop_log_density_2000,-0.0005090491179507,5.12678284760314,0.02243850566446781,0.02151024155318737
6,f,forest_frac_slope_2000_2025,pop_log_density_2000,-0.0001296893451627,5.12678284760314,0.023034702986478806,0.023034868761897087
6,f,forest_frac_slope_2000_2025,pop_log_density_2000,0.0002496704276253,5.12678284760314,0.02466820739209652,0.025368858128786087
6,f,forest_frac_slope_2000_2025,pop_log_density_2000,0.0006290302004134,5.12678284760314,0.02497215010225773,0.026107393205165863
6,f,forest_frac_slope_2000_2025,pop_log_density_2000,0.0010083899732014,5.12678284760314,0.025552356615662575,0.02697235718369484
6,f,forest_frac_slope_2000_2025,pop_log_density_2000,0.0013877497459895,5.12678284760314,0.02575749345123768,0.027295688167214394
6,f,forest_frac_slope_2000_2025,pop_log_density_2000,0.0017671095187776,5.12678284760314,0.02581992745399475,0.027638765051960945
6,f,forest_frac_slope_2000_2025,pop_log_density_2000,0.0021464692915656,5.12678284760314,0.02627013996243477,0.028261225670576096
6,f,forest_frac_slope_2000_2025,pop_log_density_2000,0.0025258290643537,5.12678284760314,0.02642003819346428,0.028577525168657303
6,f,forest_frac_slope_2000_2025,pop_log_density_2000,0.0029051888371418,5.12678284760314,0.026824871078133583,0.029128259047865868
6,f,forest_frac_slope_2000_2025,pop_log_density_2000,0.0032845486099298,5.12678284760314,0.027025749906897545,0.029393555596470833
6,f,forest_frac_slope_2000_2025,pop_log_density_2000,0.0036639083827179,5.12678284760314,0.027032699435949326,0.029463691636919975
6,f,forest_frac_slope_2000_2025,pop_log_density_2000,0.004043268155506,5.12678284760314,0.02721581794321537,0.029710670933127403
6,f,forest_frac_slope_2000_2025,pop_log_density_2000,0.004422627928294,5.12678284760314,0.02746538072824478,0.029973849654197693
6,f,forest_frac_slope_2000_2025,pop_log_density_2000,0.0048019877010821,5.12678284760314,0.02749064192175865,0.03012506477534771
6,f,forest_frac_slope_2000_2025,pop_log_density_2000,0.0051813474738702,5.12678284760314,0.027662575244903564,0.030493056401610374
6,f,forest_frac_slope_2000_2025,pop_log_density_2000,0.0055607072466582,5.12678284760314,0.027662932872772217,0.030567511916160583
6,f,forest_frac_slope_2000_2025,pop_log_density_2000,0.0059400670194463,5.12678284760314,0.02762560173869133,0.03067169152200222
6,f,forest_frac_slope_2000_2025,pop_log_density_2000,-0.0092343238920763,5.286994811590739,0.008741333149373531,-0.0018994031706824899
6,f,forest_frac_slope_2000_2025,pop_log_density_2000,-0.0088549641192882,5.286994811590739,0.008950112387537956,-0.0015666484832763672
6,f,forest_frac_slope_2000_2025,pop_log_density_2000,-0.0084756043465002,5.286994811590739,0.009217505343258381,-0.0009186238166876137
6,f,forest_frac_slope_2000_2025,pop_log_density_2000,-0.0080962445737121,5.286994811590739,0.009843760170042515,-2.9690502287849085e-06
6,f,forest_frac_slope_2000_2025,pop_log_density_2000,-0.007716884800924,5.286994811590739,0.010556702502071857,0.0012374273501336575
6,f,forest_frac_slope_2000_2025,pop_log_density_2000,-0.007337525028136,5.286994811590739,0.011209558695554733,0.002048479625955224
6,f,forest_frac_slope_2000_2025,pop_log_density_2000,-0.0069581652553479,5.286994811590739,0.011802177876234055,0.0031987586989998817
6,f,forest_frac_slope_2000_2025,pop_log_density_2000,-0.0065788054825598,5.286994811590739,0.01196957752108574,0.0036014430224895477
6,f,forest_frac_slope_2000_2025,pop_log_density_2000,-0.0061994457097717,5.286994811590739,0.012105727568268776,0.004219855647534132
6,f,forest_frac_slope_2000_2025,pop_log_density_2000,-0.0058200859369837,5.286994811590739,0.012865307740867138,0.00539491418749094
6,f,forest_frac_slope_2000_2025,pop_log_density_2000,-0.0054407261641956,5.286994811590739,0.014635637402534485,0.008305228315293789
6,f,forest_frac_slope_2000_2025,pop_log_density_2000,-0.0050613663914075,5.286994811590739,0.014628462493419647,0.008378028869628906
6,f,forest_frac_slope_2000_2025,pop_log_density_2000,-0.0046820066186195,5.286994811590739,0.016217883676290512,0.010621527209877968
6,f,forest_frac_slope_2000_2025,pop_log_density_2000,-0.0043026468458314,5.286994811590739,0.016702067106962204,0.011805030517280102
6,f,forest_frac_slope_2000_2025,pop_log_density_2000,-0.0039232870730433,5.286994811590739,0.01687994971871376,0.012267794460058212
6,f,forest_frac_slope_2000_2025,pop_log_density_2000,-0.0035439273002553,5.286994811590739,0.017420584335923195,0.013471711426973343
6,f,forest_frac_slope_2000_2025,pop_log_density_2000,-0.0031645675274672,5.286994811590739,0.017958126962184906,0.014359420165419579
6,f,forest_frac_slope_2000_2025,pop_log_density_2000,-0.0027852077546791,5.286994811590739,0.019098449498414993,0.01566571556031704
6,f,forest_frac_slope_2000_2025,pop_log_density_2000,-0.0024058479818911,5.286994811590739,0.01933799870312214,0.01625281572341919
6,f,forest_frac_slope_2000_2025,pop_log_density_2000,-0.002026488209103,5.286994811590739,0.020032059401273727,0.017334893345832825
6,f,forest_frac_slope_2000_2025,pop_log_density_2000,-0.0016471284363149,5.286994811590739,0.020522115752100945,0.018365316092967987
6,f,forest_frac_slope_2000_2025,pop_log_density_2000,-0.0012677686635269,5.286994811590739,0.02147805690765381,0.019801847636699677
6,f,forest_frac_slope_2000_2025,pop_log_density_2000,-0.0008884088907388,5.286994811590739,0.022085724398493767,0.020655030384659767
6,f,forest_frac_slope_2000_2025,pop_log_density_2000,-0.0005090491179507,5.286994811590739,0.02244103141129017,0.02150648459792137
6,f,forest_frac_slope_2000_2025,pop_log_density_2000,-0.0001296893451627,5.286994811590739,0.02303723245859146,0.023033659905195236
6,f,forest_frac_slope_2000_2025,pop_log_density_2000,0.0002496704276253,5.286994811590739,0.024670736864209175,0.02536836452782154
6,f,forest_frac_slope_2000_2025,pop_log_density_2000,0.0006290302004134,5.286994811590739,0.024974675849080086,0.026107968762516975
6,f,forest_frac_slope_2000_2025,pop_log_density_2000,0.0010083899732014,5.286994811590739,0.02555488422513008,0.026973336935043335
6,f,forest_frac_slope_2000_2025,pop_log_density_2000,0.0013877497459895,5.286994811590739,0.025760021060705185,0.02729707770049572
6,f,forest_frac_slope_2000_2025,pop_log_density_2000,0.0017671095187776,5.286994811590739,0.025822456926107407,0.027640456333756447
6,f,forest_frac_slope_2000_2025,pop_log_density_2000,0.0021464692915656,5.286994811590739,0.026272669434547424,0.028263073414564133
6,f,forest_frac_slope_2000_2025,pop_log_density_2000,0.0025258290643537,5.286994811590739,0.026422567665576935,0.028579527512192726
6,f,forest_frac_slope_2000_2025,pop_log_density_2000,0.0029051888371418,5.286994811590739,0.02682739868760109,0.02913031168282032
6,f,forest_frac_slope_2000_2025,pop_log_density_2000,0.0032845486099298,5.286994811590739,0.02702828124165535,0.029395706951618195
6,f,forest_frac_slope_2000_2025,pop_log_density_2000,0.0036639083827179,5.286994811590739,0.02703523077070713,0.029465986415743828
6,f,forest_frac_slope_2000_2025,pop_log_density_2000,0.004043268155506,5.286994811590739,0.027218347415328026,0.029713166877627373
6,f,forest_frac_slope_2000_2025,pop_log_density_2000,0.004422627928294,5.286994811590739,0.027467908337712288,0.029976394027471542
6,f,forest_frac_slope_2000_2025,pop_log_density_2000,0.0048019877010821,5.286994811590739,0.02749316766858101,0.030127661302685738
6,f,forest_frac_slope_2000_2025,pop_log_density_2000,0.0051813474738702,5.286994811590739,0.02766510657966137,0.03049570694565773
6,f,forest_frac_slope_2000_2025,pop_log_density_2000,0.0055607072466582,5.286994811590739,0.027665456756949425,0.03057016432285309
6,f,forest_frac_slope_2000_2025,pop_log_density_2000,0.0059400670194463,5.286994811590739,0.027628129348158836,0.030674340203404427
6,f,forest_frac_slope_2000_2025,pop_log_density_2000,-0.0092343238920763,5.447206775578336,0.008683748543262482,-0.001958615845069289
6,f,forest_frac_slope_2000_2025,pop_log_density_2000,-0.0088549641192882,5.447206775578336,0.008900645188987255,-0.0016166543355211616
6,f,forest_frac_slope_2000_2025,pop_log_density_2000,-0.0084756043465002,5.447206775578336,0.009168037213385105,-0.0009687435813248158
6,f,forest_frac_slope_2000_2025,pop_log_density_2000,-0.0080962445737121,5.447206775578336,0.009794540703296661,-5.273571878205985e-05
6,f,forest_frac_slope_2000_2025,pop_log_density_2000,-0.007716884800924,5.447206775578336,0.01050748210400343,0.0011876827338710427
6,f,forest_frac_slope_2000_2025,pop_log_density_2000,-0.007337525028136,5.447206775578336,0.011160338297486305,0.0019990350119769573
6,f,forest_frac_slope_2000_2025,pop_log_density_2000,-0.0069581652553479,5.447206775578336,0.011754119768738747,0.0031509697437286377
6,f,forest_frac_slope_2000_2025,pop_log_density_2000,-0.0065788054825598,5.447206775578336,0.011921520344913006,0.0035577877424657345
6,f,forest_frac_slope_2000_2025,pop_log_density_2000,-0.0061994457097717,5.447206775578336,0.012057668529450893,0.0041772834956645966
6,f,forest_frac_slope_2000_2025,pop_log_density_2000,-0.0058200859369837,5.447206775578336,0.012832650914788246,0.005368344951421022
6,f,forest_frac_slope_2000_2025,pop_log_density_2000,-0.0054407261641956,5.447206775578336,0.014602978713810444,0.008279064670205116
6,f,forest_frac_slope_2000_2025,pop_log_density_2000,-0.0050613663914075,5.447206775578336,0.014595805667340755,0.008352002128958702
6,f,forest_frac_slope_2000_2025,pop_log_density_2000,-0.0046820066186195,5.447206775578336,0.016185224056243896,0.010595574043691158
6,f,forest_frac_slope_2000_2025,pop_log_density_2000,-0.0043026468458314,5.447206775578336,0.016669409349560738,0.011778831481933594
6,f,forest_frac_slope_2000_2025,pop_log_density_2000,-0.0039232870730433,5.447206775578336,0.016847291961312294,0.012241160497069359
6,f,forest_frac_slope_2000_2025,pop_log_density_2000,-0.0035439273002553,5.447206775578336,0.01738792657852173,0.013444585725665092
6,f,forest_frac_slope_2000_2025,pop_log_density_2000,-0.0031645675274672,5.447206775578336,0.01792602613568306,0.01433217991143465
6,f,forest_frac_slope_2000_2025,pop_log_density_2000,-0.0027852077546791,5.447206775578336,0.019066717475652695,0.01563848741352558
6,f,forest_frac_slope_2000_2025,pop_log_density_2000,-0.0024058479818911,5.447206775578336,0.01930626481771469,0.016225025057792664
6,f,forest_frac_slope_2000_2025,pop_log_density_2000,-0.002026488209103,5.447206775578336,0.01999988779425621,0.017306555062532425
6,f,forest_frac_slope_2000_2025,pop_log_density_2000,-0.0016471284363149,5.447206775578336,0.020491253584623337,0.018335558474063873
6,f,forest_frac_slope_2000_2025,pop_log_density_2000,-0.0012677686635269,5.447206775578336,0.021447191014885902,0.019771933555603027
6,f,forest_frac_slope_2000_2025,pop_log_density_2000,-0.0008884088907388,5.447206775578336,0.02205486036837101,0.02062506042420864
6,f,forest_frac_slope_2000_2025,pop_log_density_2000,-0.0005090491179507,5.447206775578336,0.02241016924381256,0.021476371213793755
6,f,forest_frac_slope_2000_2025,pop_log_density_2000,-0.0001296893451627,5.447206775578336,0.023006366565823555,0.023003488779067993
6,f,forest_frac_slope_2000_2025,pop_log_density_2000,0.0002496704276253,5.447206775578336,0.024639612063765526,0.025337139144539833
6,f,forest_frac_slope_2000_2025,pop_log_density_2000,0.0006290302004134,5.447206775578336,0.024943552911281586,0.026076313108205795
6,f,forest_frac_slope_2000_2025,pop_log_density_2000,0.0010083899732014,5.447206775578336,0.02552376128733158,0.026941582560539246
6,f,forest_frac_slope_2000_2025,pop_log_density_2000,0.0013877497459895,5.447206775578336,0.025728648528456688,0.027265122160315514
6,f,forest_frac_slope_2000_2025,pop_log_density_2000,0.0017671095187776,5.447206775578336,0.02579108625650406,0.027608541771769524
6,f,forest_frac_slope_2000_2025,pop_log_density_2000,0.0021464692915656,5.447206775578336,0.026241296902298927,0.028231225907802582
6,f,forest_frac_slope_2000_2025,pop_log_density_2000,0.0025258290643537,5.447206775578336,0.026391195133328438,0.028547579422593117
6,f,forest_frac_slope_2000_2025,pop_log_density_2000,0.0029051888371418,5.447206775578336,0.02679602988064289,0.029098307713866234
6,f,forest_frac_slope_2000_2025,pop_log_density_2000,0.0032845486099298,5.447206775578336,0.026996904984116554,0.029363974928855896
6,f,forest_frac_slope_2000_2025,pop_log_density_2000,0.0036639083827179,5.447206775578336,0.027003860101103783,0.029434405267238617
6,f,forest_frac_slope_2000_2025,pop_log_density_2000,0.004043268155506,5.447206775578336,0.027187971398234367,0.029682284221053123
6,f,forest_frac_slope_2000_2025,pop_log_density_2000,0.004422627928294,5.447206775578336,0.02743753418326378,0.029945509508252144
6,f,forest_frac_slope_2000_2025,pop_log_density_2000,0.0048019877010821,5.447206775578336,0.027463765814900398,0.03009788505733013
6,f,forest_frac_slope_2000_2025,pop_log_density_2000,0.0051813474738702,5.447206775578336,0.02763570472598076,0.030465926975011826
6,f,forest_frac_slope_2000_2025,pop_log_density_2000,0.0055607072466582,5.447206775578336,0.027636060491204262,0.03054051101207733
6,f,forest_frac_slope_2000_2025,pop_log_density_2000,0.0059400670194463,5.447206775578336,0.027598731219768524,0.03064466454088688
6,f,forest_frac_slope_2000_2025,pop_log_density_2000,-0.0092343238920763,5.607418739565935,0.008688200265169144,-0.0019522340735420585
6,f,forest_frac_slope_2000_2025,pop_log_density_2000,-0.0088549641192882,5.607418739565935,0.008905097842216492,-0.0016097768675535917
6,f,forest_frac_slope_2000_2025,pop_log_density_2000,-0.0084756043465002,5.607418739565935,0.009172490797936916,-0.0009615080780349672
6,f,forest_frac_slope_2000_2025,pop_log_density_2000,-0.0080962445737121,5.607418739565935,0.009798992425203323,-4.5430311729433015e-05
6,f,forest_frac_slope_2000_2025,pop_log_density_2000,-0.007716884800924,5.607418739565935,0.010511934757232666,0.00119497487321496
6,f,forest_frac_slope_2000_2025,pop_log_density_2000,-0.007337525028136,5.607418739565935,0.011164790950715542,0.0020062646362930536
6,f,forest_frac_slope_2000_2025,pop_log_density_2000,-0.0069581652553479,5.607418739565935,0.011758572421967983,0.003158199368044734
6,f,forest_frac_slope_2000_2025,pop_log_density_2000,-0.0065788054825598,5.607418739565935,0.011925972998142242,0.003564880695194006
6,f,forest_frac_slope_2000_2025,pop_log_density_2000,-0.0061994457097717,5.607418739565935,0.012062122114002705,0.004184226039797068
6,f,forest_frac_slope_2000_2025,pop_log_density_2000,-0.0058200859369837,5.607418739565935,0.012837103568017483,0.005374879110604525
6,f,forest_frac_slope_2000_2025,pop_log_density_2000,-0.0054407261641956,5.607418739565935,0.01460743136703968,0.008285555988550186
6,f,forest_frac_slope_2000_2025,pop_log_density_2000,-0.0050613663914075,5.607418739565935,0.014600258320569992,0.008358510211110115
6,f,forest_frac_slope_2000_2025,pop_log_density_2000,-0.0046820066186195,5.607418739565935,0.016189677640795708,0.010601997375488281
6,f,forest_frac_slope_2000_2025,pop_log_density_2000,-0.0043026468458314,5.607418739565935,0.0166738610714674,0.011785305105149746
6,f,forest_frac_slope_2000_2025,pop_log_density_2000,-0.0039232870730433,5.607418739565935,0.016851745545864105,0.012247449718415737
6,f,forest_frac_slope_2000_2025,pop_log_density_2000,-0.0035439273002553,5.607418739565935,0.01739237830042839,0.013450928963720798
6,f,forest_frac_slope_2000_2025,pop_log_density_2000,-0.0031645675274672,5.607418739565935,0.01792765222489834,0.014335603453218937
6,f,forest_frac_slope_2000_2025,pop_log_density_2000,-0.0027852077546791,5.607418739565935,0.019067557528614998,0.015641123056411743
6,f,forest_frac_slope_2000_2025,pop_log_density_2000,-0.0024058479818911,5.607418739565935,0.019307104870676994,0.016227776184678078
6,f,forest_frac_slope_2000_2025,pop_log_density_2000,-0.002026488209103,5.607418739565935,0.01999998465180397,0.017308436334133148
6,f,forest_frac_slope_2000_2025,pop_log_density_2000,-0.0016471284363149,5.607418739565935,0.020491348579525948,0.018337367102503777
6,f,forest_frac_slope_2000_2025,pop_log_density_2000,-0.0012677686635269,5.607418739565935,0.02144728973507881,0.019773544743657112
6,f,forest_frac_slope_2000_2025,pop_log_density_2000,-0.0008884088907388,5.607418739565935,0.022055527195334435,0.020626936107873917
6,f,forest_frac_slope_2000_2025,pop_log_density_2000,-0.0005090491179507,5.607418739565935,0.022393373772501945,0.021468590945005417
6,f,forest_frac_slope_2000_2025,pop_log_density_2000,-0.0001296893451627,5.607418739565935,0.022984405979514122,0.022985883057117462
6,f,forest_frac_slope_2000_2025,pop_log_density_2000,0.0002496704276253,5.607418739565935,0.024615392088890076,0.025315960869193077
6,f,forest_frac_slope_2000_2025,pop_log_density_2000,0.0006290302004134,5.607418739565935,0.024916449561715126,0.026051534339785576
6,f,forest_frac_slope_2000_2025,pop_log_density_2000,0.0010083899732014,5.607418739565935,0.02549665980041027,0.026916198432445526
6,f,forest_frac_slope_2000_2025,pop_log_density_2000,0.0013877497459895,5.607418739565935,0.0257020965218544,0.027239875867962837
6,f,forest_frac_slope_2000_2025,pop_log_density_2000,0.0017671095187776,5.607418739565935,0.025764532387256622,0.027582919225096703
6,f,forest_frac_slope_2000_2025,pop_log_density_2000,0.0021464692915656,5.607418739565935,0.026215190067887306,0.028205273672938347
6,f,forest_frac_slope_2000_2025,pop_log_density_2000,0.0025258290643537,5.607418739565935,0.026363737881183624,0.028520138934254646
6,f,forest_frac_slope_2000_2025,pop_log_density_2000,0.0029051888371418,5.607418739565935,0.026768125593662262,0.029070274904370308
6,f,forest_frac_slope_2000_2025,pop_log_density_2000,0.0032845486099298,5.607418739565935,0.026969000697135925,0.029335638508200645
6,f,forest_frac_slope_2000_2025,pop_log_density_2000,0.0036639083827179,5.607418739565935,0.026975952088832855,0.029405923560261726
6,f,forest_frac_slope_2000_2025,pop_log_density_2000,0.004043268155506,5.607418739565935,0.027160068973898888,0.029653742909431458
6,f,forest_frac_slope_2000_2025,pop_log_density_2000,0.004422627928294,5.607418739565935,0.02740962617099285,0.029916897416114807
6,f,forest_frac_slope_2000_2025,pop_log_density_2000,0.0048019877010821,5.607418739565935,0.027435868978500366,0.03006911650300026
6,f,forest_frac_slope_2000_2025,pop_log_density_2000,0.0051813474738702,5.607418739565935,0.027607804164290428,0.030437059700489044
6,f,forest_frac_slope_2000_2025,pop_log_density_2000,0.0055607072466582,5.607418739565935,0.027608152478933334,0.030511481687426567
6,f,forest_frac_slope_2000_2025,pop_log_density_2000,0.0059400670194463,5.607418739565935,0.027570826932787895,0.0306155513972044
6,f,forest_frac_slope_2000_2025,pop_log_density_2000,-0.0092343238920763,5.767630703553532,0.008685563690960407,-0.001951986108906567
6,f,forest_frac_slope_2000_2025,pop_log_density_2000,-0.0088549641192882,5.767630703553532,0.00890246033668518,-0.0016095289029181004
6,f,forest_frac_slope_2000_2025,pop_log_density_2000,-0.0084756043465002,5.767630703553532,0.009170320816338062,-0.0009607917163521051
6,f,forest_frac_slope_2000_2025,pop_log_density_2000,-0.0080962445737121,5.767630703553532,0.009796823374927044,-4.4713971874443814e-05
6,f,forest_frac_slope_2000_2025,pop_log_density_2000,-0.007716884800924,5.767630703553532,0.010509765706956387,0.0011956911766901612
6,f,forest_frac_slope_2000_2025,pop_log_density_2000,-0.007337525028136,5.767630703553532,0.011162622831761837,0.0020069810561835766
6,f,forest_frac_slope_2000_2025,pop_log_density_2000,-0.0069581652553479,5.767630703553532,0.011756404303014278,0.0031589155551046133
6,f,forest_frac_slope_2000_2025,pop_log_density_2000,-0.0065788054825598,5.767630703553532,0.011923803947865963,0.0035655966494232416
6,f,forest_frac_slope_2000_2025,pop_log_density_2000,-0.0061994457097717,5.767630703553532,0.012059953063726425,0.0041849431581795216
6,f,forest_frac_slope_2000_2025,pop_log_density_2000,-0.0058200859369837,5.767630703553532,0.012834934517741203,0.005375595763325691
6,f,forest_frac_slope_2000_2025,pop_log_density_2000,-0.0054407261641956,5.767630703553532,0.014605261385440826,0.00828627310693264
6,f,forest_frac_slope_2000_2025,pop_log_density_2000,-0.0050613663914075,5.767630703553532,0.014598090201616287,0.008359155617654324
6,f,forest_frac_slope_2000_2025,pop_log_density_2000,-0.0046820066186195,5.767630703553532,0.016187509521842003,0.010602643713355064
6,f,forest_frac_slope_2000_2025,pop_log_density_2000,-0.0043026468458314,5.767630703553532,0.016671374440193176,0.01178563293069601
6,f,forest_frac_slope_2000_2025,pop_log_density_2000,-0.0039232870730433,5.767630703553532,0.016849258914589882,0.012247352860867977
6,f,forest_frac_slope_2000_2025,pop_log_density_2000,-0.0035439273002553,5.767630703553532,0.017389891669154167,0.013450762256979942
6,f,forest_frac_slope_2000_2025,pop_log_density_2000,-0.0031645675274672,5.767630703553532,0.017925167456269264,0.014335433952510357
6,f,forest_frac_slope_2000_2025,pop_log_density_2000,-0.0027852077546791,5.767630703553532,0.019065069034695625,0.01564071699976921
6,f,forest_frac_slope_2000_2025,pop_log_density_2000,-0.0024058479818911,5.767630703553532,0.01930461823940277,0.016227051615715027
6,f,forest_frac_slope_2000_2025,pop_log_density_2000,-0.002026488209103,5.767630703553532,0.019997498020529747,0.01730743981897831
6,f,forest_frac_slope_2000_2025,pop_log_density_2000,-0.0016471284363149,5.767630703553532,0.020488863810896873,0.018336163833737373
6,f,forest_frac_slope_2000_2025,pop_log_density_2000,-0.0012677686635269,5.767630703553532,0.02144480310380459,0.01977209933102131
6,f,forest_frac_slope_2000_2025,pop_log_density_2000,-0.0008884088907388,5.767630703553532,0.02205304056406021,0.020624984055757523
6,f,forest_frac_slope_2000_2025,pop_log_density_2000,-0.0005090491179507,5.767630703553532,0.022390887141227722,0.021465957164764404
6,f,forest_frac_slope_2000_2025,pop_log_density_2000,-0.0001296893451627,5.767630703553532,0.0229819193482399,0.022982632741332054
6,f,forest_frac_slope_2000_2025,pop_log_density_2000,0.0002496704276253,5.767630703553532,0.024613216519355774,0.02531244233250618
6,f,forest_frac_slope_2000_2025,pop_log_density_2000,0.0006290302004134,5.767630703553532,0.024914273992180824,0.02604779787361622
6,f,forest_frac_slope_2000_2025,pop_log_density_2000,0.0010083899732014,5.767630703553532,0.025419995188713074,0.02681109681725502
6,f,forest_frac_slope_2000_2025,pop_log_density_2000,0.0013877497459895,5.767630703553532,0.025625433772802353,0.02713433839380741
6,f,forest_frac_slope_2000_2025,pop_log_density_2000,0.0017671095187776,5.767630703553532,0.025687869638204575,0.027476869523525238
6,f,forest_frac_slope_2000_2025,pop_log_density_2000,0.0021464692915656,5.767630703553532,0.02613852731883526,0.02809847891330719
6,f,forest_frac_slope_2000_2025,pop_log_density_2000,0.0025258290643537,5.767630703553532,0.02628280408680439,0.028408940881490707
6,f,forest_frac_slope_2000_2025,pop_log_density_2000,0.0029051888371418,5.767630703553532,0.02668718621134758,0.028958747163414955
6,f,forest_frac_slope_2000_2025,pop_log_density_2000,0.0032845486099298,5.767630703553532,0.026888065040111542,0.02922363579273224
6,f,forest_frac_slope_2000_2025,pop_log_density_2000,0.0036639083827179,5.767630703553532,0.026895014569163322,0.02929377183318138
6,f,forest_frac_slope_2000_2025,pop_log_density_2000,0.004043268155506,5.767630703553532,0.027079131454229355,0.02954155020415783
6,f,forest_frac_slope_2000_2025,pop_log_density_2000,0.004422627928294,5.767630703553532,0.027328692376613617,0.029804395511746407
6,f,forest_frac_slope_2000_2025,pop_log_density_2000,0.0048019877010821,5.767630703553532,0.027354927733540535,0.029956595972180367
6,f,forest_frac_slope_2000_2025,pop_log_density_2000,0.0051813474738702,5.767630703553532,0.027526861056685448,0.030324507504701614
6,f,forest_frac_slope_2000_2025,pop_log_density_2000,0.0055607072466582,5.767630703553532,0.0275272149592638,0.030398773029446602
6,f,forest_frac_slope_2000_2025,pop_log_density_2000,0.0059400670194463,5.767630703553532,0.02748989127576351,0.03050295263528824
6,f,forest_frac_slope_2000_2025,pop_log_density_2000,-0.0092343238920763,5.927842667541131,0.008689260110259056,-0.00194977642968297
6,f,forest_frac_slope_2000_2025,pop_log_density_2000,-0.0088549641192882,5.927842667541131,0.008906976319849491,-0.0016061979113146663
6,f,forest_frac_slope_2000_2025,pop_log_density_2000,-0.0084756043465002,5.927842667541131,0.009174836799502373,-0.0009575782460160553
6,f,forest_frac_slope_2000_2025,pop_log_density_2000,-0.0080962445737121,5.927842667541131,0.009801340289413929,-4.150037420913577e-05
6,f,forest_frac_slope_2000_2025,pop_log_density_2000,-0.007716884800924,5.927842667541131,0.010514282621443272,0.0011988170444965363
6,f,forest_frac_slope_2000_2025,pop_log_density_2000,-0.007337525028136,5.927842667541131,0.011167353019118309,0.002010246505960822
6,f,forest_frac_slope_2000_2025,pop_log_density_2000,-0.0069581652553479,5.927842667541131,0.011761135421693325,0.0031622168608009815
6,f,forest_frac_slope_2000_2025,pop_log_density_2000,-0.0065788054825598,5.927842667541131,0.011928535997867584,0.0035690220538526773
6,f,forest_frac_slope_2000_2025,pop_log_density_2000,-0.0061994457097717,5.927842667541131,0.012064684182405472,0.004188282880932093
6,f,forest_frac_slope_2000_2025,pop_log_density_2000,-0.0058200859369837,5.927842667541131,0.012839666567742825,0.005378647707402706
6,f,forest_frac_slope_2000_2025,pop_log_density_2000,-0.0054407261641956,5.927842667541131,0.014609993435442448,0.008289312943816185
6,f,forest_frac_slope_2000_2025,pop_log_density_2000,-0.0050613663914075,5.927842667541131,0.01460282038897276,0.008362647145986557
6,f,forest_frac_slope_2000_2025,pop_log_density_2000,-0.0046820066186195,5.927842667541131,0.01619224064052105,0.010606124065816402
6,f,forest_frac_slope_2000_2025,pop_log_density_2000,-0.0043026468458314,5.927842667541131,0.016675790771842003,0.011788785457611084
6,f,forest_frac_slope_2000_2025,pop_log_density_2000,-0.0039232870730433,5.927842667541131,0.01685367338359356,0.012250494211912155
6,f,forest_frac_slope_2000_2025,pop_log_density_2000,-0.0035439273002553,5.927842667541131,0.017394308000802994,0.013454065658152103
6,f,forest_frac_slope_2000_2025,pop_log_density_2000,-0.0031645675274672,5.927842667541131,0.01792958192527294,0.014338954351842403
6,f,forest_frac_slope_2000_2025,pop_log_density_2000,-0.0027852077546791,5.927842667541131,0.019070802256464958,0.015645675361156464
6,f,forest_frac_slope_2000_2025,pop_log_density_2000,-0.0024058479818911,5.927842667541131,0.019310349598526955,0.01623200811445713
6,f,forest_frac_slope_2000_2025,pop_log_density_2000,-0.002026488209103,5.927842667541131,0.02000322937965393,0.01731227897107601
6,f,forest_frac_slope_2000_2025,pop_log_density_2000,-0.0016471284363149,5.927842667541131,0.020494595170021057,0.018341252580285072
6,f,forest_frac_slope_2000_2025,pop_log_density_2000,-0.0012677686635269,5.927842667541131,0.02145053632557392,0.019776955246925354
6,f,forest_frac_slope_2000_2025,pop_log_density_2000,-0.0008884088907388,5.927842667541131,0.022058773785829544,0.020629998296499252
6,f,forest_frac_slope_2000_2025,pop_log_density_2000,-0.0005090491179507,5.927842667541131,0.022396620362997055,0.02147061750292778
6,f,forest_frac_slope_2000_2025,pop_log_density_2000,-0.0001296893451627,5.927842667541131,0.02298765257000923,0.02298695221543312
6,f,forest_frac_slope_2000_2025,pop_log_density_2000,0.0002496704276253,5.927842667541131,0.02460065297782421,0.025299159809947014
6,f,forest_frac_slope_2000_2025,pop_log_density_2000,0.0006290302004134,5.927842667541131,0.0249008908867836,0.026033321395516396
6,f,forest_frac_slope_2000_2025,pop_log_density_2000,0.0010083899732014,5.927842667541131,0.025406615808606148,0.026797104626893997
6,f,forest_frac_slope_2000_2025,pop_log_density_2000,0.0013877497459895,5.927842667541131,0.02561204880475998,0.027120118960738182
6,f,forest_frac_slope_2000_2025,pop_log_density_2000,0.0017671095187776,5.927842667541131,0.0256744883954525,0.027462666854262352
6,f,forest_frac_slope_2000_2025,pop_log_density_2000,0.0021464692915656,5.927842667541131,0.026125144213438034,0.02808414399623871
6,f,forest_frac_slope_2000_2025,pop_log_density_2000,0.0025258290643537,5.927842667541131,0.026269419118762016,0.028394591063261032
6,f,forest_frac_slope_2000_2025,pop_log_density_2000,0.0029051888371418,5.927842667541131,0.026673806831240654,0.028944117948412895
6,f,forest_frac_slope_2000_2025,pop_log_density_2000,0.0032845486099298,5.927842667541131,0.026874681934714317,0.029208876192569733
6,f,forest_frac_slope_2000_2025,pop_log_density_2000,0.0036639083827179,5.927842667541131,0.026881635189056396,0.02927820198237896
6,f,forest_frac_slope_2000_2025,pop_log_density_2000,0.004043268155506,5.927842667541131,0.02706574834883213,0.02952498197555542
6,f,forest_frac_slope_2000_2025,pop_log_density_2000,0.004422627928294,5.927842667541131,0.027315307408571243,0.029787473380565643
6,f,forest_frac_slope_2000_2025,pop_log_density_2000,0.0048019877010821,5.927842667541131,0.02734154649078846,0.029939211905002594
6,f,forest_frac_slope_2000_2025,pop_log_density_2000,0.0051813474738702,5.927842667541131,0.02751348167657852,0.03030753694474697
6,f,forest_frac_slope_2000_2025,pop_log_density_2000,0.0055607072466582,5.927842667541131,0.027513833716511726,0.03038175031542778
6,f,forest_frac_slope_2000_2025,pop_log_density_2000,0.0059400670194463,5.927842667541131,0.027476508170366287,0.030485592782497406
6,f,forest_frac_slope_2000_2025,pop_log_density_2000,-0.0092343238920763,6.0880546315287285,0.008684897795319557,-0.0019547378178685904
6,f,forest_frac_slope_2000_2025,pop_log_density_2000,-0.0088549641192882,6.0880546315287285,0.008902614004909992,-0.0016109939897432923
6,f,forest_frac_slope_2000_2025,pop_log_density_2000,-0.0084756043465002,6.0880546315287285,0.009170475415885448,-0.0009625013917684555
6,f,forest_frac_slope_2000_2025,pop_log_density_2000,-0.0080962445737121,6.0880546315287285,0.009796977043151855,-4.615586294676177e-05
6,f,forest_frac_slope_2000_2025,pop_log_density_2000,-0.007716884800924,6.0880546315287285,0.010509203188121319,0.0011938135139644146
6,f,forest_frac_slope_2000_2025,pop_log_density_2000,-0.007337525028136,6.0880546315287285,0.01116227451711893,0.0020055207423865795
6,f,forest_frac_slope_2000_2025,pop_log_density_2000,-0.0069581652553479,6.0880546315287285,0.011756055988371372,0.00315787922590971
6,f,forest_frac_slope_2000_2025,pop_log_density_2000,-0.0065788054825598,6.0880546315287285,0.0119465421885252,0.003588070161640644
6,f,forest_frac_slope_2000_2025,pop_log_density_2000,-0.0061994457097717,6.0880546315287285,0.012082691304385662,0.00420726602897048
6,f,forest_frac_slope_2000_2025,pop_log_density_2000,-0.0058200859369837,6.0880546315287285,0.01285767275840044,0.00539831817150116
6,f,forest_frac_slope_2000_2025,pop_log_density_2000,-0.0054407261641956,6.0880546315287285,0.014628934673964977,0.00831086840480566
6,f,forest_frac_slope_2000_2025,pop_log_density_2000,-0.0050613663914075,6.0880546315287285,0.01462175976485014,0.008384558372199535
6,f,forest_frac_slope_2000_2025,pop_log_density_2000,-0.0046820066186195,6.0880546315287285,0.01621118001639843,0.010628707706928253
6,f,forest_frac_slope_2000_2025,pop_log_density_2000,-0.0043026468458314,6.0880546315287285,0.016694730147719383,0.01181105338037014
6,f,forest_frac_slope_2000_2025,pop_log_density_2000,-0.0039232870730433,6.0880546315287285,0.016872616484761238,0.012273820117115974
6,f,forest_frac_slope_2000_2025,pop_log_density_2000,-0.0035439273002553,6.0880546315287285,0.017413249239325523,0.013477854430675507
6,f,forest_frac_slope_2000_2025,pop_log_density_2000,-0.0031645675274672,6.0880546315287285,0.017947934567928314,0.01436399295926094
6,f,forest_frac_slope_2000_2025,pop_log_density_2000,-0.0027852077546791,6.0880546315287285,0.019089151173830032,0.015672048553824425
6,f,forest_frac_slope_2000_2025,pop_log_density_2000,-0.0024058479818911,6.0880546315287285,0.01932869851589203,0.016259459778666496
6,f,forest_frac_slope_2000_2025,pop_log_density_2000,-0.002026488209103,6.0880546315287285,0.020022651180624962,0.017352361232042313
6,f,forest_frac_slope_2000_2025,pop_log_density_2000,-0.0016471284363149,6.0880546315287285,0.02051401697099209,0.018382186070084572
6,f,forest_frac_slope_2000_2025,pop_log_density_2000,-0.0012677686635269,6.0880546315287285,0.021469956263899803,0.01981760747730732
6,f,forest_frac_slope_2000_2025,pop_log_density_2000,-0.0008884088907388,6.0880546315287285,0.022073611617088318,0.02066599577665329
6,f,forest_frac_slope_2000_2025,pop_log_density_2000,-0.0005090491179507,6.0880546315287285,0.022408857941627502,0.02150113508105278
6,f,forest_frac_slope_2000_2025,pop_log_density_2000,-0.0001296893451627,6.0880546315287285,0.022972874343395233,0.022982634603977203
6,f,forest_frac_slope_2000_2025,pop_log_density_2000,0.0002496704276253,6.0880546315287285,0.024543311446905136,0.0252090971916914
6,f,forest_frac_slope_2000_2025,pop_log_density_2000,0.0006290302004134,6.0880546315287285,0.024843547493219376,0.025928743183612823
6,f,forest_frac_slope_2000_2025,pop_log_density_2000,0.0010083899732014,6.0880546315287285,0.025349270552396774,0.02668498270213604
6,f,forest_frac_slope_2000_2025,pop_log_density_2000,0.0013877497459895,6.0880546315287285,0.025554707273840904,0.027003580704331398
6,f,forest_frac_slope_2000_2025,pop_log_density_2000,0.0017671095187776,6.0880546315287285,0.025617145001888275,0.027342064306139946
6,f,forest_frac_slope_2000_2025,pop_log_density_2000,0.0021464692915656,6.0880546315287285,0.02606780268251896,0.027960656210780144
6,f,forest_frac_slope_2000_2025,pop_log_density_2000,0.0025258290643537,6.0880546315287285,0.026212075725197792,0.028268981724977493
6,f,forest_frac_slope_2000_2025,pop_log_density_2000,0.0029051888371418,6.0880546315287285,0.026616107672452927,0.028816165402531624
6,f,forest_frac_slope_2000_2025,pop_log_density_2000,0.0032845486099298,6.0880546315287285,0.02681860327720642,0.029080867767333984
6,f,forest_frac_slope_2000_2025,pop_log_density_2000,0.0036639083827179,6.0880546315287285,0.02682555466890335,0.029149049893021584
6,f,forest_frac_slope_2000_2025,pop_log_density_2000,0.004043268155506,6.0880546315287285,0.027009671553969383,0.029392477124929428
6,f,forest_frac_slope_2000_2025,pop_log_density_2000,0.004422627928294,6.0880546315287285,0.027259228751063347,0.029653720557689667
6,f,forest_frac_slope_2000_2025,pop_log_density_2000,0.0048019877010821,6.0880546315287285,0.027285467833280563,0.029803238809108734
6,f,forest_frac_slope_2000_2025,pop_log_density_2000,0.0051813474738702,6.0880546315287285,0.027457399293780327,0.030169950798153877
6,f,forest_frac_slope_2000_2025,pop_log_density_2000,0.0055607072466582,6.0880546315287285,0.02745775505900383,0.030243046581745148
6,f,forest_frac_slope_2000_2025,pop_log_density_2000,0.0059400670194463,6.0880546315287285,0.027420425787568092,0.03034580498933792
6,f,forest_frac_slope_2000_2025,pop_log_density_2000,-0.0092343238920763,6.248266595516327,0.008761502802371979,-0.0018607699312269688
6,f,forest_frac_slope_2000_2025,pop_log_density_2000,-0.0088549641192882,6.248266595516327,0.008979219011962414,-0.0015168916434049606
6,f,forest_frac_slope_2000_2025,pop_log_density_2000,-0.0084756043465002,6.248266595516327,0.009247079491615295,-0.0008686694782227278
6,f,forest_frac_slope_2000_2025,pop_log_density_2000,-0.0080962445737121,6.248266595516327,0.009873582981526852,4.722056837636046e-05
6,f,forest_frac_slope_2000_2025,pop_log_density_2000,-0.007716884800924,6.248266595516327,0.010585809126496315,0.0012866668403148651
6,f,forest_frac_slope_2000_2025,pop_log_density_2000,-0.007337525028136,6.248266595516327,0.011238880455493927,0.0020984066650271416
6,f,forest_frac_slope_2000_2025,pop_log_density_2000,-0.0069581652553479,6.248266595516327,0.011837469413876534,0.003255183808505535
6,f,forest_frac_slope_2000_2025,pop_log_density_2000,-0.0065788054825598,6.248266595516327,0.012027954682707787,0.0036848990712314844
6,f,forest_frac_slope_2000_2025,pop_log_density_2000,-0.0061994457097717,6.248266595516327,0.01216498576104641,0.004302813205868006
6,f,forest_frac_slope_2000_2025,pop_log_density_2000,-0.0058200859369837,6.248266595516327,0.012939966283738613,0.00549457548186183
6,f,forest_frac_slope_2000_2025,pop_log_density_2000,-0.0054407261641956,6.248266595516327,0.014711230993270874,0.008406397886574268
6,f,forest_frac_slope_2000_2025,pop_log_density_2000,-0.0050613663914075,6.248266595516327,0.014704056084156036,0.008479966782033443
6,f,forest_frac_slope_2000_2025,pop_log_density_2000,-0.0046820066186195,6.248266595516327,0.016293756663799286,0.0107235973700881
6,f,forest_frac_slope_2000_2025,pop_log_density_2000,-0.0043026468458314,6.248266595516327,0.01677730493247509,0.011904635466635227
6,f,forest_frac_slope_2000_2025,pop_log_density_2000,-0.0039232870730433,6.248266595516327,0.016955189406871796,0.012367753311991692
6,f,forest_frac_slope_2000_2025,pop_log_density_2000,-0.0035439273002553,6.248266595516327,0.01749582402408123,0.013572285883128643
6,f,forest_frac_slope_2000_2025,pop_log_density_2000,-0.0031645675274672,6.248266595516327,0.018030507490038872,0.014459551312029362
6,f,forest_frac_slope_2000_2025,pop_log_density_2000,-0.0027852077546791,6.248266595516327,0.01917172782123089,0.015769777819514275
6,f,forest_frac_slope_2000_2025,pop_log_density_2000,-0.0024058479818911,6.248266595516327,0.01941203884780407,0.01637306809425354
6,f,forest_frac_slope_2000_2025,pop_log_density_2000,-0.002026488209103,6.248266595516327,0.020105727016925812,0.01746566779911518
6,f,forest_frac_slope_2000_2025,pop_log_density_2000,-0.0016471284363149,6.248266595516327,0.020600493997335434,0.018498873338103294
6,f,forest_frac_slope_2000_2025,pop_log_density_2000,-0.0012677686635269,6.248266595516327,0.021556435152888298,0.019932782277464867
6,f,forest_frac_slope_2000_2025,pop_log_density_2000,-0.0008884088907388,6.248266595516327,0.022160088643431664,0.020780058577656746
6,f,forest_frac_slope_2000_2025,pop_log_density_2000,-0.0005090491179507,6.248266595516327,0.022495334967970848,0.021598268300294876
6,f,forest_frac_slope_2000_2025,pop_log_density_2000,-0.0001296893451627,6.248266595516327,0.023059705272316933,0.023077892139554024
6,f,forest_frac_slope_2000_2025,pop_log_density_2000,0.0002496704276253,6.248266595516327,0.024631980806589127,0.025290178135037422
6,f,forest_frac_slope_2000_2025,pop_log_density_2000,0.0006290302004134,6.248266595516327,0.024932218715548515,0.026005610823631287
6,f,forest_frac_slope_2000_2025,pop_log_density_2000,0.0010083899732014,6.248266595516327,0.025437939912080765,0.026759598404169083
6,f,forest_frac_slope_2000_2025,pop_log_density_2000,0.0013877497459895,6.248266595516327,0.025643378496170044,0.027077067643404007
6,f,forest_frac_slope_2000_2025,pop_log_density_2000,0.0017671095187776,6.248266595516327,0.025705816224217415,0.02741514891386032
6,f,forest_frac_slope_2000_2025,pop_log_density_2000,0.0021464692915656,6.248266595516327,0.0261564739048481,0.028033485636115074
6,f,forest_frac_slope_2000_2025,pop_log_density_2000,0.0025258290643537,6.248266595516327,0.02630074881017208,0.028341419994831085
6,f,forest_frac_slope_2000_2025,pop_log_density_2000,0.0029051888371418,6.248266595516327,0.026704778894782066,0.028888197615742683
6,f,forest_frac_slope_2000_2025,pop_log_density_2000,0.0032845486099298,6.248266595516327,0.02690727263689041,0.029152559116482735
6,f,forest_frac_slope_2000_2025,pop_log_density_2000,0.0036639083827179,6.248266595516327,0.02691422402858734,0.02922004647552967
6,f,forest_frac_slope_2000_2025,pop_log_density_2000,0.004043268155506,6.248266595516327,0.027098340913653374,0.029463373124599457
6,f,forest_frac_slope_2000_2025,pop_log_density_2000,0.004422627928294,6.248266595516327,0.027347901836037636,0.029724719002842903
6,f,forest_frac_slope_2000_2025,pop_log_density_2000,0.0048019877010821,6.248266595516327,0.027374137192964554,0.02987409010529518
6,f,forest_frac_slope_2000_2025,pop_log_density_2000,0.0051813474738702,6.248266595516327,0.027546072378754616,0.03024083375930786
6,f,forest_frac_slope_2000_2025,pop_log_density_2000,0.0055607072466582,6.248266595516327,0.02754642441868782,0.030313821509480476
6,f,forest_frac_slope_2000_2025,pop_log_density_2000,0.0059400670194463,6.248266595516327,0.02750909887254238,0.030416548252105713
6,f,forest_frac_slope_2000_2025,pop_log_density_2000,-0.0092343238920763,6.4084785595039255,0.008801496587693691,-0.00182311178650707
6,f,forest_frac_slope_2000_2025,pop_log_density_2000,-0.0088549641192882,6.4084785595039255,0.009019212797284126,-0.0014792336151003838
6,f,forest_frac_slope_2000_2025,pop_log_density_2000,-0.0084756043465002,6.4084785595039255,0.009287074208259583,-0.0008310114499181509
6,f,forest_frac_slope_2000_2025,pop_log_density_2000,-0.0080962445737121,6.4084785595039255,0.009913576766848564,8.502161654178053e-05
6,f,forest_frac_slope_2000_2025,pop_log_density_2000,-0.007716884800924,6.4084785595039255,0.010625802911818027,0.00132469623349607
6,f,forest_frac_slope_2000_2025,pop_log_density_2000,-0.007337525028136,6.4084785595039255,0.01127887424081564,0.002136518945917487
6,f,forest_frac_slope_2000_2025,pop_log_density_2000,-0.0069581652553479,6.4084785595039255,0.011877463199198246,0.003293453250080347
6,f,forest_frac_slope_2000_2025,pop_log_density_2000,-0.0065788054825598,6.4084785595039255,0.012067949399352074,0.00372316874563694
6,f,forest_frac_slope_2000_2025,pop_log_density_2000,-0.0061994457097717,6.4084785595039255,0.012204980477690697,0.004341082647442818
6,f,forest_frac_slope_2000_2025,pop_log_density_2000,-0.0058200859369837,6.4084785595039255,0.0129799610003829,0.005532888695597649
6,f,forest_frac_slope_2000_2025,pop_log_density_2000,-0.0054407261641956,6.4084785595039255,0.014748449437320232,0.008441286161541939
6,f,forest_frac_slope_2000_2025,pop_log_density_2000,-0.0050613663914075,6.4084785595039255,0.014741274528205395,0.008514957502484322
6,f,forest_frac_slope_2000_2025,pop_log_density_2000,-0.0046820066186195,6.4084785595039255,0.01633097417652607,0.01075858622789383
6,f,forest_frac_slope_2000_2025,pop_log_density_2000,-0.0043026468458314,6.4084785595039255,0.016814524307847023,0.01193972397595644
6,f,forest_frac_slope_2000_2025,pop_log_density_2000,-0.0039232870730433,6.4084785595039255,0.016992410644888878,0.012402842752635479
6,f,forest_frac_slope_2000_2025,pop_log_density_2000,-0.0035439273002553,6.4084785595039255,0.017533043399453163,0.013607392087578773
6,f,forest_frac_slope_2000_2025,pop_log_density_2000,-0.0031645675274672,6.4084785595039255,0.018067726865410805,0.014494813047349453
6,f,forest_frac_slope_2000_2025,pop_log_density_2000,-0.0027852077546791,6.4084785595039255,0.019208945333957672,0.015805112197995186
6,f,forest_frac_slope_2000_2025,pop_log_density_2000,-0.0024058479818911,6.4084785595039255,0.01944926008582115,0.016408640891313553
6,f,forest_frac_slope_2000_2025,pop_log_density_2000,-0.002026488209103,6.4084785595039255,0.02014339156448841,0.017501849681138992
6,f,forest_frac_slope_2000_2025,pop_log_density_2000,-0.0016471284363149,6.4084785595039255,0.020638156682252884,0.01853514276444912
6,f,forest_frac_slope_2000_2025,pop_log_density_2000,-0.0012677686635269,6.4084785595039255,0.0215940959751606,0.0199691541492939
6,f,forest_frac_slope_2000_2025,pop_log_density_2000,-0.0008884088907388,6.4084785595039255,0.022197751328349113,0.020816801115870476
6,f,forest_frac_slope_2000_2025,pop_log_density_2000,-0.0005090491179507,6.4084785595039255,0.022534117102622986,0.021636521443724632
6,f,forest_frac_slope_2000_2025,pop_log_density_2000,-0.0001296893451627,6.4084785595039255,0.02309848740696907,0.023116691038012505
6,f,forest_frac_slope_2000_2025,pop_log_density_2000,0.0002496704276253,6.4084785595039255,0.02467166818678379,0.02533082291483879
6,f,forest_frac_slope_2000_2025,pop_log_density_2000,0.0006290302004134,6.4084785595039255,0.02497190795838833,0.026046566665172577
6,f,forest_frac_slope_2000_2025,pop_log_density_2000,0.0010083899732014,6.4084785595039255,0.025477629154920578,0.02680075913667679
6,f,forest_frac_slope_2000_2025,pop_log_density_2000,0.0013877497459895,6.4084785595039255,0.025683067739009857,0.027118409052491188
6,f,forest_frac_slope_2000_2025,pop_log_density_2000,0.0017671095187776,6.4084785595039255,0.02574550360441208,0.027456477284431458
6,f,forest_frac_slope_2000_2025,pop_log_density_2000,0.0021464692915656,6.4084785595039255,0.026196161285042763,0.028075039386749268
6,f,forest_frac_slope_2000_2025,pop_log_density_2000,0.0025258290643537,6.4084785595039255,0.026340436190366745,0.028383007273077965
6,f,forest_frac_slope_2000_2025,pop_log_density_2000,0.0029051888371418,6.4084785595039255,0.02674446813762188,0.028929846361279488
6,f,forest_frac_slope_2000_2025,pop_log_density_2000,0.0032845486099298,6.4084785595039255,0.026946963742375374,0.02919420786201954
6,f,forest_frac_slope_2000_2025,pop_log_density_2000,0.0036639083827179,6.4084785595039255,0.026953913271427155,0.029261697083711624
6,f,forest_frac_slope_2000_2025,pop_log_density_2000,0.004043268155506,6.4084785595039255,0.027138030156493187,0.02950502373278141
6,f,forest_frac_slope_2000_2025,pop_log_density_2000,0.004422627928294,6.4084785595039255,0.02738758735358715,0.029766369611024857
6,f,forest_frac_slope_2000_2025,pop_log_density_2000,0.0048019877010821,6.4084785595039255,0.027413826435804367,0.029915738850831985
6,f,forest_frac_slope_2000_2025,pop_log_density_2000,0.0051813474738702,6.4084785595039255,0.02758576162159443,0.03028254210948944
6,f,forest_frac_slope_2000_2025,pop_log_density_2000,0.0055607072466582,6.4084785595039255,0.027586113661527634,0.030355529859662056
6,f,forest_frac_slope_2000_2025,pop_log_density_2000,0.0059400670194463,6.4084785595039255,0.027548784390091896,0.030458252876996994
