sample_id,year,kndvi_mean,nbr_mean,ndmi_mean,bsi_mean,expected_eci_spectral,expected_regain_annual
cell_00001,2000,0.4984525395467328,0.5847619721599773,0.2590420399362688,-0.2062614344088769,0.6827637188337081,0.5901418605810413
cell_00001,2001,0.4836204967567681,0.5625019181176093,0.2311061110257294,-0.1820658516818655,0.626490838504148,0.409766611685004
cell_00001,2002,0.4515546674051025,0.5392115698630181,0.220837527104478,-0.1642956727461176,0.5768757241698712,0.2507319480132842
cell_00001,2003,0.3824398366313909,0.5217762739110998,0.1933523942483206,-0.1471950972727193,0.4986531909137632,0.0
cell_00001,2004,0.369474597013286,0.5231378970899562,0.2092149151509585,-0.1515030126145023,0.506299294644168,0.0245085706539212
cell_00001,2005,0.4769836778204206,0.5906182585336947,0.2664779698829684,-0.2167469941986891,0.6865039459385286,0.6021306621317825
cell_00001,2006,0.4579474855851458,0.5706425306116824,0.2424312756132997,-0.1967951989375126,0.6347667489245503,0.4362939440905788
cell_00001,2007,0.4501390023758427,0.5528253716338327,0.2382158993348542,-0.1805143187573439,0.6067092864474389,0.3463594721378126
cell_00001,2008,0.4467046726806727,0.5636396875303692,0.233467739948043,-0.1867160185484748,0.6116895035195867,0.3623228969471354
cell_00001,2009,0.3929585576193206,0.5266858627642923,0.213810723804404,-0.1561798119412402,0.5274759290874419,0.0923874616244162
cell_00001,2010,0.447029731982549,0.5407258593082347,0.214583642334657,-0.1633462423036808,0.5702325088701251,0.229438003112223
cell_00001,2011,0.4683727420855773,0.5910287738154331,0.2628827309020348,-0.2201208220135719,0.681764937387878,0.5869403992229365
cell_00001,2012,0.5607429558889079,0.5882325282776458,0.2627652047281373,-0.2207982726712164,0.7311274172753022,0.7451652767069956
cell_00001,2013,0.5048429185596619,0.5428074858087625,0.223983344268531,-0.1873671845187415,0.6256951706832956,0.4072162040928512
cell_00001,2014,0.5230651097972226,0.5926132949339813,0.2729086814931385,-0.2261149520219791,0.723607082064417,0.7210598403493603
cell_00001,2015,0.5134218601032942,0.5759679509814846,0.2660067918850745,-0.2203010884470466,0.7003296786746157,0.6464472133521365
cell_00001,2016,0.5539162888984724,0.5897637020668394,0.2667049287160577,-0.2285308572062093,0.7361801231925701,0.7613610548880341
cell_00001,2017,0.4747280739343086,0.5473023903365957,0.256230471832605,-0.2021695324186992,0.6441937149552728,0.4665108324774496
cell_00001,2018,0.491694242213855,0.5652389474666996,0.2596694793292796,-0.209032920148171,0.670478649412545,0.5507637011271459
cell_00001,2019,0.551515545057969,0.6346466691327782,0.3082751500548282,-0.2608780993736745,0.8106299209472394,1.0
cell_00001,2020,0.5197510820109376,0.6050619502154099,0.300461049715418,-0.2468067740087381,0.7618658229582296,0.8436931562691318
cell_00001,2021,0.5335904346884868,0.6094741005019982,0.3007937174399122,-0.2519507551341838,0.7755766258967566,0.8876413152778366
cell_00001,2022,0.5057495627109252,0.5899401163089205,0.282265279069429,-0.2288815539270249,0.7210398314726063,0.7128308593239637
cell_00001,2023,0.5190345933306852,0.583995108219501,0.2681570987058873,-0.2231057959219308,0.711258233388715,0.6814772449603484
cell_00001,2024,0.5234909088029733,0.5894720669854244,0.2836949486971238,-0.2352740566680139,0.7357695174290043,0.7600449126119043
cell_00001,2025,0.5173993787994828,0.5899498261809704,0.2847904414517598,-0.2345242951513249,0.7329664479113873,0.7510600453196669
cell_00002,2000,0.419070043377957,0.5359309423006078,0.2362944393164657,-0.1697563894760686,0.5717406985512693,0.5516943848066189
cell_00002,2001,0.3858913487017412,0.5118449326563788,0.2024606214697453,-0.1381180049548655,0.4952989157690667,0.3973432432784725
cell_00002,2002,0.3633267357544368,0.4739361742020268,0.1816369640080535,-0.1153749275713675,0.4320205247034928,0.2695716040054308
cell_00002,2003,0.2905460973824736,0.4300472502507183,0.1361140425664394,-0.0841571308990739,0.3149730535603159,0.0332295129868733
cell_00002,2004,0.2667521032780167,0.4259031995578922,0.1394309815779296,-0.0790117563592,0.2985162707432108,0.0
cell_00002,2005,0.4298071845675477,0.5555336061984041,0.2436553000063863,-0.1852475032982156,0.6040676364510428,0.6169688928744926
cell_00002,2006,0.390908241741883,0.518125640756068,0.2161996561721851,-0.1558223656176154,0.5230144284975647,0.4533063680510875
cell_00002,2007,0.4093008632101498,0.5073394719716312,0.206112846578608,-0.1446520262904323,0.512529763015836,0.4321357460856567
cell_00002,2008,0.3836274530334816,0.4838814320450368,0.1778305921224646,-0.1263180290216873,0.4533398037969094,0.3126194627138249
cell_00002,2009,0.3312738325238392,0.4578301867212223,0.1679697574236227,-0.107976344352601,0.3909858144442011,0.1867143740943428
cell_00002,2010,0.3937739223324487,0.5254395799571138,0.2187604282715893,-0.1576238468679402,0.5316573554529168,0.4707581541443545
cell_00002,2011,0.4475490860496409,0.6088780293604504,0.2975285865661243,-0.2437589630353925,0.7203875351871621,0.8518418707001557
cell_00002,2012,0.5385200467106831,0.6156607439486225,0.3118428820273039,-0.2583855822434484,0.7937622535418751,1.0
cell_00002,2013,0.511105131985546,0.5996209200712996,0.3012284837793263,-0.2470702629357995,0.7548149577819756,0.9213576745442617
cell_00002,2014,0.4548027912146096,0.5453508400398523,0.2610494516881488,-0.2033263451052129,0.63634790832342,0.6821491729647208
cell_00002,2015,0.457157646556376,0.5590768343449233,0.2777316100275496,-0.2146026055272335,0.6645101375516481,0.7390143070725871
cell_00002,2016,0.5244102521559469,0.5903105244367985,0.2895804701558134,-0.2388404398221395,0.743245990191653,0.8979976312685027
cell_00002,2017,0.4575894536253597,0.5411373521904084,0.2571279732033877,-0.1985075024715211,0.6295535190656192,0.6684299516206014
cell_00002,2018,0.4848870780816717,0.5650783463993785,0.273625439189715,-0.2172086903493089,0.6819030492146919,0.7741340501238188
cell_00002,2019,0.488586244522,0.5725289043205725,0.2695254545293334,-0.2139114235168353,0.6830035681030147,0.7763562163332318
cell_00002,2020,0.4451026721206705,0.5267461375018166,0.2471823781322587,-0.1862764265982505,0.5995490814939645,0.6078450329866372
cell_00002,2021,0.4931792343685616,0.5818481824172426,0.2807803839796126,-0.2254790109711731,0.7063327324632666,0.8234624325783741
cell_00002,2022,0.499013354173088,0.5865239284529743,0.2917864636059115,-0.23444239793525,0.7258345983010176,0.8628405729674083
cell_00002,2023,0.5132727172975665,0.5835004793999754,0.2791860515958164,-0.2292673126689685,0.7196717390134753,0.8503965360613124
cell_00002,2024,0.4926701944123372,0.56151990771057,0.2700924033465942,-0.2163615713027808,0.6811399372428453,0.7725931754911075
cell_00002,2025,0.4821578445314035,0.5558383585799003,0.2678142889154757,-0.2104960364660986,0.6666980300308485,0.7434320965250859
cell_00003,2000,0.5062317991995523,0.5881931970609525,0.2525759148116216,-0.2040702139268405,0.6829422480393375,0.5880611095017162
cell_00003,2001,0.4505244371053447,0.5491069862372114,0.2204510911147092,-0.1690046418863503,0.5847110037794633,0.301520363476844
cell_00003,2002,0.4683488154613353,0.5531170982434317,0.2288154790472002,-0.1787530659016045,0.6090812334961058,0.3726083747956288
cell_00003,2003,0.3954631749103799,0.5240228166494908,0.1877541082811882,-0.1468857560711285,0.5029087538925261,0.0629030285777205
cell_00003,2004,0.4370434482369494,0.5546784069824733,0.2184744598132869,-0.1737962094897149,0.5822653501138334,0.2943863865925228
cell_00003,2005,0.5354226233338958,0.6044028472911318,0.2666383877235553,-0.2377808018233828,0.7403677835737177,0.7555715173854592
cell_00003,2006,0.5088429832285363,0.5866273498217419,0.2419101989157692,-0.2013673677849956,0.6742266578959343,0.5626377147299786
cell_00003,2007,0.4562922770885631,0.5273780062465226,0.195435292948183,-0.151590631648902,0.5465923157901343,0.1903280704722308
cell_00003,2008,0.424258156997306,0.5007369282925215,0.1708433622549153,-0.1282033670459987,0.4813444812694362,0.0
cell_00003,2009,0.4066483480574988,0.5166700277656031,0.1991469877205958,-0.1491373899051931,0.514409811429069,0.0964516375913412
cell_00003,2010,0.4590641085508969,0.5712827465076963,0.2415809482258279,-0.1877157364021692,0.6290587086398561,0.430882711790074
cell_00003,2011,0.4725048158776287,0.6350008147156121,0.3057395309946129,-0.2572933276102734,0.7634139274758853,0.8227971675996972
cell_00003,2012,0.5498344002792368,0.5685203117193562,0.243059354896807,-0.2064016367578875,0.6907423458145969,0.6108140111108712
cell_00003,2013,0.50354201454208,0.5544809000313033,0.2487982575422183,-0.2071322049158117,0.6620876819991184,0.5272282965182986
cell_00003,2014,0.5161453977857109,0.5902090721027614,0.2723156148264914,-0.2247792087141731,0.717170675693519,0.687905504929922
cell_00003,2015,0.5344111917073908,0.5975956145604807,0.2818643320875569,-0.2412589901766552,0.7490013745730811,0.7807557204816401
cell_00003,2016,0.5557418034320319,0.6027219232415075,0.2806929929692197,-0.2439725732096471,0.7645298608347061,0.8260523475534868
cell_00003,2017,0.4869223330081008,0.5557341945046428,0.2620323899836481,-0.2115221757478782,0.6658897044239829,0.5383188039249016
cell_00003,2018,0.502078221203787,0.579327909809127,0.2718362896326152,-0.221368525956553,0.7007877871606558,0.6401165846366003
cell_00003,2019,0.5399604451111908,0.6180350009119666,0.2963335911508494,-0.2490370629317305,0.778762603258838,0.8675692871272278
cell_00003,2020,0.5032190311879204,0.5825798695649589,0.2700073597392022,-0.2198801154033385,0.7009483135074576,0.6405848403277073
cell_00003,2021,0.5360509528364096,0.6157455889491129,0.2977234894086409,-0.2499567468992059,0.7769353742760384,0.8622392563428828
cell_00003,2022,0.5284799895836849,0.6203836562633122,0.3070077109142705,-0.2550661212497374,0.7852944644805189,0.8866227400432866
cell_00003,2023,0.5480007344687506,0.6219917045606246,0.3060072649035886,-0.2620797813616387,0.8008710723650949,0.9320597379904512
cell_00003,2024,0.5461304485938238,0.6236521971927067,0.3130861064858121,-0.2658044594927939,0.8082199522662172,0.9534964361121194
cell_00003,2025,0.548517000721026,0.630846113912998,0.3221113958009905,-0.2722433663625091,0.8241621978511734,1.0
cell_00004,2000,0.5024487790152968,0.6023488963637705,0.2866543265314846,-0.2300636602777242,0.7300121259589131,0.9035426427748244
cell_00004,2001,0.4339963394986436,0.5388680238700956,0.2435155461552726,-0.1826958682190586,0.5952642997107707,0.5548013929826863
cell_00004,2002,0.4390323209442944,0.5421729665719617,0.2541096792136627,-0.1898883789333999,0.6120910679768774,0.5983508019674241
cell_00004,2003,0.3448249653119994,0.5002695708663312,0.2038610912735497,-0.1490727593409212,0.4746902923983225,0.2427434461245695
cell_00004,2004,0.3235502895747856,0.4825944327727327,0.1958459986612956,-0.134115132714644,0.4375706850140753,0.1466740798764124
cell_00004,2005,0.4491360053057318,0.5676844015888358,0.2646568751724023,-0.2106054897850778,0.6530940609073814,0.7044707698952875
cell_00004,2006,0.4140755692763436,0.5274457170528353,0.2276456371886789,-0.1716967028616124,0.5595269885468859,0.4623095516927751
cell_00004,2007,0.4245183365216254,0.5303633444205291,0.2411778822662643,-0.1807547599952093,0.5824016515660113,0.5215115350715146
cell_00004,2008,0.3461722190494735,0.4599226241667244,0.150568658867075,-0.0971762184859906,0.3808982568396823,0.0
cell_00004,2009,0.3458899322262386,0.455555284309085,0.182838842490306,-0.1192443032461676,0.415665445815743,0.0899810651708971
cell_00004,2010,0.3638788429030168,0.4667415706388637,0.173113169761071,-0.1159266331450012,0.4227189622772381,0.1082362920988725
cell_00004,2011,0.3895917335964631,0.5194174055126557,0.2332301749833311,-0.1827051036964703,0.5529332350643394,0.4452442386977448
cell_00004,2012,0.5528753980274226,0.5952369255168745,0.2919637220691658,-0.2448798363767767,0.7672816466120618,1.0
cell_00004,2013,0.5273151205169251,0.5998669217413879,0.3004563893863197,-0.2519247401103945,0.7665341866152894,0.998065496559744
cell_00004,2014,0.5072337479480509,0.5917750977126406,0.3048643871841096,-0.2494562505035621,0.7524648771334798,0.9616526748540856
cell_00004,2015,0.4957410628127879,0.5727198556250063,0.2948002711436878,-0.2398941193429679,0.7221094591275685,0.8830897272496511
cell_00004,2016,0.524873228992861,0.5812247667994522,0.2912863119438777,-0.2421173307615271,0.741823230345168,0.9341109971577932
cell_00004,2017,0.4854260915001124,0.5713171074977653,0.2918555424175424,-0.2351353574572895,0.7104354178151459,0.8528761062156311
cell_00004,2018,0.4963822299510376,0.5773503342972495,0.3023069721935651,-0.2414166991908174,0.7313125848311604,0.9069083642490662
cell_00004,2019,0.497287308879987,0.5739151426651861,0.2888995439015685,-0.2355196580361802,0.7165639924744653,0.8687374885150356
cell_00004,2020,0.4459418312029711,0.5367432393017687,0.2733856148636858,-0.2117233211908775,0.6409551449622406,0.673054005442002
cell_00004,2021,0.4939746116421276,0.5726603951149234,0.2952300157825491,-0.2395232722879313,0.7211618887684733,0.8806373175856295
cell_00004,2022,0.5036603069710608,0.5792582378417351,0.3015575980595028,-0.2466759090369719,0.7393571135986375,0.9277284330729778
cell_00004,2023,0.5013516771322796,0.5760486144098677,0.2920184247802989,-0.2368993011197697,0.7230833129812271,0.8856101613041073
cell_00004,2024,0.4991568472844279,0.5637098878702457,0.2835878715955713,-0.2298686527566991,0.7043981035266881,0.8372509151534212
cell_00004,2025,0.4788964668408599,0.5372251658754154,0.2613145468929342,-0.2084309035932416,0.6486083532564058,0.6928612965853239
cell_00005,2000,0.575531556281415,0.6644641983547415,0.3391926868629755,-0.2910954346251919,0.8822601379582223,0.7214015240276628
cell_00005,2001,0.5490289072805599,0.6542095691166514,0.3271442497023905,-0.2797300124915596,0.8459998590460194,0.6338328074823273
cell_00005,2002,0.5189111159151844,0.6643178676128777,0.3381528427513188,-0.27833003565335,0.8419158334937988,0.6239698696706175
cell_00005,2003,0.4435794818294161,0.6653745457268148,0.3495300359269897,-0.2820287670204415,0.8117161414276317,0.5510374942550326
cell_00005,2004,0.4077997693179031,0.599839665217185,0.2896311748132678,-0.2284573903697461,0.6778236363486561,0.2276865665582279
cell_00005,2005,0.5024592890841297,0.6001724149736105,0.2869490841531273,-0.2387042502502275,0.7347980970488548,0.3652801137964983
cell_00005,2006,0.5371775993417758,0.6726764845239137,0.3479517911977455,-0.2931191413311705,0.8733314315073119,0.6998386627432958
cell_00005,2007,0.5241845286818869,0.66727564144636,0.3558245688707531,-0.2973317545125341,0.8715397371344188,0.6955117137682028
cell_00005,2008,0.4538158395876039,0.5465855810872451,0.2112621582068464,-0.1762686986924091,0.5835436384947538,0.0
cell_00005,2009,0.4805496742104663,0.6509791952211214,0.3304012388566246,-0.2659729349420365,0.7997886366932209,0.522232523291909
cell_00005,2010,0.5172213829312708,0.6330036399899991,0.3154191690227527,-0.262738676164673,0.7971906229937946,0.5159583099639636
cell_00005,2011,0.5002317032936303,0.7077258087008882,0.387986392459621,-0.3322494028323681,0.926864046784055,0.8291201397129061
cell_00005,2012,0.6352755036070041,0.7060963168208564,0.3783016476709403,-0.3421392778528771,0.9812620133063804,0.9604914433526316
cell_00005,2013,0.6012792827963644,0.7041286982683277,0.3838053939649868,-0.3412707798826665,0.9832745490116748,0.96535172501624
cell_00005,2014,0.5957202731989999,0.7025548086086132,0.3895623165232108,-0.3436980507508023,0.985008248919411,0.96953861712931
cell_00005,2015,0.6217116260050141,0.7104692897405765,0.396131961079825,-0.3582236867192143,0.9976216373818396,1.0
cell_00005,2016,0.6172861642950798,0.7082373823906792,0.3892851257861843,-0.3497256185575113,0.9925809488805104,0.9878267173941216
cell_00005,2017,0.574035625931612,0.6805249584302063,0.3884272864326938,-0.3363451678941132,0.9551435735449944,0.8974153083452556
cell_00005,2018,0.6025893522897892,0.6837685940958074,0.3831155739315147,-0.3377057298432,0.9692152502177258,0.9313984629937804
cell_00005,2019,0.5932265500961067,0.7024283047964746,0.3893852123807844,-0.3409300878618979,0.9815952730867596,0.9612962670362736
cell_00005,2020,0.5444519325854708,0.6790067304233961,0.3772209197902995,-0.3201104749923847,0.9193945452552476,0.8110812640689863
cell_00005,2021,0.5852311714517642,0.6910404014253598,0.3866871270302106,-0.3360430547030192,0.9657117201001448,0.922937423945588
cell_00005,2022,0.5922141501222824,0.702780253068911,0.3942107786200031,-0.3445856853964846,0.9870616583778336,0.9744976090678856
cell_00005,2023,0.6026250788396107,0.6950746413421022,0.3839090951574402,-0.3410584863762566,0.9783177163191188,0.9533809545191876
cell_00005,2024,0.5844729974183369,0.6733898312867564,0.3767802847156647,-0.3302521191323446,0.9446495264855173,0.8720721433191447
cell_00005,2025,0.5783397483704866,0.6637286082997434,0.3762282985213186,-0.3255621003052261,0.9323807632527888,0.84244303173702
cell_00006,2000,0.5331690988898161,0.652736951713511,0.3215167305219383,-0.2742024570030371,0.8288607299745829,0.8377654973624926
cell_00006,2001,0.5292776854705405,0.6359793544122271,0.30428167986577,-0.2540401141569948,0.7918295024130445,0.7469054417710004
cell_00006,2002,0.5171457872582739,0.6190983613218032,0.2922935435050885,-0.2399090850939034,0.7579300794427068,0.6637296018535719
cell_00006,2003,0.3859671879059115,0.5247151061437632,0.1947381771313792,-0.1468184191434481,0.5029387638425176,0.0380812872715201
cell_00006,2004,0.4696743807532311,0.5773266480606236,0.2519115112677151,-0.1993615433357357,0.6532609126308079,0.4069126681065011
cell_00006,2005,0.5347933294673336,0.5905538660881262,0.2588392242810658,-0.2260220046368052,0.7189724947507364,0.5681430241485673
cell_00006,2006,0.3991715687278851,0.5043527229841054,0.1851197136423716,-0.1398486005783054,0.4874182272810142,0.0
cell_00006,2007,0.4700053838216778,0.5166165478049859,0.2111873881275214,-0.1634273461957266,0.5670462010755736,0.1953757032112541
cell_00006,2008,0.4198875062462093,0.5060401845441198,0.1877012040755875,-0.151283277062897,0.5091600487905026,0.0533458716087548
cell_00006,2009,0.4435174166258957,0.5590484223905018,0.2401607350797627,-0.1844476389449322,0.6105492007026982,0.3021149399256906
cell_00006,2010,0.5071112168039825,0.6288855152129885,0.3059593457778077,-0.2498338372603722,0.7741013939303425,0.7034076419858455
cell_00006,2011,0.4961279711543239,0.6291029131505335,0.3048601992382208,-0.2664924782368588,0.7786003867569778,0.7144463994144105
cell_00006,2012,0.602914039138753,0.6437480320709413,0.3172013329107494,-0.2795969643714619,0.8618771739506268,0.918774854400726
cell_00006,2013,0.5430367264233764,0.6199655941616999,0.3053510679046191,-0.2573799532015262,0.7934183738869884,0.7508039069301793
cell_00006,2014,0.549790808265548,0.6359997166685051,0.3237168886881747,-0.2751748772972007,0.8308183988249124,0.842568846111196
cell_00006,2015,0.554991594226012,0.6376518380829113,0.326418602676815,-0.2818467440539469,0.8409440192608508,0.8674131328467313
cell_00006,2016,0.5876008245764281,0.6627045849012323,0.3411151180197264,-0.2996841646683764,0.8949815654329434,1.0
cell_00006,2017,0.5288155216604281,0.6162487109573965,0.314177518443525,-0.2609175267894218,0.7921082462734409,0.7475893694806427
cell_00006,2018,0.5276302026243089,0.6232389086253892,0.3147660013437375,-0.2601378515475748,0.795245282823969,0.7552864223234053
cell_00006,2019,0.5693845170660065,0.6598622940777807,0.3354171673349054,-0.2880189055939537,0.871629336063249,0.9427028214176878
cell_00006,2020,0.5537431480892305,0.6501732872910178,0.3308014287361747,-0.2800387180770449,0.8490952228362156,0.8874129778090528
cell_00006,2021,0.5581763449091711,0.6439976644527499,0.3276384696530036,-0.2791757646808824,0.8452883918520013,0.878072513081592
cell_00006,2022,0.5224075605600522,0.6131203695502296,0.2994133836701521,-0.2473426790380246,0.7674371978460246,0.68705632806606
cell_00006,2023,0.553080678072085,0.6267427361557127,0.3070466841597853,-0.2637383346099507,0.8081372001055692,0.7869181126026581
cell_00006,2024,0.5596112758786299,0.6392912969138376,0.3259329382304103,-0.2791713131238995,0.8422542770409108,0.8706279896736512
cell_00006,2025,0.558420832156393,0.6431747182799927,0.3328953234677567,-0.2823975095862447,0.8507988850662189,0.8915930942977646
cell_00007,2000,0.451303664872788,0.5651654678730702,0.2573038039750871,-0.1913690693081312,0.6348484090768352,0.5475629339946798
cell_00007,2001,0.3890866681617971,0.4194518769042006,0.1193872216427884,-0.0679821943876861,0.3404585412570534,0.1828024033850719
cell_00007,2002,0.4606752019912405,0.4924898245966159,0.1944007510805107,-0.1411082526478064,0.5218003850401655,0.4074920221206792
cell_00007,2003,0.3981679178404331,0.534694804728286,0.213796367570338,-0.1615603503554266,0.5383844259855834,0.4280402958085675
cell_00007,2004,0.4608028488358419,0.6146211265265007,0.2942217586185944,-0.2369587903428354,0.7239738549052089,0.6579928382299608
cell_00007,2005,0.5621979950087246,0.680103257299986,0.3643058782374025,-0.3158771321268472,0.9178468145929296,0.8982089984200913
cell_00007,2006,0.5668829463774129,0.7074137352507069,0.4004025118908496,-0.3481900032515678,0.9803073869255172,0.9756000841763502
cell_00007,2007,0.531965296052407,0.6892646384225853,0.3727904744484191,-0.3132120873884266,0.9105590792086732,0.8891792099786934
cell_00007,2008,0.4976605532689747,0.6731071271568706,0.3511346437897322,-0.300530225108809,0.8591361101542005,0.8254641452696269
cell_00007,2009,0.4761783380111434,0.6782883059729324,0.3627083771803325,-0.2905893491814909,0.8517065981878704,0.8162586901122232
cell_00007,2010,0.500710066916706,0.6580041047760414,0.344875951596285,-0.2855495317332562,0.8379748439450391,0.7992445109187934
cell_00007,2011,0.4414596452531094,0.7010027022644465,0.3837208210007449,-0.3198572934569923,0.879669858208528,0.8509062601466432
cell_00007,2012,0.6266062267878357,0.7308901001375308,0.4159480141659294,-0.3737645973025866,1.0,1.0
cell_00007,2013,0.615225247463256,0.733723163392426,0.4226918545381561,-0.3778286571520612,1.0,1.0
cell_00007,2014,0.5929595306523279,0.7246643684405604,0.4329314473517878,-0.379590412230001,0.9952876487368644,0.9941612129524362
cell_00007,2015,0.6128072302804422,0.7193049317926821,0.4130946458932471,-0.3683491012029565,1.0,1.0
cell_00007,2016,0.5895290673984704,0.6995864403266336,0.3853586001417213,-0.339176322221957,0.973996281539621,0.9677803784020268
cell_00007,2017,0.5908161277342313,0.716811706700036,0.4195287548818427,-0.3658536564842711,0.9941146727824216,0.9927078499861646
cell_00007,2018,0.4514485244265211,0.5260283769408434,0.2190949685329735,-0.15877457886748,0.5645526861760636,0.4604637910290386
cell_00007,2019,0.3952484110913565,0.4355912436097072,0.1176603753051435,-0.0654165259886236,0.3498998834884466,0.194500594723974
cell_00007,2020,0.315754890865378,0.3213567711044586,0.0838249335132154,-0.0264006143846384,0.1929229093734971,0.0
cell_00007,2021,0.4387465897312894,0.459353374768069,0.1411431042819578,-0.0979718133009027,0.4251811683817142,0.2877770434890228
cell_00007,2022,0.4692374601400593,0.5063952834616665,0.1964678167606805,-0.1470372058918413,0.539653792335195,0.4296130902347184
cell_00007,2023,0.5706465467041008,0.6563676600116057,0.3282173061544338,-0.2859305892637845,0.8639365824830975,0.8314121177553415
cell_00007,2024,0.5550653574821052,0.633217560429541,0.3394330066873101,-0.2884148930085897,0.8520165153153745,0.8166426895233122
cell_00007,2025,0.565192544760792,0.6614576807966333,0.3647755043324839,-0.3097473897289924,0.905315945855458,0.8826827632152929
cell_00008,2000,0.4997637977740953,0.6256174206264893,0.29464780099757,-0.2392846738284699,0.7532801841653707,0.7857326739035765
cell_00008,2001,0.4585100690391788,0.5993553686422342,0.2699862536475182,-0.2103661234801796,0.679444835864603,0.4811268454970603
cell_00008,2002,0.44802192447366,0.5825299719449799,0.2626745415795267,-0.2019534545113404,0.6535774200335706,0.3744114874838368
cell_00008,2003,0.3930527328900218,0.6075888252564925,0.2786398773395551,-0.2202280115483821,0.6608715499933017,0.4045032328337478
cell_00008,2004,0.3639258653880935,0.5907177607207807,0.2738454229418066,-0.2063848930882136,0.622902560540899,0.2478631444197929
cell_00008,2005,0.4840009643937824,0.6342559782085633,0.3090267176636337,-0.2577084324980966,0.7718677006428862,0.8624149945664362
cell_00008,2006,0.4432369496953503,0.6341524247162156,0.3085695450466881,-0.2515050859925631,0.7450273012439036,0.7516856178946414
cell_00008,2007,0.4724459234773169,0.6205772989639602,0.296154150574485,-0.2373734462671104,0.7352949653574347,0.7115351167694572
cell_00008,2008,0.4394541654730636,0.6105257233372308,0.2780536365466096,-0.2187945195137521,0.6865314576942081,0.5103625213987627
cell_00008,2009,0.4000928795928011,0.5946028118205732,0.2722996200659701,-0.2048770345000331,0.6427690739259946,0.3298219338950675
cell_00008,2010,0.4416695551094365,0.6011261136216287,0.2741223902801547,-0.2164355356659439,0.6781744783821174,0.4758860184104368
cell_00008,2011,0.3296508384229889,0.558759707481065,0.2533854034147925,-0.1926518333291379,0.5628214330887514,0.0
cell_00008,2012,0.5327898626411841,0.593369497944487,0.2723950786757419,-0.2274068299533947,0.7298563862679026,0.6890983987604484
cell_00008,2013,0.5029953561779463,0.5796207941416853,0.262295308362071,-0.2162305342016721,0.6913370248363485,0.5301877649167052
cell_00008,2014,0.4654850898282781,0.5529287133958091,0.2591164749110051,-0.2045125186619612,0.6458597409085808,0.342572400957597
cell_00008,2015,0.4886108053136709,0.5554651360885661,0.259920858595343,-0.215175318379463,0.6676333052213761,0.432398679935042
cell_00008,2016,0.5173785578962871,0.5870137016805356,0.2827112077454841,-0.2318847176104919,0.728096031481346,0.681836100411639
cell_00008,2017,0.4805270829955753,0.588811674026465,0.2967064843488406,-0.2375552046373231,0.7225199335688859,0.6588320520392809
cell_00008,2018,0.4825761050327061,0.5901137185295035,0.2920965946864067,-0.2318710415622879,0.7173349700498083,0.6374416185364463
cell_00008,2019,0.5141058084767081,0.6316090583304018,0.3255454762533745,-0.2678529283955237,0.8052178070748381,1.0
cell_00008,2020,0.4799379840013966,0.6147996336614265,0.3185889942288779,-0.2538984339702524,0.7629374076189817,0.8255733006208941
cell_00008,2021,0.5046725435294083,0.6132862451001089,0.3179819743990744,-0.2607333508756922,0.7797829581373095,0.8950691855688048
cell_00008,2022,0.4803281624434855,0.5899161647664308,0.2971203348032266,-0.238148131487607,0.723713338972078,0.6637554153040326
cell_00008,2023,0.4789435335173389,0.5875191367119478,0.2955832031905481,-0.2371975303346345,0.7199075187738349,0.6480546020630655
cell_00008,2024,0.504327402155278,0.5963939966632087,0.3053040395822483,-0.2507964301122592,0.7546540449793202,0.7914005013192967
cell_00008,2025,0.5046704835224346,0.5942905622588042,0.2968976270740174,-0.2446511762196645,0.7436725628338702,0.7460966794639403
cell_00009,2000,0.5609696201731225,0.6704383121945118,0.3291170566978834,-0.2851836344301246,0.866612779167053,0.7565447823667499
cell_00009,2001,0.5335334600967568,0.6553448340254728,0.3110094689960804,-0.2616451138574438,0.8147526059415889,0.6404856554648127
cell_00009,2002,0.5421251310056644,0.6523931296784315,0.3166755116784207,-0.2630179260909807,0.8226924738683901,0.6582544765463583
cell_00009,2003,0.4629179462762098,0.6356146432886156,0.3022377417782324,-0.2500741737977637,0.751224755615451,0.4983151538208213
cell_00009,2004,0.479507677053975,0.6302670571751962,0.2963313957668011,-0.2430265051485334,0.7484706041131179,0.4921515720424349
cell_00009,2005,0.5410185655004774,0.6540928356524542,0.3048719917264446,-0.2678189820682027,0.8179923552983702,0.6477359683416029
cell_00009,2006,0.4275988075753021,0.6418118232506045,0.3106481649319416,-0.256693325173661,0.7456675948953284,0.4858786504094813
cell_00009,2007,0.4862530392551458,0.5781669999433642,0.245594260748177,-0.1982800011839292,0.6576581730403188,0.2889202520017158
cell_00009,2008,0.4543453929285513,0.5051042211647411,0.1910524951155166,-0.1493667105296234,0.5285562685445715,0.0
cell_00009,2009,0.4486989723934645,0.5574951356707694,0.2465262641606926,-0.192303113744467,0.62223352895065,0.2096425903945212
cell_00009,2010,0.4702430220986812,0.5948526629957358,0.2691567350392357,-0.2143863243128828,0.6854682272891448,0.3511570401663464
cell_00009,2011,0.4276118224538993,0.603421081395702,0.2693894246347778,-0.2315268046719576,0.678557045965344,0.3356903415339661
cell_00009,2012,0.5911539461643969,0.6001593803143949,0.2625689403754412,-0.2293465843441482,0.7600056591581836,0.5179661487017887
cell_00009,2013,0.5298881260648126,0.5906745747793558,0.2752852512847418,-0.2345432340977652,0.7335679146457872,0.4588004854475323
cell_00009,2014,0.4748612991194553,0.5360162591483364,0.2316656486500758,-0.1855786854987451,0.6096789571844715,0.181546412784861
cell_00009,2015,0.5228918978735042,0.5658118681228632,0.2757278942537399,-0.2336986842134488,0.7156252314963856,0.4186461239967078
cell_00009,2016,0.574049337540817,0.6148126026484196,0.2976154075650395,-0.2597717411535529,0.8037080419600232,0.6157687605338928
cell_00009,2017,0.5392574711318666,0.6298482994877004,0.3320013946805432,-0.2804953509444629,0.8309844761715013,0.6768113476039237
cell_00009,2018,0.5288712025918971,0.6225034622222121,0.3184081983915675,-0.2656837891455596,0.8017769638695377,0.6114471545071091
cell_00009,2019,0.5875593868538853,0.6968398612858031,0.389455538672791,-0.3408864021827437,0.9753989651063224,1.0
cell_00009,2020,0.5568262626244155,0.6709875555523284,0.363512022411537,-0.3109175810093318,0.905949124701596,0.844576534563257
cell_00009,2021,0.5712147909479312,0.6748023327697905,0.3724943378723275,-0.3219194509108866,0.9296020122876184,0.8975098996333819
cell_00009,2022,0.5547551587748283,0.6637514281561335,0.3575764092490517,-0.3069012998233381,0.8939400395533912,0.817701114553913
cell_00009,2023,0.5670448667444663,0.6490229610326737,0.3358622018101632,-0.2937902747645026,0.8684841022391894,0.7607326612031622
cell_00009,2024,0.5447578251414843,0.6215400198045594,0.3134555332110451,-0.2670013520718765,0.8073515732276934,0.6239227066444714
cell_00009,2025,0.5598269287537971,0.6382540498004092,0.3208443910455091,-0.2773795613385694,0.8370342573440899,0.6903502981543945
cell_00010,2000,0.5574629382336449,0.6718063425787253,0.346356756481427,-0.2940647134299002,0.8834650245613183,0.5562992037644687
cell_00010,2001,0.532448638413438,0.6722630320766408,0.3401302669514608,-0.2834338078144507,0.8585544054081999,0.4581403051208481
cell_00010,2002,0.5326495352602031,0.6682011133349696,0.3450508600799248,-0.2847790811699296,0.8607436681573853,0.4667669722855879
cell_00010,2003,0.4531177368190354,0.6407510925885901,0.3112435040840999,-0.2524649655334336,0.7566260718284246,0.0564974192788124
cell_00010,2004,0.4553742902577739,0.6349508549515636,0.309187914884044,-0.2465201166222449,0.7492083370105289,0.0272682509598897
cell_00010,2005,0.5673685500865691,0.6847094315832943,0.3505012579727965,-0.3097008582346943,0.90944972455895,0.6586904577784476
cell_00010,2006,0.5321894635371874,0.6893645371211496,0.3606793802195202,-0.3104210725439016,0.9003954424404175,0.6230125665425515
cell_00010,2007,0.5341747408267631,0.6771288258167908,0.3523322114726052,-0.297051000222663,0.8798676379888379,0.5421239035931033
cell_00010,2008,0.4963828580218673,0.6154188223361866,0.2896073664820542,-0.2393876537113634,0.7422882408804812,0.0
cell_00010,2009,0.4764118652295921,0.6243308247436665,0.3129813826608658,-0.2524544630604597,0.7614301633392361,0.0754276726292353
cell_00010,2010,0.5291118783124159,0.6619666428542322,0.3281820390378153,-0.2765113827982466,0.837994226576458,0.3771240727408093
cell_00010,2011,0.5045452855254033,0.6997434710405083,0.3750041620929858,-0.3230933373271835,0.9095609471281184,0.6591287240787257
cell_00010,2012,0.6329691255048093,0.7054792480640371,0.369185119595472,-0.3330283598942731,0.968438179770505,0.8911311594994223
cell_00010,2013,0.6091431719255236,0.7094369687564804,0.3773966906674599,-0.3392605397402361,0.9801450243129576,0.9372613243024676
cell_00010,2014,0.5962264037727307,0.7179746617266699,0.3980898100503007,-0.3490610882762558,0.9960667520224994,1.0
cell_00010,2015,0.6088847843652782,0.7035195897832635,0.3873551894016793,-0.3456664499463722,0.9885218354788652,0.9702696792187732
cell_00010,2016,0.6221085925933814,0.7048353734899007,0.3752108331796587,-0.3366756379083352,0.9747375736238216,0.9159535679254508
cell_00010,2017,0.5929539619646537,0.7072391502565998,0.4073637810128044,-0.3558587751686664,0.994477424004216,0.99373734201871
cell_00010,2018,0.5776883266458804,0.6894536472585144,0.386989921846714,-0.3325657390163298,0.958582328284046,0.8522947290936049
cell_00010,2019,0.5834650433588129,0.6913419492381446,0.3672774896970893,-0.3188517951308899,0.9398206324580236,0.778365318200643
cell_00010,2020,0.5527852907021852,0.6731200202574832,0.3530401299972723,-0.3007329020988702,0.8907790609454087,0.5851197542168173
cell_00010,2021,0.5711783831525452,0.662140427748884,0.3364996590187234,-0.289230630080696,0.8754496752337088,0.5247151689636499
cell_00010,2022,0.5621944712165415,0.6617181539230349,0.3489082745154261,-0.2996361653722566,0.8859479219037372,0.5660829215869342
cell_00010,2023,0.580169051252544,0.665327475135986,0.3429455852217963,-0.3011082996327018,0.8946108731396243,0.6002187954121186
cell_00010,2024,0.5873886527981454,0.6783702935168157,0.3624275737635269,-0.3174894303099037,0.9304322977451708,0.7413711114389874
cell_00010,2025,0.5909716459207932,0.6824399458380934,0.3662919198208382,-0.3208973515666706,0.9396473548211676,0.7776825273840511
cell_00011,2000,0.4848486326407896,0.6194574744181246,0.2997825074999396,-0.2356055999795279,0.742812458613037,1.0
cell_00011,2001,0.4087366314620363,0.5459241723177886,0.2323596541465518,-0.1702569518956221,0.5692383504487575,0.2775268425375281
cell_00011,2002,0.413156328128923,0.5277717362398351,0.2179640908669179,-0.1578876234331544,0.5431838326910646,0.169079275618465
cell_00011,2003,0.354519328180796,0.5300261209484199,0.2222737136334784,-0.1655532365594332,0.5205003884328978,0.0746632376007951
cell_00011,2004,0.3842479827290286,0.5264138540035987,0.2156976580199265,-0.1586184063980762,0.5255107998845843,0.0955182361945946
cell_00011,2005,0.4477112437375673,0.5868459118204491,0.2662899382153004,-0.2156420114571464,0.667510367771062,0.686567657414451
cell_00011,2006,0.4424358026683008,0.5732253836688042,0.2529445560069117,-0.2011149390676127,0.6379657035626196,0.5635929403752046
cell_00011,2007,0.4357079028986877,0.5422717614764387,0.2269721090456541,-0.1758327496600609,0.5819280186153747,0.3303454611923906
cell_00011,2008,0.3784438263495096,0.5208296951857483,0.1972068678320539,-0.1530587717577141,0.5025625526180234,0.0
cell_00011,2009,0.3783859070782924,0.5279421556255769,0.2091178552261325,-0.15247908533036,0.5144396453076993,0.0494364093109046
cell_00011,2010,0.4187437061215712,0.56119714581018,0.2428417810818426,-0.1864310483582316,0.601393480673847,0.4113671872066199
cell_00011,2011,0.4686145003488678,0.6032086474369721,0.2696699242404453,-0.2267765277864075,0.6978920040423763,0.8130261305009915
cell_00011,2012,0.5632067654010424,0.5919222970912595,0.2560566135663062,-0.2189969015894225,0.7286326594461939,0.940978960603059
cell_00011,2013,0.4633275445310269,0.5537285109510252,0.2354688527192508,-0.1877166146361815,0.6173321515484907,0.477709235535973
cell_00011,2014,0.4746175871157398,0.5537995999382048,0.2394705539925699,-0.190692017260266,0.6283425669097247,0.5235382456062723
cell_00011,2015,0.5016270948322272,0.5631467707427935,0.250392899881305,-0.2092916879696514,0.6684318615685689,0.6904032210276417
cell_00011,2016,0.5243342165771091,0.5578988196579007,0.2329864200054597,-0.1954662197569525,0.6564962056082668,0.6407230519101152
cell_00011,2017,0.4696471542148435,0.5633248399155766,0.2667830651848306,-0.2136224452557224,0.6653969183370574,0.6777707780764485
cell_00011,2018,0.4765065097345338,0.5510697045889229,0.2428131560071596,-0.1950129158085808,0.6330870779459226,0.5432864782498945
cell_00011,2019,0.5156264808034389,0.6002727578227726,0.2797709304088547,-0.2315942205669072,0.7322760409397484,0.9561439259272496
cell_00011,2020,0.4794510620726887,0.5823376398600311,0.2674686568288052,-0.2139298228134903,0.6820449837554593,0.7470655623946885
cell_00011,2021,0.5074921303177589,0.598910876636537,0.276707786341104,-0.2265199269604589,0.7215239492247857,0.911390144774112
cell_00011,2022,0.5013240163398534,0.5990410042582794,0.2864020337299833,-0.2338933144520017,0.7299413018831002,0.9464259655934936
cell_00011,2023,0.5216975879493593,0.5966667646242281,0.2809732580251297,-0.2375938551030455,0.7384479908856035,0.9818336339847556
cell_00011,2024,0.5089606569379248,0.5811296822929226,0.2675358511964047,-0.2230513331178792,0.7036770524579308,0.8371054257314944
cell_00011,2025,0.5202939414488729,0.5901305009001802,0.2710201899798302,-0.227057142404849,0.7200165912860653,0.9051160197854776
cell_00012,2000,0.4212197279245532,0.5399379642469343,0.2485483209299966,-0.1812698974786055,0.5914344375515725,1.0
cell_00012,2001,0.2656037527525292,0.419488276659434,0.1362240299385871,-0.059328568606184,0.2788856947399039,0.3806594107177037
cell_00012,2002,0.2828158520541312,0.3912193888392591,0.1140318838394668,-0.045321608975528,0.2476419307570241,0.3187473677432942
cell_00012,2003,0.209426838089961,0.3006788585578777,0.0535944078334669,-0.0035955844420618,0.0867868361827422,0.0
cell_00012,2004,0.2410998802755588,0.3480751774738478,0.0896950646410587,-0.0217826917128502,0.1679740637851826,0.1608790518021372
cell_00012,2005,0.3449982642561763,0.4613110621866968,0.1772747584393598,-0.1212236888542464,0.4158188440102611,0.6520035108361493
cell_00012,2006,0.2627154101193374,0.3637558441433294,0.1095287073993353,-0.0544820917812939,0.2243193163083973,0.2725317226369557
cell_00012,2007,0.2985374821262338,0.3777369362437665,0.124206219218312,-0.0589241987687265,0.2649589760652029,0.3530624923197456
cell_00012,2008,0.2496203040662966,0.3497557561270372,0.0943046229503184,-0.0343738989746852,0.1852314576838944,0.1950759722906168
cell_00012,2009,0.2512998681710182,0.347485218472454,0.0974938981620785,-0.0378674370367084,0.1894560355413149,0.203447314680755
cell_00012,2010,0.3223004781280923,0.4130494632775369,0.1385111991086584,-0.0779070546125276,0.3203672989138814,0.4628585612961684
cell_00012,2011,0.3354772983910122,0.4516651082973827,0.1673846332191884,-0.1184346335108,0.3964450864489158,0.613612844738074
cell_00012,2012,0.4244260238235992,0.4732756129016319,0.1927560545481662,-0.132872153704199,0.4845865668425216,0.7882723103820731
cell_00012,2013,0.3742692826610931,0.443746202734885,0.1794794528966919,-0.1251309931319267,0.4262063858847655,0.6725872644224712
cell_00012,2014,0.3488719236893496,0.4280176760075092,0.1677392824245401,-0.1107481984922656,0.385694659930146,0.592310005906363
cell_00012,2015,0.3958226844448527,0.4773507136062405,0.2122967043930946,-0.1563220024117719,0.5005808680509385,0.8199663106409333
cell_00012,2016,0.3915387700354616,0.441479813290451,0.163103727601673,-0.1128650090724251,0.4147224348883469,0.6498308875660885
cell_00012,2017,0.36551722829621,0.4359212862980255,0.1819643074201418,-0.1265085031655042,0.419716322873087,0.6597266801373689
cell_00012,2018,0.3448177760224879,0.4307286478006156,0.1705191250887672,-0.111177444369135,0.3872192906820419,0.5953311849385439
cell_00012,2019,0.3785831040574428,0.4521446360204201,0.1732246520451305,-0.1168193113968935,0.4233056693727499,0.6668392602624442
cell_00012,2020,0.3312719072298631,0.4086465079215762,0.147919165396886,-0.08845884692411,0.3364716000666004,0.4947705353331735
cell_00012,2021,0.3478810998266567,0.4261959481058461,0.1493874184537536,-0.0944211093073989,0.3603631678904277,0.5421136075265669
cell_00012,2022,0.3829303410162041,0.4632436947913961,0.1976718256488612,-0.1387096327082622,0.4636351710120308,0.7467554265731315
cell_00012,2023,0.4067469295632155,0.4700388961371743,0.1889123410070254,-0.1406734024348512,0.4756436067174683,0.7705511122612538
cell_00012,2024,0.3714091429647735,0.4336379991405333,0.1598685699944238,-0.1115116182590101,0.3961659235388823,0.6130596608741733
cell_00012,2025,0.3723913576315066,0.4344892020538649,0.1614910906854046,-0.1103458769760401,0.397532197625726,0.6157670433785936
cell_00013,2000,0.5270484940458304,0.6793189142048918,0.3685543963668353,-0.3053502927622187,0.8940957871425038,0.8482541591535666
cell_00013,2001,0.5190850784981849,0.6782555440527409,0.364455083619277,-0.299537863548287,0.8823843657828225,0.8306347343472181
cell_00013,2002,0.5138536413439594,0.6542365728873566,0.3414543298026071,-0.2779679023834643,0.8355961146949399,0.7602434430986946
cell_00013,2003,0.4413740093139519,0.6350329052485512,0.3295892880750316,-0.2631146623141856,0.766979219105595,0.657011717832306
cell_00013,2004,0.4368218927280357,0.6313137607259165,0.3344801971807383,-0.2632800812234357,0.7659474654893466,0.6554594805161122
cell_00013,2005,0.552493495467608,0.7026019020508126,0.3865925235859929,-0.3336919157124353,0.9525993279205504,0.936270694976678
cell_00013,2006,0.4992713269151431,0.6953195180602707,0.3835017896264321,-0.3236514196778118,0.9105274971426146,0.8729750935213961
cell_00013,2007,0.5312491558153984,0.695102437790021,0.3788474044878568,-0.3189509714169027,0.9215020500285598,0.8894859254194698
cell_00013,2008,0.4999478005934811,0.6671369378057418,0.3438538877396743,-0.2809916630295716,0.8388804630004458,0.7651846305284239
cell_00013,2009,0.4738061181875982,0.6883680902118923,0.3812891250385622,-0.3081235216676858,0.8807691378334872,0.8282046802552013
cell_00013,2010,0.4588386629823676,0.6551434680319084,0.3384390953041294,-0.2677369437297991,0.7970329772987587,0.7022265484126174
cell_00013,2011,0.4711785172839213,0.689300495966158,0.3731893305750833,-0.3183694223968806,0.8810467592333747,0.8286223519646995
cell_00013,2012,0.5934095809194235,0.7023229010856274,0.3863900838819271,-0.3412322408026806,0.979743725883648,0.9771084946028556
cell_00013,2013,0.5923597813327666,0.7171794485733939,0.4057114785864826,-0.35757763851484,0.9949594362833872,1.0
cell_00013,2014,0.5799120593963908,0.7135280156402252,0.4106713907131812,-0.3553273289820405,0.9881474279597612,0.989751571158429
cell_00013,2015,0.5693750228591599,0.684238339898434,0.3767827979168736,-0.3260705251931199,0.9396350121773736,0.9167663342857496
cell_00013,2016,0.5823829009573553,0.6755078522643333,0.3677992409007964,-0.3216050900495665,0.9326118553441232,0.9062002398787412
cell_00013,2017,0.5184638927904501,0.6566518905978787,0.3709195869499548,-0.3054929008820636,0.8785138382781611,0.8248116607650425
cell_00013,2018,0.5196559220926772,0.63883048946361,0.3372060522214886,-0.282083031397955,0.8299684907390653,0.7517768792134348
cell_00013,2019,0.5543706111429884,0.6826172123333094,0.3681211484330013,-0.3114586163973192,0.914674245394714,0.8792137315803301
cell_00013,2020,0.5346464746636083,0.6723873989586856,0.3581565663195173,-0.3001202870448529,0.8836133038740633,0.8324836288259719
cell_00013,2021,0.3956380407111939,0.4620118480983027,0.1842081939152372,-0.1253644778953796,0.4515458732428322,0.1824532549306575
cell_00013,2022,0.3575944072589079,0.3840392094280747,0.1396114310912213,-0.0868498901250145,0.3302713724902106,0.0
cell_00013,2023,0.4909275201045357,0.5364946633244742,0.2288350637590807,-0.1866076202521908,0.6174467626984814,0.4320453545824886
cell_00013,2024,0.5018792079820861,0.5664240156698858,0.2594693128412434,-0.2123440067008955,0.6787905105768949,0.5243348828889592
cell_00013,2025,0.5120191762811663,0.5989187601957301,0.3124680098229304,-0.2550652678861205,0.7681414972894575,0.6587603248062748
cell_00014,2000,0.5351461235473868,0.6683014725059852,0.3526978150894566,-0.2921522458103655,0.8724537878992569,0.8654798639222476
cell_00014,2001,0.5395362510515975,0.7014116238740813,0.3891023818079512,-0.3263054385774652,0.941653704503392,0.9384634676282108
cell_00014,2002,0.5157820946827927,0.6729485900546615,0.3702891164292504,-0.3042690708002814,0.8848689678629202,0.8785738764423737
cell_00014,2003,0.4687664551110475,0.7030484299026781,0.3991693240402514,-0.3275542572978462,0.911716343393706,0.9068892027092113
cell_00014,2004,0.4429642561791133,0.6960877233280677,0.3944165184581025,-0.3129026718736757,0.8805782847031014,0.8740485889170221
cell_00014,2005,0.5435640180358918,0.727722013789936,0.4167010593144322,-0.3585505341801359,0.9682559842433288,0.9665202968484172
cell_00014,2006,0.4836707388321796,0.7059191176989764,0.3978527438895408,-0.331881362845731,0.9234498530535854,0.919264272812194
cell_00014,2007,0.5032173877590838,0.6733263872500798,0.3715554308103342,-0.3062114793755366,0.8803903573476404,0.87385038614006
cell_00014,2008,0.4573875551631305,0.6629174611368085,0.3483155624023474,-0.2810112608086555,0.8163719585362144,0.8063316133144838
cell_00014,2009,0.4620426123041681,0.6975053938823433,0.3959787711619617,-0.3174788518296343,0.8959669617359568,0.8902786822645314
cell_00014,2010,0.4570339742287915,0.6879270289757075,0.3753251436997539,-0.2990612537413881,0.8611029039350075,0.8535083405792608
cell_00014,2011,0.4884147074843069,0.7093479890360449,0.4007554612998341,-0.3384627004088438,0.9331713977131544,0.9295173684467256
cell_00014,2012,0.5926510103900541,0.7110187313098459,0.4010878553117638,-0.352935415964233,0.9951188112093748,0.9948519193983004
cell_00014,2013,0.5984268970689406,0.7287722019735458,0.4221037594846917,-0.3727752301121753,0.9982796617114988,0.9981855976993956
cell_00014,2014,0.594418229447179,0.7311740023374358,0.4311268279362713,-0.3771911585666165,0.996085920772742,0.9958719082158708
cell_00014,2015,0.5939841587835158,0.7241650373541796,0.4257781587807955,-0.3728682142422924,0.9958483758637996,0.9956213749154368
cell_00014,2016,0.597980455396982,0.7075058381045861,0.400310402539814,-0.3542764096439729,0.9973768164295496,0.9972333869815344
cell_00014,2017,0.3619497677302176,0.4516663144311494,0.1722335519849237,-0.1101063505930515,0.4087470348481601,0.3764187268393472
cell_00014,2018,0.2394741264570342,0.2272101143825325,-0.0044675034104566,0.0381111414235306,0.0518429744449432,0.0
cell_00014,2019,0.4136165943421194,0.4481921907421194,0.150373408703843,-0.0999251232423242,0.4129733421408803,0.3808761185780691
cell_00014,2020,0.4042981394887067,0.446247722885067,0.1577931110321222,-0.10700291118429,0.4167211238451544,0.3848288200855859
cell_00014,2021,0.5141027324060435,0.6008663398621606,0.2859258391344635,-0.2350795983024922,0.7384132476295842,0.7241103052342186
cell_00014,2022,0.569697784304778,0.6792710371156695,0.3828773555605873,-0.3298092089701005,0.943810619354186,0.9407383174607388
cell_00014,2023,0.587610905295118,0.706130133415195,0.4071617997637216,-0.3569032435769744,0.990935293773732,0.9904396571644224
cell_00014,2024,0.6033213568254012,0.7191876376939415,0.4260564760950139,-0.3777032083495136,1.0,1.0
cell_00014,2025,0.5892577092219369,0.6973833668064362,0.3997188431836772,-0.3508198907538538,0.9869612186067898,0.9862482890051072
cell_00015,2000,0.5714859477678933,0.6946458036443051,0.356546727326004,-0.3067435469901136,0.9194899116017812,0.889064753420366
cell_00015,2001,0.4946233782356095,0.6188896143091391,0.2898284519653088,-0.2361977885980045,0.7412781371797469,0.6435058733814281
cell_00015,2002,0.5058867610240255,0.5978255707245442,0.2734081557981725,-0.2205133332597428,0.7137091356473262,0.6055184106447574
cell_00015,2003,0.4564029743922424,0.5863711894479873,0.2551705558972466,-0.2078893308360461,0.659030960078008,0.5301770837379417
cell_00015,2004,0.4799250186589231,0.6028773773239768,0.2736025173457826,-0.2200907446978656,0.7021703097341383,0.5896190056958084
cell_00015,2005,0.5515429994846875,0.6454465644709934,0.3062663087809965,-0.2674221735438165,0.8196422406586492,0.7514841567913905
cell_00015,2006,0.5086840802867144,0.6241108599779108,0.2899030115565346,-0.2440007209455541,0.7571613472006804,0.6653914265487919
cell_00015,2007,0.5130378664878337,0.6003503193192505,0.2809392209773653,-0.2343331067895625,0.733554370655865,0.6328632575192735
cell_00015,2008,0.456424406665844,0.5673971816962798,0.2387407429372647,-0.184682537707128,0.6214299174625397,0.4783664222769044
cell_00015,2009,0.3851619721177499,0.4518398885402364,0.1733350970446511,-0.1195785119033769,0.4286613646378159,0.2127496857179236
cell_00015,2010,0.3552304842677581,0.3887379412644047,0.0965190753417434,-0.0462539446884885,0.2742605179101012,0.0
cell_00015,2011,0.4469629071311641,0.5303124511367038,0.2376415492011277,-0.1845058709240823,0.5946944689477078,0.4415275163407932
cell_00015,2012,0.5751021744219857,0.6125314046977125,0.2978131234325448,-0.252600401657676,0.7983479314627686,0.7221426234707011
cell_00015,2013,0.547012594924249,0.6116423748395672,0.2920744448943826,-0.2518839940489873,0.7779859105483335,0.6940856947560073
cell_00015,2014,0.5459326298948157,0.6579016926755734,0.3633910885944242,-0.3061839196472677,0.8894387381650252,0.8476570938147203
cell_00015,2015,0.5503996996570176,0.6535818655515899,0.3647617982118329,-0.3114823128850941,0.8939831331133901,0.8539188379536482
cell_00015,2016,0.6039773020497106,0.689914104853574,0.3949271718559562,-0.3492774502907905,0.9863149507043274,0.9811433033018074
cell_00015,2017,0.5599878621708042,0.6902560722179538,0.4125941239413034,-0.3512619419500193,0.9669706888993416,0.9544887498671774
cell_00015,2018,0.5560927016926931,0.6837649951022088,0.4009898430093855,-0.3383617249028827,0.956249267890867,0.9397156511546748
cell_00015,2019,0.6027874260109496,0.7422512994831753,0.4481959349523668,-0.3930013435102676,1.0,1.0
cell_00015,2020,0.5713908848166462,0.7237149991060939,0.43632038167756,-0.3730368476743993,0.9834842203093186,0.9772428259750714
cell_00015,2021,0.5914680474033488,0.7287252018022476,0.4371540316224629,-0.3795297543854278,0.9944714354282344,0.9923821636989556
cell_00015,2022,0.5678415248749668,0.6958822332603178,0.3972084002202475,-0.339781787999012,0.9687585286436332,0.9569522230395936
cell_00015,2023,0.5669018085266796,0.6847257705734278,0.3904567950581017,-0.3339983512123728,0.9534290452724395,0.9358296525449452
cell_00015,2024,0.5587967161024724,0.670346012641,0.3663809722697044,-0.3126176218419397,0.9098155529659128,0.8757344070982815
cell_00015,2025,0.5392692258245009,0.6400809008800649,0.3443338645717397,-0.2890587393600853,0.851057357438068,0.7947712006338354
cell_00016,2000,0.5206584613107114,0.6534179130340033,0.3252135654822822,-0.2665949103032943,0.8198848273338095,0.6421383265825322
cell_00016,2001,0.5039007651896515,0.6413418706159765,0.3226002162111052,-0.2631878341265095,0.7998730447443648,0.6023779338320691
cell_00016,2002,0.5082012975586353,0.6452140265121007,0.3194013187966239,-0.258656946710685,0.7991122744870771,0.600866398111179
cell_00016,2003,0.4368352986475832,0.6180101144797784,0.2935427481101628,-0.2363932860419612,0.7118928117295052,0.4275744847483684
cell_00016,2004,0.4422384976064452,0.6118916628594109,0.2942502341340619,-0.231428031679352,0.708608797468937,0.4210496438845072
cell_00016,2005,0.4801012890368121,0.5758735389231668,0.2606591533433802,-0.2121885072315095,0.6728677895149013,0.3500376534634519
cell_00016,2006,0.4838637788973761,0.5955070490416356,0.2713164550863949,-0.2213967712870547,0.6994931526130075,0.4029382328682457
cell_00016,2007,0.4805852123640847,0.6174990403967158,0.3017252337190558,-0.2395281915642626,0.7433740062268295,0.4901228685254112
cell_00016,2008,0.4660965564380599,0.5956375215628112,0.2641093532795712,-0.2101035487690915,0.6772370531979802,0.358718721194079
cell_00016,2009,0.471561867954417,0.6417331609008343,0.3252811983163121,-0.2607863912651226,0.7826608650767277,0.5681799297003552
cell_00016,2010,0.4750549637016912,0.5854079714123556,0.2658048527249365,-0.2129455936571142,0.6795274046072645,0.3632693038901827
cell_00016,2011,0.3786481145063404,0.5480634787742983,0.2700746226918898,-0.2084051959691255,0.605899734061643,0.2169822310064446
cell_00016,2012,0.4438325994159312,0.4538311253867073,0.201126807303737,-0.1425258859861636,0.4966905202612322,0.0
cell_00016,2013,0.5187145519595054,0.578993823735475,0.2878082016168056,-0.2405135194248442,0.733702022722981,0.4709060965526908
cell_00016,2014,0.5346187351932938,0.6318214776616057,0.3449792625308082,-0.2887776824397971,0.8441719938626284,0.69039326217688
cell_00016,2015,0.5615217651076352,0.6770804470416161,0.3873577212497808,-0.3320255788177094,0.9427341178218512,0.8862213320363619
cell_00016,2016,0.604436750156844,0.7227142285735595,0.4250463006106444,-0.3741949008164433,1.0,1.0
cell_00016,2017,0.5983183317764792,0.7391543628272967,0.468752175516294,-0.4090170813242206,0.9982202494206648,0.99646390411669
cell_00016,2018,0.5969325856004122,0.7273485287682907,0.4448209729937257,-0.3859080038398242,0.997461900661426,0.9949571795470824
cell_00016,2019,0.596197903582959,0.7423306124603354,0.4487740477138181,-0.3907340556599325,0.9970598463703928,0.9941583583302792
cell_00016,2020,0.576386970848409,0.7349344030751686,0.4532213386595547,-0.3875221705333503,0.986218325377529,0.972617891819514
cell_00016,2021,0.6069508786801586,0.7500691039690636,0.4653323123337818,-0.4077043061343303,1.0,1.0
cell_00016,2022,0.5786266552369429,0.7187316940363949,0.4279297663696739,-0.3674152822116929,0.9874439913086104,0.97505310510363
cell_00016,2023,0.5795560438834284,0.7054286874120602,0.4141998260968131,-0.355677738065392,0.9861363025591586,0.9724549248545108
cell_00016,2024,0.5974634079581487,0.7258770884412643,0.4397937161109974,-0.3821301354626224,0.997752392876608,0.9955343437509692
cell_00016,2025,0.5792624252456035,0.7097356640201847,0.4278014940229105,-0.365164832615405,0.9877919160624764,0.9757443790968132
cell_00017,2000,0.4166767444632434,0.5137078917070034,0.2138846103181673,-0.1515081675298929,0.5301448058649745,0.8282218628289175
cell_00017,2001,0.3301807722762406,0.4616673413420663,0.1554417124840877,-0.094618996361284,0.3748157787490032,0.5410207282115908
cell_00017,2002,0.3421333849378109,0.4573238066261887,0.176049575117095,-0.1120851187623053,0.4050508314408047,0.596924905296385
cell_00017,2003,0.2663003918439188,0.3985649678068268,0.1216044884024981,-0.0663971958204805,0.2621114269889572,0.3326320045918361
cell_00017,2004,0.2781051718241737,0.4048349278966399,0.1419802260352162,-0.0796130812300802,0.2951723064157623,0.393761094621711
cell_00017,2005,0.4143271414637965,0.532714794616877,0.2351078676405459,-0.1708607543522816,0.5672620872012323,0.8968511815828729
cell_00017,2006,0.3848301600886119,0.4946749696446788,0.2020235673875055,-0.1449899549892882,0.4894447786279688,0.7529680984909949
cell_00017,2007,0.3252880521165737,0.4323122368841822,0.1538318345885103,-0.0914105287738969,0.3525010930530783,0.499761195659998
cell_00017,2008,0.236227423353533,0.3150463234581563,0.0824999943773708,-0.0237039371117076,0.1431511885337988,0.1126762365488118
cell_00017,2009,0.2024192599254854,0.2869378794367466,0.0639158213480552,-0.0031447903003324,0.082211700166053,0.0
cell_00017,2010,0.3231171766834075,0.4512544422850896,0.1815729509894673,-0.110667547755388,0.39417587641271,0.5768172700335356
cell_00017,2011,0.2696050724843882,0.4883974836521179,0.2265740878864756,-0.1558880905155378,0.44736317435685,0.675159818109768
cell_00017,2012,0.4290853426871087,0.5416343287688167,0.2676236059088613,-0.200709170370758,0.6230487944307925,1.0
cell_00017,2013,0.402213035666879,0.5020874096239384,0.236683001645325,-0.1715368506487371,0.5451162621708764,0.8559038699705604
cell_00017,2014,0.3937380679799459,0.5139698437154828,0.2441562107864663,-0.1787384706880153,0.5571528741923522,0.8781593922879403
cell_00017,2015,0.4158735291397376,0.5300778085018716,0.2532513777051797,-0.1884666211290883,0.5911231228197976,0.9409698928761582
cell_00017,2016,0.4391929757752968,0.5332533648150928,0.2385232260961572,-0.1790960110095177,0.5890750717251798,0.9371830758912728
cell_00017,2017,0.4212708983285489,0.5368111944131323,0.2583408924287005,-0.1912325134528739,0.6032429087267903,0.9633792025102716
cell_00017,2018,0.4242996926610685,0.5274110984022596,0.2517395018240947,-0.186162086777355,0.5916467916356696,0.9419381489766092
cell_00017,2019,0.4018799346060697,0.4928760357327415,0.2107586080699659,-0.1488206990945849,0.5064491115581125,0.7844088652402887
cell_00017,2020,0.3154688452040606,0.4013291815458195,0.1547134222764059,-0.0910412158973086,0.3302275389795842,0.4585777148860421
cell_00017,2021,0.3876065851930786,0.4854692513841475,0.2159664032186877,-0.1552092967457284,0.5024317355458061,0.7769807948381137
cell_00017,2022,0.3484889591145826,0.4602253486216132,0.2010530861980579,-0.1324662736879655,0.4412886678645981,0.6639281430699667
cell_00017,2023,0.3099523427355667,0.4255251049837983,0.1702487523346105,-0.1012414964224809,0.3583949703106242,0.5106588898456353
cell_00017,2024,0.3134845609399468,0.4061698647730566,0.1657162743050762,-0.0997913929338021,0.3453976628827449,0.4866270555544817
cell_00017,2025,0.3300420584053726,0.4239502219877978,0.1812093274247682,-0.1122778225826121,0.3835707592293346,0.5572085610602857
cell_00018,2000,0.4214564529413293,0.5291366711656638,0.2291238389969044,-0.1654595277149452,0.5613653731042483,0.5735293604344494
cell_00018,2001,0.3955313428275448,0.5152491194979297,0.2016426665602683,-0.1419068013735505,0.5044371975499782,0.4650647152340222
cell_00018,2002,0.3585974263739537,0.477671208681005,0.186232111866504,-0.1189879660721882,0.437148803407389,0.3368608561480273
cell_00018,2003,0.2957556975560049,0.395087365404793,0.1133286341143924,-0.061217236154785,0.2670335098183609,0.012742003178456
cell_00018,2004,0.2877496267021671,0.3865916151561439,0.1200220979452552,-0.0578524338312446,0.2603458099460585,0.0
cell_00018,2005,0.4329562876017854,0.5191249606251491,0.2244828477104615,-0.1635943255784659,0.5575823201843308,0.5663215500885492
cell_00018,2006,0.3924063799327257,0.4961576492756328,0.2065762943058458,-0.1468965687648372,0.4988792531423048,0.4544752230826834
cell_00018,2007,0.3549410452905383,0.4458043569331967,0.168555245899872,-0.1075819154964981,0.3973801271451996,0.2610900217787276
cell_00018,2008,0.3228896041388958,0.409273460693584,0.1446078593258536,-0.0854332494364903,0.3278908869752818,0.1286929142499225
cell_00018,2009,0.3001837529840936,0.4292262708579764,0.1651583204623736,-0.0959993325874287,0.3480399091482115,0.1670826311140952
cell_00018,2010,0.4103900133735477,0.5501139792142232,0.2661602704528253,-0.1944085552535601,0.612300552526891,0.6705756140778727
cell_00018,2011,0.3392154380915868,0.5620163909416868,0.276352439256291,-0.2072319806833397,0.5957033813941174,0.6389532010860686
cell_00018,2012,0.5111488676393969,0.6119239537009367,0.3205256986855836,-0.2620071387632062,0.7852004798624636,1.0
cell_00018,2013,0.4829913718255956,0.5747782492843115,0.2901474213309402,-0.2316198928828775,0.7074827024043873,0.8519251482120669
cell_00018,2014,0.4754691356347327,0.5765465175248391,0.2931519477840338,-0.2341462717116195,0.7081457435205211,0.8531884333729656
cell_00018,2015,0.4959965894752142,0.5962770304557982,0.3067944205247552,-0.2484125263656583,0.7494758087802889,0.9319341655322136
cell_00018,2016,0.5092996197080623,0.5862278868046288,0.2885337341431899,-0.2357096063470287,0.7298719277252229,0.894583100220766
cell_00018,2017,0.4772277735944686,0.5716740663382056,0.2867740281172513,-0.2265312500435618,0.6968302217085054,0.8316290904527284
cell_00018,2018,0.4690795266189509,0.5642994741500322,0.2863026593313045,-0.2241097548662218,0.6863090488060019,0.811583212030461
cell_00018,2019,0.4811933927227668,0.5727419753642194,0.2798841810567672,-0.2200349476187031,0.6904246593088114,0.8194246407891401
cell_00018,2020,0.423321441608871,0.5015153564109298,0.2245747754468964,-0.1672927520212225,0.5450357638723098,0.5424167302762012
cell_00018,2021,0.4832630789689541,0.5740917869500707,0.2864328282286218,-0.2280453552301708,0.702256026615262,0.8419668186235014
cell_00018,2022,0.4200316226931181,0.5140110909924801,0.2379999048080027,-0.1723571081607189,0.5629841715630469,0.5766136398580399
cell_00018,2023,0.4146236056796,0.5026890543488134,0.2277969060535624,-0.1670974509877781,0.5430534082608406,0.5386397692904393
cell_00018,2024,0.425991944660046,0.5056813255292629,0.2422985383250463,-0.1834141603996129,0.5720159323494739,0.593821757274363
cell_00018,2025,0.4669881238077589,0.5459813181203407,0.2635633758239797,-0.2069781622217566,0.647572282156323,0.7377784640306985
cell_00019,2000,0.5360284994188379,0.6863608584564503,0.3545826967810542,-0.2963104203744745,0.8871062536381839,0.8059144376104392
cell_00019,2001,0.5177819276388181,0.6769811510790068,0.3696488604487837,-0.3047355263025645,0.8880755552556647,0.807580849219732
cell_00019,2002,0.513233344885048,0.6664347473280784,0.3564238999191004,-0.2907714789236232,0.8611034621585875,0.7612107532111154
cell_00019,2003,0.3196311292929271,0.4965049257711147,0.1845068760649926,-0.1300118289524391,0.4324985208517787,0.0243583255321583
cell_00019,2004,0.3295414965610367,0.4641031465300406,0.1877501245920677,-0.1243371289299126,0.418330013980018,0.0
cell_00019,2005,0.4326116471989406,0.4869020724584744,0.1840224022868819,-0.1344088291683194,0.4915806046369824,0.1259315289038276
cell_00019,2006,0.4151426220825661,0.4713319105373817,0.178763012310157,-0.1241508730468844,0.4627924097743089,0.0764392127201204
cell_00019,2007,0.4404939104160589,0.5243492880189274,0.21852903626462,-0.1622822539878481,0.559575281614601,0.2428271546225712
cell_00019,2008,0.4112238565903945,0.522952960864251,0.198561729569647,-0.1518420663610455,0.5218178039581425,0.1779149560152298
cell_00019,2009,0.4335668785773691,0.5916759791378472,0.2740413346528331,-0.2089956274212986,0.6634332844723793,0.4213785761398066
cell_00019,2010,0.545219217732724,0.6791601125385451,0.3555485371855457,-0.3041802871626955,0.8940689294569131,0.8178845856085689
cell_00019,2011,0.5002148928972612,0.7075336527905504,0.3938999290208866,-0.3293254682533202,0.928926391759994,0.8778111129193376
cell_00019,2012,0.6197074268695654,0.7173638504397982,0.4032053073649131,-0.3594875558164838,1.0,1.0
cell_00019,2013,0.5684615008538298,0.6806863756214098,0.3689482206828788,-0.317356745713789,0.9258382126135926,0.8725019527071494
cell_00019,2014,0.5193495389004483,0.6320198827668944,0.3472743247411698,-0.290445247165687,0.8386489743594997,0.7226072695541189
cell_00019,2015,0.5490899546556841,0.6550783546668705,0.3594660431031815,-0.3065106124645247,0.8870658294552557,0.805844940844404
cell_00019,2016,0.5972906230297468,0.7030772337422175,0.3938874793422404,-0.3465173627633095,0.9905823263981894,0.9838092495260928
cell_00019,2017,0.575232695507084,0.7033806843100575,0.4099903875083536,-0.3520955958304917,0.9826288333210677,0.9701357004892194
cell_00019,2018,0.5772105461746079,0.6984071383210376,0.4052354766901018,-0.3455530808395748,0.9807837593421708,0.9669636716356736
cell_00019,2019,0.5639291030879092,0.6980833634355874,0.3902784362040039,-0.3306173206233987,0.9568582477644256,0.9258312217022449
cell_00019,2020,0.541379047162032,0.6854394625397253,0.392883937115343,-0.3252784880264009,0.9357172697475232,0.8894859081653418
cell_00019,2021,0.5946639746905681,0.7267776524086704,0.4231646788890217,-0.3676680794273596,0.9962204047090008,0.993502165520245
cell_00019,2022,0.5693898094340607,0.7069349923737764,0.4105739193158202,-0.3484589248370973,0.9814124237040486,0.9680444637978745
cell_00019,2023,0.5713693615708085,0.6935350092859508,0.3919376398296385,-0.3341409157939666,0.9619154728992227,0.934525541946273
cell_00019,2024,0.574365494328125,0.6935666430556948,0.400370507923414,-0.3409417366251882,0.9734402971416318,0.9543388802986033
cell_00019,2025,0.5828920243592414,0.6986513732498244,0.4011641445783043,-0.3442876169050057,0.9831815165352978,0.971085866781986
cell_00020,2000,0.4088945703228644,0.5329340986894598,0.2364899003255805,-0.1708447179904565,0.5653674535677707,1.0
cell_00020,2001,0.3828873573301483,0.509228221824858,0.2122795205090279,-0.1488069040572064,0.5062246045383818,0.7864050403562307
cell_00020,2002,0.318927514958871,0.4571787516952786,0.1746738982643519,-0.1062360002956051,0.387390665702475,0.3572351443075502
cell_00020,2003,0.3054599082503363,0.4706847289310249,0.1788630041368486,-0.1218033157946476,0.4009055298319446,0.4060442041634701
cell_00020,2004,0.3369470273281108,0.4871449000046037,0.2022962842863759,-0.1375388779084191,0.4542439746762091,0.598676503096361
cell_00020,2005,0.3836934658897734,0.5202836278540078,0.2238331495102737,-0.1767678555834246,0.5396377124061038,0.9070767960072408
cell_00020,2006,0.3331954030403513,0.4954825907426091,0.21359019635119,-0.1502401104612518,0.4732459796760545,0.667302424195898
cell_00020,2007,0.3084189688687294,0.4500541771603812,0.1760072878939991,-0.110376018228419,0.3813744042839136,0.3355073591907825
cell_00020,2008,0.3013779394666619,0.4448918907908025,0.1753702401859786,-0.1085364914124747,0.3729661293141147,0.305140794469569
cell_00020,2009,0.2461623156908022,0.4050990994384456,0.1550517388758913,-0.0829323505694633,0.2892065305770037,0.002642210014474
cell_00020,2010,0.3136444096108403,0.436517098047701,0.1728710343378592,-0.1031494143242868,0.3696545349408313,0.2931809400133435
cell_00020,2011,0.2612724180813306,0.3909224710331017,0.1465403164558576,-0.0901820980573625,0.2884749223581085,0.0
cell_00020,2012,0.3916048186192499,0.4451840104031265,0.1936790972948461,-0.1312716458137981,0.4505412187325212,0.5853039649223927
cell_00020,2013,0.3675819221430406,0.4494540114250132,0.1969024383634007,-0.1415207561156106,0.44889417840277,0.5793556631659108
cell_00020,2014,0.3395356919109045,0.4324047783469079,0.1852174987834714,-0.1270154116170032,0.4061532808053205,0.4249965065258705
cell_00020,2015,0.3690481679415996,0.4538120971562856,0.2080527245753125,-0.1524869671428979,0.4672709704196533,0.6457236216536334
cell_00020,2016,0.3867852235685948,0.4575649217819879,0.1973883726019033,-0.1445234213599615,0.4662750691207143,0.6421269146764238
cell_00020,2017,0.3653125721127753,0.4437440962709407,0.193513033586073,-0.1398636116441225,0.4409886233384859,0.5508046761466976
cell_00020,2018,0.3585829407659382,0.4508536746484687,0.2052553625248476,-0.146539737636282,0.4539547008497296,0.5976317879311822
cell_00020,2019,0.3620297289909848,0.4660776191043937,0.2127422818453647,-0.151104020018177,0.4726211846013103,0.6650459708635724
cell_00020,2020,0.3274295107350621,0.4331655593346986,0.1869169374733668,-0.1249477611948111,0.3997562839133339,0.4018936916393874
cell_00020,2021,0.3615613945631795,0.4482680781977346,0.1963350605853829,-0.1405734669420679,0.4439070459702335,0.5613445871330935
cell_00020,2022,0.3822690254580563,0.4805627748902261,0.224420162417925,-0.1653804669487863,0.5095023272831285,0.7982425671050646
cell_00020,2023,0.3596440294224016,0.4299044403891209,0.1778670823947534,-0.1277695407989999,0.4111267985729873,0.4429584130675129
cell_00020,2024,0.3534076321300428,0.4295479734165328,0.1837069385201972,-0.1311058005269436,0.4138351929733846,0.4527398051063852
cell_00020,2025,0.3755180209243772,0.4511441643441058,0.1988821698173231,-0.1465565110439096,0.4589370043215026,0.6156254241264483
cell_00021,2000,0.4892741744314542,0.6111988878778637,0.2968654249333275,-0.2351557710998405,0.7382891381584334,0.803607453635873
cell_00021,2001,0.4198888820989123,0.5738859162917221,0.2680968277866238,-0.2005857587577834,0.6362408815081954,0.5841350925727891
cell_00021,2002,0.4405718084200196,0.5547283829949133,0.2514768081671997,-0.1885863304042552,0.6172177441467083,0.5432225575761102
cell_00021,2003,0.3683617613974981,0.5503710905626885,0.2426170753802465,-0.1826917007649665,0.5651260720713204,0.4311904402485808
cell_00021,2004,0.3808770077775378,0.5649144573814143,0.2638503608563771,-0.1971888226121884,0.6046452466599967,0.5161832352158507
cell_00021,2005,0.4659863009730288,0.6116523780093464,0.2995195601550618,-0.2448477985187309,0.7341457672370582,0.7946964204764227
cell_00021,2006,0.4330413227537066,0.6101313148543446,0.3040251618650232,-0.2481094821942844,0.7206054165685994,0.7655755630666377
cell_00021,2007,0.4084968594798457,0.5122469267209978,0.2125935212999926,-0.1537412714934786,0.5254464833047741,0.3458526469489455
cell_00021,2008,0.3268577059556447,0.4277109724566339,0.1625424939158749,-0.1029755944296903,0.3646350740318517,0.0
cell_00021,2009,0.3497727774671711,0.4710966857790097,0.1931408728435314,-0.1306168527481411,0.4412768235915154,0.164831289470399
cell_00021,2010,0.3701663606720094,0.5217614350962615,0.2375215554716073,-0.1706702473860476,0.5385508971873456,0.3740359471792795
cell_00021,2011,0.3902338873750784,0.6049102614303468,0.310893535948054,-0.2515279980710945,0.7013635234342392,0.724192556084012
cell_00021,2012,0.5515790783734629,0.6246750136169434,0.3253169013239494,-0.2796567195240738,0.829605953079833,1.0
cell_00021,2013,0.4983103136681946,0.5917687625201277,0.2987249477611474,-0.2495266606237467,0.743330132347085,0.8144489803116358
cell_00021,2014,0.4680167088291669,0.5656526830690705,0.2916918809076564,-0.2368274318549147,0.6987696909810235,0.7186140724195584
cell_00021,2015,0.5219227092905342,0.6066787452977851,0.3274624806650024,-0.2810996904367964,0.8058131842518876,0.9488295506233412
cell_00021,2016,0.5362386958633396,0.6205152451185082,0.3253235664523143,-0.2769264474444654,0.8170683878751027,0.9730358055317342
cell_00021,2017,0.4711946470794446,0.5900766822469525,0.3222038776810194,-0.2601453937593727,0.7510853804485083,0.8311279777518669
cell_00021,2018,0.4749096548582739,0.5920330756921467,0.3041413356153769,-0.246817603172681,0.7326462293674942,0.7914714058848978
cell_00021,2019,0.5037496246856424,0.6129691158599256,0.3170138368203518,-0.2614855929207607,0.7789276634217392,0.8910076051174289
cell_00021,2020,0.4487405031339952,0.5700245957292129,0.2897743379850534,-0.2277360315571023,0.6832270691072864,0.6851869857478935
cell_00021,2021,0.4867132004478521,0.6007703104478364,0.31576128771618,-0.2598020232063039,0.7608012496228453,0.8520236286671029
cell_00021,2022,0.5003763284980807,0.6118016253302995,0.3341246622377428,-0.2765668986970591,0.7985021731520918,0.9331059614068186
cell_00021,2023,0.4947132848217485,0.6044680700589647,0.3213690664357191,-0.2654978283184293,0.7749782802828651,0.8825137761125664
cell_00021,2024,0.5061723897793886,0.6028960944583149,0.3193359558446066,-0.267603931720376,0.7803613443248285,0.8940909829539608
cell_00021,2025,0.5013783117403305,0.6011042499346532,0.3227040443716293,-0.2681301915304312,0.7794477624390682,0.8921261676785809
cell_00022,2000,0.49140130227672,0.6278084607070246,0.2966980852461715,-0.2383623011786813,0.7507416259068538,0.5151521142010484
cell_00022,2001,0.4417446016121623,0.6115742538312963,0.2853600840825988,-0.2183616006948666,0.6931908193540165,0.4023533438643385
cell_00022,2002,0.4795396486654296,0.6139155650519076,0.2965839230013612,-0.2337096753078832,0.7333106770215323,0.4809876998715785
cell_00022,2003,0.4028687471185055,0.6249611477626459,0.3062980292015478,-0.2385201979055207,0.707526878391546,0.4304518176784833
cell_00022,2004,0.4251635896017018,0.6181759219875824,0.298387864070166,-0.2353340571637409,0.7082780073639326,0.4319240198859658
cell_00022,2005,0.4625715876797325,0.6609168097883342,0.3292397175195581,-0.2736775596130528,0.7998368766548822,0.611378114242694
cell_00022,2006,0.4304252424588672,0.6288028279471949,0.3130346617064183,-0.2410473280869206,0.7311538252261365,0.4767603007282527
cell_00022,2007,0.3808739165479552,0.4885093038787954,0.2077931753737376,-0.1450312045723914,0.4879070260156435,0.0
cell_00022,2008,0.3988912455561018,0.523677323866628,0.2059074794736783,-0.1524079657224924,0.5209904930322673,0.0648431294272849
cell_00022,2009,0.3662267869455672,0.5059400552768354,0.2159082187762038,-0.1532499552526992,0.5007887069925508,0.0252479132978076
cell_00022,2010,0.4616909201531904,0.5685817878498067,0.2593437202212725,-0.203278890007729,0.6518408589650062,0.3213080038469086
cell_00022,2011,0.4870055957896803,0.6702674467849626,0.3672607868548169,-0.308110734918356,0.8680810707531907,0.7451357735700496
cell_00022,2012,0.5851626181312386,0.6807905014141126,0.374485105429108,-0.3238134681901625,0.9432338905549792,0.892434241979788
cell_00022,2013,0.5520840967825884,0.6714638226518626,0.3721010628175831,-0.3167143801121705,0.9135106380501838,0.834177085672686
cell_00022,2014,0.5669946023655764,0.7011552161789126,0.4076273598549924,-0.3481642475875608,0.9768801066116096,0.958380351600107
cell_00022,2015,0.5605204744179626,0.702898532298735,0.4039673068709122,-0.3446661775874789,0.9735595338232068,0.9518720756995516
cell_00022,2016,0.5981255938019288,0.7301909953263002,0.4287374561508511,-0.3757902043063928,0.9981147736803144,1.0
cell_00022,2017,0.5531120203177425,0.6977142342823385,0.4072504626438979,-0.3439687565899734,0.9661485224633044,0.9373465978058422
cell_00022,2018,0.545256642174619,0.6927761147223942,0.405524898607993,-0.3381148334776016,0.9551765153676652,0.9158416184207576
cell_00022,2019,0.5847774385924985,0.7337214582109094,0.4398394275659509,-0.378893801285435,0.9908100037909764,0.9856827538923636
cell_00022,2020,0.5596666317828628,0.7171171170956702,0.4290317202560765,-0.3610895563786361,0.97706812990638,0.9587488746098636
cell_00022,2021,0.5828980544155132,0.723927397857938,0.430512243359135,-0.3696885516996629,0.989781511933402,0.983666924336105
cell_00022,2022,0.5685531574030583,0.7133686581578367,0.4202509300028819,-0.3571079552807693,0.9819312756934004,0.9682805718631492
cell_00022,2023,0.5656656848171685,0.6988421382837547,0.4037088287305372,-0.3433131710816779,0.9732080941928908,0.9511832589735713
cell_00022,2024,0.5666133433498973,0.6864208069661266,0.3877887875225484,-0.3293965744808153,0.9492673831253328,0.9042598024460298
cell_00022,2025,0.5450490046205675,0.656624995258274,0.3540122819186178,-0.2956349684181489,0.8746170506001866,0.7579462020218173
cell_00023,2000,0.5424014104895071,0.6579886319701113,0.3172309345160795,-0.2666625846803311,0.828792116765481,0.8199923832425978
cell_00023,2001,0.5113396673289974,0.6431322306419204,0.3052715001635498,-0.2521684518334626,0.7854387039714723,0.7349021414015114
cell_00023,2002,0.4809576812441649,0.6202607844848873,0.2851837271724414,-0.2287761830671189,0.7263437886287212,0.6189158714857986
cell_00023,2003,0.4426103376301631,0.641875440850489,0.3073530559540476,-0.2498602273190754,0.7470363600404475,0.6595294193535012
cell_00023,2004,0.4989007898629511,0.6502163116313016,0.314075383729084,-0.2587232277254873,0.7931292354747722,0.7499964360216738
cell_00023,2005,0.5148154590011467,0.6615904365350441,0.3270949604216969,-0.2877977041357221,0.8367594867497179,0.8356300319328485
cell_00023,2006,0.4586102450035677,0.6005653333444909,0.2767465966941534,-0.2227794872237688,0.6932174752008256,0.5538984751789316
cell_00023,2007,0.3768435114085526,0.473740878279448,0.1787185808563949,-0.1274883309130418,0.4453801801454013,0.0674653661245721
cell_00023,2008,0.3740451766844129,0.457147987068203,0.1612645132660961,-0.110492639119108,0.4110066279775753,0.0
cell_00023,2009,0.3440734004099374,0.4572740196282649,0.1852846681279056,-0.1250990043415523,0.4212616513978267,0.0201276523963941
cell_00023,2010,0.429304725882117,0.5444829278642067,0.2304525276806833,-0.1721674582184922,0.5796363029716123,0.3309714022977524
cell_00023,2011,0.3522400142097171,0.4739629526754927,0.1928116162960128,-0.1461271736538259,0.4543825135284156,0.085134349379349
cell_00023,2012,0.5659985866255751,0.6069730288882045,0.3045479916697866,-0.2574224163791566,0.798209044294524,0.7599666352083662
cell_00023,2013,0.5485738314992782,0.6537842511986737,0.3503612006875486,-0.300269543812919,0.8755124738196827,0.9116909653019394
cell_00023,2014,0.5345371080093643,0.6549539845362206,0.3522937423398546,-0.2951091223111616,0.8663785831307034,0.8937637730098783
cell_00023,2015,0.5588488943256675,0.6725045040987824,0.3729703146193862,-0.3198573175343807,0.9205058590994604,1.0
cell_00023,2016,0.5549286048765802,0.6666994153017064,0.356371589210288,-0.3040940903042402,0.8929550802609973,0.9459257695486644
cell_00023,2017,0.5156638512665805,0.6403278767515013,0.3414261659992987,-0.2831782929244494,0.8323043201297763,0.8268858251749077
cell_00023,2018,0.5395958053841367,0.6662712102658915,0.3719551427224593,-0.3107150972717494,0.8996619830699631,0.959089484819044
cell_00023,2019,0.5350601821287092,0.6732817947095265,0.3669424841117323,-0.3061428236592553,0.8945183450169778,0.9489940072622686
cell_00023,2020,0.5220700330838536,0.6671469621296353,0.3645929918883979,-0.2993762366733726,0.8778143863305641,0.9162089554582988
cell_00023,2021,0.5286120900059468,0.6514992213202214,0.3396760779002667,-0.2814015854873609,0.8432026405547404,0.8482760840001599
cell_00023,2022,0.5287018312472046,0.6461913764954248,0.3327280066144299,-0.2765650184990731,0.8321931740186168,0.8266676774243905
cell_00023,2023,0.5187827212587391,0.6192465872165545,0.3097048826600463,-0.2570230327897596,0.7825514117196664,0.729235219695961
cell_00023,2024,0.5256133013758687,0.6246632464934426,0.3155524185022673,-0.2623463210639544,0.7969647464898936,0.757524437598194
cell_00023,2025,0.5447633097616514,0.6331675218042018,0.3164832539859748,-0.2673651076486168,0.8161972936081409,0.795272378995276
cell_00024,2000,0.5324521819626044,0.6389187473922683,0.304642972479437,-0.2541954676485476,0.7955619105184426,0.9639219235167604
cell_00024,2001,0.5112884026325182,0.6119989533667548,0.2632463246799781,-0.2183056156372957,0.7159775065663083,0.5319815390048159
cell_00024,2002,0.4776307434070456,0.5978412560162293,0.2601623602122709,-0.2078589318058127,0.6805128542969909,0.3394989070182187
cell_00024,2003,0.4488290101612187,0.61810466068354,0.2901927441368809,-0.2380715462344876,0.7172895022785288,0.5391023303190965
cell_00024,2004,0.4983388796660378,0.6156071085226972,0.2814395777508636,-0.2379234652991107,0.7367689413323435,0.6448260145731399
cell_00024,2005,0.5468434670732446,0.6293281432341535,0.2816070008042931,-0.2518929647202388,0.7804342750001373,0.8818174359784314
cell_00024,2006,0.4719002483704052,0.6237206150931792,0.2915923790685192,-0.243961301233304,0.737969347518584,0.6513411592988213
cell_00024,2007,0.4838356710323629,0.5943898068420707,0.2632451223716961,-0.2139509547780425,0.6882215697383363,0.3813375757331405
cell_00024,2008,0.4669327151769442,0.5615289920358615,0.2295135260887698,-0.1854381405894566,0.6179606616188857,0.0
cell_00024,2009,0.4542015769844335,0.5848545257246216,0.2597638221341807,-0.2084013587017981,0.6605371793790265,0.2310819273529486
cell_00024,2010,0.4503593601024285,0.5901721497435937,0.2571182620491751,-0.2058679547276941,0.6578509152642976,0.2165023628026572
cell_00024,2011,0.4609726735059131,0.5540915630107431,0.2289557140266366,-0.1975613039431553,0.6182829527819756,0.0017492192188004
cell_00024,2012,0.6005360064643517,0.5931386711865586,0.2549776784665221,-0.2221990660731795,0.7511289375473457,0.7227641780659352
cell_00024,2013,0.5266331523462624,0.590090040407506,0.2609368301176953,-0.2265914506919301,0.716097151095461,0.5326309037215265
cell_00024,2014,0.5151164133353394,0.6156060906135344,0.2937467783537004,-0.2444467807474935,0.7589288105043503,0.765097599652145
cell_00024,2015,0.5184666029105575,0.583381950240348,0.2629754632421406,-0.2235816122213313,0.7072993544781405,0.4848813012236695
cell_00024,2016,0.5476661875193816,0.5743203450078349,0.243041028668505,-0.2098266242961439,0.6950697329412107,0.4185056400793809
cell_00024,2017,0.4940206746437855,0.5712539027242307,0.2606223058368033,-0.2154286414922362,0.6800546071562306,0.3370117935091374
cell_00024,2018,0.49253830585668,0.5678740306343198,0.2603077526044132,-0.2118218504405387,0.6747237541050171,0.3080788543606237
cell_00024,2019,0.5201511171541483,0.590656138800449,0.267592955614386,-0.224370050297034,0.716034074089615,0.5322885564172055
cell_00024,2020,0.5039457550627882,0.5908093216034905,0.2705100064757798,-0.223487764217506,0.7087008683517224,0.4924879478955209
cell_00024,2021,0.5235749585685351,0.5968929301359572,0.2722147234621778,-0.2287697418748446,0.7275640867389792,0.5948671252054991
cell_00024,2022,0.5174534505094806,0.5953981841660058,0.2717471248859306,-0.2288135916370567,0.7230831975178709,0.5705473223671811
cell_00024,2023,0.5440602014569127,0.5872337458237301,0.2737612150576112,-0.2390296543113285,0.7413443707415,0.6696589295684817
cell_00024,2024,0.5337591429427019,0.6042216671276534,0.2884392718918275,-0.2476425977764906,0.7612129782044978,0.7774948059601156
cell_00024,2025,0.547219375457481,0.6249139829574846,0.3048412996434786,-0.2635021243449441,0.8022092450016547,1.0
cell_00025,2000,0.5100589478370529,0.6357139756631308,0.300238674126685,-0.2494815200640083,0.7752825617292313,0.9663327808721726
cell_00025,2001,0.4990991621514938,0.6073684474541604,0.2597322908666356,-0.2160746814421628,0.702773449547388,0.6968412241079265
cell_00025,2002,0.4592103542117398,0.5944473621970706,0.2621894697796177,-0.2059421541742146,0.6686749520478299,0.5701087776888859
cell_00025,2003,0.4056949830072384,0.6057675789692812,0.2749203665959664,-0.2233106462246583,0.6662374232497457,0.5610493172888469
cell_00025,2004,0.4737590439676908,0.6018874343245597,0.2696702749092449,-0.2251248893427748,0.6988649721142236,0.6823147510020381
cell_00025,2005,0.5249878903951325,0.6092327789226538,0.2563463056847659,-0.2271607591790493,0.7230364580154264,0.7721518924151598
cell_00025,2006,0.4092774481917777,0.6135198159863905,0.2804253271270939,-0.2280714524696629,0.6795586491878864,0.6105597554676329
cell_00025,2007,0.4145496532666765,0.5162663328288966,0.1935911604687261,-0.1501228886405604,0.5152820895268717,0.0
cell_00025,2008,0.4266299141358268,0.5239243473891357,0.1908344075512033,-0.1577853573773504,0.5293649084245435,0.0523410185859766
cell_00025,2009,0.411824702051531,0.5428747233724117,0.2189683445810605,-0.1707765495353838,0.5602083058001578,0.1669753717664025
cell_00025,2010,0.4305054811752793,0.5653601511807387,0.2351202314356579,-0.1872224602801108,0.6052787060474637,0.3344866260232927
cell_00025,2011,0.4447610777115519,0.5868994338252573,0.2420437412524276,-0.2044075932837184,0.641439181196981,0.468882737741489
cell_00025,2012,0.6025845259069526,0.6141856303776059,0.2686755271485123,-0.239118543751468,0.7843410279680304,1.0
cell_00025,2013,0.5099809492974579,0.5778615043108035,0.2446453722016509,-0.2098316110094268,0.6775459926485772,0.6030793998586724
cell_00025,2014,0.4889018624817262,0.5895309645301933,0.2640628461030129,-0.2160903274708935,0.6902907449537885,0.650447282817887
cell_00025,2015,0.488279719337449,0.5517639100396446,0.2383762598481842,-0.2007911201825443,0.6406829594621786,0.4660721203385374
cell_00025,2016,0.5328328275328039,0.557611827431359,0.225833067672954,-0.1910156616925563,0.6530019431632579,0.511857567097718
cell_00025,2017,0.4832811889956757,0.5528176204732954,0.244383991550372,-0.2010644651211261,0.6429207995127703,0.4743894059992816
cell_00025,2018,0.4979661631998281,0.5818267032331661,0.2676129149722985,-0.2209870078886046,0.6967201335612945,0.6743431200822269
cell_00025,2019,0.5296943031321519,0.6161099088736902,0.2913416512904681,-0.2478657254989543,0.7677946739890544,0.9385028645588204
cell_00025,2020,0.5054571497280852,0.602668639394938,0.2858683721934772,-0.2403274136395728,0.7381611141544396,0.8283650635019137
cell_00025,2021,0.5116268498103561,0.5964472498447638,0.2802185816776987,-0.2349282537377828,0.7305011556132321,0.7998956189051766
cell_00025,2022,0.5072248586523788,0.5814054103193789,0.2584302282351659,-0.2164740925263907,0.6921055242456283,0.6571921964132281
cell_00025,2023,0.5308655710002066,0.5990681943322385,0.2795838830623246,-0.2423550795525823,0.747020588411855,0.8612926975316336
cell_00025,2024,0.5264310838859517,0.6107192788889607,0.2955135139473983,-0.2520817013977356,0.768746494423321,0.9420404553921936
cell_00025,2025,0.542174732233724,0.611977634245076,0.2946453554159505,-0.2542391996425495,0.77890124617837,0.9797821926259844
cell_00026,2000,0.5281094393099321,0.576902517547906,0.2490974317598822,-0.2055550841147699,0.6871825893573443,0.863224042307249
cell_00026,2001,0.3588938146847891,0.3519776145400135,0.0643845923519821,-0.0289607733326502,0.2217127861420905,0.0
cell_00026,2002,0.300649065763506,0.3979443564006668,0.1292232374879227,-0.0762848535997886,0.2925151067134939,0.1313044690465489
cell_00026,2003,0.3069289499816567,0.4312262979261001,0.1580840571250708,-0.107509243998269,0.3556058890336029,0.2483077198922453
cell_00026,2004,0.3402293698957179,0.4147181950506625,0.1438032017860925,-0.0876155115117488,0.3413135339523694,0.2218022313684117
cell_00026,2005,0.45685291901493,0.5225162384155619,0.214701941306577,-0.1622927411686995,0.564835696565376,0.6363290243488563
cell_00026,2006,0.4555665139860984,0.5115651487090166,0.2185248439531814,-0.1716942905828946,0.5669990066643927,0.640340930761556
cell_00026,2007,0.4800527211001619,0.5345425597270448,0.2326949575492526,-0.1869952443706882,0.6133673884767569,0.7263321201079569
cell_00026,2008,0.4536873756018995,0.4489942532408844,0.1689735441462823,-0.1280034398673082,0.467167192643091,0.4552006242259643
cell_00026,2009,0.3617411798288973,0.4083845603810377,0.1211664333578463,-0.083645452621773,0.3310603844612964,0.2027875389245034
cell_00026,2010,0.3190164576839511,0.4043098997769247,0.1133135466460855,-0.0673015768479461,0.2889679275047034,0.1247261467703252
cell_00026,2011,0.3634749359126262,0.4954921353525566,0.1917870625686802,-0.1570790332654875,0.4791491787842565,0.4774214824646743
cell_00026,2012,0.5848761286976399,0.5846638734238815,0.2731734132446151,-0.2376829254033426,0.760935259569885,1.0
cell_00026,2013,0.4576584240914712,0.5068557563081068,0.230173965753322,-0.1799857838238361,0.579221696132178,0.6630081786417984
cell_00026,2014,0.4967152372941923,0.520433721450149,0.2332616893898682,-0.1896908846854162,0.6168238453483821,0.7327421958038989
cell_00026,2015,0.4955598674975173,0.5156602634634668,0.2222795784406381,-0.1823632396347188,0.6009402865130806,0.7032857847342138
cell_00026,2016,0.440125526476159,0.4056957468034567,0.1394371832641358,-0.1064880836769213,0.4005384623178232,0.3316361705752955
cell_00026,2017,0.4518448147707812,0.466862496134746,0.1998923260919745,-0.1581263909350195,0.5179236642668286,0.5493296231548902
cell_00026,2018,0.4754870261918613,0.5022523791160791,0.2248941878248164,-0.173162100825448,0.5781486762185847,0.661018239485939
cell_00026,2019,0.4851771358023902,0.4968016665002335,0.2116003203366866,-0.1691092416632577,0.5683988810390426,0.6429370287426934
cell_00026,2020,0.4487239531613292,0.4865733739572299,0.2015576738915362,-0.1557559307730265,0.5267796553050667,0.5657532543547199
cell_00026,2021,0.5008328843455919,0.5106659558310191,0.2105305051530226,-0.1690080103715525,0.5838779591090271,0.671643321289414
cell_00026,2022,0.5284179052692325,0.5793623175018143,0.2861582499133786,-0.2356225509557226,0.7347875081087816,0.9515084167488717
cell_00026,2023,0.4329847925994836,0.466339642931372,0.1967876816082445,-0.146954053011292,0.4976563392504883,0.5117434207707379
cell_00026,2024,0.4522122453795596,0.4726772029885702,0.2086508549209706,-0.156721298114089,0.5265519627244535,0.5653309934293439
cell_00026,2025,0.3862103534102181,0.4237879075727173,0.1817938726057696,-0.1247257806635034,0.4229644662966376,0.3732256908270276
cell_00027,2000,0.415457657881586,0.4932944180238818,0.2193817973031816,-0.1589115319700543,0.5269037822374298,1.0
cell_00027,2001,0.337041150903959,0.4287534943305625,0.1625244473379891,-0.1005290843322528,0.3691378348017933,0.4627940110828897
cell_00027,2002,0.3194368388275675,0.3948598849583412,0.1434479319301462,-0.0824264577420696,0.3151422015900524,0.2789344519815653
cell_00027,2003,0.271030305551248,0.3691779617707138,0.1212279047603664,-0.0631908523730741,0.2459091509145194,0.0431902368424179
cell_00027,2004,0.2945471212993263,0.3883423671034738,0.1423935992302809,-0.0769524596133928,0.293484704532196,0.2051888984350263
cell_00027,2005,0.3211971072967846,0.41192554901025,0.1586835421632481,-0.0996625860692294,0.3478202350312758,0.3902058356736679
cell_00027,2006,0.3019913900764915,0.4196765322227765,0.1655800325807288,-0.1090062556240901,0.352712859598059,0.4068656235526156
cell_00027,2007,0.3067385935633541,0.3911679807423068,0.1468302107575983,-0.0865887672199337,0.3112892277332408,0.2658147600286192
cell_00027,2008,0.279649417933158,0.3617892307828407,0.1154742763409601,-0.0577328061681624,0.2388268942840381,0.0190745722216057
cell_00027,2009,0.290095028206194,0.3461374566560605,0.1129137785574514,-0.0565340765409093,0.2332250990312762,0.0
cell_00027,2010,0.329953913662104,0.4055438844442902,0.1505875432360472,-0.0875843425268998,0.3353020162044053,0.3475802739876565
cell_00027,2011,0.2826218592584618,0.3978157388204299,0.1624809458794021,-0.1069666138120331,0.3263939552187477,0.3172475958088851
cell_00027,2012,0.3501138189839975,0.428407560807471,0.1787358320734834,-0.119450252651783,0.4001128751474139,0.5682665636272535
cell_00027,2013,0.3200268278670561,0.3586928265578366,0.12528621389351,-0.0711316343949686,0.2750357954620708,0.1423688501131172
cell_00027,2014,0.3157008791770073,0.3651711300217389,0.1366653779858484,-0.0860701002079431,0.2942451690710407,0.2077783425531439
cell_00027,2015,0.3800231170118949,0.4254793117478743,0.1796950941444259,-0.1294632386942023,0.4222259717976792,0.643563471148262
cell_00027,2016,0.3340911530508867,0.3608660392650103,0.1272495051476299,-0.0790142372692178,0.2905967492785345,0.1953551739640056
cell_00027,2017,0.3448017780505956,0.370316956366034,0.1402489988138782,-0.0916215464649683,0.3192639875371378,0.2929694711463443
cell_00027,2018,0.3341567358473907,0.3816360505917465,0.1558994514628392,-0.1017726953945332,0.3374951505945707,0.3550480764383571
cell_00027,2019,0.3324452011399777,0.3845370295763542,0.1473170832857895,-0.0888317529783587,0.3235040565279103,0.3074072537749054
cell_00027,2020,0.3309130321255611,0.368208441368015,0.1536170111560546,-0.0936950371948543,0.3212288697256967,0.2996600561323155
cell_00027,2021,0.349750858102252,0.3838714399361965,0.1493244670674058,-0.0979681635023839,0.3401271304275547,0.3640101836102163
cell_00027,2022,0.3529447327794954,0.4232539092500019,0.1795407520398286,-0.1193006006496681,0.3992524143836491,0.5653366241629009
cell_00027,2023,0.3671623350994933,0.4097797413760188,0.1682055789834446,-0.1190319396334133,0.3914129371056801,0.5386425611400634
cell_00027,2024,0.3744788440935145,0.4205367802311553,0.1763294382163863,-0.1273393849052149,0.4126599725280013,0.6109904591569119
cell_00027,2025,0.3289043477917462,0.3757463572537126,0.1499379090559896,-0.0978734343625609,0.3245558234300441,0.3109886063288304
cell_00028,2000,0.5061117226347072,0.6268167133904492,0.288568899123991,-0.2330672448784566,0.7490056679097777,0.6712319986944839
cell_00028,2001,0.4730714520151285,0.6288116728004578,0.2989449383391264,-0.2361554664182219,0.7413635961091032,0.6608454249645308
cell_00028,2002,0.4666388267853348,0.5943936592132835,0.2639094570263424,-0.2057705117890212,0.673798554781768,0.5690157089375558
cell_00028,2003,0.4063521856481196,0.6191669827179588,0.2854533836366115,-0.2216485827279092,0.6803211572443602,0.5778807776199657
cell_00028,2004,0.3049253411186285,0.3537830258782542,0.1169947461889352,-0.0665071297916368,0.2551370195661353,0.0
cell_00028,2005,0.4153786719223784,0.5036701349927687,0.1924151824222052,-0.1441919734288357,0.5039198837764549,0.3381284067026582
cell_00028,2006,0.3763350848296316,0.5006882042699818,0.2001079127040638,-0.1499104537105878,0.490102933397234,0.3193493664659236
cell_00028,2007,0.4175515251637094,0.4789601592792319,0.1710319884692538,-0.1197941205468094,0.4600360689653375,0.2784845705838917
cell_00028,2008,0.3742316896389022,0.4989706702253016,0.1789580162378264,-0.1231163468418203,0.4552527993242325,0.2719834823851133
cell_00028,2009,0.3746355050912798,0.5287091075519396,0.2236562838682678,-0.1569586117480811,0.5259857350039386,0.3681187806046943
cell_00028,2010,0.4018010387868321,0.5983449812972725,0.2767099284336899,-0.204487185201402,0.6486139358895465,0.5347865224279841
cell_00028,2011,0.4294749336289361,0.6802096447968697,0.3700109921271978,-0.3000921966650837,0.838692520880943,0.7931281461384595
cell_00028,2012,0.5791930150675858,0.6804612704371584,0.3631831599210003,-0.3125178820364646,0.9243115479797224,0.9094955869115008
cell_00028,2013,0.5645617110663576,0.6946807130263106,0.384851949643258,-0.3304091444463539,0.9513721781298295,0.9462745177517308
cell_00028,2014,0.5609729612370951,0.7069805413988873,0.4052192416133944,-0.3430489679991531,0.9749992476496682,0.97838679122826
cell_00028,2015,0.5668086839976844,0.7057863371909561,0.409616904675865,-0.3506832040163645,0.9793596649894118,0.9843131679195408
cell_00028,2016,0.5849445922104329,0.713358663312776,0.4063396859840979,-0.3533788477955647,0.9909014785075964,1.0
cell_00028,2017,0.5140612377892524,0.6742288054913409,0.3982004883574159,-0.3249685631681451,0.91803077567345,0.9009591969976574
cell_00028,2018,0.5407019437292931,0.6820462072540802,0.3824280511792898,-0.3186510659827457,0.9217018611686956,0.9059486816766632
cell_00028,2019,0.5704383781990415,0.7281848613659344,0.4276438873420373,-0.3645495308501073,0.982962961637202,0.98921051870076
cell_00028,2020,0.5435757838960653,0.7128866062031991,0.4157146313584257,-0.3464387121853182,0.968262423103214,0.969230566753723
cell_00028,2021,0.5749704689504098,0.7260533295204575,0.4281155300198697,-0.3655673236090123,0.9854431455680086,0.9925814126066368
cell_00028,2022,0.5616722998804053,0.7106895042244128,0.4127853279437327,-0.3494392955739849,0.9781657305633294,0.9826904550913076
cell_00028,2023,0.5591433965477917,0.6979923208932749,0.394636176588731,-0.3345221294040243,0.9598524091985388,0.9578002594013204
cell_00028,2024,0.5682473600444615,0.704500498002005,0.4079041235076295,-0.3473145481050295,0.9794302763582136,0.9844091379924952
cell_00028,2025,0.5630511822808248,0.7028137985947278,0.4093208831501219,-0.3459381004305112,0.9756465358310448,0.97926654041091
cell_00029,2000,0.5350505141820462,0.6410231391786978,0.3071351722654397,-0.2578968000446318,0.8023793022674224,0.4904256930585432
cell_00029,2001,0.4999004883797022,0.6298621167406213,0.2975774395475911,-0.2406193860388823,0.7586643601468215,0.3185167976387655
cell_00029,2002,0.4768665483000608,0.602169645748064,0.2762309259406318,-0.2159661694360372,0.6991783823708808,0.0845883458015099
cell_00029,2003,0.4553547445499875,0.6235689692167983,0.301320416207755,-0.2394757687604546,0.7326316021816343,0.2161430451085805
cell_00029,2004,0.4736277376618504,0.6082792357029427,0.2865418354728265,-0.2268114424932925,0.7152883808045758,0.1479408724572808
cell_00029,2005,0.526428259397435,0.6390506310710984,0.3051843086021912,-0.2585529382215347,0.7956360106407816,0.463907716394382
cell_00029,2006,0.4503211293209881,0.632272085930302,0.3106803651709539,-0.2500519514727987,0.7483594797993884,0.2779928826562644
cell_00029,2007,0.4556999967337398,0.6198099520515815,0.3015177409545343,-0.2391923637130807,0.7306735641676235,0.2084430657456914
cell_00029,2008,0.4594117849200302,0.6198250913817821,0.299542622466219,-0.2365946585758126,0.7295916777265612,0.2041885501491807
cell_00029,2009,0.4790081846817048,0.6316914622849747,0.3112043006597418,-0.2504829785844163,0.764390045062284,0.341033038575866
cell_00029,2010,0.5151578589143734,0.6193064140319561,0.297394263211261,-0.2432138865275301,0.762739944367916,0.3345440219161246
cell_00029,2011,0.388166738487723,0.6162039287010347,0.2908690108798488,-0.229355799867732,0.6776682991854766,0.0
cell_00029,2012,0.5849605144743687,0.6537846552418203,0.3254726331102234,-0.284740912242537,0.8676132541985478,0.7469580382097417
cell_00029,2013,0.5466208213796807,0.6458808842406683,0.3260087414441381,-0.2765468464561759,0.8371134348366828,0.6270175784343165
cell_00029,2014,0.5364671903939104,0.6458794206456667,0.3319406576595329,-0.2768610682548051,0.8359163532864642,0.6223100583726923
cell_00029,2015,0.5793338090659919,0.6715459740941019,0.3504987167844327,-0.3046546517736533,0.9052790969852448,0.8950788663387724
cell_00029,2016,0.5723634759036386,0.6367910086165192,0.3186260196447472,-0.275862469821593,0.8405113839123148,0.6403800042765615
cell_00029,2017,0.5716274176594994,0.6716543126341125,0.3559307601594156,-0.3062169370899208,0.905968672834612,0.8977906215607251
cell_00029,2018,0.571201080208138,0.6697985112752433,0.3545112252621962,-0.3044505201872338,0.9025248123414712,0.884247649189348
cell_00029,2019,0.5595960331936124,0.660537374848202,0.3463552376625101,-0.2947645351072018,0.8788188949665228,0.7910241911873434
cell_00029,2020,0.5337055991773831,0.6504004406510802,0.3406250954401696,-0.2833657825222635,0.847357079312051,0.6673006835102714
cell_00029,2021,0.5532046339989101,0.6589624018305384,0.3548922389272027,-0.3013246681117694,0.8848093896144955,0.8145817957041243
cell_00029,2022,0.5795689684119681,0.6846305633045123,0.366079152505237,-0.3171351573776163,0.9319596318931592,1.0
cell_00029,2023,0.5612498310339241,0.6535370694944906,0.34709449028923,-0.2976762778305263,0.8782894352812799,0.788942092361539
cell_00029,2024,0.5563548725569698,0.6458753718291277,0.3394855102909711,-0.2891617295483425,0.8603143677026593,0.7182551861771133
cell_00029,2025,0.5419798041408572,0.6302568062795467,0.3386464593767239,-0.2839656160224006,0.8396749721099086,0.6370908170537798
cell_00030,2000,0.5654757444113945,0.6726111072986336,0.3380260533609939,-0.2931822976418038,0.8818795884723379,1.0
cell_00030,2001,0.4907270010635168,0.6320146821082953,0.2937989715440011,-0.2415049852538766,0.7527937766766541,0.6961573414219749
cell_00030,2002,0.464107297423709,0.6176112207252957,0.2882044974839052,-0.2279952784219719,0.717235857022908,0.6124609793601354
cell_00030,2003,0.439296232965154,0.6285174919402869,0.2958095686943471,-0.2429101377028888,0.7250467417106187,0.6308462684662441
cell_00030,2004,0.4612012366586693,0.627182392901125,0.302191397702109,-0.2471650389688301,0.743604454231545,0.6745274804526531
cell_00030,2005,0.5064742760594569,0.5905486002164441,0.2633443062711725,-0.2248653087451107,0.7058489274008648,0.5856583825350198
cell_00030,2006,0.4398901001610474,0.537864487424324,0.2258122030413479,-0.1825880252110379,0.5854731736792038,0.302317490686935
cell_00030,2007,0.4303170529205081,0.4787057843341386,0.1611303576573635,-0.1154374858240559,0.4570353207194104,0.0
cell_00030,2008,0.4361107956977654,0.5352938081163213,0.2009793756060705,-0.157157343312019,0.5475670386955261,0.2130938907448442
cell_00030,2009,0.4374569748559766,0.5751250965981812,0.2553328178822899,-0.1987653614300714,0.6363970287944682,0.4221822481534985
cell_00030,2010,0.4482437957540972,0.5926716355024146,0.2678268069637686,-0.208945103769662,0.667638782396103,0.4957192026871623
cell_00030,2011,0.3988442605716212,0.6156574721767951,0.2904192223649828,-0.2380546856196785,0.6887185071027406,0.545336736232176
cell_00030,2012,0.608049224688812,0.6527089301234362,0.3261803181199945,-0.2882362786281275,0.8789396205023666,0.9930798925791766
cell_00030,2013,0.5428741294912668,0.6366601453115702,0.3201103249819071,-0.2777404186276149,0.8265965859133385,0.869874665247573
cell_00030,2014,0.5396455336619482,0.6601875369459029,0.350321399318854,-0.2953711943729448,0.8708869670747973,0.9741255273239712
cell_00030,2015,0.5578860848868845,0.6539282840376577,0.3439275776218752,-0.299287518387449,0.8755303236205627,0.9850550770395056
cell_00030,2016,0.5775390493204029,0.6531783163330751,0.3332725262258175,-0.2929970124884245,0.8742001742409293,0.9819241665374788
cell_00030,2017,0.5109775282949709,0.6225860323233734,0.3304954848630946,-0.2732621571814942,0.8055624130846769,0.8203643518804776
cell_00030,2018,0.5169110272630189,0.6291307463785148,0.3297805378664886,-0.2732743742561302,0.8119654407233335,0.8354358218864714
cell_00030,2019,0.5459438074989948,0.6502843467756741,0.3360777085004489,-0.2871184232910896,0.8533218412487708,0.9327806695507184
cell_00030,2020,0.5254591530083733,0.640449502881536,0.3323325945905876,-0.2793684544693037,0.8288192193100071,0.8751063079114236
cell_00030,2021,0.5215831977953517,0.6341476870178395,0.3232102184017771,-0.269717765378074,0.8103400878956493,0.8316100604226743
cell_00030,2022,0.5108994440203222,0.6128823965181177,0.2971754117152836,-0.2461373767194757,0.7586338398638914,0.7099037036316532
cell_00030,2023,0.5272907629297794,0.6156422000056209,0.3057379074223319,-0.2590892023359304,0.783807040310535,0.7691564754291613
cell_00030,2024,0.5431748176213569,0.6333067674517271,0.3274704076929255,-0.2799327998834048,0.8315093658730326,0.881438384785743
cell_00030,2025,0.5564154737855292,0.6477019447652963,0.3290518645844268,-0.2847410637639056,0.8511056658642766,0.9275642277796762
cell_00031,2000,0.3071408436262522,0.6596042398330302,0.3864651927925936,-0.2746844660320399,0.7547540670674129,0.7753441409631957
cell_00031,2001,0.2622367291784443,0.6278515227887252,0.3494843399371702,-0.2281639079395666,0.65545314787924,0.4076696492712363
cell_00031,2002,0.2826123636433764,0.6630191555778548,0.3813212093654539,-0.2569783711966679,0.7277767760551632,0.675457233155636
cell_00031,2003,0.2234442713584498,0.63296174093551,0.3577702617575417,-0.2441593534394222,0.6535821551230185,0.400742056694782
cell_00031,2004,0.2613805870922702,0.643729723482602,0.3701012132631641,-0.2614462625642779,0.7005492667609793,0.5746438598090425
cell_00031,2005,0.3017357345052593,0.6959937234009529,0.4198228743854633,-0.3070924763323037,0.8029256675473644,0.953705719740644
cell_00031,2006,0.298496057589975,0.7002803019980227,0.4312810764362119,-0.3248401585060995,0.8154287502653257,1.0
cell_00031,2007,0.2897927600751484,0.6392214377804984,0.367129484118955,-0.25543372014912,0.7074790377697104,0.6003022329037436
cell_00031,2008,0.2157536264990999,0.5811662261574638,0.3142401666114686,-0.1774186811323664,0.5453504026181684,0.0
cell_00031,2009,0.2295562569778093,0.5831038550509045,0.324849452801053,-0.204509833436062,0.5795505650530743,0.1266305230791275
cell_00031,2010,0.2340413939756131,0.6098181013538604,0.3373914964187256,-0.214877009171554,0.6126127921131448,0.249047693311761
cell_00031,2011,0.2660877150660385,0.6710942436476193,0.3912738826696759,-0.2815322039023873,0.746642505895853,0.7453100369995667
cell_00031,2012,0.3529923404398508,0.6616899761662043,0.3706332915694844,-0.2789857373605081,0.7728139748868553,0.8422132845904987
cell_00031,2013,0.3225698228470943,0.6449427117159491,0.3731578275359897,-0.2768728756722032,0.747181650403269,0.7473062892430836
cell_00031,2014,0.2898812316163875,0.615587488575864,0.3421146630330579,-0.2324732896949398,0.6614764226514529,0.429971602851321
cell_00031,2015,0.2654441781590714,0.5835421923800336,0.3272330365267341,-0.2259712379127435,0.6154760822215778,0.2596493951267238
cell_00031,2016,0.3070398359732226,0.6295894786413626,0.3532376428349478,-0.245698831534904,0.6953102964324992,0.5552458948328775
cell_00031,2017,0.2923953184574455,0.5942767849157223,0.3320753905623986,-0.2266789467260591,0.64006995278294,0.3507113805676772
cell_00031,2018,0.2982922156477564,0.603920429352218,0.3441091133525183,-0.232452566544807,0.6609577208438329,0.4280510423467903
cell_00031,2019,0.3314451814535226,0.6787555919996267,0.3918555943490283,-0.2817296658090699,0.787218841645277,0.8955491661371411
cell_00031,2020,0.282045597611643,0.6321001217836968,0.3646337757395717,-0.233589638562042,0.6828938208923028,0.5092722888464476
cell_00031,2021,0.3194410129388497,0.6584829616064379,0.387117923190108,-0.2729103526627999,0.7601287495778419,0.7952445978389567
cell_00031,2022,0.3261617090338472,0.647638805226688,0.387014918024763,-0.2836652577444367,0.7648934848722202,0.8128866462885538
cell_00031,2023,0.3274136365140072,0.6197598665401193,0.3468490645133367,-0.2551597364569556,0.7028482405149276,0.5831561073623035
cell_00031,2024,0.3194706578162334,0.6442249008662205,0.3760442412269093,-0.2786762767615375,0.7483126668197178,0.7514940237516136
cell_00031,2025,0.3298627253011991,0.6275137387454147,0.3640925682141233,-0.2722584321475251,0.7320256425496456,0.6911892106780745
cell_00032,2000,0.4034886701855329,0.5316256734543552,0.2229223493659199,-0.1562274381920365,0.5423980942261107,0.787811082572188
cell_00032,2001,0.4122433842517162,0.5207271490742559,0.2159675130423522,-0.1517614639218513,0.5332578628342965,0.7625595384967344
cell_00032,2002,0.3510101952761481,0.4636459666793516,0.1752374732664655,-0.1093249062967599,0.4110156997757554,0.4248434308809001
cell_00032,2003,0.2743254787941755,0.3976043802930086,0.1150227120016271,-0.0602353731628381,0.2572363011005528,0.0
cell_00032,2004,0.2845019920996215,0.4130365667084684,0.1408222550469875,-0.0723307381344335,0.2975568717864728,0.111392876632729
cell_00032,2005,0.3442125134652127,0.4652428608948076,0.1780339795773237,-0.1229748065976213,0.4192843239097436,0.4476870021005253
cell_00032,2006,0.3148715149464816,0.4695538902628633,0.1920974658384183,-0.1245618977043683,0.4165318739465539,0.4400828607411269
cell_00032,2007,0.3214418566105282,0.4363999365797057,0.1567834656500097,-0.0932139810085948,0.3559474601283022,0.2727074486495675
cell_00032,2008,0.3735178099454482,0.4803777942307757,0.196101747748783,-0.1316525979958156,0.4622094699231679,0.5662754896385993
cell_00032,2009,0.2954857000329734,0.4144477328433221,0.1385029742556147,-0.0771588666601661,0.305965435397051,0.1346230559927318
cell_00032,2010,0.3512559338823396,0.4556558195706647,0.1727412437843517,-0.1089167515880961,0.4046769398852415,0.407331459039314
cell_00032,2011,0.2970280312011167,0.4812705479606281,0.1958599492486362,-0.1385326197446401,0.4252869130315382,0.4642702413291932
cell_00032,2012,0.4731768212686894,0.5415583042157145,0.2423278441052432,-0.1854268551910228,0.619203528312577,1.0
cell_00032,2013,0.4148102732852486,0.4810089822227893,0.2034813628921598,-0.1453213172027973,0.4994759845011599,0.6692309833307477
cell_00032,2014,0.4010486779130009,0.4946649389316754,0.2172975740449427,-0.1539523317026739,0.5150028126600856,0.712126657280342
cell_00032,2015,0.431522773405402,0.517500487857735,0.2346321160511044,-0.1756173993773035,0.5710452069561444,0.8669539181009235
cell_00032,2016,0.4440339008427451,0.5129305597430335,0.231146979598511,-0.1726213171025641,0.5708999247951675,0.8665525498276246
cell_00032,2017,0.3785416422985768,0.4744571432840278,0.2163122171251972,-0.1487304191918459,0.4872356181394703,0.6354147551159217
cell_00032,2018,0.4018974643321036,0.4983778302465457,0.22927180637982,-0.1599765740133809,0.5299485511495894,0.7534169658108135
cell_00032,2019,0.4113888037768705,0.5167161416230455,0.2399343618251092,-0.1711643361547463,0.5603165727942234,0.8373141237898308
cell_00032,2020,0.3466313837653977,0.4728092037522804,0.2116372341621067,-0.1381678197894172,0.4585092596109061,0.5560529887211493
cell_00032,2021,0.4371121881415795,0.5266522518639013,0.2460354171888294,-0.1840774547785055,0.5928487840786245,0.9271902474791868
cell_00032,2022,0.4174484943424745,0.5196993490087923,0.2433315771177678,-0.1774607029483777,0.5718892140414762,0.869285640483175
cell_00032,2023,0.4312631028408256,0.517193604018228,0.2390697803745278,-0.1803395721148227,0.5769992858287648,0.8834031389833787
cell_00032,2024,0.4437597603672148,0.5208495157305358,0.2459305602971619,-0.1875968538112602,0.5955361310866939,0.9346145301380564
cell_00032,2025,0.4447558420144045,0.5247837891270861,0.2466118424252506,-0.1861815782637943,0.5978028407465993,0.940876725965464
cell_00033,2000,0.5116074481268403,0.5835894860598312,0.2720835084348781,-0.2186168408030743,0.7067079489672856,0.4540027521085172
cell_00033,2001,0.4981498369454826,0.5786769804944291,0.2562763330440531,-0.2009968245865758,0.6737455307170184,0.3466348900738399
cell_00033,2002,0.4533600182832041,0.5463651012130435,0.242002788580156,-0.1821315453768044,0.6086035380047609,0.1344491082816647
cell_00033,2003,0.3981719879310215,0.543404210641973,0.2332063021308668,-0.1772482083248397,0.5673270549252678,0.0
cell_00033,2004,0.443608501799002,0.5727470481852021,0.2659012986054366,-0.2006200391513321,0.6470736567432774,0.2597570990308329
cell_00033,2005,0.4758131752943622,0.6171308823743064,0.312460928960332,-0.2473711879501339,0.7533207281631735,0.6058336768834734
cell_00033,2006,0.4887227484690024,0.6270566310084127,0.3115442054923164,-0.2582893612050557,0.7725891776677052,0.6685964333146684
cell_00033,2007,0.4903930214904305,0.6157532641936159,0.302260789293523,-0.2445298829887246,0.7514928697862113,0.5998798283355133
cell_00033,2008,0.4833676006831326,0.5653906984713089,0.2593709868439646,-0.2023864534971535,0.6613461090913899,0.3062464883400115
cell_00033,2009,0.4576938819115725,0.5846735227196097,0.2822266318350127,-0.2171872161999872,0.6839464195603974,0.3798620525244624
cell_00033,2010,0.4668929807167876,0.5782864778928982,0.2662337983573942,-0.206223362336004,0.6668891568540041,0.3243017530632894
cell_00033,2011,0.4441367187264773,0.6069989776486335,0.3064248599379338,-0.2490117677619672,0.7272145552668867,0.5207985332692991
cell_00033,2012,0.5951276862599474,0.6450374433519473,0.3319310531208407,-0.2869979677729388,0.8743315684324955,1.0
cell_00033,2013,0.5486112921270477,0.6343754258106581,0.3313938003633889,-0.2755799579755519,0.8349094794223051,0.8715911744754778
cell_00033,2014,0.5376709988558154,0.6296060151885021,0.3290290305175418,-0.2731214872192913,0.822963091429878,0.8326784306335349
cell_00033,2015,0.5501204243478541,0.6277388054755165,0.33096636756784,-0.2780621849303522,0.83339969981054,0.8666733978782631
cell_00033,2016,0.5440470411338219,0.5966519120201552,0.2877493850364455,-0.2385168708768974,0.7560290799919875,0.6146555401123678
cell_00033,2017,0.5058572230998949,0.5596428161429573,0.2691198786836609,-0.2179234997110401,0.6876760368714625,0.3920104645085662
cell_00033,2018,0.4821015505273575,0.5269535842860542,0.2525383521391389,-0.1981207901187367,0.631592165103163,0.2093295288845393
cell_00033,2019,0.5440865091267955,0.6077362432872605,0.3041641426840707,-0.2512940446251581,0.7822699877326311,0.700129552988813
cell_00033,2020,0.5206762087004785,0.5759249357976297,0.2655955678109454,-0.2152454864384678,0.7006019035723965,0.4341136458372982
cell_00033,2021,0.5431927061211953,0.5980679548433508,0.2858955837729726,-0.2357312349593874,0.7531882254237277,0.6054020782143459
cell_00033,2022,0.5218361286074679,0.5976867393494978,0.2918173099487283,-0.2356509451837101,0.745377313545644,0.5799597425664049
cell_00033,2023,0.5239957371241912,0.5770475925664039,0.2789973532934423,-0.2287361484275721,0.7214554206752275,0.502039413001435
cell_00033,2024,0.5385819292572215,0.5878474107301106,0.2851675811629818,-0.2355322945860185,0.7443256976077104,0.5765343338454716
cell_00033,2025,0.5351289651508644,0.5991953944379842,0.3013758438368747,-0.2487046416532183,0.7689225416278662,0.6566531690350941
cell_00034,2000,0.5040256540252636,0.5754951156281943,0.2823755340496062,-0.2233474738033563,0.7084156568223607,0.4314382709857235
cell_00034,2001,0.4427111756577171,0.5262241650213868,0.2245081012109838,-0.1623115321969681,0.5660361432167769,0.0022150466057901
cell_00034,2002,0.3910450806368841,0.5405648545443061,0.2489035807023147,-0.180601125787953,0.5750714114950852,0.0294531434734082
cell_00034,2003,0.362060428583644,0.5621383328856846,0.2681368562021794,-0.1966684601898581,0.5954507502618118,0.0908895487164889
cell_00034,2004,0.4121785615667815,0.5938034066236949,0.3006282839173401,-0.2235225135752578,0.6812435870664058,0.3495242153861539
cell_00034,2005,0.438152817533734,0.6174784926676534,0.3164910560540425,-0.247987376895541,0.7361369674439446,0.5150080910231428
cell_00034,2006,0.4803863858775399,0.6380897500958157,0.3391474348239544,-0.2803548030557792,0.8082660354962269,0.7324513901109833
cell_00034,2007,0.4755703354451888,0.6283782766451175,0.3186260482133397,-0.2538553573962047,0.768112772801525,0.611403688466647
cell_00034,2008,0.4385582679705612,0.5259808779782491,0.2404007693174534,-0.1800480946712123,0.58662533849614,0.0642840940508977
cell_00034,2009,0.4200120713336104,0.5464134981087533,0.2547500904246628,-0.1890631033131413,0.6039411225174578,0.1164849792912101
cell_00034,2010,0.4011404561123217,0.5368991889455489,0.237369935921036,-0.1728628022393358,0.5653013804163676,0.0
cell_00034,2011,0.3911490137559814,0.5707271679574354,0.2674726885421199,-0.2108509066070153,0.6251909541452586,0.1805456086460897
cell_00034,2012,0.5710933549864556,0.6486046093313664,0.351212811752044,-0.2990590888779772,0.8847342843476005,0.9629757647453584
cell_00034,2013,0.5535329023284046,0.6580435992957296,0.3623745548623236,-0.3027409414366485,0.8906599543878041,0.9808395369753542
cell_00034,2014,0.5414087325038744,0.6607781569816409,0.3708584422220446,-0.3109996845716162,0.8970157554045078,1.0
cell_00034,2015,0.5508541620323012,0.6525569067798965,0.3646182669321599,-0.3058762823680911,0.8898054230386482,0.9782634311035888
cell_00034,2016,0.5301464479620329,0.6101156075569398,0.3132883755789025,-0.2579624670818496,0.7868169005003988,0.6677899325042848
cell_00034,2017,0.5191749610602844,0.5977046564180877,0.3047033696458932,-0.2493652122445543,0.7621311076728743,0.5933711111058843
cell_00034,2018,0.4914592369156996,0.5663825251849525,0.2961484032304806,-0.235501828051567,0.7142352540684525,0.4489822717433023
cell_00034,2019,0.5400317761880828,0.6414796212174741,0.3544895555208647,-0.2935294566587726,0.8623533190323094,0.8955051725646869
cell_00034,2020,0.4950228709829782,0.607426738433111,0.3213933097315725,-0.2557124409086078,0.7702598824721713,0.6178764548962689
cell_00034,2021,0.5273660182802908,0.6172304439727662,0.3113424733338918,-0.2533836956233666,0.7848329879532707,0.6618091469347749
cell_00034,2022,0.5325436309673525,0.6416889069367723,0.3594306600876189,-0.2957597054895893,0.8633225221908624,0.8984269728592554
cell_00034,2023,0.520921640666057,0.607163630700161,0.325853574417881,-0.2657687731555136,0.7941419832188569,0.6898724326031123
cell_00034,2024,0.5591197338330972,0.6418642445055935,0.3596636344315764,-0.3026102915110471,0.8827152587576323,0.9568891259313476
cell_00034,2025,0.5370796142391704,0.6180759791485597,0.3287693976411646,-0.271684125803523,0.815068500681529,0.752958385581244
cell_00035,2000,0.5369265562582446,0.6928934439191733,0.3644797310829711,-0.3076257795309369,0.9057412275960792,0.6735320837458316
cell_00035,2001,0.5429726710091085,0.679873551432112,0.3415637278350367,-0.2870914594843134,0.8720082185935737,0.556696855817773
cell_00035,2002,0.5170586354797067,0.6596408893668108,0.3457603990591589,-0.2829460940066574,0.8467089583884364,0.4690721546753717
cell_00035,2003,0.4660065319466943,0.652626224199174,0.3279950843248015,-0.2645118993082698,0.7900860905974152,0.2729572553548599
cell_00035,2004,0.4668328910168015,0.6421415356899934,0.3244703569060319,-0.2612101561902576,0.780017129566333,0.2380831248858627
cell_00035,2005,0.4843406037864956,0.6909546171142494,0.3769674068030935,-0.3211047837878381,0.8936467884556791,0.6316426527281087
cell_00035,2006,0.443173159097415,0.663172154289722,0.3484824196419579,-0.2862479072748893,0.8123591399909244,0.3501005900141031
cell_00035,2007,0.5021093473245092,0.6490185463405465,0.3283778986988367,-0.2679433958430255,0.8103985781208837,0.3433101286907077
cell_00035,2008,0.4416530271049362,0.6025532176814521,0.2983581131406658,-0.2393710896974919,0.7112770728424764,0.0
cell_00035,2009,0.5184792492778882,0.6824054462265121,0.3645752239346728,-0.3023951174765081,0.8863636351410724,0.6064172458430049
cell_00035,2010,0.5353631406910745,0.6734853795683257,0.3537056756774174,-0.2936945124928094,0.8771999967326423,0.5746787258070447
cell_00035,2011,0.4789874350288807,0.6996229234074957,0.3778266711854207,-0.3120791940032477,0.8901049470003626,0.6193753849701029
cell_00035,2012,0.5610856489169779,0.6693912031966956,0.3580313857965163,-0.3093729104394882,0.90252158856503,0.6623807731701644
cell_00035,2013,0.5810050134429829,0.691690591402588,0.3813026088287877,-0.3313085176502067,0.9568234458170384,0.8504567870378893
cell_00035,2014,0.5896658880308554,0.7055666883365527,0.3967684568648309,-0.3470289048432889,0.9898127448273508,0.9647161544358712
cell_00035,2015,0.6155370900634396,0.7214601475330689,0.3998878035758376,-0.3556929460103782,1.0,1.0
cell_00035,2016,0.5724451347470348,0.6520909342027789,0.3435987402260598,-0.2971721105670786,0.8808267807015093,0.5872401943560538
cell_00035,2017,0.6085337031626321,0.7213811644041597,0.4128498570813148,-0.3648039487102016,1.0,1.0
cell_00035,2018,0.6117618720124168,0.7383031295523196,0.434055986038629,-0.3815419532601459,1.0,1.0
cell_00035,2019,0.5905360990132976,0.7052207663921258,0.3902786445885677,-0.3382408308171066,0.980503255698211,0.9324724763158422
cell_00035,2020,0.5990709160122654,0.7214180815227961,0.4104601789068101,-0.3574182117392431,0.9986321006898858,0.9952622421655908
cell_00035,2021,0.5897684544067471,0.7005360056955463,0.3970100381278323,-0.3440072568479508,0.9860432460207912,0.9516603890220526
cell_00035,2022,0.6098497386564607,0.733701642584807,0.4191622665037099,-0.3694121667587183,1.0,1.0
cell_00035,2023,0.579523321058148,0.678217902684055,0.3810578623811044,-0.3282196691896497,0.9462631456425952,0.8138808895904318
cell_00035,2024,0.5883132864530106,0.6778387044128427,0.374706813296117,-0.3245467171674511,0.9439590193424368,0.8059004831750407
cell_00035,2025,0.5673011247202444,0.6684766840704736,0.3832698783123223,-0.3261581953603175,0.9343117626810072,0.7724869376821114
cell_00036,2000,0.5730378583495982,0.6716654433510293,0.3311107240922719,-0.2853524121666427,0.8754088660964099,0.8130130274307016
cell_00036,2001,0.5007626713638459,0.6423000390844859,0.3000536752448257,-0.2461167784414917,0.7714831317203017,0.6570407857937741
cell_00036,2002,0.5189685513135747,0.6529642063162548,0.3217176605422761,-0.2648938656726452,0.8151221768157657,0.7225344744099332
cell_00036,2003,0.4691653087829815,0.6486400591627517,0.311306499026217,-0.2561649215914184,0.7723274236158175,0.658307903128379
cell_00036,2004,0.4866347833300551,0.6510207603704489,0.3177377335176925,-0.2651470402851249,0.7937295909807843,0.6904283787722824
cell_00036,2005,0.5612022674637205,0.6492940264219792,0.3055456074499943,-0.2705096461234552,0.828636459646839,0.7428167750348159
cell_00036,2006,0.3875348846967066,0.5472607770730703,0.2417732640015287,-0.1888411296285874,0.5774132644154512,0.365779796208914
cell_00036,2007,0.3748939958295515,0.4007158288526747,0.1427280529696935,-0.0893742711357102,0.3529048659637167,0.0288365127859036
cell_00036,2008,0.3457538082046933,0.4241754688220793,0.1287963255282224,-0.0795249574582402,0.3336908331546149,0.0
cell_00036,2009,0.3899113827036787,0.4887853348864638,0.2105723335862081,-0.1512901667527799,0.4991428901443156,0.2483112423216794
cell_00036,2010,0.4379191621814659,0.5262114235374555,0.2250210832155773,-0.1739713261935781,0.5715747804752039,0.3570173714506156
cell_00036,2011,0.4747172185826148,0.6784307648078094,0.378580964633361,-0.3115312123699883,0.8761166231356365,0.814075232596777
cell_00036,2012,0.6355611894998854,0.7251363575870462,0.4221544885373575,-0.380556165603436,1.0,1.0
cell_00036,2013,0.5968155615780579,0.7308597763108838,0.436463759268117,-0.3854916609711713,0.9973978593357588,0.9960946947847636
cell_00036,2014,0.5811859984544245,0.7315677887979736,0.4513878009147596,-0.3892854001885554,0.9888445903410767,0.9832579075690372
cell_00036,2015,0.5874299936015593,0.7147724785340349,0.4259186242276019,-0.3725547221794348,0.9922616129201774,0.98838619147856
cell_00036,2016,0.6087940710908405,0.7312669112130392,0.4318399983753198,-0.3827433479504921,1.0,1.0
cell_00036,2017,0.5489104691903818,0.6853400014415699,0.4063372611908477,-0.3435589117412359,0.9566775564868012,0.934981468560147
cell_00036,2018,0.5536522892624985,0.7035868561362382,0.4220007658681837,-0.3545017794976463,0.9709338854193608,0.9563774355405442
cell_00036,2019,0.5774165383247085,0.7293374578022014,0.4378356036231633,-0.3754990993873879,0.9867817555580982,0.980161995212398
cell_00036,2020,0.5355401131805121,0.6842820336258099,0.3924827507316036,-0.3252103870460068,0.931550513581776,0.8972706818033205
cell_00036,2021,0.4810825168185966,0.5993990902299091,0.309535987668641,-0.2477110256228491,0.7445023764871408,0.6165479386656155
cell_00036,2022,0.5275463530148644,0.6440406758977121,0.3442289343650667,-0.2859134552552384,0.8446691278187364,0.7668786804830082
cell_00036,2023,0.5212607790993686,0.5980299301086559,0.2875284982013092,-0.2367191666523338,0.7429688309019504,0.6142463860808735
cell_00036,2024,0.5369992230272578,0.6301126046246971,0.3240550160612849,-0.2716261017675719,0.8183965530106178,0.7274486739403921
cell_00036,2025,0.5490206809012872,0.6410795571397605,0.3293364709560026,-0.2801411904659293,0.8404859540896836,0.7606005532453809
cell_00037,2000,0.4007782564660871,0.5680101692159139,0.2684473023425551,-0.1928163041946579,0.6175490642108582,0.9745917906717282
cell_00037,2001,0.328010726809438,0.5000326553115388,0.1994954862957212,-0.1261152021224209,0.4469264562578499,0.5449710158621273
cell_00037,2002,0.3139459424962174,0.4489111873537005,0.1618224515073113,-0.0938995489746544,0.3628032082555129,0.3331521049929534
cell_00037,2003,0.2445181197737768,0.4044977763516642,0.1239254955522963,-0.0677587296974075,0.2560335647617275,0.0643104930034199
cell_00037,2004,0.2484380013201858,0.396867092848665,0.1332641118025877,-0.0693293704648998,0.2615105778023934,0.0781013886789873
cell_00037,2005,0.3273262773959795,0.5219522858442958,0.2131237768745542,-0.1442543536795741,0.4804524942280462,0.6293882134530745
cell_00037,2006,0.3634671269212911,0.5148768384458969,0.2375581481562746,-0.1678963545477138,0.5292151472501381,0.752170586929001
cell_00037,2007,0.3073392410042783,0.4382992583015325,0.1632803749771811,-0.0966062791134359,0.3561056001769428,0.3162878007450732
cell_00037,2008,0.2262695372694395,0.3950750328301836,0.1286455747131985,-0.0661599172510933,0.2430262214070303,0.0315585324203383
cell_00037,2009,0.2441505692157114,0.3709399940370998,0.1213851501600058,-0.0605055468522343,0.2304928444838263,0.0
cell_00037,2010,0.2818457501006052,0.4190193815239791,0.1465597663113276,-0.0793014716291145,0.3081205398096499,0.1954633738909274
cell_00037,2011,0.299592065197884,0.5132041470246044,0.2414601969679881,-0.1738711971050705,0.5000587511164555,0.6787559694413919
cell_00037,2012,0.4192777786274305,0.504767716824088,0.2142284375849157,-0.1554820303075913,0.5294872096011459,0.7528556288436615
cell_00037,2013,0.3665837827476718,0.4608985013169229,0.1949656662601969,-0.1313738369309088,0.4465759429904785,0.5440884377365448
cell_00037,2014,0.3218909522045733,0.4273290409585812,0.1655297726981258,-0.1058929823830141,0.3657479365516556,0.3405668108597225
cell_00037,2015,0.420667831446252,0.5326992713735085,0.2519039084042314,-0.1906964083657534,0.595758723075415,0.9197245995398652
cell_00037,2016,0.4563323713191256,0.5381837838081078,0.2578946452115701,-0.198334596235512,0.6276398586816958,1.0
cell_00037,2017,0.3613208664731955,0.4572425133487328,0.1945510630583638,-0.1359776904897294,0.4444514752967843,0.5387391146452332
cell_00037,2018,0.3548259484894955,0.4516695770587549,0.1923369737054978,-0.1312377192157425,0.4330672950898722,0.5100742127325116
cell_00037,2019,0.3693892945379841,0.4656442902911496,0.1824418366435047,-0.1236660927206241,0.4368326968410391,0.5195553409207015
cell_00037,2020,0.2968948057307451,0.4048861780611617,0.1481661660683858,-0.0864701833584698,0.3144036771836119,0.2112840577922083
cell_00037,2021,0.3376217318372757,0.4402222857447396,0.1744515941230034,-0.119428286745261,0.3968500212344688,0.4188805928369861
cell_00037,2022,0.3767498364793675,0.4923793803523839,0.2358077038792661,-0.1721742107166823,0.5255850032375553,0.7430300322154909
cell_00037,2023,0.3852670150494665,0.47994818192957,0.2079924281173815,-0.1580173503443366,0.4943763615938024,0.6644479441522432
cell_00037,2024,0.3575391307967674,0.4476000744602247,0.191875517943056,-0.1374251565637506,0.4361051051175283,0.5177232946066173
cell_00037,2025,0.3528958473126508,0.4594507051328056,0.1992855073590437,-0.1398391791714443,0.4469700964888912,0.5450809001857685
cell_00038,2000,0.5039122852552677,0.6379285847539469,0.311240935045221,-0.2569670348820977,0.7858636639812875,0.8156169143965479
cell_00038,2001,0.4772268887427697,0.6120004947928134,0.2770711886767348,-0.2197827004105382,0.7079991142686257,0.6895939403031556
cell_00038,2002,0.461887470083492,0.6044353228207485,0.2852304638997711,-0.2238167347975264,0.7037978475529945,0.6827942332680896
cell_00038,2003,0.3703194969326926,0.540583641813984,0.2258262515391667,-0.1696701690493059,0.5402742412069399,0.4181329556744451
cell_00038,2004,0.3914923281679569,0.5366332801620215,0.2310549942878517,-0.1660418317548438,0.5508869992002816,0.4353095955007827
cell_00038,2005,0.4525392082256418,0.6061496957845894,0.2720802301791657,-0.2197208529565683,0.6876946709325,0.6567314072766117
cell_00038,2006,0.3374485688579509,0.5666986913829212,0.2450582282501824,-0.1867776384187716,0.5617539413247139,0.4528976297329902
cell_00038,2007,0.4430286221228625,0.5857349094950466,0.2623639295056756,-0.2011233227771191,0.6518579227621863,0.5987299983822575
cell_00038,2008,0.4197118501064655,0.5992284122734558,0.259160078752195,-0.2110150765043499,0.6510026421604354,0.59734573551148
cell_00038,2009,0.4006637389968489,0.5753554264141616,0.2507344393227121,-0.1902987354356099,0.6075027722877029,0.5269416428368664
cell_00038,2010,0.4099900665753024,0.5949647254929336,0.2637311528752796,-0.1992267868896803,0.6386083767219151,0.5772857441800041
cell_00038,2011,0.4258525840250815,0.641658391582948,0.3106649798797057,-0.2545164870121784,0.7431802537492191,0.7465342532658579
cell_00038,2012,0.5765395988553709,0.6454566148391678,0.3162045222344649,-0.2729567575377907,0.8439866469827781,0.909688365500521
cell_00038,2013,0.5262884976430819,0.6267887887493225,0.3033699915285491,-0.2546636024623852,0.7848508084938475,0.8139776181914709
cell_00038,2014,0.5203331544420228,0.6293832692135704,0.3116895270278593,-0.2575374540745044,0.7907828435726868,0.823578556048562
cell_00038,2015,0.5194897043806179,0.6217211354024702,0.3071821099144952,-0.256769827813455,0.7823831076456341,0.8099836697102653
cell_00038,2016,0.5108026282723669,0.5837323518851179,0.2652902679138841,-0.2159106456525929,0.6997822205906101,0.6762949822672585
cell_00038,2017,0.4540457695023093,0.5601562378627483,0.2563621312022517,-0.2006202946197106,0.639094320403552,0.5780722390384186
cell_00038,2018,0.3136766937409266,0.3895057761566186,0.1204624703289346,-0.0660043861064802,0.281926630004816,0.0
cell_00038,2019,0.4071828939441292,0.4673614811183509,0.1720272671955989,-0.1173219295744197,0.4469374467150878,0.26706831229548
cell_00038,2020,0.3647271529643511,0.4315284596358897,0.1620486118257126,-0.1054180109809481,0.3887772328559357,0.1729366034307177
cell_00038,2021,0.5032637918324028,0.5933508561957498,0.2778735639632983,-0.2252044052082727,0.7160454071114634,0.7026167826392731
cell_00038,2022,0.5074250428409507,0.6135121628611975,0.313231046099488,-0.256022995043605,0.7749367106595788,0.7979317526578231
cell_00038,2023,0.5321275597038697,0.6561223537575486,0.3585057234405984,-0.2990748858610678,0.8727130833352196,0.9561818077357684
cell_00038,2024,0.5432971566000914,0.6540572486203651,0.3645896374091049,-0.3070848506305829,0.8872955446238989,0.9797833715794272
cell_00038,2025,0.5379291304661946,0.65775782782178,0.3770213694428643,-0.3140560832265303,0.8997865898479984,1.0
cell_00039,2000,0.4771433672653458,0.5680466373580669,0.2545805916543243,-0.2001887172056921,0.6545970476629421,0.601541204358837
cell_00039,2001,0.424290456410915,0.4839459264017438,0.1613997085765655,-0.108893341180398,0.4524634379171279,0.1798039974300568
cell_00039,2002,0.3649424080293338,0.4387719771960217,0.1375943684295111,-0.0911753328555015,0.366285527952921,0.0
cell_00039,2003,0.3063974911109253,0.4740296252625173,0.2021702289394075,-0.1346839635614039,0.4282152447128799,0.1292118901209916
cell_00039,2004,0.3876927803292552,0.5147282028317147,0.2233001310694015,-0.155901814043995,0.5243816597336759,0.3298561833794224
cell_00039,2005,0.4798598044148062,0.5912207838566284,0.2749877708014029,-0.2220458501155794,0.69791600119263,0.6919230784650876
cell_00039,2006,0.4999801984581878,0.5913264059327533,0.2708530149425143,-0.2241792375653447,0.7075220179985978,0.7119653401283225
cell_00039,2007,0.4692177758626346,0.5752270617547941,0.2751618690114052,-0.2172827277468303,0.6801091839401306,0.6547704377844806
cell_00039,2008,0.4810815664587489,0.5571977598718661,0.2637511277203394,-0.2057195128134366,0.6608251006446291,0.6145355879865974
cell_00039,2009,0.4141930154077726,0.5262617136523372,0.2276010207926029,-0.1687794182582096,0.5569462182384669,0.3977997874438316
cell_00039,2010,0.3988203368794789,0.5232010177179713,0.2202006756218044,-0.1597407308321592,0.5355966467556144,0.3532554454235852
cell_00039,2011,0.4317175470635572,0.5707769633671886,0.2542964437945428,-0.2094984542823146,0.6372961581730745,0.5654441454876497
cell_00039,2012,0.5884946721782941,0.6310669339372681,0.3185154550776533,-0.2751193177763457,0.8455735927120474,1.0
cell_00039,2013,0.534149594632036,0.6059468936562393,0.299733656651385,-0.2474202230780936,0.770140647337898,0.8426145966892388
cell_00039,2014,0.5244115185044845,0.6195124669848565,0.3285149879131803,-0.2736790630040255,0.8100947193537705,0.9259758880578276
cell_00039,2015,0.5336537720454623,0.6021202193842065,0.303014837139676,-0.2543770828323591,0.7746912824349863,0.852109168809192
cell_00039,2016,0.5647102631247032,0.6181019363756445,0.3208190782282569,-0.2732971236555584,0.825722267585371,0.9585816410082048
cell_00039,2017,0.5521141981979264,0.603885935042273,0.3040274859693782,-0.2563731771717097,0.787823255061129,0.8795080831400598
cell_00039,2018,0.5349992304164032,0.6015149506354982,0.3088686500894811,-0.2554171236162111,0.7798820075940304,0.8629392427056758
cell_00039,2019,0.5566809961057806,0.6366968692258932,0.3262600207335663,-0.2757526192636761,0.8371437037603209,0.9824116443292552
cell_00039,2020,0.5124675542966088,0.6025409399674673,0.304388029971944,-0.2491964938481462,0.760822532771784,0.8231730222974438
cell_00039,2021,0.548782561920807,0.6212115067755642,0.3120738415490806,-0.2605000832995353,0.804050090717606,0.913364206105759
cell_00039,2022,0.5333424060269264,0.6226922749156081,0.3314232110001395,-0.2742518768782041,0.8191726922867555,0.9449164242415256
cell_00039,2023,0.4922092465972619,0.5597985656199561,0.2758239192279641,-0.2203120560529033,0.6865837787709287,0.6682792132096561
cell_00039,2024,0.5389255658707837,0.591560619643185,0.3063068970511802,-0.2549044669520465,0.7743468215062184,0.8513904759100874
cell_00039,2025,0.5184353975028206,0.5556204845523279,0.2683698165009377,-0.2210997312690834,0.6939200539388383,0.6835858225482312
cell_00040,2000,0.5883782944497857,0.7019188979382212,0.3659737602252654,-0.3194383081636751,0.9478855654829254,0.8651747897129481
cell_00040,2001,0.5454823299084285,0.6861379310041447,0.3598864321243716,-0.3010133915310464,0.8990158611349983,0.7387440181535532
cell_00040,2002,0.5472375395038093,0.6674463488860641,0.3393520440559796,-0.2838453812273334,0.8636941190259906,0.6473631684584137
cell_00040,2003,0.5134474369955617,0.6744796629011641,0.3458919447985336,-0.2873358997194083,0.8560357473457988,0.6275502014406106
cell_00040,2004,0.5186824880354839,0.6805455583789299,0.3600847857055712,-0.2981367413783745,0.8794446691932211,0.6881114037239782
cell_00040,2005,0.5401159162263249,0.6901565425925784,0.3629615204850211,-0.308472403551197,0.905466031858804,0.7554312494798289
cell_00040,2006,0.4937244250581064,0.6878982019377505,0.3696286042193795,-0.3074143936760149,0.882775100107851,0.6967275587791455
cell_00040,2007,0.5342321380494368,0.6850628517798597,0.36160724508791,-0.3018380156305083,0.8940161192699476,0.7258091901239871
cell_00040,2008,0.4370011572329436,0.5560369549145142,0.2463509385804658,-0.1901683318593702,0.6134666921259048,0.0
cell_00040,2009,0.501742753197614,0.6352609904473341,0.3097878401701759,-0.2509275500182558,0.77812794383166,0.4259949876283106
cell_00040,2010,0.5400061400552656,0.6601919064893248,0.3390184841046607,-0.2813356424219777,0.8537789656687174,0.621711683436836
cell_00040,2011,0.4631903216482038,0.6861796081363287,0.362355529553013,-0.2972090730283876,0.8531841797555482,0.6201729132945152
cell_00040,2012,0.608570970407828,0.6893794588958365,0.364492363785659,-0.3227260896106789,0.9492814196745312,0.8687860029335702
cell_00040,2013,0.4926914676857025,0.5575256190865282,0.2626065529915636,-0.2084388298352529,0.668381930274591,0.1420711670378835
cell_00040,2014,0.5342107231424388,0.6211411687685723,0.3175357398671086,-0.264778818781626,0.8027232261966255,0.4896254222220014
cell_00040,2015,0.5737115939096293,0.6500641168449234,0.3366011368560222,-0.2906029154078682,0.8710949558301342,0.6665098672121322
cell_00040,2016,0.5524650188051966,0.6051832545191903,0.2930689774526595,-0.247729313722027,0.7752826562125041,0.4186339463902225
cell_00040,2017,0.5855464792439938,0.6822527172843476,0.3722884222846438,-0.3209915583021891,0.9408322059007824,0.8469270489918812
cell_00040,2018,0.5742976458661975,0.6755606294449363,0.3669220632353694,-0.3129468871934006,0.9218040253132872,0.7976992587862997
cell_00040,2019,0.590632067420594,0.6956380102561528,0.3837508743453329,-0.332055376857571,0.966505039737142,0.9133452161029072
cell_00040,2020,0.5425661026756414,0.6720239102060204,0.3702120121549204,-0.3081592771670838,0.9015626745450712,0.7453328770130401
cell_00040,2021,0.5840798456882986,0.6886621200917062,0.3816198546698658,-0.3288329797439986,0.9553820475361866,0.8845689322112786
cell_00040,2022,0.6095548806942612,0.7301271784094975,0.4168781566203551,-0.3664888656736883,1.0,1.0
cell_00040,2023,0.5904654272778023,0.6916087936354163,0.3849348254199333,-0.335286437328121,0.9671603460695672,0.9150405585716572
cell_00040,2024,0.5830295583618108,0.6849616566272811,0.3818685037881623,-0.3304417955651464,0.9539961823618924,0.8809835615690532
cell_00040,2025,0.5913278097836842,0.7032480187614669,0.4114732269212751,-0.3569103955695656,0.9913629295547643,0.9776550422194172
cell_00041,2000,0.121522977292915,0.6260919621835388,0.4128881811157033,-0.2506277026197471,0.6402301104604294,0.5828013803815464
cell_00041,2001,0.1040069940660782,0.640083322848058,0.415801158618224,-0.2182890573720166,0.626369424168598,0.5258779702356822
cell_00041,2002,0.0833088754679803,0.6448304219794893,0.4215913241222979,-0.2271937638853382,0.6349794096000263,0.5612376718943185
cell_00041,2003,0.0652117593584246,0.6095856313597894,0.3858376499402195,-0.2093811106888295,0.5938243051298362,0.392220868394975
cell_00041,2004,0.0961159679609086,0.6276924348874137,0.4055178720934952,-0.241881886430021,0.6352645641895723,0.5624087518332151
cell_00041,2005,0.1202090631483368,0.6517988931137605,0.439066160025355,-0.2714628394242082,0.6685132783643387,0.6989553956244553
cell_00041,2006,0.1322992240355531,0.711853055782337,0.4935841655152106,-0.3057675940842585,0.723197881467427,0.9235354795799942
cell_00041,2007,0.1521849361374707,0.6321887690795547,0.4255389680034629,-0.269036085877098,0.6600316230839395,0.6641227234120749
cell_00041,2008,0.0687174579630537,0.5831641398886502,0.364407139704047,-0.1794617176355327,0.5440662075973974,0.1878730796721215
cell_00041,2009,0.0761779173864921,0.5496407376814071,0.3386196869399476,-0.1659930018490086,0.4983196542313438,0.0
cell_00041,2010,0.0950943519755138,0.6073548518500952,0.400244985632371,-0.218390015492712,0.6081947914085163,0.4512379377675719
cell_00041,2011,0.159608503762677,0.7106800196215103,0.4794506291624258,-0.321418408206752,0.7418167717848063,1.0
cell_00041,2012,0.1689943897802226,0.647574119542235,0.4145197718179654,-0.2834332988947951,0.6874488138314969,0.7767203221969463
cell_00041,2013,0.0975591941739897,0.5764813271827991,0.3729147571294171,-0.2339876224246722,0.5828124982307756,0.3469973067787156
cell_00041,2014,0.1260780389702805,0.5882038032019906,0.3625682397706203,-0.2178121072514113,0.5712744225799062,0.2996124516034338
cell_00041,2015,0.1086004698287855,0.5976830081364171,0.3754845691492723,-0.2146433437381792,0.5834716415851139,0.3497042930500973
cell_00041,2016,0.1215300667288134,0.6428446345693505,0.4152188881305426,-0.2389949285610263,0.6417765466073845,0.5891523226945103
cell_00041,2017,0.1146556748249724,0.5774728023542086,0.3588435330870527,-0.1967148582775056,0.5485572815927956,0.2063171337148233
cell_00041,2018,0.1157111518850955,0.6005365350480115,0.3870133259917637,-0.2054582110660116,0.5869755722670535,0.3640943224563811
cell_00041,2019,0.1351694209242674,0.6610018671268103,0.4414384716637127,-0.2738658188980423,0.6752522733901509,0.7266312674931751
cell_00041,2020,0.1097354287391928,0.5893276925664779,0.3674564877642832,-0.2053417826252793,0.5669684205503391,0.2819284556989579
cell_00041,2021,0.1536804390277884,0.6848713092648623,0.4672770018732533,-0.2887375553960966,0.703409626996965,0.8422685854611456
cell_00041,2022,0.1485774666631852,0.6378385947152936,0.4176392466770357,-0.2662874096454522,0.6593655864950102,0.6613874278339535
cell_00041,2023,0.1805095111796812,0.6275523546232463,0.4060849596613001,-0.2806801167651353,0.6807467133680635,0.7491959698318226
cell_00041,2024,0.1501203855286335,0.6767492880622964,0.465068399866149,-0.3043769836022842,0.7074090277703378,0.8586934237243529
cell_00041,2025,0.1491064991654813,0.5588811697881472,0.3574071310550161,-0.2332915534066654,0.5640768148474335,0.270053137699472
cell_00042,2000,0.4980458619544825,0.6757926109002632,0.3490289602367993,-0.2904445646514915,0.8526157179198616,0.9268969561652352
cell_00042,2001,0.5121587688004478,0.675493537575502,0.3538229842653149,-0.2928972263067025,0.8651688029865066,0.9756751871148676
cell_00042,2002,0.4684559307857261,0.6472488789899723,0.3260304124283826,-0.2611076443815385,0.7847748015113727,0.6632836793620045
cell_00042,2003,0.3880901818935399,0.6575287022897418,0.3339155612554186,-0.2618339834024146,0.7525272446640499,0.537977528156218
cell_00042,2004,0.4585598516453772,0.6428824617129142,0.320739326061241,-0.2589246920832095,0.7717618202640689,0.6127184038736048
cell_00042,2005,0.4727134232927855,0.6336911487120946,0.3074327311040197,-0.2530900201893356,0.7611674144170697,0.5715511232859666
cell_00042,2006,0.422137666989011,0.6342802281104782,0.3203998018341847,-0.2650507238741239,0.7509005367094366,0.5316565372701952
cell_00042,2007,0.4419141535097084,0.6163293027957846,0.3018686570054432,-0.2429054130093615,0.7239215748562711,0.4268228629129839
cell_00042,2008,0.4531574321093142,0.6240143696065125,0.2888751233921287,-0.233302141707469,0.7188360426300486,0.4070617233910659
cell_00042,2009,0.4067660597218037,0.6202363164523944,0.3068611822184186,-0.2386112486071812,0.7074810986848518,0.3629391770019992
cell_00042,2010,0.4298990124394383,0.5957597388903362,0.2719427470354194,-0.2124172183454322,0.6645257839977552,0.1960252869743793
cell_00042,2011,0.3696129358516181,0.6284571467980844,0.3102277713436256,-0.2418185716166851,0.6962345570684113,0.3192378556583684
cell_00042,2012,0.5596009730247535,0.6310676131828322,0.3075680597415087,-0.2630080193305759,0.8139916408536292,0.7768132005505191
cell_00042,2013,0.4608704678273631,0.5341297912158398,0.2420880562447632,-0.1942628683896858,0.614078646930735,0.0
cell_00042,2014,0.5002863210193582,0.5835783874578817,0.2800461228975896,-0.2324324867623896,0.7153299696861419,0.393437977923224
cell_00042,2015,0.5282304304142931,0.6306997650543106,0.3285436770412238,-0.2763122548370044,0.8202038954898536,0.8009525089161452
cell_00042,2016,0.5047444463241556,0.5986505928058583,0.2797826488461384,-0.2307213747465825,0.7248402875500385,0.4303927566653986
cell_00042,2017,0.4760266299441228,0.6032222978137575,0.3076036127445501,-0.2500112357900025,0.7440552756561185,0.5050575201523647
cell_00042,2018,0.4778473225461084,0.5953343154222807,0.2995352880155067,-0.2381372917307087,0.7270578712272686,0.4390097466868784
cell_00042,2019,0.4968605086594314,0.6279044284948772,0.3216551015950731,-0.2638274685808655,0.788297704447273,0.676972822079366
cell_00042,2020,0.4373626039506492,0.608759270539813,0.3136509818551128,-0.2402353885610783,0.7236657384610515,0.4258287449965445
cell_00042,2021,0.4935839807860565,0.6197872343202707,0.3095412801105329,-0.2515401390046399,0.765276072837693,0.5875163691414925
cell_00042,2022,0.4841176429960383,0.6140239836966412,0.3189998490035076,-0.2592507005688594,0.7686645639989409,0.6006832204419204
cell_00042,2023,0.520169837818436,0.6499637727405999,0.3474343071003547,-0.2884429443482736,0.8478703312189944,0.9084575393038564
cell_00042,2024,0.5183962355972351,0.644913626165708,0.3532741964992694,-0.2921394363702347,0.8506461098152975,0.919243538818453
cell_00042,2025,0.5410483947220553,0.6521696059809424,0.3546617160355857,-0.2971729752825964,0.8714287972387087,1.0
cell_00043,2000,0.5162020212625508,0.6334949199543194,0.3013806714976261,-0.2519024196899967,0.7798278401846579,1.0
cell_00043,2001,0.4754325549864811,0.6056207781553092,0.2774156173113609,-0.2235545032267236,0.7062283966273397,0.8374410068785254
cell_00043,2002,0.4609235934119432,0.6045696670222037,0.2834413338201585,-0.2248351200309908,0.7027756847183683,0.8298150066761758
cell_00043,2003,0.4115600842177872,0.6056359541702188,0.2766563207708702,-0.2197362546178896,0.6681941757778633,0.7534348738615604
cell_00043,2004,0.4503636977305111,0.598449644345617,0.2778648870794759,-0.222038848161967,0.6878115918646116,0.7967638346875112
cell_00043,2005,0.4450827790101555,0.576563955642221,0.2592838902234393,-0.2109671396083215,0.6523086240495737,0.7183484768819586
cell_00043,2006,0.3130709958033084,0.5538225006826369,0.2524444068555071,-0.1886320332810954,0.5476456016624671,0.4871793985036933
cell_00043,2007,0.4048585301368134,0.5287310665357121,0.2236498324691556,-0.1689240355917295,0.5505469867132646,0.4935876838074814
cell_00043,2008,0.3560317846801694,0.5302456049030974,0.2248230549061746,-0.1688311478174785,0.5254293056140537,0.4381102949620866
cell_00043,2009,0.3686278817284943,0.550527689861599,0.2484622990148846,-0.1832838725997673,0.5698448066682099,0.536210753082079
cell_00043,2010,0.4122754391461938,0.5539937750201548,0.2460963205432855,-0.1897788394662357,0.5983577336706578,0.5991872170393687
cell_00043,2011,0.3771259464752992,0.5756065482688659,0.2619765381016964,-0.2045547528766204,0.6121745923784313,0.6297044944952526
cell_00043,2012,0.5163618865870279,0.5888532115843143,0.272307090835184,-0.2257844187924994,0.7172007061107868,0.8616755322449745
cell_00043,2013,0.4664633431940677,0.5708702969416517,0.2629270409468802,-0.2083934561747785,0.6616605014762664,0.7390039561193075
cell_00043,2014,0.4712752853871104,0.5747328850282039,0.272839612166902,-0.2186356808174396,0.6802412631303345,0.7800432596782143
cell_00043,2015,0.4835573692144476,0.5844701849711065,0.2848184139407643,-0.2296692303376689,0.7081600050771567,0.8417073478932185
cell_00043,2016,0.4692798443450501,0.5469164023316098,0.2305209046776569,-0.1835116803081636,0.6105148072578689,0.6260385293064464
cell_00043,2017,0.4093203023097828,0.5226880489330065,0.2249670584762147,-0.169567253336256,0.5509727292973491,0.4945280208868481
cell_00043,2018,0.3609269977226081,0.4923525220987851,0.2144382073415882,-0.1468425382168883,0.4849951197425987,0.3488033623922587
cell_00043,2019,0.3067880610922172,0.4428071528432142,0.1785356448837515,-0.1108974857000442,0.3785605791057856,0.1137215340114158
cell_00043,2020,0.2945548729984374,0.442442006218044,0.1766683528385768,-0.103405880031634,0.3653385313055465,0.084518014616096
cell_00043,2021,0.3045261659451654,0.4224102327988617,0.1596006433316742,-0.0957739896837783,0.3425781923480194,0.0342472842245319
cell_00043,2022,0.2925659915522898,0.4083378619536614,0.158246014212367,-0.0955215305714242,0.3270725533558331,0.0
cell_00043,2023,0.3303313371778093,0.4634657657536243,0.2023086872800669,-0.1402047374505634,0.4392193960422103,0.2476985823221916
cell_00043,2024,0.3290473360627305,0.4482928802600384,0.2078488248742531,-0.1404376397442001,0.434091396029181,0.2363723755120037
cell_00043,2025,0.3460962215702135,0.4751060182407663,0.217416185539961,-0.147325380519591,0.4696728238862497,0.3149610279080632
cell_00044,2000,0.5985015101496639,0.7075873228094252,0.3747259422773528,-0.328093143963685,0.9685045002756858,0.8784722637561633
cell_00044,2001,0.5878334349927221,0.7063917325400063,0.3665437737239668,-0.319133259249506,0.9502749271884898,0.8081320954981492
cell_00044,2002,0.5628302821578498,0.6775461143514221,0.3317440634006529,-0.2816047776914512,0.8710336005876453,0.5023735229067491
cell_00044,2003,0.5115776205939533,0.6733091451940884,0.3450715272604225,-0.286435842315488,0.8531832940030758,0.4334967827543613
cell_00044,2004,0.5268730789191283,0.6784973620022382,0.3576820934241982,-0.2989824382473795,0.8816708791173019,0.5434182559898809
cell_00044,2005,0.5870482380553397,0.7019604672161787,0.3650520882525166,-0.3229708572050905,0.9489020489783212,0.802834742464202
cell_00044,2006,0.4650704666455012,0.6480988389021757,0.3259334767188288,-0.26987936517348,0.7892030165355697,0.1866241071995086
cell_00044,2007,0.4750365198351367,0.6297715415118715,0.316938471686736,-0.2496453349865519,0.7645969129526392,0.0916796201334278
cell_00044,2008,0.4959723462900939,0.6213183533867611,0.2931536762861519,-0.2395971400077751,0.7479731119441114,0.0275354432821942
cell_00044,2009,0.5153114960107873,0.6511246083776697,0.3237809109986506,-0.2707140876116926,0.8174370724857877,0.2955673192344316
cell_00044,2010,0.4946589343409286,0.6114177293121799,0.2933298178719697,-0.2380709212577709,0.7408369422670662,0.0
cell_00044,2011,0.5499569838296139,0.6946314608226669,0.3671433823666929,-0.3142944403370579,0.9201707161311642,0.6919727504099004
cell_00044,2012,0.5533416379734448,0.6841963572654628,0.3651224747688846,-0.3175864998396572,0.9169977425174788,0.6797295949175953
cell_00044,2013,0.5863110913167487,0.6918722291952604,0.3712266077463535,-0.3233099782503625,0.947422346231868,0.7971251989845209
cell_00044,2014,0.5892350935258541,0.703844127610121,0.393565700854832,-0.3406562750201048,0.9829413002333558,0.9341777338334112
cell_00044,2015,0.6078208158988512,0.7124330286436874,0.3910698902120764,-0.3481698128007042,0.9940803149408703,0.9771584534041508
cell_00044,2016,0.5894224484524262,0.6817618305039969,0.3422783238663749,-0.3014285057881829,0.9085826576232032,0.6472593618223097
cell_00044,2017,0.6195184272154678,0.718712807046169,0.4116750909490236,-0.366290993936685,1.0,1.0
cell_00044,2018,0.609064575269952,0.7095466576870474,0.4034814378592745,-0.3569551847846726,1.0,1.0
cell_00044,2019,0.6085122678007681,0.7162736188973319,0.3996619482584881,-0.352107121686442,1.0,1.0
cell_00044,2020,0.5967165722973139,0.7150124981174327,0.3951906735950539,-0.3458186098321333,0.994306819198735,0.9780324369874822
cell_00044,2021,0.589991443918805,0.6958444802289313,0.3895703260364174,-0.3376609798331114,0.9740951353917306,0.9000441465891169
cell_00044,2022,0.6265492274180045,0.7511429078167184,0.437810477446035,-0.3903488519479025,1.0,1.0
cell_00044,2023,0.5987564429249387,0.6965593779664194,0.386280818206996,-0.338850149911449,0.9777854351788502,0.9142834437304648
cell_00044,2024,0.602700030889655,0.7011071758051848,0.3955587203650639,-0.3478334863102317,0.9929955821643788,0.9729729310307828
cell_00044,2025,0.5693695271479491,0.6766971191973707,0.3799216722478519,-0.3221999768444312,0.9350322108096716,0.7493169367631197
cell_00045,2000,0.5683270452552475,0.6695717606608144,0.3441911726460658,-0.2919118359346558,0.8852079700465013,0.5309813129378288
cell_00045,2001,0.5483849030955953,0.6563553286776548,0.323002060943507,-0.2699793368897479,0.8374150060350262,0.3357082330859251
cell_00045,2002,0.5174596527345177,0.6164401078977013,0.2924913369577778,-0.2376576508540178,0.7552506262116538,0.0
cell_00045,2003,0.4713180237415408,0.6427863184705607,0.3148917282676002,-0.2533083599480277,0.7708376634370815,0.0636857082989187
cell_00045,2004,0.4985196263332728,0.6528369841793075,0.3307339998544002,-0.2698725069065747,0.8135027599883327,0.2380072842476564
cell_00045,2005,0.5433357354046228,0.678349559039484,0.3453693012649773,-0.2969275534660943,0.8806076098702849,0.5121851047800309
cell_00045,2006,0.4754028387033145,0.7036891045946619,0.3843400636543068,-0.3188761728474681,0.8995186936133067,0.589452243201295
cell_00045,2007,0.48654966856888,0.6771597696998675,0.3585155197438661,-0.2887866617115243,0.8526126661998492,0.3978030198042178
cell_00045,2008,0.5003352770604704,0.6524986098177498,0.3285443758886953,-0.2716869689738903,0.8139912122238129,0.2400030083956684
cell_00045,2009,0.5199687747420428,0.6921754553769264,0.3691875399679093,-0.3088912528138545,0.9002019527919727,0.5922439119524349
cell_00045,2010,0.514523558360532,0.6891274538936025,0.3612782803610647,-0.2986240494104998,0.8831134143490522,0.5224233515219177
cell_00045,2011,0.5468057241544595,0.7281296988636705,0.4060128812374067,-0.3470082179915293,0.9700300059619456,0.8775482299539126
cell_00045,2012,0.6236700259439443,0.7431744383990994,0.4136812066199765,-0.3753633014076585,1.0,1.0
cell_00045,2013,0.5926307786630279,0.7089117747661392,0.3893071715230329,-0.3406809603480266,0.9845364399172944,0.9368187961286548
cell_00045,2014,0.6007272685137188,0.7288797122484248,0.4274153462247218,-0.3742639080775825,0.9995385385975152,0.9981145553292244
cell_00045,2015,0.6190862864954775,0.7284979202758686,0.4090830928309927,-0.3647646459083204,1.0,1.0
cell_00045,2016,0.5594814123289349,0.6463795625370331,0.3214507615120129,-0.2782158110865754,0.8423584790867298,0.355906336048095
cell_00045,2017,0.6052795880639531,0.6979701436351856,0.3908980268997035,-0.3457304126042677,0.9879500130473132,0.9507660151845486
cell_00045,2018,0.599922972250007,0.7006278801046358,0.3926763360102014,-0.3455352598677218,0.9896431377660694,0.9576838049731354
cell_00045,2019,0.605751882516817,0.7106306175808015,0.3957484690590612,-0.347753521753856,0.9973533541170368,0.9891863017175602
cell_00045,2020,0.576986378418135,0.726457255445085,0.4119177583441955,-0.3530649763692792,0.986546350808615,0.9450309147551916
cell_00045,2021,0.593956471794268,0.7018460399782169,0.3936441476306681,-0.342066304001015,0.985410638601433,0.9403906078583736
cell_00045,2022,0.6232609963387483,0.7554301342983314,0.4435697728607942,-0.394244004926551,1.0,1.0
cell_00045,2023,0.5951598284205148,0.7014331524267963,0.3850793138945873,-0.3369452436549858,0.9764173596775164,0.9036457582813788
cell_00045,2024,0.5854982567418352,0.6756766114380885,0.3693214580336653,-0.3204712981684742,0.9347163361436762,0.733263203718022
cell_00045,2025,0.5507623312599291,0.6638385926940323,0.3684005655852068,-0.3077915812624961,0.8999721891648429,0.5913051409003443
cell_00046,2000,0.4721449030393282,0.5804514114279298,0.2764937322943642,-0.2154363627163006,0.684318127823592,1.0
cell_00046,2001,0.3975691761527707,0.5059335500024009,0.2129296062910147,-0.1479500862669575,0.5123037536336481,0.4911306953487176
cell_00046,2002,0.3987627193450229,0.4740350328882356,0.1865066235397554,-0.1261696790108735,0.4621045833722186,0.3426267288325386
cell_00046,2003,0.3138665894786454,0.4431776669057035,0.1579687779219928,-0.0997938588065043,0.3608158590636962,0.0429847776838626
cell_00046,2004,0.3538283937571246,0.4756229414039485,0.1878954572920046,-0.1223105318258187,0.4367862595532824,0.2677276519539316
cell_00046,2005,0.4361433697864031,0.5704167310362634,0.2655239350451295,-0.2064236511836015,0.645312537904384,0.8846099489465759
cell_00046,2006,0.4236533482785378,0.5417756447774311,0.2392736188295825,-0.1825427475652786,0.5881546375959431,0.7155200044448097
cell_00046,2007,0.4242313413609449,0.5459297105312537,0.2429910559983526,-0.1832566830947436,0.5938651553797674,0.732413402031715
cell_00046,2008,0.4085502480588275,0.5235718718892631,0.2221097319583046,-0.1592165892834653,0.542112528928408,0.579313853460847
cell_00046,2009,0.4174839081949555,0.5415198465819895,0.2362733369833512,-0.1745341264621054,0.5771730266973102,0.6830331571783853
cell_00046,2010,0.4173880569792487,0.5250375078232355,0.2244946526468274,-0.1603071294161932,0.5501647784536379,0.603134784915434
cell_00046,2011,0.428163201742693,0.5557084050244436,0.2527784228731154,-0.1953408585427209,0.6164079015318088,0.7991015007056822
cell_00046,2012,0.4437007128095551,0.5496267538699481,0.2713665983119827,-0.2057082006187471,0.6414685636282735,0.8732383381367618
cell_00046,2013,0.348358802896076,0.4627506735964663,0.2132753666081515,-0.1401884581252462,0.4563475003706084,0.3255955775834332
cell_00046,2014,0.3862532136552459,0.4542976455099985,0.2146473796377384,-0.1663305502245259,0.4908424584351615,0.4276418478846653
cell_00046,2015,0.4236394632789177,0.4762046006862893,0.2313315430720262,-0.1912679936925187,0.5518866669224545,0.6082286393792837
cell_00046,2016,0.3779117419909717,0.4273209782751452,0.1878052256448783,-0.1484733938768118,0.4405030090310534,0.2787228942482057
cell_00046,2017,0.3990819158735886,0.4640278847357752,0.2380356987959264,-0.1905803378089214,0.5358900109291495,0.560905808072929
cell_00046,2018,0.4021441736400037,0.4689662126970637,0.2403141963709367,-0.1916432194830676,0.5426242324868228,0.5808276236628104
cell_00046,2019,0.3602037504964764,0.4173852396869557,0.1952555287152672,-0.1453810976364782,0.4284152996030142,0.2429638809655083
cell_00046,2020,0.3245460553234077,0.3807827628979344,0.1647173533057119,-0.1142497672181977,0.3462856062750151,0.0
cell_00046,2021,0.3529125881424345,0.4192171824078912,0.2014684427604262,-0.1490354839200421,0.4322403070130184,0.2542793821855722
cell_00046,2022,0.3829512168507991,0.4535816820993458,0.2263079445928031,-0.172821840846458,0.5011414968690816,0.458109444276689
cell_00046,2023,0.3565237525887471,0.4159662277143786,0.1921297310702667,-0.1422940749999581,0.4213561745626265,0.2220809049487368
cell_00046,2024,0.3425687048368505,0.4052490062410401,0.1862590014548384,-0.1335727053887269,0.3977974091818982,0.152387121425181
cell_00046,2025,0.338406627352646,0.4067307025023556,0.1952009779005465,-0.1402538038884702,0.407075960916257,0.179835816869786
cell_00047,2000,0.5920734353900912,0.6806693546531828,0.3338487252013007,-0.292770991467425,0.8977288265980717,0.8341452491869544
cell_00047,2001,0.534916933738974,0.6488258419623105,0.3127994591531597,-0.2593217462588225,0.8115722804300669,0.6944238397195074
cell_00047,2002,0.5558972064798455,0.6505551187471498,0.3175243975965341,-0.268240182995446,0.8332962959268473,0.7296540131596542
cell_00047,2003,0.4963914110067608,0.626531014244807,0.288461290341758,-0.2378136675375157,0.7466306851415516,0.5891070456934082
cell_00047,2004,0.4945927552020988,0.6330257759280699,0.30423373217315,-0.2478276195625335,0.7670074849700803,0.6221524185537162
cell_00047,2005,0.5420165854629122,0.6680082570179887,0.3305639148623961,-0.2824135110473764,0.8540431417927784,0.7632994954279332
cell_00047,2006,0.4799465296830345,0.6576319661936834,0.3314530253218138,-0.272665664694273,0.8083850475248137,0.6892550545995163
cell_00047,2007,0.5302563048145589,0.6581052385466983,0.3322906163180475,-0.2783807639310816,0.8405945563452104,0.7414897154674709
cell_00047,2008,0.4525951184640652,0.5507868748359169,0.2328798027753275,-0.1814202104046602,0.6037908807463008,0.3574615157154387
cell_00047,2009,0.4854424406279943,0.6010148329599398,0.2757869068728045,-0.2222002731251952,0.7070926054055939,0.5249875275134207
cell_00047,2010,0.5341465771110734,0.6381688407029689,0.3068092219192041,-0.2530295118941871,0.7968057337511147,0.6704767015539778
cell_00047,2011,0.5080549820787933,0.6765699483131479,0.3491793852284227,-0.292765286665457,0.8601860435787403,0.7732615346916825
cell_00047,2012,0.586632731552173,0.6731624484372764,0.3432943511852848,-0.3002965748449007,0.9022155157315904,0.8414213826609573
cell_00047,2013,0.5147667278051926,0.5857821291186596,0.2714423598687857,-0.2233404227514685,0.7123741458608404,0.5335526837248523
cell_00047,2014,0.3838600105960734,0.4115395737625144,0.1533218083127931,-0.1074603790189046,0.383369044898749,0.0
cell_00047,2015,0.4905035691491841,0.5186776208366267,0.2229335370684966,-0.1809563649980458,0.5993702743075424,0.3502925495742034
cell_00047,2016,0.5174678126662136,0.5378934918165593,0.2273515599958925,-0.1856648621260738,0.6310813498374405,0.4017188934311885
cell_00047,2017,0.5883175102216665,0.6824847954197115,0.3732269682242481,-0.3234295665275443,0.94476748149515,0.910428566636294
cell_00047,2018,0.5935442961438803,0.693140616553672,0.3902161805416654,-0.3391545238559452,0.9759844941647146,0.9610536810768086
cell_00047,2019,0.5975025901685097,0.7118737686693383,0.4130331507861509,-0.360149707481711,0.997773835317601,0.996389794148376
cell_00047,2020,0.5793017411595387,0.7081887767169488,0.4088653527283192,-0.3509071074775561,0.987535558809761,0.9797862220715268
cell_00047,2021,0.596142143963729,0.7147582480284292,0.4212335665682864,-0.3672753777891597,0.9970293319523924,0.9951824214742516
cell_00047,2022,0.6179303276193874,0.749605004727828,0.4480756462662404,-0.3963437109902459,1.0,1.0
cell_00047,2023,0.5950503697417885,0.7112868422483257,0.4150385080296643,-0.3620952089078507,0.9964318591677824,0.9942134905769828
cell_00047,2024,0.586577514908876,0.6991457968834567,0.4005323020116401,-0.3477129834893638,0.9864768301537674,0.978069265361464
cell_00047,2025,0.5762591036725491,0.6896166092383894,0.4010117467657236,-0.3426790995624952,0.9734385178508644,0.9569248317337976
cell_00048,2000,0.566163397100487,0.6840931565213344,0.343967118476925,-0.2944496120039625,0.8936608388726008,0.7703305896242759
cell_00048,2001,0.5061389639211801,0.6366122798561603,0.3152864046508604,-0.2557827561180059,0.7883854714229575,0.5429587417282754
cell_00048,2002,0.5141483648604562,0.6169781950149492,0.2954096118880071,-0.2419710293017707,0.7586689514753073,0.4787775356473039
cell_00048,2003,0.4325509588135899,0.6061246337531668,0.2917096007203312,-0.2280548798186415,0.6960562745467634,0.3435478005265216
cell_00048,2004,0.4473619049266488,0.6192825578803475,0.3064917890767209,-0.2394133118036242,0.7294443148676214,0.4156586903698737
cell_00048,2005,0.5177804120716444,0.6662433701088585,0.3467956926799035,-0.2945368539729755,0.8592713799692795,0.6960568539117702
cell_00048,2006,0.4760986470742789,0.6691531399038984,0.3549539788741579,-0.2945573091305938,0.8438039838250273,0.6626506495103435
cell_00048,2007,0.5346472569042493,0.6696064739816614,0.3576576265056599,-0.300213208029253,0.8817768820614461,0.7446638331367148
cell_00048,2008,0.4410852599278084,0.6187572325673766,0.2993051912074269,-0.2347816029912025,0.7175868741119118,0.3900492027826406
cell_00048,2009,0.5091740806478633,0.6761797737661076,0.357957139412222,-0.2967180860725868,0.8693691699656069,0.7178658793918183
cell_00048,2010,0.5077188755939978,0.658684621555102,0.3492344991040028,-0.284163877074613,0.8443108099393829,0.6637452834496466
cell_00048,2011,0.4292708381837694,0.6527278505334587,0.3347132267855962,-0.2612712736419372,0.7725685758184652,0.5087976946695533
cell_00048,2012,0.5059589469182513,0.5557918828044497,0.2569760713741519,-0.2054811048312411,0.6687562527556766,0.2845857037643363
cell_00048,2013,0.4401819131991776,0.5086840940406773,0.2073870873290925,-0.1534910034232817,0.5369903159788006,0.0
cell_00048,2014,0.4898315834295237,0.568561582118037,0.2612923993457206,-0.208124477123428,0.6718382071436596,0.2912420535002996
cell_00048,2015,0.5298109423129237,0.5920707391045742,0.2793616883070839,-0.2326670464064421,0.735899064935982,0.4295995436416706
cell_00048,2016,0.5326569651428235,0.5894334648761366,0.2741188823446533,-0.2272506482503831,0.7286911189337488,0.4140319513191239
cell_00048,2017,0.5707643124872309,0.6773494597267731,0.3806904593456069,-0.323511935367901,0.9375756375614546,0.8651769831326308
cell_00048,2018,0.5397209281296754,0.6529107676108594,0.3576844140270405,-0.2948880015020343,0.8716996803329896,0.7228992738278536
cell_00048,2019,0.5868089843159513,0.7049379638840056,0.3970649778590628,-0.3438904464343402,0.9868374482076504,0.97157175703533
cell_00048,2020,0.5587625445073968,0.6903841685228018,0.3959315936949453,-0.3343272511315751,0.9561790687064252,0.9053563396061316
cell_00048,2021,0.5761549297037692,0.7033735523345221,0.4150962293847471,-0.3546174052292943,0.9831295501964578,0.9635635055037644
cell_00048,2022,0.6161784758884845,0.7440134198207203,0.4488022061509784,-0.3980903190137906,1.0,1.0
cell_00048,2023,0.5922922759120263,0.7078487613001557,0.427961749333164,-0.3730316343952021,0.994455102749386,0.9880242305032216
cell_00048,2024,0.5844097310569955,0.6899475095956,0.4154338248214282,-0.3608032785783865,0.9801635547624344,0.9571576018339664
cell_00048,2025,0.5701986796215159,0.6741698572918343,0.3942645544144279,-0.3373001767967435,0.9542248538300108,0.9011356614133076
cell_00049,2000,0.5007070542115685,0.6142147560953235,0.2907919659666991,-0.23834716742322,0.7441153732164155,0.6796197569569348
cell_00049,2001,0.4590927115894293,0.6073249595428711,0.2923350861584978,-0.2300625982961658,0.7130325440609622,0.5797398023278647
cell_00049,2002,0.3677898651247563,0.6095493532218151,0.2937790423799796,-0.2117314870409112,0.6530396228252716,0.3869616539450989
cell_00049,2003,0.3856731186730514,0.6442461871239297,0.3215811814179708,-0.2479735028311121,0.7258889633409686,0.6210519547048969
cell_00049,2004,0.4440091453561937,0.6220235329145586,0.3064034450797335,-0.2425726060653578,0.7311914619516258,0.6380907293288028
cell_00049,2005,0.4545455762323557,0.6229617854059243,0.2954806957855759,-0.2423828150420761,0.7297120326504217,0.6333368077748103
cell_00049,2006,0.4139015209169283,0.6040527764883883,0.3115099177937068,-0.2362639279754844,0.7040455804304622,0.5508615584853167
cell_00049,2007,0.4073641185869689,0.5781659634435873,0.266849747645328,-0.2048632111367972,0.6337647776868811,0.3250248640770816
cell_00049,2008,0.3761192204697279,0.5427937253207366,0.2282143673998529,-0.1733892930313297,0.5488416041832094,0.0521371332311517
cell_00049,2009,0.3429171952683479,0.5355893128222486,0.2382142281543014,-0.1718432554943098,0.5326164305645649,0.0
cell_00049,2010,0.3924234797971707,0.5520590200888087,0.2479223189780692,-0.1886413897623212,0.5869309742340497,0.1745315437753519
cell_00049,2011,0.3489044448667518,0.5927642110110762,0.2863003532454874,-0.2216770713973452,0.6347780974822504,0.3282810134668315
cell_00049,2012,0.5438095796436776,0.6250146965273398,0.3098959135258742,-0.2629130794346263,0.8035409576418787,0.8705748545941745
cell_00049,2013,0.5204599328137652,0.6330507597377671,0.3099483961326928,-0.2573771093188716,0.791570962162768,0.8321110905852926
cell_00049,2014,0.5381720304431581,0.6505413324509479,0.3346086910895132,-0.2805997259178564,0.8438183055642827,1.0
cell_00049,2015,0.5316887560778969,0.6441374962562878,0.3350487555827606,-0.2823603093183636,0.8381879895998069,0.981907834056331
cell_00049,2016,0.5245365821995926,0.6361861973758589,0.318269811866641,-0.2655121547548268,0.806819584916038,0.8811102258034973
cell_00049,2017,0.466846994828099,0.6147952087083045,0.310091607800387,-0.2456638462519398,0.7443110867822138,0.6802486528008254
cell_00049,2018,0.4844274651179664,0.6025073868886142,0.3015594917349304,-0.2380180602202078,0.7359932242291113,0.6535204637334875
cell_00049,2019,0.4925832796262881,0.6365875483199523,0.3245465688966043,-0.2608748895074994,0.790842090582784,0.8297689723702765
cell_00049,2020,0.4493560779475859,0.6174601066460359,0.3189127502524667,-0.2433254676386134,0.7408294928230595,0.6690610789497443
cell_00049,2021,0.5026292730695345,0.6244712887427646,0.3243812873994,-0.2619677027631341,0.7902026709399896,0.8277142943809651
cell_00049,2022,0.4887374114778335,0.6145550762870223,0.3136761610770704,-0.2519924873834649,0.7629031267289443,0.7399913518020682
cell_00049,2023,0.5204795129399524,0.6271945485517854,0.3282880397762196,-0.2744838951886031,0.8126050615025817,0.8997009768603441
cell_00049,2024,0.5084777870989843,0.6255949042607982,0.3376865412891496,-0.2751793318139274,0.8121862909069023,0.8983553211001409
cell_00049,2025,0.5094347896838601,0.6327832313388899,0.3487391711248573,-0.2816802453528886,0.8288029169918345,0.9517503274282592
cell_00050,2000,0.4318148486389934,0.6788919358431256,0.3778259656902506,-0.2941006306398526,0.8406928418649996,0.8702473694510665
cell_00050,2001,0.3724455105472103,0.559807918589353,0.2574562103042382,-0.183815715922205,0.5837547986516934,0.1070732862913281
cell_00050,2002,0.3953606938702689,0.5765684508935097,0.2677901999892287,-0.1951922009721212,0.6204861271656998,0.2161750666712927
cell_00050,2003,0.3055764965523673,0.5591139006728841,0.2637842583490104,-0.1794395013671898,0.5482698878858225,0.0016736969542742
cell_00050,2004,0.3605966882283992,0.5419365665907647,0.2506959797840574,-0.1779043157179935,0.5586208179756236,0.0324187025686291
cell_00050,2005,0.3718481916640568,0.6240163059601724,0.3273872382399506,-0.240373431006131,0.7060190710798608,0.4702305784020003
cell_00050,2006,0.3249762171366584,0.5916602504594569,0.3029546661254197,-0.2222897671341303,0.6331294431564654,0.2537290659494021
cell_00050,2007,0.3461497647109784,0.5437998509503046,0.2533091066674902,-0.1720524061201398,0.5496620090285447,0.0058086656940425
cell_00050,2008,0.3802118456828904,0.5357177701899711,0.2372219144883733,-0.1648304736770744,0.5477064038395839,0.0
cell_00050,2009,0.4071527211393307,0.5852304197304676,0.2905482610498857,-0.2172977890840182,0.6624939051498262,0.3409493003646597
cell_00050,2010,0.372486964816396,0.6063688689118901,0.3145236218875392,-0.2224890737214916,0.6755548815615127,0.3797438617830506
cell_00050,2011,0.367604569797416,0.6381015029207201,0.3364294042389895,-0.2491597794845924,0.7237580665733292,0.5229200962818553
cell_00050,2012,0.4541747118336509,0.6082913991588044,0.3096975431734776,-0.2416550171699592,0.7307904397687012,0.543808108421652
cell_00050,2013,0.4223811608435749,0.5986854984145018,0.3123534186293816,-0.2342612505536408,0.7049432134253532,0.4670349960397276
cell_00050,2014,0.4313511972819268,0.595429417784509,0.3070888237844295,-0.2309886991771881,0.7021623441151937,0.4587750771907074
cell_00050,2015,0.4650585963477094,0.6348793208077071,0.3434541489570238,-0.2708478198867142,0.7947339459036299,0.7337372682231464
cell_00050,2016,0.4300106686799912,0.6016394248546172,0.3106289751195751,-0.2357563142205928,0.7105598734127572,0.4837179647535061
cell_00050,2017,0.4514229178414505,0.6032430459382886,0.3162053330676235,-0.2442723750461841,0.732776389099252,0.5497069042581508
cell_00050,2018,0.4527798451373261,0.6346105696779633,0.3472328897953592,-0.271792878691552,0.791141105472561,0.723065579952975
cell_00050,2019,0.4297818408101623,0.6155366844742888,0.3185920761897327,-0.2367721617174536,0.7244319268283677,0.5249216398286387
cell_00050,2020,0.4175679711423329,0.6191373924320456,0.321769629357334,-0.2379407247284754,0.7227604744727555,0.5199569833570374
cell_00050,2021,0.4385024084087832,0.6009631544823298,0.313707205100358,-0.2369486455908646,0.7177820785349042,0.5051698280258915
cell_00050,2022,0.482454342933061,0.6891802583552512,0.3847025736972455,-0.3022022551710497,0.8843766981838521,1.0
cell_00050,2023,0.4283532487851219,0.5980129272441451,0.3069070062418451,-0.231883544073815,0.7024338572516247,0.4595815431634768
cell_00050,2024,0.4191166172890782,0.575094773444843,0.2879771951805704,-0.2195950489300158,0.6631316693585126,0.3428436290874495
cell_00050,2025,0.4147004884150723,0.565689169027674,0.2898122267469155,-0.2153560130169123,0.6539170370683454,0.3154737290844968
cell_00051,2000,0.4309861019395944,0.5589644507419644,0.2488079369147363,-0.1828486440349056,0.6086231026581584,0.3544531624630854
cell_00051,2001,0.4028875950000255,0.541760890146013,0.2288225852602858,-0.1647428295548476,0.5575493167654251,0.2172883114464522
cell_00051,2002,0.3868711619695798,0.52531425951968,0.2232920487565237,-0.1557419726241463,0.5297197938064585,0.14254874977488
cell_00051,2003,0.3726705054690014,0.5567355834096509,0.2524232054963327,-0.1877746066456388,0.5812959920618882,0.2810628901710569
cell_00051,2004,0.3726713545034047,0.550081432506152,0.2468811258351997,-0.1818805920635833,0.5697628374329606,0.2500892035962828
cell_00051,2005,0.4291189386301076,0.5721537815205332,0.2529493835062793,-0.2053779267164942,0.6329393331738669,0.4197573508578563
cell_00051,2006,0.4170715608782134,0.581507445065857,0.2758312186120535,-0.2115256720880922,0.6516851729128426,0.4701015787241543
cell_00051,2007,0.4423367264848435,0.5915024952425781,0.281106706320515,-0.2224034982962366,0.6820587631477018,0.5516735418473635
cell_00051,2008,0.3429009337386588,0.5556226306072687,0.2471742519019743,-0.1887540443742645,0.5613682012882442,0.22754438934368
cell_00051,2009,0.3617732388010486,0.4876803611407033,0.2057873553586822,-0.1466024664413337,0.476641295406047,0.0
cell_00051,2010,0.3963962402087365,0.5091037111057376,0.2132832786608958,-0.1538695184201371,0.517640891147441,0.1101093906259772
cell_00051,2011,0.3870927074995099,0.5706584934093778,0.2639124413299706,-0.212206111295878,0.6213498534791813,0.3886323964826214
cell_00051,2012,0.5315716909636575,0.5874992586040403,0.2885705681735322,-0.2386896693034718,0.7447906476755057,0.7201476317321532
cell_00051,2013,0.4904393752222565,0.5921126154367952,0.2906424590490206,-0.2379736269944378,0.7258222879747311,0.6692057995004285
cell_00051,2014,0.4672548935458224,0.5827630842895145,0.2877440787311043,-0.2270610501305473,0.6985868528428523,0.5960617327949905
cell_00051,2015,0.499008125918049,0.5984372754628146,0.2996256404930771,-0.2456218643037308,0.7454437366929687,0.7219015815562185
cell_00051,2016,0.5221352006472338,0.6104907614879539,0.3038945339574605,-0.2539962057950289,0.7734136590724788,0.7970182029124229
cell_00051,2017,0.4823747462333066,0.5914100289389113,0.3008574500435717,-0.2423926839096914,0.7311232359405935,0.683442138657105
cell_00051,2018,0.4993393062525081,0.6243139864498936,0.3332585120546205,-0.2690368189558765,0.7992595176039461,0.8664303929997466
cell_00051,2019,0.515059309825894,0.6380765331608396,0.3382740759658554,-0.2798621714078642,0.8262924748943504,0.93903068088647
cell_00051,2020,0.4917327257649145,0.6113864834734735,0.3200536553338199,-0.2597845232102403,0.7724565751366281,0.7944478378381147
cell_00051,2021,0.4991342757515127,0.6105285743201075,0.313506188056803,-0.2562423430711362,0.7690759905755693,0.7853688676861734
cell_00051,2022,0.5240183620837201,0.6433889358577787,0.3492925823481455,-0.2905076321558061,0.8489946024973801,1.0
cell_00051,2023,0.5228240525736915,0.6208519716699167,0.3290560694362452,-0.2765366127288495,0.8122650045626787,0.9013582067482694
cell_00051,2024,0.5247687197648564,0.6279989368535223,0.3340729571357415,-0.2798245073207097,0.8230246320914545,0.9302544924099316
cell_00051,2025,0.5175961584125343,0.6152329278316874,0.3256559245391002,-0.2718244787605428,0.80073740678022,0.870399443759141
cell_00052,2000,0.5144144828979473,0.5894786688721197,0.2767153455056786,-0.2262245432815162,0.7198623138242923,1.0
cell_00052,2001,0.4412547990621993,0.5902766516180477,0.2699129738719676,-0.2136430676354982,0.6670850986063572,0.8494309277284569
cell_00052,2002,0.4059782839807437,0.5732409190316718,0.262853322000854,-0.1989695460313774,0.6235180759522817,0.7251377804759991
cell_00052,2003,0.4032954702960224,0.601288489361335,0.2830068789090711,-0.2254486786669357,0.6695168634636437,0.8563685536913314
cell_00052,2004,0.3903711728123556,0.5642834974000946,0.258223446256895,-0.1956241749766724,0.6045048190623511,0.6708945158597084
cell_00052,2005,0.40024961751125,0.5688406007314573,0.2675401696412153,-0.2099227522352181,0.6285452813599852,0.7394799857483072
cell_00052,2006,0.365463049244331,0.5638403151357319,0.2779889580814919,-0.2063050777913916,0.6116080633416905,0.6911594899937515
cell_00052,2007,0.4109293398726061,0.5229052610212097,0.2229188271991101,-0.169765918141786,0.5506745012365715,0.5173210281029009
cell_00052,2008,0.3172087683479008,0.4340205362768207,0.1669917425059149,-0.1079921115869748,0.3693440140053611,0.0
cell_00052,2009,0.3548702075728148,0.4793621245829154,0.1898333026358918,-0.1317119212779176,0.4470929201373911,0.221811261130141
cell_00052,2010,0.400376329997236,0.531117363988626,0.2209501846566428,-0.1673194293996039,0.5464608596916847,0.5052998538958382
cell_00052,2011,0.3515991021594015,0.534934679328066,0.2302077322600274,-0.1775674584897327,0.5352353924822424,0.4732745153750218
cell_00052,2012,0.4779574255962685,0.5232311399892935,0.223348773402299,-0.173760522493633,0.590513437913569,0.6309782514135736
cell_00052,2013,0.4482436939188851,0.5162942045069765,0.2110620869385971,-0.1642510376527058,0.5554214806852913,0.5308637716662812
cell_00052,2014,0.4639950835528156,0.5504372835785981,0.2525156851205365,-0.1983033502187637,0.6348792106891744,0.7575501673407122
cell_00052,2015,0.4427925547736472,0.5290619988478878,0.2373358659224546,-0.1828468724516797,0.5903902819668706,0.6306268975847946
cell_00052,2016,0.5063973764314386,0.5434041087963356,0.2367316835347795,-0.1944883642562575,0.6405663737250982,0.7737751776721603
cell_00052,2017,0.4551430786230019,0.5400570992320504,0.2411045290960925,-0.191863348138242,0.611952945050659,0.6921434092617231
cell_00052,2018,0.4328929483068843,0.5099762475056624,0.2308752643596221,-0.1724473099105908,0.5628497356724615,0.5520559747295949
cell_00052,2019,0.4460644174522674,0.5400371208078872,0.2437408545997827,-0.188304178671348,0.6064340390716887,0.6763984225325816
cell_00052,2020,0.3991447897760359,0.5168292581136696,0.2292733425142434,-0.1662761892078467,0.542946961059639,0.4952749889063046
cell_00052,2021,0.4294637384860957,0.5253933010982229,0.237002656656511,-0.1776407084661831,0.5773312299926214,0.5933704919106968
cell_00052,2022,0.3915847901629526,0.4965855036412477,0.2130133936883083,-0.152617362204228,0.5070029548256336,0.3927296831331876
cell_00052,2023,0.3635643585502048,0.5053401775962475,0.2042323371480429,-0.1394295404356128,0.4815727263176032,0.3201793240758517
cell_00052,2024,0.3713027776934318,0.4845969166340892,0.2089846769145322,-0.141786348981976,0.4791488005238044,0.3132640623190447
cell_00052,2025,0.3987840017369259,0.5049684715298638,0.2117972612943081,-0.1488807296316191,0.512261793563127,0.4077327193233378
cell_00053,2000,0.4650237395999029,0.5368210558857183,0.2228380727890479,-0.1771200226307004,0.5929030481203275,0.5891318638392894
cell_00053,2001,0.4415983510711221,0.4438538150680214,0.1131769155206123,-0.0774102140267276,0.3847666519866913,0.106551636251301
cell_00053,2002,0.3536097775570878,0.4214395324246621,0.1289576459089775,-0.0828591668630302,0.3388110319598755,0.0
cell_00053,2003,0.357042939871956,0.4717122180963012,0.1679898570731204,-0.1184562668990493,0.4198586544479898,0.1879151404191092
cell_00053,2004,0.3559535677985404,0.4362118994303508,0.1331619816178452,-0.080879611219384,0.349942952716944,0.0258102136494587
cell_00053,2005,0.5135774236843339,0.5646887026557178,0.233925383241763,-0.1907378007088853,0.6518840752277516,0.7258839072762241
cell_00053,2006,0.4756779266185461,0.5311100549735537,0.2129114196352304,-0.1640066011250625,0.5798229732014327,0.5588047050699246
cell_00053,2007,0.4701049773763005,0.53586342142631,0.216763069160892,-0.1683819400707414,0.5850475940185225,0.5709183898929927
cell_00053,2008,0.4672303566792782,0.4994325936172545,0.1761049876815227,-0.1339549301790073,0.5116670879279205,0.4007800479809523
cell_00053,2009,0.4320756519456685,0.4809153454772212,0.1641726004428436,-0.1191816934031644,0.4638653036146006,0.2899479379725583
cell_00053,2010,0.3932487905407588,0.4638974369498266,0.1519355021391677,-0.1051971559804342,0.4152047098532703,0.1771246122682342
cell_00053,2011,0.3690049492223404,0.5022263325685101,0.1942557098043086,-0.146644181846287,0.4806671361431264,0.3289042777388397
cell_00053,2012,0.5628843128588391,0.5567603829640025,0.2365618827884377,-0.2007907447231116,0.6830256678623684,0.7980880827123007
cell_00053,2013,0.5367657902576946,0.5588637033545583,0.2371452381006737,-0.1953482464350603,0.6666675962666477,0.7601606367672147
cell_00053,2014,0.4706574089705487,0.5059072817183581,0.2100160116626515,-0.1648508907620596,0.5615678381271616,0.5164787716799041
cell_00053,2015,0.5310585296754227,0.5290408677310154,0.2064549979447445,-0.1736012079031961,0.6108859742865695,0.6308266599595757
cell_00053,2016,0.5518517692481462,0.5094779365379626,0.1879310837227756,-0.1555524365932308,0.5863136946649303,0.5738539415285678
cell_00053,2017,0.537829551473444,0.51528855789806,0.1999116983687488,-0.1671829525554208,0.5980498586827299,0.6010651396079429
cell_00053,2018,0.5224277997361217,0.5502112231719867,0.2485777699375256,-0.2018463101995858,0.6663485336385633,0.7594208655473029
cell_00053,2019,0.5332024305933275,0.553115701025195,0.2264936576196627,-0.1834672436101585,0.6461046370055775,0.7124838356674279
cell_00053,2020,0.5253689950697107,0.5316045963177567,0.2192875907231925,-0.1783152801571919,0.6213360869938864,0.6550560492557138
cell_00053,2021,0.5378626264687103,0.5362540600603378,0.2042732042768087,-0.1648993175988045,0.6112754742501691,0.6317297455542676
cell_00053,2022,0.5614329869728847,0.6049074483013748,0.2853818709342009,-0.2409376373210438,0.7701100869873359,1.0
cell_00053,2023,0.4839969103854067,0.5068631098663582,0.1977659531885201,-0.1530225469371239,0.5529085579524116,0.4964015652176763
cell_00053,2024,0.5636235655725604,0.5555668692401624,0.240895894796396,-0.2048789785351439,0.6885351139882053,0.8108621568996094
cell_00053,2025,0.5229627471379705,0.5219642174503971,0.2231040416026141,-0.1854545426078632,0.6220974212806558,0.6568212613003378
cell_00054,2000,0.5196020507405045,0.647500225596391,0.319065139985435,-0.2657740896550986,0.8111572274784831,0.7065523534955558
cell_00054,2001,0.5034901456840172,0.6324331571482038,0.298486463540334,-0.2451200776761497,0.7657121784851602,0.5548162784643532
cell_00054,2002,0.4443921025235181,0.6000075381312501,0.2788764617458412,-0.2161774508681094,0.6821939140513053,0.2759578787193517
cell_00054,2003,0.4233563748411973,0.622256049413091,0.2975001049932537,-0.2377261806534792,0.7105442950384938,0.3706167168530121
cell_00054,2004,0.4593855784169419,0.6205758131515533,0.296953448170458,-0.2418606390908524,0.7317113975404312,0.4412913695285771
cell_00054,2005,0.5015330394689544,0.6271980821650048,0.2959683399549545,-0.2535051250841318,0.7655775809862531,0.5543668720571518
cell_00054,2006,0.4477670756179866,0.6296675759795576,0.3045350634794126,-0.2478537022536338,0.7397386353655053,0.4680934434156073
cell_00054,2007,0.4523484388547141,0.606189767062099,0.2784762876579788,-0.2227526720512467,0.6941177590070515,0.3157702999389079
cell_00054,2008,0.3996969156220949,0.5723264063454003,0.2415027826158519,-0.1913696812538936,0.5995443574714641,0.0
cell_00054,2009,0.4617689216363043,0.6230795149268689,0.2985648862220384,-0.2394775737661482,0.7339424397160575,0.4487405766580127
cell_00054,2010,0.483708325879562,0.6318250598799575,0.3039052477826684,-0.2493187897864795,0.7611506594231396,0.5395858625228345
cell_00054,2011,0.4327489968491469,0.647715976206231,0.3215205950805591,-0.2673892811945156,0.7665467831556559,0.5576029326700148
cell_00054,2012,0.6055156552657294,0.6687591292584816,0.3350692405445966,-0.2956131646186388,0.899044980404921,1.0
cell_00054,2013,0.5579855547325517,0.6527259300867596,0.3270242885556577,-0.2820917803398878,0.8515723270692601,0.8414939746345425
cell_00054,2014,0.5323589596816034,0.6500601606622903,0.334357953434852,-0.2770718093903384,0.837830632257678,0.7956119504938605
cell_00054,2015,0.5488803970803127,0.6340544108825187,0.3193699246364799,-0.2734888049678728,0.8250655826787816,0.7529908385446793
cell_00054,2016,0.5495661981155809,0.5952674536393335,0.2760455576675922,-0.2367545058109406,0.7489096363609785,0.498714418108908
cell_00054,2017,0.5047036550094485,0.6008644161100836,0.295804535575606,-0.2422874398847735,0.7450070148581825,0.4856839894421101
cell_00054,2018,0.5176380017027423,0.6253689125920985,0.317093174455729,-0.2605867046585181,0.7928929504039589,0.6455699191498946
cell_00054,2019,0.5628837322021805,0.6701208841230859,0.3509763762541696,-0.3009350977387997,0.8933254260543537,0.9809030302022508
cell_00054,2020,0.5420440114983838,0.6387076967230395,0.3287610759043721,-0.2785093151609109,0.8338504406107228,0.7823225235538721
cell_00054,2021,0.5341681594654692,0.6253523606466738,0.3151212584855911,-0.2654778629239788,0.8038262457793477,0.6820750030736029
cell_00054,2022,0.5272565248079161,0.6235000650400981,0.3095431837702542,-0.259243000775882,0.7909332365170458,0.6390266476611122
cell_00054,2023,0.5154533454737302,0.5955831651836035,0.2888030030190653,-0.2429739565973428,0.7435077764539846,0.4806781954991336
cell_00054,2024,0.5280491705458193,0.6044140251977584,0.2969919998700717,-0.2494021184536102,0.7653571928252565,0.5536310199616271
cell_00054,2025,0.5623552768312842,0.6336987359121934,0.3190389499769168,-0.2775798466658618,0.8347499392627824,0.7853258517047437
cell_00055,2000,0.2927579688136074,0.5548701394512755,0.2892882598539696,-0.1807372143647982,0.5576008049355776,1.0
cell_00055,2001,0.2061113906371765,0.4510489245721868,0.1875940556435327,-0.0736905316857922,0.3094763999435996,0.4555136376053836
cell_00055,2002,0.2085068197862896,0.4325735763700774,0.1705337660668892,-0.0573741861086511,0.2776263646660052,0.3856216418905798
cell_00055,2003,0.1503994639935139,0.3669368124411743,0.1216755376288032,-0.0457746604229166,0.167293261149213,0.143505715456382
cell_00055,2004,0.1606550249425671,0.3761468115453231,0.1497496447118509,-0.0615872076100894,0.2082698258709952,0.2334250471299918
cell_00055,2005,0.2513425098928024,0.5099443257879832,0.2472610892873306,-0.1398955921306651,0.4531398443342312,0.7707699552895115
cell_00055,2006,0.197003097055729,0.4283322284600963,0.1829677135748452,-0.0969738331253752,0.3041878099154963,0.4439083094366712
cell_00055,2007,0.2160947830123936,0.4108614903434763,0.1704844361835154,-0.0842777867452999,0.28766146852663,0.4076427614878256
cell_00055,2008,0.1626958697245393,0.3657442429994609,0.1375915937835346,-0.0429080180280328,0.1825723266848386,0.1770342303743351
cell_00055,2009,0.1422142312497116,0.316891991800006,0.096098717590199,-0.0211210569344471,0.101897187491896,0.0
cell_00055,2010,0.1961860701277596,0.4109107632681758,0.1613646362333846,-0.0591650993962179,0.2535943351499917,0.3328855463317521
cell_00055,2011,0.2408554417621324,0.5449963593692176,0.2941290569074476,-0.1799428079121575,0.5265481740323665,0.9318578354119632
cell_00055,2012,0.2989399707494733,0.4974780618174537,0.2490124469662261,-0.1233240249354058,0.4623652574435279,0.7910142824270656
cell_00055,2013,0.2341946856306453,0.4328767536956482,0.1957735011346763,-0.0727371011124511,0.3197997333167536,0.478167250563437
cell_00055,2014,0.2401333720434655,0.4291811141642815,0.1892505711321828,-0.0888316071493694,0.3272059820568341,0.4944195875135508
cell_00055,2015,0.3079995913891837,0.4929631136318775,0.2414331956035754,-0.1483131978964663,0.4762411019569228,0.8214635568726647
cell_00055,2016,0.3199271900138365,0.4895456034121301,0.2317941127520917,-0.1366595902654956,0.4663151575925299,0.7996819778277723
cell_00055,2017,0.2720830021200191,0.4416834690734909,0.2023384377417897,-0.1095979237564266,0.374723490446599,0.5986924231261348
cell_00055,2018,0.2535173096129469,0.4251318748023308,0.1970475746741072,-0.1011120336569202,0.3459529581685194,0.535558115701781
cell_00055,2019,0.2631828402183151,0.4646272554307956,0.2123491922994808,-0.1044725054055272,0.3862118368650883,0.6239025508906114
cell_00055,2020,0.2201231426331944,0.3964385877348282,0.160907277761739,-0.0677843463656866,0.2640802482695457,0.3558959257059071
cell_00055,2021,0.299713329491165,0.4810001096084957,0.2318053744234412,-0.141473175705013,0.4537218706328483,0.7720471588848705
cell_00055,2022,0.3354638160449141,0.5064909410067553,0.254209150690282,-0.1687811086480664,0.5214574864459506,0.9206867860905364
cell_00055,2023,0.3101554925788153,0.4843008512718073,0.2272432542298378,-0.1427555144038729,0.4589434065040677,0.7835053428258058
cell_00055,2024,0.3085520308680913,0.4705911342787241,0.2209825134133609,-0.1374037951248716,0.4424600986700962,0.7473342280858432
cell_00055,2025,0.335971765980414,0.5055034591615694,0.2614374466845476,-0.1704469117747873,0.5273575197892326,0.9336338708127928
cell_00056,2000,0.4713543676189486,0.6160163333217128,0.2934804120291962,-0.2251590031396917,0.7221041428565963,0.6707859818286068
cell_00056,2001,0.477874512847763,0.6480654022350494,0.3134816632982645,-0.2470428200479373,0.7721852856694326,0.73478451823805
cell_00056,2002,0.3887071018320308,0.5709971612490606,0.2326861244192072,-0.1650478975712618,0.5689919898868347,0.4751244384571969
cell_00056,2003,0.4027037713633817,0.6345628780948989,0.3142371493225497,-0.2346947385491719,0.7157803226485518,0.6627047916819719
cell_00056,2004,0.4212737370637178,0.6093207164206184,0.2772611747473095,-0.206487190315649,0.6671132015303893,0.6005132291918044
cell_00056,2005,0.4307927889657771,0.6104720493250673,0.2820818700997856,-0.2107284696061511,0.6791773400266653,0.6159299541992175
cell_00056,2006,0.5156119405722008,0.6881163899826465,0.3575250828452339,-0.3010135187860143,0.8821201984207955,0.8752700008214019
cell_00056,2007,0.4391556477356728,0.6390353920940083,0.309265479122445,-0.2404951284083475,0.7386282916066605,0.6919021400474442
cell_00056,2008,0.2870532637827387,0.3273445015764462,0.0922311846717933,-0.0424598485083117,0.1971901301691103,0.0
cell_00056,2009,0.3418494657886242,0.491448231507858,0.2025669940877001,-0.1308782166231669,0.4550537507674704,0.3295231175776039
cell_00056,2010,0.368705078090309,0.5508246808320725,0.2323367721634251,-0.158361386476089,0.542079348336643,0.4407328576468087
cell_00056,2011,0.4105774159183148,0.59916462055633,0.2652160501476711,-0.2069610458596234,0.6474896693338641,0.575436378520591
cell_00056,2012,0.5399770146770799,0.6646443028825115,0.3464889528125476,-0.284897698077796,0.8638566315701535,0.8519310456297178
cell_00056,2013,0.508531634915873,0.6631713797093431,0.3410811684382118,-0.2716653620300782,0.8331814858135471,0.8127313724132756
cell_00056,2014,0.4936059856378608,0.6843973673779274,0.3804739615783251,-0.3030062427424601,0.8853937612806302,0.8794532766035997
cell_00056,2015,0.5439385295690681,0.692516082702024,0.3883539640009816,-0.3223796367896851,0.9359517038029844,0.9440611138767164
cell_00056,2016,0.545474145479761,0.6935023956060167,0.3725091753961675,-0.3104174280322666,0.9182452877996288,0.9214341400173844
cell_00056,2017,0.5419532725252273,0.6968281153523999,0.3855753901062986,-0.3180075402355448,0.9323966203470168,0.9395180838015912
cell_00056,2018,0.54227486556047,0.6972965584160693,0.3974693545127722,-0.3259562955303531,0.9464782694725166,0.9575129793580144
cell_00056,2019,0.5635965671512319,0.7248809361233183,0.4149465831791207,-0.3482905006280917,0.9792187846669438,0.9993519817459036
cell_00056,2020,0.5276403647262438,0.695906099945823,0.3883804973472576,-0.3166322690637462,0.9250912668121292,0.9301825952738306
cell_00056,2021,0.5666273257566399,0.7125192224888941,0.3963569519005548,-0.3327606759301114,0.9699332396537708,0.9874860126958768
cell_00056,2022,0.5675225238164879,0.7157938296633267,0.4079291729347675,-0.3433342469698547,0.9797258821186902,1.0
cell_00056,2023,0.5442822646852372,0.6863693485334488,0.3930164881435977,-0.3244791604555879,0.9373817255395136,0.9458885341996426
cell_00056,2024,0.5658374263111946,0.6958612376973138,0.3987443323467509,-0.33596933152349,0.9661711507285472,0.9826784509763632
cell_00056,2025,0.5488026361983631,0.6818097687229667,0.3752622769816915,-0.3111451196630201,0.9159629409530178,0.9185175360910786
cell_00057,2000,0.3406693438534789,0.637565607132007,0.3851024912280717,-0.2881178426552722,0.7688624426806363,0.8756768147755873
cell_00057,2001,0.271216052045492,0.5887578179649282,0.3221100162703125,-0.2054757710672733,0.6042307727018617,0.5670944637686892
cell_00057,2002,0.2750517578023086,0.5728832395824145,0.2723471315289168,-0.1752865243943244,0.5424489248798159,0.4512917882996544
cell_00057,2003,0.2064941817991552,0.5842882001048744,0.3163235089153745,-0.1893260857162106,0.5514559064677241,0.4681742967151427
cell_00057,2004,0.2451793500362749,0.5774148210161649,0.3067699195955706,-0.180269140295448,0.5560457446231755,0.4767773987120607
cell_00057,2005,0.2767838794995912,0.6260923550651354,0.3609503406524564,-0.2412358817978159,0.6792100405336143,0.7076341226768516
cell_00057,2006,0.2144772985898738,0.6236115034991104,0.3628184741790196,-0.2339776284965499,0.6401756223943617,0.6344687801813896
cell_00057,2007,0.2463839771079056,0.4814221507507676,0.2451727808292572,-0.1477790812348342,0.4383476795766379,0.2561664699296101
cell_00057,2008,0.2301219457398588,0.4312068231212254,0.1635086060745059,-0.0841024978053351,0.3016803893072196,0.0
cell_00057,2009,0.290564478780785,0.5537713887411153,0.3047307345801548,-0.1993007844961764,0.579024423152837,0.5198481799574243
cell_00057,2010,0.2569178097391608,0.579240031068011,0.3266588464245058,-0.1981734129785285,0.589392451381259,0.539281807317487
cell_00057,2011,0.2630128255121723,0.6360237578942354,0.3526236187200563,-0.2277094160921143,0.6623246947439642,0.675984563986191
cell_00057,2012,0.3399316778904734,0.6249836723016421,0.3589147207199066,-0.2353378121573041,0.7077752907199286,0.7611762635099583
cell_00057,2013,0.3192942266472647,0.6372127556528526,0.3725870805917413,-0.2429524585010316,0.7179626369928942,0.7802712241808812
cell_00057,2014,0.2952843952238004,0.6061043150032567,0.3607218476443714,-0.2307570393330776,0.6710152831901803,0.6922740313451294
cell_00057,2015,0.3483397213434501,0.6469526000329301,0.3792421771725359,-0.275123503269981,0.7654893105959318,0.8693542826097587
cell_00057,2016,0.3196084466316262,0.6323204097766166,0.3642541911477115,-0.2342238146412749,0.7037320495673307,0.7535976921408082
cell_00057,2017,0.3353896480075494,0.617619992886282,0.3729045574249861,-0.2511581957731332,0.7215681954365954,0.78702941172398
cell_00057,2018,0.3325310569680983,0.6219180921001678,0.3721772700232902,-0.2522651835145232,0.722632138460175,0.7890236455162747
cell_00057,2019,0.3070902189282568,0.6400828208339221,0.3810310794740089,-0.2421618937534995,0.7182614831505866,0.7808313755171459
cell_00057,2020,0.3123368995265268,0.6574497611903222,0.3943156538008298,-0.2520333351235326,0.7467178823705127,0.83416948824848
cell_00057,2021,0.337590254386535,0.6379201341943223,0.3830124150442494,-0.2630271974579436,0.7491080692784544,0.838649607386515
cell_00057,2022,0.3514399072528354,0.7029414207196268,0.445638678410389,-0.308871165504968,0.835190064898143,1.0
cell_00057,2023,0.3137858449760947,0.5945651142596085,0.3410071108881209,-0.227181328506001,0.6585215425111597,0.6688560105469454
cell_00057,2024,0.3091234352343848,0.6041321992225489,0.3540691081614849,-0.2309451504217022,0.672961335971741,0.6959216742475852
cell_00057,2025,0.3118785202518485,0.5900922551225986,0.3495311269480564,-0.2290332075727909,0.6621882190063997,0.6757287565588687
cell_00058,2000,0.5725996039428689,0.6949398994924229,0.353237614238062,-0.3064388450929867,0.9177442163675562,0.9130322330013994
cell_00058,2001,0.5389664972306427,0.690141310519843,0.3529538074304639,-0.2959133955819193,0.8894157755481252,0.8830810109496263
cell_00058,2002,0.547996804533162,0.6835262399215337,0.3478007326630244,-0.2947227500689434,0.8862680497461566,0.8797529691751496
cell_00058,2003,0.5057845769431759,0.6808282615603991,0.3439782466996293,-0.2870037793603877,0.8538196182105733,0.8454457447024427
cell_00058,2004,0.4888860165637079,0.6788652705484057,0.3456423878001234,-0.2853284480751109,0.8435198812270626,0.8345559921942005
cell_00058,2005,0.5484079826906453,0.6720288736845298,0.3309800390332056,-0.2860069306017294,0.8624796982444038,0.8546019132940255
cell_00058,2006,0.4716955282759782,0.6749281960031985,0.3383265576677595,-0.2781025977699385,0.8219603325409772,0.811761415035897
cell_00058,2007,0.5410574556896312,0.6907667328812553,0.357219656432162,-0.3006251399656,0.8970487021028287,0.8911511860645231
cell_00058,2008,0.5270610937054979,0.6810620495079069,0.3479661164502061,-0.2906648171308905,0.870835347481055,0.8634362119152897
cell_00058,2009,0.518961523357141,0.6888404979767245,0.350309372783967,-0.293716395545896,0.8744215551135086,0.8672278537429511
cell_00058,2010,0.5113704085493259,0.6822745146034855,0.3466269244007811,-0.2814702679735341,0.8558293986441665,0.8475706544504077
cell_00058,2011,0.4956345153095045,0.7019927799240784,0.3729617199441209,-0.3071338174489615,0.8938203165715931,0.8877378640066269
cell_00058,2012,0.6119954692151663,0.7052673215467931,0.371585950783293,-0.3300764982068317,0.96802258225482,0.9661907711182166
cell_00058,2013,0.5791176824412975,0.6999738163776893,0.3695873872666387,-0.3197801366246183,0.9444905126194012,0.9413106780880076
cell_00058,2014,0.5851732151612761,0.7147301609906289,0.3843743015108735,-0.3342136638761471,0.9726728034470704,0.9711073780153888
cell_00058,2015,0.6044526739294116,0.7180096662150114,0.3867139493714862,-0.3405120004502756,0.987501371699404,0.9867853937334612
cell_00058,2016,0.5204091193392165,0.6165649717298147,0.2644145598837413,-0.2178923761912702,0.7240543297626328,0.7082469135457793
cell_00058,2017,0.2437460865380649,0.1791491946271007,-0.010605661356832,0.0466131697059511,0.0541808020232681,0.0
cell_00058,2018,0.4008283543033871,0.40889231372706,0.1355203996567154,-0.0827029822901187,0.3621443428122028,0.3256050854621276
cell_00058,2019,0.5002916102554015,0.5652911041236338,0.2598152797823966,-0.2045789969213136,0.6723315529682083,0.6535612221313226
cell_00058,2020,0.5070658139943034,0.5973006140112495,0.3126045566866735,-0.2426930455023541,0.7563379214700097,0.7423798554192758
cell_00058,2021,0.5396920367952527,0.6515885965183484,0.3484075082483314,-0.2872836393187382,0.8593638625872041,0.8513075884760634
cell_00058,2022,0.5934355423785949,0.7151960951322744,0.4158810317351771,-0.3601686659322398,0.995548145867026,0.9952931235245622
cell_00058,2023,0.5964529255405565,0.7146691710572386,0.4304873280889114,-0.3739700287376319,0.997199406982908,0.9970389763465546
cell_00058,2024,0.6026729552866398,0.7212233984288591,0.4431498078006936,-0.3868172832056101,1.0,1.0
cell_00058,2025,0.613172434461886,0.7401216870554033,0.4590089568920963,-0.4038846770516414,1.0,1.0
cell_00059,2000,0.5864158479817422,0.6794808793822757,0.3369404731101412,-0.2964792464512927,0.8986168557141643,0.6928519504224206
cell_00059,2001,0.5539944749195658,0.6844679723199197,0.3511271458006453,-0.2970790231458515,0.8939804105819665,0.6788054825469223
cell_00059,2002,0.5513335105493724,0.6623531924080913,0.3210284436055938,-0.2705864475762306,0.8413976463888745,0.5195019456811554
cell_00059,2003,0.5059837822064751,0.6632114396218791,0.3283795865631573,-0.2737255281309062,0.8243035558947199,0.4677140810260665
cell_00059,2004,0.4728122727383733,0.6493861860317051,0.3183025085356122,-0.2583048906115094,0.7810666379030454,0.3367245055454809
cell_00059,2005,0.5434040731712005,0.6783762771724166,0.3443536225452108,-0.2976220216328317,0.8804144803663314,0.6377064513836127
cell_00059,2006,0.4862219465853953,0.6846948333620679,0.3598176514782156,-0.2969514896218144,0.8630126684075284,0.5849863208341711
cell_00059,2007,0.5617270474171616,0.6968222227483881,0.3704463253975829,-0.3158621552191032,0.9311936358764692,0.79154581673376
cell_00059,2008,0.5003172545948459,0.6316066912671494,0.2966585667721561,-0.2445436012331273,0.7618502968158585,0.2785071191493127
cell_00059,2009,0.5114131776338039,0.6627496220427346,0.3320535679167743,-0.2746619167793356,0.8302147817636574,0.4856225953954549
cell_00059,2010,0.5176255536533066,0.677376935132822,0.3514616105580885,-0.2875733963077275,0.863992597577317,0.5879550917807117
cell_00059,2011,0.4764349903300195,0.6467202858754073,0.3191007638812959,-0.2575408368955239,0.7816099526746901,0.3383705195214025
cell_00059,2012,0.5420467515909754,0.5566418397247427,0.2386486855094466,-0.1961693880168618,0.6699209243709412,0.0
cell_00059,2013,0.5575678729984299,0.6492859043364404,0.3251037141605423,-0.2786046676013198,0.8457472109357674,0.532679286712554
cell_00059,2014,0.5769388195570185,0.6758552466675535,0.3618652461807985,-0.311907730197464,0.9191799848148328,0.7551495349072282
cell_00059,2015,0.6060090100448807,0.6899520939045299,0.3635810217622523,-0.3223993447031271,0.9487441979785232,0.8447165973068894
cell_00059,2016,0.5813531200505307,0.6401961370417205,0.3142756573464642,-0.2739147652099031,0.8429809923231153,0.5242988142231049
cell_00059,2017,0.5884109038280377,0.6805284567599024,0.3721379566391817,-0.3228705803477263,0.942591925208374,0.8260778127719286
cell_00059,2018,0.5929723874764735,0.6887726989446601,0.3743841717706002,-0.3255588692604428,0.95305530611844,0.8577774316893808
cell_00059,2019,0.594844685723921,0.6985291324479149,0.3816943180778362,-0.3320189940757861,0.9689587581452004,0.9059581653407088
cell_00059,2020,0.6037660545017299,0.7118590689193413,0.390035046979494,-0.3398408018536257,0.9893752007370018,0.9678113517412468
cell_00059,2021,0.5967004643120929,0.6963550761495491,0.3781912845687664,-0.3296742063261351,0.9647414501386928,0.8931815056918947
cell_00059,2022,0.6132743170339913,0.7265195554828427,0.4083429320658361,-0.3606993440656107,1.0,1.0
cell_00059,2023,0.5833029211051628,0.6794162514875364,0.3742934461470263,-0.3233933377443199,0.9410347221088522,0.8213601459626824
cell_00059,2024,0.5821822332394245,0.6707152133328028,0.3654093908119932,-0.3158835109993028,0.924326720446348,0.770741967180333
cell_00059,2025,0.5845429823228562,0.6810610240795071,0.3742915652609877,-0.3239371451664016,0.9429930170375176,0.8272929513819086
cell_00060,2000,0.5634943458473196,0.6369654991141377,0.2974894488306921,-0.2608825664448119,0.810935319199334,1.0
cell_00060,2001,0.4621200082471114,0.5898868582722673,0.2564378996001668,-0.2045793271213069,0.6627888642529406,0.4900333220002746
cell_00060,2002,0.4318451544183864,0.5830243258879386,0.2531758511620797,-0.1965046371636866,0.6347057304363255,0.393362345529976
cell_00060,2003,0.3925795410127606,0.5854552551461067,0.2543184420275252,-0.2017205266871077,0.6188653437779106,0.3388347541316799
cell_00060,2004,0.4470136540414299,0.5933289149828022,0.2697351402956914,-0.2200807640932816,0.6761252237072725,0.5359412644481504
cell_00060,2005,0.4936087433373458,0.6174743770248217,0.2815453547092512,-0.2376228301837211,0.7350938036362225,0.73892965741111
cell_00060,2006,0.38064171406863,0.5971051041131199,0.2800207731504016,-0.2302465513617119,0.6559122830576775,0.4663619673977452
cell_00060,2007,0.4646491271045745,0.573814972135513,0.2505446794700406,-0.2043611013560594,0.6509458107258347,0.4492658080778083
cell_00060,2008,0.3917029167687268,0.5402224762549424,0.2164590431686667,-0.1695148888721245,0.545117887289983,0.0849728212917319
cell_00060,2009,0.4421408747039679,0.575319983344869,0.2512341917700951,-0.1942120969359984,0.6331519942998194,0.3880138972238127
cell_00060,2010,0.4392328961350406,0.5917190734618976,0.2638811368174236,-0.2054655927533645,0.6570858750049411,0.4704018398799442
cell_00060,2011,0.4492154301707338,0.6067988855375716,0.2779448164611072,-0.2314302031386517,0.698182812536417,0.6118704205251757
cell_00060,2012,0.5388718236751255,0.5557509936141964,0.2322594596143483,-0.190565385826243,0.6594637814018769,0.4785873413573737
cell_00060,2013,0.4639330969633864,0.5344058091302395,0.2181951688158596,-0.174275756584643,0.5858069155212778,0.2250372498712672
cell_00060,2014,0.4231600177511659,0.5076365268573145,0.2021071320762519,-0.1490650236689927,0.5204330935882849,0.0
cell_00060,2015,0.4738695338527726,0.5467093497108862,0.2393979193959599,-0.191056298139925,0.6241743875114085,0.357110151927104
cell_00060,2016,0.539531554827348,0.5803107904408503,0.2530227142821555,-0.2124925521759401,0.7027255489606149,0.6275079476203386
cell_00060,2017,0.4642138088543757,0.5400710521982998,0.2328297262096491,-0.1848409215926667,0.6064324304576044,0.2960367573378362
cell_00060,2018,0.4717532017231141,0.5737985341405846,0.2671687617398247,-0.2091114741530892,0.6696358428790223,0.5136027752520687
cell_00060,2019,0.5095622272361428,0.5951313548545824,0.2758360502887892,-0.225301120045742,0.7191240120582114,0.6839566135921864
cell_00060,2020,0.48696149435111,0.5765087022025182,0.2707240855977612,-0.2175868473019637,0.6876328904526068,0.5755542716157507
cell_00060,2021,0.500039847837888,0.5809342926060167,0.2660073207499525,-0.2158408688529957,0.6927876102342686,0.5932984378465576
cell_00060,2022,0.4893384291115374,0.569700903102492,0.2555370197655007,-0.2081479187855189,0.6681927185535748,0.5086350875780342
cell_00060,2023,0.5144131277480533,0.5722151686630285,0.2574609047764658,-0.2177549498374054,0.6910965788849286,0.5874773762495834
cell_00060,2024,0.5125263685349883,0.5789718198802041,0.2677636244193818,-0.2225933936452409,0.704278267780775,0.6328528940037751
cell_00060,2025,0.5275180387708602,0.601673893318523,0.2835521640302275,-0.2393656641755059,0.74741495291053,0.7813429272178762
cell_00061,2000,0.487835437102202,0.6164468800589039,0.2888710239224523,-0.232018724251026,0.7327331268789775,0.7419700454916501
cell_00061,2001,0.4196938642539222,0.6213559377819913,0.2952099790918431,-0.2259605762569281,0.6985559951759532,0.6930617810689959
cell_00061,2002,0.4427513166058583,0.6102769275045521,0.2901662962692866,-0.2225158062416301,0.6991632979047858,0.6939308452931219
cell_00061,2003,0.3638352151316488,0.6186100007654518,0.2990767784869761,-0.2258433696823647,0.6690834821952032,0.65088593464081
cell_00061,2004,0.3912556843708922,0.6150888070270023,0.3025369142651295,-0.2321729250520157,0.6887866089150823,0.6790815638101132
cell_00061,2005,0.4947844295512087,0.6545347799781076,0.3274916171974563,-0.2728178516653364,0.8121093724708288,0.8555592852797355
cell_00061,2006,0.4370041872272273,0.6493870104049313,0.3365715512585791,-0.2691660480206264,0.7815261940085511,0.8117940509085334
cell_00061,2007,0.4602849776676516,0.6543079378996978,0.3359887132056939,-0.2697942922178598,0.7970224601996314,0.8339695655486377
cell_00061,2008,0.2387903259811327,0.3864325666377889,0.13607315035833,-0.0779055898797272,0.2581240568289598,0.0627935102254603
cell_00061,2009,0.2565772705973653,0.390851795290828,0.1460818343725978,-0.0820889714323913,0.2801248941535909,0.0942772163112359
cell_00061,2010,0.3350418210849606,0.4810269146767552,0.1835514217442247,-0.1232078429005948,0.4270793807227429,0.3045724789351464
cell_00061,2011,0.4234326507229813,0.6325901139295336,0.3245616572844966,-0.2642661699982,0.7530532621671141,0.7710486281653491
cell_00061,2012,0.5424301833741934,0.6430386647098195,0.3319162240704156,-0.2793244413676661,0.8392289941328064,0.8943680899158767
cell_00061,2013,0.5124989527069631,0.6370341717712065,0.3277022071633921,-0.270960251357206,0.8109522891680061,0.8539034723629223
cell_00061,2014,0.4950687502382246,0.6381207979520063,0.3363725157115743,-0.270195437438284,0.8075726157510018,0.8490670816857483
cell_00061,2015,0.5353118092982555,0.6709972175784007,0.3786394063951238,-0.3170151703334744,0.9088474877298977,0.9939937613484532
cell_00061,2016,0.5597772700708417,0.6747833258020778,0.3657567387902333,-0.3122081403132539,0.9121144811476096,0.9986689043455
cell_00061,2017,0.4924487364633403,0.6473749863061349,0.3356919240042906,-0.2723970265567488,0.8122953438305304,0.8558254145884897
cell_00061,2018,0.5158600828538458,0.6604814882914599,0.3715066231407977,-0.301575802692981,0.8770106053651862,0.9484344477519746
cell_00061,2019,0.5324958584936146,0.686703820076166,0.3785502033486047,-0.3126046870545556,0.9130446517850306,1.0
cell_00061,2020,0.4799461513178213,0.6490951126015855,0.355418934396722,-0.2799556239693386,0.8252751619664132,0.8743998339711303
cell_00061,2021,0.5308293695070925,0.6797176035301823,0.3758847570261371,-0.3098830417272983,0.9045511288801872,0.9878455726560228
cell_00061,2022,0.4402010846236099,0.565278297456503,0.2788443522710652,-0.2105651760450057,0.6567615840656861,0.6332530139749104
cell_00061,2023,0.2630307918819151,0.3555930769219378,0.1108405092253946,-0.0446040589893275,0.214243904989495,0.0
cell_00061,2024,0.3236301626538201,0.4194878739227848,0.166368583374024,-0.100127044038148,0.359054200642929,0.2072268759263426
cell_00061,2025,0.4029121679099238,0.5234741201771635,0.2501951400046192,-0.1812954586071798,0.5734081922318296,0.5139723861048243
cell_00062,2000,0.5629417965850333,0.6499093824959272,0.3186052279196281,-0.274156260942436,0.841510016751211,0.7420565804145541
cell_00062,2001,0.5471144875756119,0.6636147915480404,0.3246765429763929,-0.2728533311484699,0.8438623912511029,0.7459165982030213
cell_00062,2002,0.4848837899334202,0.6173993658513001,0.2852631356273446,-0.2309310539392475,0.7283962513017663,0.5564478915023825
cell_00062,2003,0.4618579807384446,0.6334369788890682,0.3038612913897346,-0.246428964368958,0.7481252774273778,0.5888213047482299
cell_00062,2004,0.5013503733255278,0.6389182052630695,0.3108529542321434,-0.2511231231974533,0.7808277986494471,0.6424829617891109
cell_00062,2005,0.5471761035272535,0.6709004224458388,0.3377646430180334,-0.2807546844598187,0.8624051888776829,0.7763435258413863
cell_00062,2006,0.5577301041617321,0.6786890531412276,0.3406144131158483,-0.2931987606865602,0.8828503177773668,0.8098919940992725
cell_00062,2007,0.5099858481109826,0.6537112386215954,0.3267614277920877,-0.2688011040711002,0.8167682197314122,0.7014576976178497
cell_00062,2008,0.4784735489296329,0.6053722164234756,0.2943018847286396,-0.2333628667616593,0.7261366011913286,0.5527400254196639
cell_00062,2009,0.35410320953815,0.4439575170546634,0.1613612685773048,-0.1052317641451131,0.3892854227455553,0.0
cell_00062,2010,0.3910422454846073,0.4567949311549498,0.1648254434655748,-0.1112382417942376,0.4231020082777441,0.0554897282322474
cell_00062,2011,0.4029173426603769,0.5240342472287236,0.2144530075822273,-0.1622768988143481,0.5359808356412745,0.2407129065929065
cell_00062,2012,0.5617194020334368,0.5878457277743789,0.2562596246986883,-0.2125649209721621,0.7213806181286895,0.5449359197280407
cell_00062,2013,0.5266087988184612,0.6015390065438064,0.2817258903452794,-0.2317309292487289,0.740451104522046,0.5762287333155287
cell_00062,2014,0.4960220997139982,0.6039771798396825,0.288632857799907,-0.2306484914868609,0.7291785435337998,0.5577315569780829
cell_00062,2015,0.5775759895592354,0.6563226864779127,0.3425253240025254,-0.295733792438567,0.8842790672137497,0.8122364329800519
cell_00062,2016,0.5851028520682445,0.6557698278298395,0.3350880488204077,-0.2898022391112603,0.8789142850377596,0.8034333471484698
cell_00062,2017,0.5782665416369395,0.6730420965585231,0.3645466487181356,-0.3134735169602215,0.921263141935212,0.8729237029370269
cell_00062,2018,0.5539888939932399,0.6606885918558282,0.3659152710225614,-0.306074222986011,0.8970932867084116,0.833263321001917
cell_00062,2019,0.5805260063958708,0.6909468887766778,0.3813198522742271,-0.326273964348941,0.9527868909967888,0.9246511094968474
cell_00062,2020,0.5604431957935362,0.67850944206779,0.3727718860983074,-0.3149601484661895,0.9213066249381596,0.8729950543161892
cell_00062,2021,0.5959267171907042,0.7072732941943205,0.4003016349934611,-0.3472836692783771,0.9961232937150588,0.9957619319396118
cell_00062,2022,0.5992060631006749,0.7181759237723064,0.4161666693596321,-0.3627680150591454,0.9987060598525234,1.0
cell_00062,2023,0.5919549050207966,0.7023355461620779,0.4082375592054758,-0.3539200770164958,0.9911975115184664,0.9876792023819516
cell_00062,2024,0.6022642094657706,0.7011703521516338,0.4008673888645003,-0.3513417913726892,0.995810185736826,0.9952481521967412
cell_00062,2025,0.5324279803208728,0.6445408488172357,0.3496213800705228,-0.2881926558435371,0.8529183519267208,0.7607765489894079
cell_00063,2000,0.567022383197202,0.6860944646152446,0.3469665455559659,-0.3045985831361851,0.9041421506915002,0.8915875137896577
cell_00063,2001,0.4721462551552369,0.6152193919044848,0.3040881578900305,-0.2548128225478939,0.7493752855821758,0.5455691507511147
cell_00063,2002,0.3183314931151615,0.6253778474544448,0.3370992752192307,-0.2426843399301338,0.6858330934413709,0.4035053744194634
cell_00063,2003,0.3235967182775072,0.6886541933077002,0.4219231000378267,-0.313984627721097,0.8154142631238785,0.6932150883332825
cell_00063,2004,0.4343424704763465,0.6416146740335072,0.350602234188867,-0.2774574012995645,0.791106233413247,0.6388686709446276
cell_00063,2005,0.530329438787367,0.6717024814768138,0.3418023168184864,-0.2999670618369605,0.8693253212908615,0.813746159912707
cell_00063,2006,0.4520219675384699,0.7028267253735773,0.3985874515948915,-0.3174872943240835,0.8952798172707225,0.8717736466496008
cell_00063,2007,0.4431831690027331,0.6696655795471868,0.3700098586171246,-0.2976896437346334,0.8387073423889445,0.7452923411207693
cell_00063,2008,0.4285310093588511,0.5677140411803754,0.2721213422011567,-0.2181822886862537,0.652131156515207,0.3281566294656776
cell_00063,2009,0.4475578968388305,0.6066863463884768,0.2997879533473713,-0.2408725644052359,0.7188181584241342,0.4772513805945804
cell_00063,2010,0.4412795664034863,0.6525604078786099,0.3483653433459122,-0.279564896930139,0.8008501448020214,0.6606535165958898
cell_00063,2011,0.3047955973080394,0.5966362313296444,0.2691938856210067,-0.2113510354846805,0.5939144190869755,0.1979991815382289
cell_00063,2012,0.5578401831675552,0.6470284047743413,0.3388705084142656,-0.2935584322823918,0.8642843866106296,0.8024759441271384
cell_00063,2013,0.5579235504135037,0.6794800340441332,0.3786024167457834,-0.3252031750171577,0.9314080580406552,0.9525469744665336
cell_00063,2014,0.4578463077291702,0.703056094075075,0.4385879676598855,-0.350855359000403,0.9182082827380732,0.9230357180393276
cell_00063,2015,0.5437323579663559,0.6555046377238252,0.3580210163382556,-0.306812333440438,0.8835626601815194,0.8455771380325425
cell_00063,2016,0.5916932114853831,0.677313770685371,0.3761335961624584,-0.3336821553783735,0.95263281599071,1.0
cell_00063,2017,0.4808377979926895,0.5500716756412893,0.2514186249621144,-0.2020889564142108,0.6456605691226318,0.3136900829222998
cell_00063,2018,0.4145476594831324,0.4631461416285762,0.2146927740970138,-0.157466442249699,0.5053534758127878,0.0
cell_00063,2019,0.4485468733217006,0.5322168020123571,0.2338539419211534,-0.178557357150204,0.5899889183690205,0.1892227853013861
cell_00063,2020,0.4744643454059015,0.5740746698569583,0.2837391549700473,-0.2253713721193529,0.6937560110275159,0.4212189526567086
cell_00063,2021,0.5471831310005693,0.6202574562649402,0.2950871104264816,-0.2499317237666261,0.7836811673333068,0.6222681588865777
cell_00063,2022,0.5312375671473041,0.622660645837196,0.3234413551111444,-0.2675968366910226,0.8079619490735013,0.676553656916815
cell_00063,2023,0.4917615409860805,0.5926900784965168,0.293414644360826,-0.236144655219226,0.7275820976671703,0.4968452640043304
cell_00063,2024,0.5682677283600588,0.6415678498974708,0.3567899948572848,-0.3070176049988118,0.8884978018423368,0.8566108282066837
cell_00063,2025,0.4876436387638354,0.6275823267611117,0.3510550285869424,-0.2818847905234271,0.8157359575311485,0.6939343131629873
cell_00064,2000,0.5154230348477199,0.637334348406348,0.3142215085495823,-0.2534936068137769,0.7915904750930962,0.6897793144169604
cell_00064,2001,0.4757763971747864,0.6089540580413084,0.2908406351545196,-0.2268967376480573,0.7199048479014416,0.5830741893811487
cell_00064,2002,0.4585762222143043,0.5710121724283491,0.253740781965276,-0.1959333022004556,0.6426514920655354,0.468081417233567
cell_00064,2003,0.4139657851733936,0.5983991292431873,0.2787066596614837,-0.2103699807435124,0.6606382162404218,0.494854924382143
cell_00064,2004,0.4102863698984378,0.6100052052074008,0.2910254822763627,-0.2206335180216971,0.6805858052961775,0.5245472081458985
cell_00064,2005,0.5064364142871209,0.6679862132825871,0.3461210801572525,-0.2853745186294402,0.8474262782177286,0.7728917399797582
cell_00064,2006,0.417752459319088,0.6626912256180975,0.3541049352293199,-0.2825550313494559,0.7996396646351671,0.7017606530781587
cell_00064,2007,0.4421180138707146,0.6500578542306531,0.3481792543674539,-0.2685721541180252,0.7924213951364585,0.6910161512920104
cell_00064,2008,0.4608551206948158,0.6387532295964742,0.3288777387462457,-0.2601015567324418,0.7771980353528387,0.6683559532465451
cell_00064,2009,0.4255572537786896,0.5691587616596026,0.2442858743349041,-0.187310977278568,0.6111594513940559,0.4212050450913661
cell_00064,2010,0.3444240186989816,0.4121210488665212,0.1361744501213025,-0.0747227843162412,0.3281894644929571,0.0
cell_00064,2011,0.4289762810194617,0.555857335485822,0.2539974213308565,-0.1927063395046654,0.6160241541835465,0.4284462277349502
cell_00064,2012,0.5253561902869108,0.6261608052395714,0.3201946998623557,-0.2674178673998738,0.8043031326127736,0.7087022947034822
cell_00064,2013,0.5125676803798598,0.6187104148318923,0.308299247507354,-0.2483675839597345,0.7720709319493455,0.6607241833761551
cell_00064,2014,0.513129977385203,0.6346518591593148,0.3378404565924284,-0.2724508885806243,0.8180606469742797,0.729180559979752
cell_00064,2015,0.5548255597183946,0.6565172753432662,0.3486012880994167,-0.2933686189311549,0.8746038853971383,0.8133460135330862
cell_00064,2016,0.5255599983652873,0.6192373498719816,0.3252824889574798,-0.265965413958741,0.8031421745739707,0.7069741913507613
cell_00064,2017,0.5670788717512248,0.6839456641148947,0.3862120445336148,-0.3276079765878824,0.9458415504696096,0.9193843402745764
cell_00064,2018,0.553894809432201,0.6669884413484566,0.368900935046814,-0.3076613786637117,0.9037049474769474,0.8566633783878147
cell_00064,2019,0.5782624889149443,0.7015485258865138,0.3935636592980556,-0.3366252370673119,0.9729557559568456,0.9597442394636708
cell_00064,2020,0.554671856896634,0.6889715427572566,0.382907886201845,-0.3202927370816602,0.9346421557472718,0.9027138742273518
cell_00064,2021,0.5761279008106082,0.7019327906426104,0.4058374743110809,-0.3457063924098713,0.982259098750214,0.973592403941096
cell_00064,2022,0.6065993950291062,0.7392655490007477,0.4481842736719421,-0.3919741714647353,1.0,1.0
cell_00064,2023,0.5872061182182625,0.7075531363578698,0.4224510148057103,-0.3646286925514582,0.9915069300862088,0.9873579387864448
cell_00064,2024,0.6021021530239832,0.7138768485387775,0.4345538804010119,-0.3787862645504786,1.0,1.0
cell_00064,2025,0.5787084329754719,0.7078635273329086,0.4384277639429734,-0.372898272539348,0.9870295832099064,0.9806933411958118
cell_00065,2000,0.5529497695151235,0.6900647114626032,0.3561738580874408,-0.303538792552453,0.9043853058929496,0.8168613679872812
cell_00065,2001,0.5090960357807695,0.666095115248004,0.3406677565429628,-0.2790732447754938,0.8397922986218642,0.6810726731848095
cell_00065,2002,0.4930623052841776,0.6537531116180043,0.3100404773701131,-0.2516234707777606,0.784327585404687,0.5644736583139643
cell_00065,2003,0.3930497421354393,0.6850090044353118,0.3813299198021848,-0.2951555875380851,0.8260460689024457,0.6521750777497328
cell_00065,2004,0.4526833358515708,0.6656081172078641,0.3569569603584504,-0.2846594929305091,0.8237860964923396,0.6474241191425575
cell_00065,2005,0.5034335914166891,0.6753089717309927,0.3494482565281429,-0.298374983919718,0.8608994073200562,0.7254444536958615
cell_00065,2006,0.4335510466372143,0.6883456996872598,0.3796408766545321,-0.3029813565840924,0.854129983103914,0.7112136364958443
cell_00065,2007,0.5037755143544018,0.6670915013114537,0.3502352310494752,-0.2899211892632627,0.8513947729257051,0.7054636236724643
cell_00065,2008,0.4669932905153316,0.646476153385062,0.3274190174345069,-0.2695799064147377,0.7901895135098129,0.5767967192775199
cell_00065,2009,0.480253138934552,0.6694597052895208,0.3617621319186344,-0.2941158235036556,0.8507155566024116,0.7040357617114709
cell_00065,2010,0.4655502870348585,0.6730006921860504,0.3728569332705931,-0.2995649474477003,0.8560544291223846,0.7152592449000054
cell_00065,2011,0.4718707411812302,0.7033249326003668,0.374469929027765,-0.3077695943631319,0.8830390552039169,0.7719868584629718
cell_00065,2012,0.5996340840714703,0.7075728336138641,0.3832837568995725,-0.3369754141012851,0.9810521109711962,0.9780318388489282
cell_00065,2013,0.4942117699321551,0.6769333595466268,0.3717858931456179,-0.2976026245080618,0.8718678366609864,0.7485025023478983
cell_00065,2014,0.4543648102893531,0.5511308844564526,0.2594318654288887,-0.2037544093577258,0.6384849852723354,0.2578804657187056
cell_00065,2015,0.4779627399798932,0.526741679532644,0.2359081277334009,-0.1908163749098361,0.6126826988925571,0.203638390013429
cell_00065,2016,0.4579025859403597,0.4884385565699151,0.1875538588337714,-0.1449594769550993,0.515814428482095,0.0
cell_00065,2017,0.514621616481097,0.6178652879766776,0.3236296791795931,-0.2672809977042538,0.7961162459595876,0.5892560132134846
cell_00065,2018,0.5055540269354191,0.609988449815193,0.3191387013905612,-0.2577139856224587,0.7772141836041404,0.5495197246466869
cell_00065,2019,0.542008727425501,0.6845919703546467,0.3858947268125808,-0.3212535534569494,0.928004224445736,0.8665135247520033
cell_00065,2020,0.5389617577196689,0.6834094965942281,0.3821495081955858,-0.3189142883342157,0.9214908513938068,0.8528209833632551
cell_00065,2021,0.5475719274359497,0.6985297230155257,0.4050450021380642,-0.3408195616384,0.9614620355159884,0.93684919556402
cell_00065,2022,0.5860421096613854,0.7139962328954719,0.4143208703510664,-0.3588390735689148,0.99150209427082,1.0
cell_00065,2023,0.5636404686805002,0.6838989921330307,0.3955264627059381,-0.3363401803759825,0.9562985543876368,0.925994423620774
cell_00065,2024,0.5579975444811994,0.6878640409669847,0.3983143242050591,-0.3389743372543156,0.9591351044384248,0.9319574751245056
cell_00065,2025,0.5511907324545776,0.6701158145998921,0.3949984842110516,-0.332185020953804,0.9386506194514554,0.8888945864683437
cell_00066,2000,0.5545646750969737,0.6821556283586305,0.3446528616827908,-0.2952993099059774,0.8872823304605449,0.7936719520521445
cell_00066,2001,0.505574323015894,0.6643473146890302,0.3322768929273538,-0.2704115518825885,0.8252194950144623,0.6800668381421474
cell_00066,2002,0.5143003184075364,0.643085498919205,0.3104536473002129,-0.2547820541521741,0.7924086894996701,0.6200071378207691
cell_00066,2003,0.4577048342485307,0.6605845995908224,0.3294119831945856,-0.2628711421340724,0.7898711603629153,0.6153622277943587
cell_00066,2004,0.4577753479049725,0.6546059880050504,0.3321202080523712,-0.2640259725517906,0.7892454618082794,0.6142168957278841
cell_00066,2005,0.5305397028803236,0.7094204313613623,0.383124579438896,-0.3261745709145753,0.9365160828119958,0.8837936167150858
cell_00066,2006,0.4403625708532785,0.6886406133871811,0.3636810588283021,-0.2960691144800726,0.8422272380818867,0.7111992634436837
cell_00066,2007,0.5306259420955899,0.6981537295533463,0.3753498036406585,-0.3148927117499056,0.9176968095495132,0.8493452118473277
cell_00066,2008,0.4836270583784295,0.6882108677406328,0.3687366741107664,-0.2972630026858651,0.8700005983287266,0.7620379937696083
cell_00066,2009,0.508544924508936,0.7012348921453723,0.3768603465016826,-0.3104520054775766,0.9054128959599184,0.8268596874175128
cell_00066,2010,0.5231258112387253,0.6955688798496977,0.3757783645824962,-0.3084220677745091,0.9081176368760726,0.8318106761641302
cell_00066,2011,0.4729428430181693,0.7206699276660768,0.3983003448964881,-0.3239014763574337,0.9140904610069586,0.8427438435077842
cell_00066,2012,0.6219059145834703,0.733039656761005,0.4036866532262868,-0.3609284061550644,1.0,1.0
cell_00066,2013,0.5820971574684344,0.7165762894119989,0.3998169512057313,-0.3440388184085868,0.9881737371846218,0.9783521986287944
cell_00066,2014,0.5341546459521359,0.6633764743079772,0.3299790851597818,-0.2743532370316007,0.841351424223851,0.7095960989670536
cell_00066,2015,0.4075486952803145,0.44678268794421,0.1838204259541863,-0.1319228824777444,0.4536968160143612,0.0
cell_00066,2016,0.4448653016392922,0.4859186231249937,0.1825836361543609,-0.1323942181759886,0.4953824102148561,0.0763048714019406
cell_00066,2017,0.5455241040660749,0.6399305685236083,0.3321357965385658,-0.2764520391991214,0.837419525393105,0.7023988155793564
cell_00066,2018,0.5581164479712993,0.6801464151010286,0.3855241299575708,-0.3216604958163535,0.9343545863655942,0.8798370290367346
cell_00066,2019,0.5808825335880408,0.7098897613125779,0.397970670066317,-0.3402561588906334,0.9838835121958068,0.970499004441796
cell_00066,2020,0.5720621504523791,0.7091278999546227,0.3979580666700004,-0.3346788941381814,0.975312302501471,0.954809530271422
cell_00066,2021,0.5845207331801701,0.7308800206762444,0.4409189603624309,-0.3765284410689597,0.9906695219088748,0.9829206961177614
cell_00066,2022,0.61286227366949,0.7572735536133788,0.462190556103415,-0.4061809633900591,1.0,1.0
cell_00066,2023,0.5932416216863748,0.717900650715101,0.4306415227428096,-0.3725488922180497,0.995442022885144,0.9916566894565711
cell_00066,2024,0.6038642648447892,0.7328414072816257,0.4481008717100563,-0.3899552737055127,1.0,1.0
cell_00066,2025,0.5963312623969005,0.7350619673197818,0.4555204210888801,-0.3927378278349882,0.997132826900906,0.994751681514693
cell_00067,2000,0.5148000781854527,0.6163281785600268,0.287669524989716,-0.2398830480556369,0.7518500338907748,1.0
cell_00067,2001,0.4103507512090752,0.5709546787705788,0.2464905702306967,-0.1874594844652503,0.6054805385953773,0.4268962282560221
cell_00067,2002,0.3860854661599364,0.5512708115818018,0.2313644829987694,-0.1685645303066084,0.5579929104913689,0.2409603628446016
cell_00067,2003,0.339160238508036,0.5242931900691427,0.2146910664471182,-0.1548884175966879,0.4964521417254708,0.0
cell_00067,2004,0.3678108404459954,0.5362181767410927,0.2290178823258237,-0.1709295745303462,0.5395444531686995,0.168726182811789
cell_00067,2005,0.45032405347017,0.5866248459783895,0.2695475428324654,-0.2191326337183493,0.6734338507904275,0.6929646425993481
cell_00067,2006,0.3757540980115604,0.5841687440186512,0.2832098992422258,-0.2236148572962973,0.6438164353412467,0.5769988638762753
cell_00067,2007,0.4144377310436993,0.5442184751357229,0.2363082765514988,-0.1822824288386148,0.5822241403019557,0.33583675201583
cell_00067,2008,0.3604451608287544,0.5338544559825789,0.2163796583052723,-0.161080943943837,0.5187584044422885,0.0873392592542625
cell_00067,2009,0.3887455120124548,0.5518737027974646,0.2460622304976173,-0.1804250888982935,0.5780106649088048,0.3193390614615801
cell_00067,2010,0.3793580987363392,0.5310001984304369,0.2270768803411467,-0.1671620894947936,0.5390740714287079,0.1668844223493059
cell_00067,2011,0.3761796910489492,0.5545991027883843,0.24621531311695,-0.1920234290530306,0.5805283428336291,0.3291969263933499
cell_00067,2012,0.4784678904244557,0.5401073878628344,0.2317531270231064,-0.1804411895662691,0.6105532779125697,0.4467583315575996
cell_00067,2013,0.4521276941205599,0.5364153370779952,0.2350973093157209,-0.1859136219009688,0.6000854925870837,0.4057721462890426
cell_00067,2014,0.4031165003920167,0.5085602026162194,0.2227278485165503,-0.1620484684743492,0.5331007926644669,0.1434962936783971
cell_00067,2015,0.4657281420913869,0.5646753439102058,0.2755787671296784,-0.2187339600965149,0.673581784181911,0.6935438697426469
cell_00067,2016,0.4897192527488209,0.5598093658119556,0.2554782438227994,-0.2080261225989108,0.6627650692202374,0.6511914647561854
cell_00067,2017,0.438115658869643,0.5340188163203895,0.2396185900351561,-0.183618048915802,0.5927071456249601,0.3768825305621124
cell_00067,2018,0.4189056853799567,0.540894680896073,0.2565335289446038,-0.1886697300396033,0.6012437565961292,0.4103072816389296
cell_00067,2019,0.4277760818241709,0.5314782618426294,0.2490417677091705,-0.1888275529157249,0.5957141552174516,0.3886563536230534
cell_00067,2020,0.4047602987351346,0.4999584181828644,0.2253928357375194,-0.1682601757267637,0.5352306233973946,0.1518355587947638
cell_00067,2021,0.4351782066755693,0.524975988606273,0.2316927576467867,-0.1781123961632617,0.5768270876908845,0.3147048132777532
cell_00067,2022,0.4570649297826099,0.5473320619907492,0.2606920333261862,-0.2058269219786239,0.640114909317274,0.56250569013631
cell_00067,2023,0.4510573810324536,0.5228875054391532,0.2300248607389076,-0.1843497195838143,0.587363572892394,0.3559599901007861
cell_00067,2024,0.4547110736363361,0.5388334102977141,0.2585989455697443,-0.2048661099551622,0.6319819722265008,0.5306615076263413
cell_00067,2025,0.4711658550734625,0.5536121603403878,0.264429436834609,-0.2138185579520174,0.6592991547693001,0.6376208184930049
cell_00068,2000,0.4520331637504599,0.6002962140599792,0.2860878899485659,-0.2225704369845575,0.6958631351697887,0.9473107915214092
cell_00068,2001,0.3521656581183442,0.5399390336595076,0.222504808116379,-0.1582425648221017,0.5200028746512592,0.4717738914866522
cell_00068,2002,0.3301299238396037,0.516198348789641,0.2063479487784668,-0.1395350382641206,0.4708785956028997,0.3389388365048142
cell_00068,2003,0.2935109683961941,0.5133167042643226,0.2067269103149057,-0.1427800435412463,0.4516712153539601,0.287000905590586
cell_00068,2004,0.3152189860073289,0.5071740258488582,0.2117219514154985,-0.1463514386939508,0.4660135149996164,0.3257833610057841
cell_00068,2005,0.4002219707601283,0.5782402821854605,0.266362502872959,-0.2094261808542349,0.6326129053053146,0.7762783015913225
cell_00068,2006,0.3498576287433387,0.5596051450651962,0.259881656781708,-0.199960575235807,0.5837905877422442,0.6442597689336349
cell_00068,2007,0.3942246248782048,0.553759820287371,0.2442023839241149,-0.1832177875722022,0.5826297275109718,0.6411207318702002
cell_00068,2008,0.3366477745018563,0.5265727362946907,0.2083808523264493,-0.1496469048932419,0.4884227073307604,0.3863791876127398
cell_00068,2009,0.3364127985048485,0.5353208661956946,0.2318825035421795,-0.1625952321047482,0.5182837495325584,0.4671252720241972
cell_00068,2010,0.3207646809829227,0.4846270082299024,0.1818534566016003,-0.1229346937839783,0.4199020435228901,0.2010951219605956
cell_00068,2011,0.3446217975000781,0.5246301471878613,0.2212851622930366,-0.1685826180641602,0.5134137495766813,0.4539564942948864
cell_00068,2012,0.4866581116016883,0.5485804101185245,0.2394256488657123,-0.1865420193292132,0.6292117277279932,0.7670813094066287
cell_00068,2013,0.4369682045756948,0.5312498810678788,0.2260825491234762,-0.1697138643202241,0.5717538049293601,0.6117115720393885
cell_00068,2014,0.336369803587341,0.4373666315802501,0.1402553934755431,-0.0819284069967316,0.3455342278299102,0.0
cell_00068,2015,0.387390218060933,0.4865452272808351,0.1966810640030022,-0.1376770259996102,0.4776789656196973,0.3573274529400579
cell_00068,2016,0.4498293553077495,0.525280324221631,0.2243723330395475,-0.1710865498415122,0.5751876809882908,0.620996982918189
cell_00068,2017,0.3775591270944931,0.4872786099303582,0.2051309935615154,-0.1420886556696633,0.4815738254669964,0.3678593921763203
cell_00068,2018,0.4101011741206473,0.5295739259319717,0.2538030485391903,-0.1851950746728065,0.5858781284433268,0.6499046066631035
cell_00068,2019,0.4709041814895509,0.5878564613717889,0.2970924849777029,-0.2349318422802109,0.7152343967523511,0.9996918675847164
cell_00068,2020,0.4292351570685428,0.542400827769228,0.2575750286521639,-0.1983859995725882,0.6149722583942657,0.7285769134439759
cell_00068,2021,0.4562922048066526,0.5609769116203616,0.2709258237640654,-0.2129578484440706,0.6592328061374153,0.8482601415112971
cell_00068,2022,0.4736339509906598,0.5839844989175517,0.297504380507989,-0.2356635854921806,0.7153483484705501,1.0
cell_00068,2023,0.3980790758193578,0.5086628469553343,0.2148243345302735,-0.1548737129288201,0.520066755753681,0.4719466298945615
cell_00068,2024,0.4081368485715509,0.5095645678930247,0.2423870608660547,-0.1798254663288432,0.5620675455640773,0.5855193343051912
cell_00068,2025,0.4467538504379471,0.5446065534046888,0.2632005361101996,-0.2087800169125997,0.6366857990929146,0.7872916554906934
cell_00069,2000,0.4239764631167661,0.5667309353429038,0.2639757432122152,-0.1954983466116776,0.6281993665598206,0.6050654520003159
cell_00069,2001,0.3880023603415926,0.5543454269546414,0.2461530457879889,-0.1741136892396935,0.5748180625997913,0.4313322419820666
cell_00069,2002,0.324633471102791,0.5084702086047521,0.2054780639820505,-0.128796460572597,0.4557622898827149,0.0438568520809794
cell_00069,2003,0.3014922689755815,0.4950057985800572,0.2045010091687129,-0.1398106418039576,0.4422868239575824,0.0
cell_00069,2004,0.3330130749851147,0.5032252748280389,0.2094784389314029,-0.1375947499703474,0.466115939456657,0.0775535331742685
cell_00069,2005,0.3869856072954774,0.5549968183236412,0.2508831803412677,-0.1757101406612361,0.5790030686733971,0.4449526387347916
cell_00069,2006,0.428804953440882,0.5763172915725221,0.2720160724900905,-0.2053085392523997,0.6483803662912514,0.6707459357019544
cell_00069,2007,0.3825973440089927,0.5496981899057041,0.2479697935407037,-0.1774149951232505,0.5727519369579765,0.4246078906937903
cell_00069,2008,0.3680429394989222,0.5412244306567399,0.2464264261767474,-0.175608924039457,0.5577745821042456,0.3758630354113217
cell_00069,2009,0.3330118828695335,0.5249672306512126,0.2303971908974155,-0.1590491057885316,0.5072375161150474,0.2113865980095353
cell_00069,2010,0.3517252886988954,0.5324959525530992,0.229036850775696,-0.1581361640213841,0.5201116672809349,0.2532864288938575
cell_00069,2011,0.3669834443911638,0.5767262266645177,0.2725480847686934,-0.2062918143149715,0.6158072615612413,0.5647344742876242
cell_00069,2012,0.4976877604692792,0.6037983681596515,0.3028447774690867,-0.2428693611192378,0.7481178619455833,0.9953486335338184
cell_00069,2013,0.4477597033710102,0.5758845647326214,0.286386533867499,-0.2184891530189056,0.6773933139522507,0.7651706154177418
cell_00069,2014,0.4057004548652274,0.548275279173211,0.2642689030954826,-0.1984600764336864,0.61009973164527,0.5461589165545391
cell_00069,2015,0.4562027008143384,0.5677832723826587,0.2867213018086893,-0.2212036159399987,0.6795504697154866,0.7721912306416968
cell_00069,2016,0.4730847329867077,0.5771518141609986,0.2827999253101415,-0.2239240773421651,0.6930897529056648,0.8162557805023946
cell_00069,2017,0.4583002257713242,0.5775423148406846,0.292369627738973,-0.2257158424736849,0.6931114257781049,0.8163263163908053
cell_00069,2018,0.4406378380798478,0.564071971947634,0.2875877234460352,-0.2157613520359052,0.6659251033499031,0.7278465170292304
cell_00069,2019,0.4680756940185589,0.5835978260626654,0.2961184360236693,-0.2307428022526391,0.7078257360744122,0.8642150746514914
cell_00069,2020,0.4426608513270479,0.5645455039503061,0.2867886435981297,-0.2195595673705391,0.66928101661724,0.7387685729032092
cell_00069,2021,0.4615769431837839,0.5735511363032335,0.2892099014729298,-0.2237921225381353,0.6891810812821372,0.8035347336622657
cell_00069,2022,0.4751852723354008,0.5942660369528422,0.3043386430209818,-0.2378223491935467,0.7281550203137527,0.9303781607184524
cell_00069,2023,0.4516351860557791,0.5572642264797678,0.2788175014700537,-0.2153594472199654,0.6617442318724625,0.7142395766106641
cell_00069,2024,0.4926412535167683,0.591197034416817,0.3114567321626034,-0.2506181982000412,0.7495470418193371,1.0
cell_00069,2025,0.4733247151944621,0.5790717391886082,0.2936999175427077,-0.230717976602488,0.7064669278347956,0.8597927376204475
cell_00070,2000,0.5664863448725929,0.644072080386107,0.3092097819771328,-0.2717734247835173,0.8320273647598593,1.0
cell_00070,2001,0.4505604641231078,0.5601012720207905,0.2511016330251668,-0.1993674515365446,0.6326371065844333,0.4519385963741184
cell_00070,2002,0.3456277673626478,0.5336745683085062,0.2350153422798705,-0.1690088343583157,0.5288962808451642,0.16678754091007
cell_00070,2003,0.3706640100958416,0.5811677290972659,0.2698835879933787,-0.2122701750800173,0.6224371153770324,0.4239020134976298
cell_00070,2004,0.4237360639872011,0.5602514576360389,0.2573109149845045,-0.2007600735319439,0.6233177947347546,0.4263227253686827
cell_00070,2005,0.4754256825651065,0.5785891165402522,0.2567802728867224,-0.2128862236152792,0.6695763979351155,0.5534731450118381
cell_00070,2006,0.4406064753557314,0.6060662606263079,0.2865240339512638,-0.231055731423972,0.6988142554575076,0.6338388628727255
cell_00070,2007,0.4219954918991184,0.5566610061669047,0.2460559215730197,-0.1967632211437047,0.6098133077313207,0.3892031179712255
cell_00070,2008,0.4641540446939858,0.5377340073145874,0.2285792971997632,-0.1868245108108266,0.6034521181492065,0.3717181990839822
cell_00070,2009,0.4194171364431664,0.5261905246360026,0.2134645585497266,-0.1669283847760899,0.5486360997059894,0.2210461237073606
cell_00070,2010,0.4382046529523973,0.5679137380065987,0.2484115892039111,-0.1988753060297427,0.6280184010064813,0.4392432205561085
cell_00070,2011,0.2884550980083932,0.5183346236566342,0.2113180761808084,-0.1626439736021868,0.4682172937417329,0.0
cell_00070,2012,0.5632290520647298,0.5871383059030537,0.2703184703543752,-0.233233119677327,0.745490539595413,0.7621373566645034
cell_00070,2013,0.51523691677091,0.56922405103974,0.2558426771116558,-0.2125841246242845,0.6852848980884153,0.5966508946253642
cell_00070,2014,0.4423179014782329,0.5610919409271449,0.2636995045794908,-0.2086011623100576,0.6436761601187825,0.4822814989316432
cell_00070,2015,0.5299991549760961,0.5719228661148629,0.250571769114906,-0.2169705525698123,0.6941182388208024,0.6209309831552581
cell_00070,2016,0.5674769048523219,0.5847789199433358,0.2600868112149267,-0.2268395337965655,0.7350600494254367,0.7334672042941017
cell_00070,2017,0.5109637659554891,0.5631763358528423,0.243337500154111,-0.2040830763669594,0.6651334800752511,0.54126095460317
cell_00070,2018,0.516988696029898,0.5800623923879882,0.2838065892996805,-0.23121381274684,0.7243251070487166,0.7039602081115105
cell_00070,2019,0.5178078817814666,0.5908434138705093,0.2702337162757836,-0.2255677816159214,0.7175057420377116,0.6852159083951201
cell_00070,2020,0.5079176620103965,0.5848917921557699,0.2754774406769754,-0.2294933730548269,0.7150736180681154,0.6785307609422478
cell_00070,2021,0.5373671207675019,0.5913645947345131,0.2732025137957626,-0.2306067532211267,0.7339518458299173,0.7304210995163588
cell_00070,2022,0.5293204569541461,0.600218865767405,0.2802576799027686,-0.2347418832820536,0.7421887295093421,0.7530617143194998
cell_00070,2023,0.4925251801867688,0.5625804221438516,0.258252357547139,-0.2107087575998424,0.6695825898342428,0.5534901646042588
cell_00070,2024,0.5592294534272199,0.5952615093359492,0.2891732349014497,-0.2513667892158221,0.7731651520663808,0.8382062032291961
cell_00070,2025,0.5080219960237721,0.5668483211574681,0.256006326298611,-0.2131261990536092,0.680489895538929,0.5834709336197015
cell_00071,2000,0.486635397451447,0.544468129189856,0.2194099451422634,-0.1737033017188902,0.6043057129208711,0.8562628526250173
cell_00071,2001,0.3799383744717616,0.4086951693468197,0.0810451956331809,-0.0285758758510789,0.2762403670916948,0.3329809268793531
cell_00071,2002,0.3308602992523498,0.3318424124608896,0.0708216420436374,-0.0152768766549231,0.1904867364147968,0.1961992595353866
cell_00071,2003,0.2472016727896771,0.2806325064960105,0.0059176668145292,0.0387768130269747,0.0674819568417499,0.0
cell_00071,2004,0.2803751958144997,0.3157276432209913,0.0497507951611593,0.008747463894145,0.1230453736232504,0.0886266474166768
cell_00071,2005,0.4127436174594072,0.4779408760616532,0.1750501706184503,-0.1190826087198007,0.4591713095594834,0.6247656492524911
cell_00071,2006,0.3937841942264717,0.4385788532939493,0.1262426057672427,-0.0727693498851768,0.3616924319216115,0.4692815804278858
cell_00071,2007,0.4239117055121699,0.4566173812934546,0.1383481284328656,-0.092503609611728,0.4099200874101288,0.5462072928174247
cell_00071,2008,0.4241530059765246,0.4674898491560113,0.1254592323918983,-0.0789247948749454,0.3980008603738934,0.5271954826515051
cell_00071,2009,0.3121566480425982,0.3505173858847665,0.0801098552718467,-0.0245550685643813,0.2033722949628021,0.2167524205962313
cell_00071,2010,0.3853637348321105,0.407893272746076,0.1022168108273082,-0.0524700783592435,0.309577106610492,0.3861548249312404
cell_00071,2011,0.3188982860317795,0.4028128359929334,0.132011623593493,-0.0787794051617876,0.3088370387734249,0.3849743768044073
cell_00071,2012,0.5851194720348057,0.573133538453506,0.2290929590222352,-0.1938109045206711,0.6944199986280986,1.0
cell_00071,2013,0.540817119151959,0.5448661326945389,0.20944772302152,-0.1732012952979979,0.626872873007391,0.8922586904628663
cell_00071,2014,0.3786409695642433,0.3559742720185788,0.0701448041713946,-0.0289928085968294,0.2387982522312833,0.2732587336723069
cell_00071,2015,0.492543331865634,0.4910082838476418,0.1564990523350684,-0.1234479867037348,0.5000709686222193,0.690002811996994
cell_00071,2016,0.4762272861748584,0.4231646133674028,0.1192509665248702,-0.0840250548787074,0.4008651896677906,0.5317642424060349
cell_00071,2017,0.4573282696353987,0.4402318166507795,0.1432005672960743,-0.1013831379380629,0.4284161121146709,0.575709450082983
cell_00071,2018,0.5025184658903863,0.5082002185987521,0.2106134734478091,-0.1647680666549454,0.5806443230636154,0.8185216592690728
cell_00071,2019,0.4819768651224727,0.478262674634675,0.1523763442905688,-0.1085052801536667,0.4742920777912566,0.6488840903486628
cell_00071,2020,0.4716362240440888,0.4806812328079709,0.1534738251545311,-0.1188002758373465,0.4776442066097402,0.654230916661726
cell_00071,2021,0.4905928201668093,0.4730337958369348,0.1544179961689185,-0.1159634134488001,0.4825161496695579,0.6620019286838007
cell_00071,2022,0.5289646767712188,0.5651848779924539,0.2367197496978184,-0.1929384547414321,0.6640100972671891,0.9514945667130652
cell_00071,2023,0.4508625878394517,0.4399189018800904,0.129833778187516,-0.0955064986454923,0.4114162701289944,0.5485937849731766
cell_00071,2024,0.5503837695885009,0.5391695996192097,0.209856385642585,-0.1781608932141893,0.6325407186442812,0.9012992100343707
cell_00071,2025,0.4896737803556863,0.4611281843945594,0.1590317564438157,-0.1236054583691068,0.4837232849458871,0.6639273745745775
cell_00072,2000,0.5585645823597779,0.6719121997657699,0.3391370725056518,-0.2891598311702621,0.8757910499280785,0.6750667728947715
cell_00072,2001,0.5486612764619734,0.6740745522897094,0.3389763624463277,-0.2849045687701198,0.8686142824126063,0.6562921980542621
cell_00072,2002,0.5470621358340465,0.646647766015029,0.3192486401893428,-0.2665893033240246,0.8263839697660913,0.5458168115225402
cell_00072,2003,0.490743062409963,0.6462662336950131,0.3202883042080167,-0.2608002198292691,0.792200748062821,0.4563927842325133
cell_00072,2004,0.5183601909367761,0.6744935323372213,0.3533475714305969,-0.2946283766590909,0.8688320134216241,0.6568617869555455
cell_00072,2005,0.5840798180922223,0.7007067445744454,0.3665509739018633,-0.3232374606852855,0.9478059320228788,0.8634592198570598
cell_00072,2006,0.4866433566760291,0.686301043634792,0.3637222664684577,-0.3024127811683278,0.8705279154898978,0.661298302452855
cell_00072,2007,0.5085090639509339,0.6773320465416617,0.3506053768468572,-0.2885951845126512,0.8590639357216407,0.6313082901436623
cell_00072,2008,0.4669356682252235,0.5623696142658824,0.2331528709977798,-0.1806054440732882,0.6177400779277744,0.0
cell_00072,2009,0.5247174688786613,0.6416305309352252,0.3129501126731853,-0.2596914191157066,0.8023330819642844,0.4828991829324768
cell_00072,2010,0.5070307921153425,0.6345007306437608,0.3045823854336068,-0.2445244982086759,0.7726679096083952,0.4052944678080798
cell_00072,2011,0.5435682023513833,0.6856087190229554,0.3496781433681442,-0.3000733648992342,0.8899022758071854,0.7119820367356944
cell_00072,2012,0.5473109170903122,0.6374622101501528,0.3193269408793791,-0.2874863325225892,0.8354510803209922,0.5695365635325033
cell_00072,2013,0.5945826977432296,0.6915154701990872,0.3662555237800453,-0.3196876503309416,0.9458463573687804,0.858332931326796
cell_00072,2014,0.5866876889679402,0.6908338646888125,0.379913543758318,-0.3268897374391616,0.955524467280956,0.8836510705125905
cell_00072,2015,0.6044283922945836,0.6956714778450541,0.3803737436268208,-0.3354120559115128,0.9723953537374728,0.9277856644952924
cell_00072,2016,0.5928509445174266,0.6668284329160779,0.3486304458289102,-0.3053082272800145,0.9091776059294396,0.7624067059444434
cell_00072,2017,0.6036475962016591,0.6991108254214766,0.3833935594161528,-0.3361264152299522,0.9769034363488088,0.9395789034696996
cell_00072,2018,0.589448427364193,0.68582158979266,0.3743371457370367,-0.3240815514237281,0.9484595761660086,0.8651691666900587
cell_00072,2019,0.5957320128948157,0.6942137381697645,0.3697664537850323,-0.3221385922217419,0.9520770094051566,0.8746324481649723
cell_00072,2020,0.5765200005503439,0.6853871771683511,0.3677321981206272,-0.3150424724574465,0.9304676440200932,0.8181018935938332
cell_00072,2021,0.5921884716658699,0.6920959901175413,0.3760166144313094,-0.3253897121817573,0.955507379140628,0.8836063675779084
cell_00072,2022,0.6210078958577038,0.7317719706932801,0.4161218462502963,-0.3693912285066607,1.0,1.0
cell_00072,2023,0.5846950867752853,0.6823181990590054,0.372865870939753,-0.3212847302545402,0.9410031072382636,0.8456628870693138
cell_00072,2024,0.576181389417628,0.6617286059087505,0.3586415603067927,-0.3065779810944899,0.905066658612292,0.7516523812565136
cell_00072,2025,0.5780756955760635,0.6753552699246095,0.3659800211162894,-0.3125243922795695,0.9228150921932814,0.7980826569829755
cell_00073,2000,0.5226762035597589,0.6427229962030114,0.3144037147514814,-0.2584440588005725,0.8020063962524364,0.6397611517958848
cell_00073,2001,0.474903659315895,0.615280748586087,0.2911918719256406,-0.2294371672178683,0.7249008269731835,0.4994716629359574
cell_00073,2002,0.4471884097933343,0.586171267723565,0.2753087874907896,-0.2105573649573371,0.6697521115741755,0.399131503762913
cell_00073,2003,0.3889710172253101,0.6014771797518377,0.2761348659466054,-0.2096464081855384,0.6463916968542058,0.3566284696597425
cell_00073,2004,0.3914604591675383,0.5911678073970492,0.2730032251633141,-0.2047074244657792,0.636509007902547,0.3386474419006632
cell_00073,2005,0.509822482134443,0.6703516213228679,0.3502016211707269,-0.2902815001969032,0.8567389136148639,0.7393440607422311
cell_00073,2006,0.4209701012059227,0.6466763485535907,0.3392559221057876,-0.2705930891140206,0.7740743871052257,0.5889403443921919
cell_00073,2007,0.4296278486483104,0.6398778245435238,0.3368614794663927,-0.2579097965848966,0.7648530628566209,0.5721626345906704
cell_00073,2008,0.4327634277359408,0.6220347204744289,0.3132565351783396,-0.2446715514550832,0.7312435638838913,0.511011935934313
cell_00073,2009,0.4557891794289998,0.6482898054475829,0.3301192886655443,-0.2637978625652257,0.7830854254642989,0.6053354501842678
cell_00073,2010,0.3487025586442182,0.5040450083503533,0.1916329775538134,-0.1192417394723984,0.4503824206228357,0.0
cell_00073,2011,0.3879905996108958,0.5325676987685157,0.2319614845554211,-0.1708203508967517,0.5505392352997601,0.1822300057986205
cell_00073,2012,0.5364597631707771,0.5996623859229085,0.2950543277825248,-0.246126487346143,0.7637619564221451,0.5701774243728454
cell_00073,2013,0.5212010098338916,0.6544873760618263,0.3487778915119079,-0.2837939680998602,0.8487822473214273,0.7248673289345382
cell_00073,2014,0.5584272422371084,0.7018651330068293,0.4243125019042565,-0.3566373404669044,0.9725873185943362,0.95012408184482
cell_00073,2015,0.5860797295713891,0.7165226485726716,0.4278931394328136,-0.3669887587324314,0.9915226817438846,0.9845759695937638
cell_00073,2016,0.5530084135157347,0.6767953661442513,0.3940887696696127,-0.3327741994540062,0.9431265959104254,0.8965218613385247
cell_00073,2017,0.6026941151890426,0.727159797705005,0.430224869943566,-0.3771411396749242,1.0,1.0
cell_00073,2018,0.574152963924642,0.6963405192855231,0.4124142012155597,-0.3503509780391288,0.9781138917293248,0.9601793881930109
cell_00073,2019,0.5524326743030008,0.68166341211659,0.4001107258329301,-0.3408035777272062,0.9547103978773556,0.917597973896746
cell_00073,2020,0.5602556260864279,0.704887057583213,0.4225153111614629,-0.3574942502804369,0.9752722660044302,0.9550092010819746
cell_00073,2021,0.57592782163012,0.7201740027881096,0.4455731685711347,-0.3800230107933285,0.9859670562446904,0.9744678040116328
cell_00073,2022,0.6038187238098182,0.7413715821237215,0.4641283722264355,-0.4061505346690998,1.0,1.0
cell_00073,2023,0.5954757247876342,0.7259431251640243,0.4511092599171921,-0.3936409686857263,0.9966646344601297,0.9939314795140832
cell_00073,2024,0.581227687430148,0.6968983903177015,0.4088264244880613,-0.3500658194797737,0.982296477004692,0.9677893799987805
cell_00073,2025,0.5263767103328448,0.6483542303515034,0.3824778657813687,-0.3144013984211816,0.8922716754965128,0.803994034132666
cell_00074,2000,0.5471599544377089,0.6640500327461165,0.3277483750252705,-0.2731122741475009,0.846452290373699,0.7175204245937172
cell_00074,2001,0.5260565265745591,0.6614591085647014,0.3354415973179985,-0.2757940406449913,0.8406374881299086,0.7048742670175105
cell_00074,2002,0.532015174166178,0.6469168391158856,0.3176279214338711,-0.2632118274362055,0.8149035764295167,0.6489075997481503
cell_00074,2003,0.4428613950459341,0.6560031340009238,0.3291337569697549,-0.2600932155066069,0.777139279378429,0.5667769904445003
cell_00074,2004,0.4526397413493886,0.6332864388454491,0.3208567494353225,-0.251977146239289,0.7586023367072654,0.5264624469445931
cell_00074,2005,0.5188298469620392,0.6757508278661991,0.354608605215468,-0.2983099490723371,0.873137799115209,0.7755566456718735
cell_00074,2006,0.4712562412322954,0.6374450698596941,0.3124693539612675,-0.2509286514164163,0.7645382549455497,0.5393720102029114
cell_00074,2007,0.4791806410881633,0.6402603215854361,0.3218876697129822,-0.2565390812262053,0.7807905670434051,0.5747178897616969
cell_00074,2008,0.4859534440854886,0.6498929956878765,0.3188201822534532,-0.2566051210241277,0.7877643344188863,0.5898845897512492
cell_00074,2009,0.5039671263286409,0.6701593192315385,0.3448105587902551,-0.2821687920789506,0.8442223213978423,0.7126706398759565
cell_00074,2010,0.5109481623174988,0.6626564298990643,0.3414536312571281,-0.276274510385031,0.8375645079548596,0.6981910833264867
cell_00074,2011,0.5065255513416195,0.6877052444086784,0.3631515420869081,-0.303813194458069,0.8827297875295465,0.7964175093558277
cell_00074,2012,0.6053563829467591,0.7055081698536192,0.3782756992499415,-0.3353048745133081,0.9763386103091573,1.0
cell_00074,2013,0.5661327665965894,0.6870432574618671,0.3705037490740782,-0.3156880670862719,0.928077621491576,0.8950409586117158
cell_00074,2014,0.519436420376377,0.6311884343979589,0.3227765415769343,-0.2664751112560675,0.8050406320501506,0.6274574551761619
cell_00074,2015,0.5633018838222222,0.6650137026627425,0.3518569896130827,-0.3004342568742411,0.8909882246332672,0.8143781368317446
cell_00074,2016,0.5297242819905149,0.6110461471753196,0.2975742457576159,-0.245882641958456,0.768020633736026,0.5469455628497675
cell_00074,2017,0.4863401690824173,0.5861013669894923,0.2892291860099509,-0.2268655896671758,0.7117999949739126,0.4246757027560845
cell_00074,2018,0.3964792681271739,0.4853065279976982,0.2268521804538522,-0.1577754389561048,0.5165307826152568,0.0
cell_00074,2019,0.4869471033999923,0.5843668769994173,0.2905827667844699,-0.2263123141186919,0.7117417409208129,0.424549010582548
cell_00074,2020,0.5199537405991801,0.6188195612986841,0.3259851209196567,-0.2628517954786082,0.7982474476400071,0.6126834909219783
cell_00074,2021,0.5252930555891548,0.6437068121240755,0.3464531766830642,-0.2838676279631796,0.8434357389865319,0.7109599634499909
cell_00074,2022,0.5797357905144005,0.6969687906071907,0.3969059727197974,-0.3405800283293719,0.9761963448635758,0.9996905980346292
cell_00074,2023,0.5446719898816256,0.6465684272031503,0.3559436051834739,-0.2990948159194193,0.8724737736540198,0.7741125087494565
cell_00074,2024,0.5416364612054158,0.6408351637179985,0.3438769752590209,-0.2868814248240787,0.8509953235344577,0.7274007112855374
cell_00074,2025,0.540959640157881,0.6553229770571671,0.3664363890787903,-0.3026758067827432,0.885060771551232,0.8014869837781667
cell_00075,2000,0.4939794687383357,0.636984009317476,0.3076598193913225,-0.2459923532810887,0.7700457398335951,0.3225626628322068
cell_00075,2001,0.4859832701501211,0.6294879567584715,0.3061710904661386,-0.2438533906893318,0.7590175807008657,0.2891104184992983
cell_00075,2002,0.4767482705744099,0.5882132834939595,0.263632005223304,-0.2078285934702874,0.6770704399234844,0.0405362237787579
cell_00075,2003,0.4496675067824193,0.625432318647456,0.3000688475919745,-0.2359728922025958,0.7273361938507864,0.1930097473937356
cell_00075,2004,0.4122847000582388,0.6037582559790153,0.278911112578812,-0.2116518685981735,0.6637069142352452,0.0
cell_00075,2005,0.4795536090732984,0.6484552326795123,0.315057441698181,-0.2594865925749859,0.7827582103945255,0.3611240098495032
cell_00075,2006,0.4206904239754072,0.6162466232217119,0.2951903041766966,-0.2326910869154242,0.7007476035060226,0.1123573003283921
cell_00075,2007,0.4828607904210762,0.6377825194697644,0.3224905171781477,-0.2569215230788879,0.7821013301397278,0.3591314634492848
cell_00075,2008,0.476770650783866,0.6350153371018371,0.3165816176233743,-0.24917267489688,0.7679024928255429,0.3160614488293768
cell_00075,2009,0.4636198976945782,0.629649451434889,0.3020103833014769,-0.2388317277644404,0.7405951842256429,0.2332288791898146
cell_00075,2010,0.4920807967947608,0.6488142778636297,0.329037742894153,-0.2598435127628849,0.7998332194051841,0.4129184541023034
cell_00075,2011,0.4303937952667758,0.6552205088193864,0.329440689202827,-0.2625086357690101,0.7717126536701039,0.3276189925668136
cell_00075,2012,0.6157048497513545,0.7068062724546862,0.3764337108421768,-0.3331143836595714,0.9743064222718556,0.9421563932357088
cell_00075,2013,0.5588178543761851,0.672435617130378,0.35093402212349,-0.2963535827554489,0.8892924092649507,0.6842793078037571
cell_00075,2014,0.5642563706896615,0.6874610127620951,0.3693334102853216,-0.3147817371068607,0.925857842854858,0.7951949922680941
cell_00075,2015,0.5636579927014097,0.6733947415435846,0.3501800392448883,-0.2979235009103346,0.8929997717022882,0.695525028199321
cell_00075,2016,0.5046154539703153,0.5771491162016092,0.2650261498350271,-0.215937304395751,0.6925600014626269,0.0875214541314116
cell_00075,2017,0.5349736477181177,0.6238141241943828,0.3071022800781885,-0.254716497119979,0.7905921885327134,0.38488719168459
cell_00075,2018,0.5304816041455686,0.6328007864290687,0.3269941514777661,-0.2670967078404822,0.8153506744763378,0.4599882952442025
cell_00075,2019,0.5599877031734344,0.6689388984499466,0.3503830868544075,-0.294492177099772,0.8863514782780421,0.6753584407074243
cell_00075,2020,0.5576437513276226,0.6704371418086716,0.356551718344484,-0.2992330865498364,0.8933945791233544,0.6967226164962433
cell_00075,2021,0.556543754886681,0.6746279304340145,0.371114032395369,-0.3116041589871015,0.9136016575838336,0.7580177173175618
cell_00075,2022,0.5894656982224978,0.7141304286223628,0.4008701445793375,-0.3461976455577475,0.9933756510464432,1.0
cell_00075,2023,0.5680089791178732,0.677396745324426,0.3788541766313068,-0.3213258483724016,0.9333453536215024,0.8179072179982896
cell_00075,2024,0.5752873295528578,0.6773816135711599,0.3795816566111059,-0.325112721379846,0.9403652284890568,0.8392009413141732
cell_00075,2025,0.5729994757482179,0.6781264832774456,0.3786293408385608,-0.3237719325477401,0.9379641475589156,0.831917627302155
cell_00076,2000,0.5260565863402171,0.6656621805924245,0.3410581220791633,-0.2889016404024889,0.8556884233388896,0.6634956462913556
cell_00076,2001,0.5145155005922367,0.6658406908797886,0.3444799997141807,-0.2818323199371036,0.8471311795513791,0.6435419471019576
cell_00076,2002,0.4465729697448858,0.6220320300094409,0.3036298891629735,-0.2360833361246485,0.7263126555664089,0.3618184688458236
cell_00076,2003,0.4461912393957659,0.6347020503287465,0.3161200330588163,-0.2546825311132805,0.7543606883852569,0.4272206034137898
cell_00076,2004,0.4481036194666008,0.6273185430389701,0.3083324398074465,-0.2485821697062483,0.7417579687684648,0.3978337023921287
cell_00076,2005,0.5281718277269444,0.6528800042431144,0.3269030519523873,-0.2810182817227749,0.8345388571721507,0.6141792902593687
cell_00076,2006,0.4986743904573766,0.646850963526149,0.3257671980927393,-0.2696665728566629,0.8066383551849661,0.5491211666731243
cell_00076,2007,0.4540883694965586,0.6107589910653075,0.2887885809838491,-0.2288256729040493,0.7088984775181698,0.3212122550889676
cell_00076,2008,0.4231726374606037,0.5247608456617338,0.2313020266040523,-0.1800253292413229,0.5711449939038242,0.0
cell_00076,2009,0.4480691028062699,0.5990575154876567,0.2876213144456639,-0.2239970024693625,0.6950315902601081,0.2888775800567449
cell_00076,2010,0.4828720010962916,0.6200854013978853,0.2942072855724865,-0.2337999162786865,0.7369710512660388,0.3866716139604212
cell_00076,2011,0.4478535465845863,0.6332702069747,0.304728836695024,-0.2531760679748789,0.7454942783813728,0.4065459933991041
cell_00076,2012,0.5882209897050427,0.6615042896366232,0.3381169912019045,-0.2931039759334848,0.8881473346830606,0.7391830252021003
cell_00076,2013,0.567798131069118,0.6622206205276665,0.338472432489133,-0.2938876798975224,0.8781437624698815,0.7158567912279638
cell_00076,2014,0.5415030173951088,0.6572865093096398,0.3412576543136931,-0.2848245765794869,0.856881951449278,0.6662787037196761
cell_00076,2015,0.5691000820154656,0.6651826165623147,0.3555887421367488,-0.306852155989322,0.9011645619413596,0.7695364711762852
cell_00076,2016,0.5950253752657668,0.6740791031498449,0.3494711047686538,-0.3082844831100466,0.9169904455294132,0.8064391151074242
cell_00076,2017,0.5321741847799344,0.6307699213084645,0.3366406701986791,-0.2821905258855666,0.832002755235259,0.6082656320279362
cell_00076,2018,0.546318432191894,0.661020410206863,0.3634474802360235,-0.3031056857545492,0.8893659488736213,0.7420245781121471
cell_00076,2019,0.5766798083144373,0.6900386845363841,0.3742399517302692,-0.3224624240288996,0.9426700626062584,0.8663186005088056
cell_00076,2020,0.535627268179832,0.6461056744455361,0.3494961852733061,-0.2912698533008427,0.8575147734199459,0.6677543119361415
cell_00076,2021,0.5547673222389895,0.6607746220602545,0.3584665429846613,-0.3040665238067602,0.8910115714176343,0.7458618250152274
cell_00076,2022,0.5655905622708682,0.6777867392016972,0.3667612695372872,-0.3141621582327856,0.9189813269549344,0.8110814333670245
cell_00076,2023,0.5644727739615937,0.6602499947388517,0.3593210321027016,-0.3097669644042599,0.9004461814986091,0.767861358533227
cell_00076,2024,0.5614203047868013,0.6646273284456284,0.3687991730461184,-0.3152226068772006,0.9115002662730012,0.7936371676464662
cell_00076,2025,0.6098618341670105,0.711498485377772,0.4043447363924119,-0.3612104308270517,1.0,1.0
cell_00077,2000,0.4384360522695062,0.562033651302228,0.2543919196257204,-0.1912484823487045,0.6239431385454101,0.5593113444343547
cell_00077,2001,0.3996721181083898,0.5460809417570187,0.2369990066955404,-0.1687481558006141,0.5666002434756103,0.418888829904174
cell_00077,2002,0.3046617965301103,0.4785974884329417,0.1793365270559909,-0.1073690532506793,0.3955429290593839,0.0
cell_00077,2003,0.2860573125774202,0.4708945574702437,0.1878960691573801,-0.1214397671478661,0.3964802840256978,0.0022954149980907
cell_00077,2004,0.321051064803141,0.4827645161243314,0.1875608635503496,-0.1184860104936754,0.4200338727777813,0.0599739496230238
cell_00077,2005,0.3810403464590969,0.5320829637359957,0.2357887590539319,-0.1598542755940905,0.5417983479346531,0.3581534147714575
cell_00077,2006,0.4235356283884309,0.5701413642907148,0.2648582498729452,-0.1993946447027942,0.633086009199854,0.5817006026983201
cell_00077,2007,0.357905100211388,0.5228040723253529,0.2210208726061763,-0.1521097743257675,0.5084474221330588,0.2764829505008835
cell_00077,2008,0.3699332783355758,0.5370411443607445,0.2411833007247119,-0.1722541069949949,0.5505624661690494,0.3796151759646394
cell_00077,2009,0.326053015956609,0.516490090295454,0.2180209701389123,-0.1478688173895918,0.4825579848069366,0.2130843396585047
cell_00077,2010,0.3514729590053903,0.5329464424475008,0.2304337424677399,-0.1605722305056849,0.522833498204866,0.3117118829390986
cell_00077,2011,0.3448027231076191,0.5531686184122278,0.249958180146434,-0.1871904044365204,0.5619414452804361,0.4074802647025267
cell_00077,2012,0.4885656537247851,0.6014836882525132,0.2976328645973689,-0.2355782639663373,0.7333061813556151,0.8271219153758406
cell_00077,2013,0.451438213350062,0.5813925019507312,0.2865491420400861,-0.2177265330552451,0.6820793827897662,0.7016766294831157
cell_00077,2014,0.4037208903160702,0.5563993110483986,0.2679981463400837,-0.2002829181738894,0.617374377197269,0.5432256203924859
cell_00077,2015,0.4394125015040992,0.5292949139907934,0.2506531571213661,-0.1891590341057703,0.6022145298926407,0.5061018603204098
cell_00077,2016,0.4591300618515872,0.5541179280660267,0.2584523486222088,-0.2001967950708902,0.6396896826563686,0.5978718202619127
cell_00077,2017,0.4472686097361279,0.5664610661530456,0.2726886738208063,-0.2069594270169721,0.6545671525575337,0.634304088476235
cell_00077,2018,0.4254730898641957,0.55357535272897,0.2739059396722431,-0.2006467248682616,0.6320808694922536,0.5792391949681458
cell_00077,2019,0.4748381208826268,0.6021043688013628,0.3074303346210982,-0.2393460795670676,0.7355174071388232,0.8325368126232517
cell_00077,2020,0.4320570953429634,0.5681106944731918,0.2861873438679749,-0.2152162323415888,0.6621356290619995,0.6528379364904662
cell_00077,2021,0.4610801530298134,0.5814760105696647,0.2877495945129094,-0.2214892285105834,0.6907623995587809,0.7229397876638913
cell_00077,2022,0.4812403770810918,0.6073347547616794,0.316261514557076,-0.2485581440025291,0.7542843704304469,0.8784937558905497
cell_00077,2023,0.4612872442047804,0.5808327983292249,0.2945073260389389,-0.2296734571810276,0.700726277860638,0.7473395471095277
cell_00077,2024,0.5094316000332721,0.6174282245903256,0.3340248837935622,-0.2726529708915319,0.8039026230988691,1.0
cell_00077,2025,0.4733655456348041,0.5851540347897591,0.2936986885110378,-0.2310197455311282,0.7100806862496605,0.7702468235267687
cell_00078,2000,0.5029694788533136,0.5916630336046876,0.2686117165397067,-0.2163808490439981,0.7025544940854499,0.1583109997503328
cell_00078,2001,0.498892815818225,0.616099885907534,0.2831112837294159,-0.2285286436620756,0.7322239393290321,0.2579380361425748
cell_00078,2002,0.5078849437654211,0.5959218045875796,0.2756547118451379,-0.2229574979372528,0.7169501707924676,0.2066502455773587
cell_00078,2003,0.4352313530609792,0.612289664141691,0.2891876035736864,-0.22743458847996,0.6987796076392003,0.1456353077625146
cell_00078,2004,0.4689205414345183,0.6168041058777894,0.297568155575981,-0.2361436316054513,0.7314281188568332,0.2552657504124399
cell_00078,2005,0.5361091007846088,0.6598184978470004,0.3306156138260553,-0.2864125200516788,0.8489600066534365,0.6499261010401268
cell_00078,2006,0.4670227193534454,0.6299811221791881,0.3143259104259657,-0.2614638006655416,0.7664160529890272,0.3727517417567322
cell_00078,2007,0.4607934257053577,0.6020670599778608,0.2858587144129047,-0.2258765469526836,0.7036982025351415,0.1621514585928919
cell_00078,2008,0.4614485473795736,0.580561290833482,0.2562778897894383,-0.2020367760881821,0.6554086619033435,0.0
cell_00078,2009,0.4981009225440335,0.6285654337083705,0.3116449783171059,-0.2562172603803161,0.7772450398108137,0.4091143988717522
cell_00078,2010,0.4782313280732631,0.6025454873577037,0.2889502522097555,-0.2277312772522219,0.7169127570591103,0.2065246139942887
cell_00078,2011,0.495670097859281,0.6371308981775481,0.3110394336916546,-0.2586664502631035,0.7819057545668517,0.4247646139263831
cell_00078,2012,0.5690172077007543,0.6384683310160767,0.3205765376632071,-0.2808162382809543,0.8442974412072429,0.6342696715526351
cell_00078,2013,0.5573324637711212,0.6511682610218965,0.333650567625731,-0.284750288955063,0.8567628876864547,0.6761273968937792
cell_00078,2014,0.5504869008334128,0.6497023475901867,0.3451106282619873,-0.2897555326050073,0.8635691358446191,0.6989820990083985
cell_00078,2015,0.5829649569527265,0.6656457810059648,0.3528602643659241,-0.3079877112190669,0.9078620302930426,0.8477132185457733
cell_00078,2016,0.5722916897552923,0.6217161807767747,0.3060920325573015,-0.2657551673074481,0.8165316488143527,0.5410349114661022
cell_00078,2017,0.555478008058805,0.6154644535011987,0.3135417421531975,-0.2678648768923431,0.810470444052954,0.520681990729395
cell_00078,2018,0.5574902812712119,0.624920805898852,0.3246956619915062,-0.2749005641371218,0.8293577540137538,0.5841036927992437
cell_00078,2019,0.5652740516614795,0.6456331704981211,0.325169012572098,-0.2777520453935167,0.8474030725679693,0.6446980717487225
cell_00078,2020,0.5582852266018458,0.6410256018349492,0.3221747420816067,-0.2749130237248046,0.8370140662298049,0.6098128251917305
cell_00078,2021,0.569520182598019,0.6532381200515357,0.347082435138984,-0.296197041602148,0.8816495806192419,0.7596944283007336
cell_00078,2022,0.5926463914920964,0.6867642178352119,0.3753139104967583,-0.3267622484830954,0.9532138191979004,1.0
cell_00078,2023,0.5843336448078921,0.6532425070116978,0.3479657637775101,-0.304043916596484,0.8956321862344481,0.8066466226221236
cell_00078,2024,0.5488049148604305,0.6228207331980008,0.3315563606955028,-0.2769370553174715,0.8295977221065867,0.5849094817083845
cell_00078,2025,0.5564747722952885,0.63037664311254,0.3323019824784619,-0.283015511330802,0.842599317200558,0.6285675405952277
cell_00079,2000,0.5325579290397768,0.6383358131439791,0.3050101275626313,-0.2547437224136738,0.7959189184642093,0.7378426987142723
cell_00079,2001,0.4854314276254198,0.6102656473317959,0.2824023114075388,-0.2211311656089999,0.7161547682243434,0.5453859720518746
cell_00079,2002,0.4645626622841097,0.5289945102570401,0.2223230398579556,-0.1686691153077468,0.5822679423815733,0.2223408425365401
cell_00079,2003,0.4236644076286422,0.5746397352134064,0.2486533532302869,-0.1905935899185903,0.6184325578935109,0.3095996361361871
cell_00079,2004,0.4380346684152086,0.5800438817022747,0.2583681307426824,-0.1973352862251593,0.6406204446854791,0.3631350659087944
cell_00079,2005,0.4874694779114202,0.6190707358961457,0.2925799753116325,-0.2390000505781243,0.7412658837345252,0.6059746334918548
cell_00079,2006,0.3766514881056305,0.5094965227245336,0.2256592538210345,-0.1752396514176208,0.5300254310231981,0.0962889420471538
cell_00079,2007,0.415585597518977,0.5353700326479316,0.2364858643380374,-0.1725059135762923,0.5714966423270328,0.1963516087245902
cell_00079,2008,0.4112336246321615,0.5442670724612289,0.2199353525771049,-0.1587312368508352,0.5532699084150846,0.1523737372636484
cell_00079,2009,0.4383433229412086,0.5512187288732864,0.2221713731685828,-0.1670712020592856,0.579130471983289,0.2147706837491884
cell_00079,2010,0.4152203375235259,0.497479843267804,0.1911697799069751,-0.1301670443990012,0.490118248909685,0.0
cell_00079,2011,0.4238259899802156,0.5174761731860158,0.2189756350284541,-0.1662171204393884,0.5495706815868153,0.143448159991033
cell_00079,2012,0.5122428210360596,0.560486757364391,0.2470712988745847,-0.1950266319594767,0.6608807428503083,0.4120195667062265
cell_00079,2013,0.5085811172939115,0.581729322879863,0.2638099232801643,-0.2101852803376587,0.6925797936848774,0.4885037459218288
cell_00079,2014,0.4945097704233379,0.5812936323840394,0.2679788676218637,-0.2100130493238378,0.687437566977024,0.4760964662482743
cell_00079,2015,0.5526352930201462,0.6299177430633663,0.3070003605314173,-0.2586307252062665,0.8062098613912334,0.7626729160995099
cell_00079,2016,0.5484656738797304,0.5980139035122803,0.2837261131896722,-0.2368493860146202,0.7552749046083923,0.6397759125504531
cell_00079,2017,0.5333604629296841,0.5973730021965343,0.3032958589492511,-0.2514989688470088,0.7701537013346005,0.6756758062494402
cell_00079,2018,0.5309144781949704,0.6091691681799374,0.3029834703160474,-0.246512157718067,0.7718315843994725,0.6797242400560622
cell_00079,2019,0.5406562503847123,0.6273851989432849,0.3061499285731975,-0.2523364904596239,0.7934321558479902,0.7318425822250385
cell_00079,2020,0.5494785438567175,0.6274858870663721,0.3017867472507501,-0.2514866134073826,0.7946946630514642,0.7348887878579904
cell_00079,2021,0.545951669545982,0.6311761868545261,0.3057517026978915,-0.2532794074847973,0.7987960378423772,0.7447846767341473
cell_00079,2022,0.5741611515192122,0.6755197156752913,0.3540106525575446,-0.3008480865705129,0.904570638405979,1.0
cell_00079,2023,0.5685818122678438,0.6447842566304517,0.325362777267074,-0.2797341824290331,0.8502031886014624,0.8688210004758514
cell_00079,2024,0.5508824243598559,0.6275272670827138,0.3241674390172219,-0.270199032815446,0.8236759581756666,0.8048155052776317
cell_00079,2025,0.5484559415474252,0.6351172919180141,0.3333564247131688,-0.2771076395353627,0.8376341627705559,0.8384941736811446
cell_00080,2000,0.1699904389756676,0.5699574680475946,0.3450130920201756,-0.2166332209103492,0.5618515172585518,0.7602032525212
cell_00080,2001,0.1271699238148507,0.4859797335299429,0.2486876461437045,-0.1012148824674168,0.3565355773123774,0.2961901183094195
cell_00080,2002,0.1492101772230336,0.5430264371303647,0.2895241188040345,-0.1556952267419636,0.4558357154156461,0.5206079999460806
cell_00080,2003,0.1065801585828711,0.4592714754117588,0.2264538224345677,-0.0905543827066113,0.3189545456001135,0.2112571495574975
cell_00080,2004,0.1103866263376605,0.4450252807736622,0.2128302189227086,-0.0815885180452516,0.2954781791547384,0.1582006631635109
cell_00080,2005,0.1432499161719699,0.5701194047657405,0.3278065540161829,-0.1702970668942339,0.5050521410048358,0.6318369084191768
cell_00080,2006,0.1374873073803678,0.5429760149607411,0.3096038431903164,-0.1612422675183939,0.4711240979731736,0.5551596782493182
cell_00080,2007,0.13978160591802,0.4633245073170569,0.2495341072527001,-0.1185549534733367,0.3561138667308209,0.2952370542232624
cell_00080,2008,0.1286183356344369,0.4047196093277027,0.1764365809873373,-0.0486297782451792,0.2254777514455097,0.0
cell_00080,2009,0.1773100976836788,0.5044151467463592,0.2876744016995487,-0.1626250473563635,0.4530394632346805,0.5142884821391507
cell_00080,2010,0.1440974104672769,0.559713484631661,0.3135672279861662,-0.1476108542158009,0.4740961504943778,0.5618765040630739
cell_00080,2011,0.1407803089193696,0.5340731996347119,0.3013271571063712,-0.1511968388668002,0.4536435771273426,0.5156537769176687
cell_00080,2012,0.1433021718335933,0.4835463028496577,0.2679777752150864,-0.1250450436711179,0.3846347622864003,0.359694154537737
cell_00080,2013,0.1879020138034689,0.5408479485181779,0.3129685908021196,-0.1793031912112334,0.5080085599349313,0.6385184023848004
cell_00080,2014,0.1595775901313383,0.4815519567485193,0.2541731463158448,-0.1195423856622346,0.3782998796393911,0.3453773472178906
cell_00080,2015,0.2246435213994513,0.5670452558253546,0.3362724653590507,-0.2105383783064092,0.5799403066191513,0.8010838380593173
cell_00080,2016,0.1690861357033995,0.5413587660049611,0.3118110451393743,-0.1584152030517475,0.4831965138084942,0.582443285701928
cell_00080,2017,0.1824932546904746,0.5096103694402356,0.2845025000261255,-0.1433320704428767,0.443630952441068,0.4930252885324876
cell_00080,2018,0.200856345058019,0.5215949830609621,0.2854001074085629,-0.1630130498618292,0.4741696784990137,0.5620426770347992
cell_00080,2019,0.1809517344405554,0.5629054421475819,0.3239337641061165,-0.1665583012704387,0.5156344301188277,0.6557528359414428
cell_00080,2020,0.1786149592353627,0.5704556160840846,0.3289768755286244,-0.167604457647886,0.5227926952610817,0.6719304841310915
cell_00080,2021,0.1888391046451424,0.5406721087585363,0.303115385682807,-0.1564736967588222,0.4862399281355518,0.5893213888875513
cell_00080,2022,0.2375606707139773,0.6175616167288503,0.3890181921365073,-0.2342639920392026,0.6679564763095045,1.0
cell_00080,2023,0.1838937534231685,0.5246546817610633,0.2936536334178473,-0.1597398436862752,0.4701740594180104,0.5530125952331681
cell_00080,2024,0.1785608436334699,0.5252454953232695,0.2959431492969927,-0.1532669609626973,0.4648513407716662,0.5409832741669851
cell_00080,2025,0.1739516817561095,0.5133378731600194,0.2848081726213559,-0.1424276886033034,0.4406423454041004,0.4862710495848723
cell_00081,2000,0.5290499991985653,0.6628595778766863,0.3321754689283268,-0.2726927173068053,0.8386941924523627,0.8073440897205413
cell_00081,2001,0.5008104951269237,0.6635125657443419,0.343815724087758,-0.2765642509617714,0.8343403999374248,0.7987932008229796
cell_00081,2002,0.4888950438653101,0.6282705099345942,0.3047165404758846,-0.2425217685887569,0.7580230201048864,0.6489051586937211
cell_00081,2003,0.3972845472324702,0.622555278642117,0.2972321382268154,-0.2268468031454,0.6889692238555528,0.5132828621196396
cell_00081,2004,0.4117336682326247,0.6146867340016746,0.2932263390135197,-0.2204593436207637,0.6854102562868598,0.5062930167915708
cell_00081,2005,0.4881459873704433,0.6634728212285903,0.3385595881846218,-0.2771695053411855,0.8241158931604836,0.7787121746413175
cell_00081,2006,0.4614111760583406,0.6284988767348278,0.3109353704063826,-0.2460398469099773,0.7498166224233308,0.6327877175011446
cell_00081,2007,0.4180698265343784,0.5976258880558442,0.2960660816726514,-0.2233475999051797,0.683289384368143,0.502127604663941
cell_00081,2008,0.4682400020103265,0.6539818566569583,0.3241005018195251,-0.2570041275015913,0.7843109646217367,0.7005349256469271
cell_00081,2009,0.5007230032271697,0.680878770684758,0.363762153556885,-0.2970746415201062,0.8716633358598664,0.8720957932888886
cell_00081,2010,0.5046985377489073,0.663429637778201,0.343193197437093,-0.2775836849540047,0.8366691780742462,0.8033669426920992
cell_00081,2011,0.4598801943928398,0.6594050315108398,0.3279194507224555,-0.2628416004534339,0.7893402237751093,0.7104124372899339
cell_00081,2012,0.5776715070370638,0.6754607153608436,0.3557379439740584,-0.3087297692254659,0.912946026959232,0.9531753816642834
cell_00081,2013,0.546386425710604,0.6678121126121714,0.3581309090556563,-0.3002261146078627,0.8875407341725445,0.9032791508991176
cell_00081,2014,0.5237499835174028,0.6425098947574328,0.3416068993636432,-0.2814712259569198,0.8369287758508929,0.8038767951342042
cell_00081,2015,0.5759787733018769,0.6820694753270616,0.3639007613619837,-0.3134826961308614,0.9245971559266714,0.976058307065509
cell_00081,2016,0.5482208577586595,0.643343961461576,0.3430481043086438,-0.2890200797722609,0.8568495182313749,0.8430013180112166
cell_00081,2017,0.5358170165467598,0.6551346516929882,0.3429434102739698,-0.2827319283816373,0.8523486281837315,0.8341615281945239
cell_00081,2018,0.3746090933707601,0.4350041424514436,0.1870674219038487,-0.1263205689227322,0.4276248057589045,0.0
cell_00081,2019,0.4865660650797778,0.5815172860167338,0.2836334693362604,-0.221145022470784,0.7016224614522213,0.5381339381670951
cell_00081,2020,0.530160913701986,0.6232922610131737,0.3314523135777503,-0.2706517226804185,0.8153751547912222,0.7615452833800155
cell_00081,2021,0.5453108373290668,0.659393218863961,0.3512137370493289,-0.2928435696915067,0.8724759157235429,0.8736917076809626
cell_00081,2022,0.561449662680487,0.6852180203399793,0.3823854774531179,-0.3216270533406474,0.9367873696859508,1.0
cell_00081,2023,0.4854721749538281,0.585851332612906,0.3147838255098782,-0.251611510415119,0.7456370221517359,0.6245789437858136
cell_00081,2024,0.5283466117338802,0.6246554280395142,0.3276615496764873,-0.2690790582517824,0.8114368299020839,0.7538103767545892
cell_00081,2025,0.5494734280208435,0.6550528391424472,0.3668872147309991,-0.305661525290812,0.8918844779555686,0.9118103039939596
cell_00082,2000,0.4649502307985229,0.5974944763261417,0.271780298058869,-0.2079382095553391,0.681560934478187,0.5497014351924969
cell_00082,2001,0.4298485943623658,0.5772674828937273,0.258885443147278,-0.1888120177322723,0.6292464416714791,0.4694285164206653
cell_00082,2002,0.4091142869984618,0.5433132842110934,0.2208041453805618,-0.1578476130374961,0.5515944497701468,0.3502769829938264
cell_00082,2003,0.3783700837124319,0.5816975915679407,0.2604639135258286,-0.1865802866789459,0.6031536552595048,0.4293909663689405
cell_00082,2004,0.3775279104841794,0.5764129448937697,0.2544348110853793,-0.1799387752157824,0.5910811370639935,0.4108665342185539
cell_00082,2005,0.4225973901797197,0.6047465269257103,0.2826708654332666,-0.2163665871518724,0.6756893609997665,0.5406919176456566
cell_00082,2006,0.3833115833396751,0.5671698582279349,0.2566578205161488,-0.1919287568187462,0.5986799347425442,0.4225263561166203
cell_00082,2007,0.3860495414545785,0.568760654141863,0.2492194168765558,-0.1719910755391209,0.5825076914271906,0.3977111834108798
cell_00082,2008,0.4623707932292391,0.6415985374395348,0.3180247286802289,-0.2478153801685933,0.7637920409372743,0.6758792986326977
cell_00082,2009,0.4482934479378678,0.6269825010464883,0.3019139413173574,-0.2337025980489283,0.7272185164605576,0.6197597913602764
cell_00082,2010,0.4692762690942978,0.6389216238326011,0.308309687367316,-0.2369277492236411,0.7519904214402171,0.6577705415285504
cell_00082,2011,0.3843990278793572,0.5902677684728684,0.2660379471052146,-0.1985837074881814,0.623168774433629,0.4601027624597359
cell_00082,2012,0.5699017477245318,0.6664517996635494,0.3475026614803937,-0.2950002176547006,0.888715849032694,0.8675661173688186
cell_00082,2013,0.5173615503801445,0.6411334322858908,0.3334856639586159,-0.2697147918712631,0.8191100228843131,0.7607608607623974
cell_00082,2014,0.5323053776837732,0.6699369258088992,0.3611417093673092,-0.2975005549279482,0.8813000382494592,0.8561870760230609
cell_00082,2015,0.5607080041018416,0.6815671075769704,0.3714734322505469,-0.3130006758907793,0.9209350744381796,0.9170042582186568
cell_00082,2016,0.5324271497357521,0.6441431541384395,0.3356676830487841,-0.2765527595503845,0.8351385382781252,0.7853554930566353
cell_00082,2017,0.4963451159229237,0.6190999491858494,0.3133641177876673,-0.2483776026887851,0.7669602536754438,0.6807406987942675
cell_00082,2018,0.3400885769257145,0.3829308863055626,0.1464239640105504,-0.0845755245825959,0.3233161837303663,0.0
cell_00082,2019,0.4843523513401505,0.5949970548551005,0.2948399975409478,-0.2283749158519545,0.7206065570421861,0.6096142035348407
cell_00082,2020,0.499928801395565,0.6144058637171208,0.3265345271822423,-0.256099591145677,0.7806906771663532,0.7018090703000559
cell_00082,2021,0.5089247167181288,0.6308345735208687,0.3347956502028262,-0.268664205274601,0.8089653716637484,0.7451946052238836
cell_00082,2022,0.5529103094151436,0.6904198094388664,0.3924517255920295,-0.3278609984499656,0.9462310026871318,0.9558190853276348
cell_00082,2023,0.5358069898087882,0.6624576669916862,0.3835536177395892,-0.3163351766715238,0.9073411343555396,0.8961453109270376
cell_00082,2024,0.5630083170664703,0.6899262782463704,0.4049033742751445,-0.340500320750593,0.9649003721780554,0.9844659229487775
cell_00082,2025,0.564717328067133,0.700061141504182,0.4220994386882025,-0.3555060174620073,0.9750240524252496,1.0
cell_00083,2000,0.4297867478108961,0.589496211848542,0.2834405112675793,-0.2116102331789961,0.6684762868495576,0.9629404108489884
cell_00083,2001,0.3637213502693999,0.5530297822346701,0.2497345884958636,-0.1713325219874422,0.5614398312935966,0.5885566371093498
cell_00083,2002,0.3263329761905379,0.5065015453369416,0.2131540020604196,-0.1354036165974676,0.4653902031426653,0.2526017321505029
cell_00083,2003,0.2419152994338559,0.4864391821107678,0.2025517274309475,-0.124322268577016,0.3931712770748676,0.0
cell_00083,2004,0.2574107718426031,0.4981751023345555,0.2191160612316363,-0.1379427746556071,0.428903130565717,0.1249800928396965
cell_00083,2005,0.3750348875212292,0.5529440335110072,0.2507073527852576,-0.1854023127042734,0.5776873086026418,0.6453857972035877
cell_00083,2006,0.2955788083016396,0.5373350648650665,0.2525715965024808,-0.1825667953756559,0.5249099275155462,0.4607851861608251
cell_00083,2007,0.3527144711836144,0.5423257789315392,0.2591219818108073,-0.1862527546986372,0.566010352035475,0.604543048415777
cell_00083,2008,0.2896645503555351,0.5060106119391214,0.207917221476761,-0.1430797446337013,0.4465274294592467,0.1866249921873332
cell_00083,2009,0.2613292899104103,0.477609697431324,0.1989415245804467,-0.1211405033068286,0.3942175262329209,0.0036594887791206
cell_00083,2010,0.3328790266873943,0.525866228537034,0.2226703088630655,-0.149996162456775,0.4961970024252526,0.3603553541510431
cell_00083,2011,0.2971420866335148,0.5595983544157138,0.2685121958472231,-0.194210975673782,0.5571251381079072,0.573465039494343
cell_00083,2012,0.4439292362371392,0.545822005435219,0.2477396392568101,-0.1830754879361898,0.6077854387328144,0.750660691463791
cell_00083,2013,0.417530460292605,0.5235101200581211,0.2275590248485362,-0.166933394136726,0.5559731676279043,0.5694357669133328
cell_00083,2014,0.3724083981921643,0.5058250932931515,0.2110386102375627,-0.1416889099275059,0.4929576770190663,0.3490250941602805
cell_00083,2015,0.4294720211536056,0.5362370185561506,0.2433306662429256,-0.1813063646817505,0.5902619192849844,0.689368290608378
cell_00083,2016,0.4564723795313261,0.5479017608310376,0.2420696676470148,-0.1851354102542994,0.6132219453179364,0.7696760805732915
cell_00083,2017,0.3775327142497465,0.4862709729442896,0.2002317668338996,-0.1381599571625566,0.4749390373969398,0.2860009005400107
cell_00083,2018,0.3745246873663482,0.5083507204604362,0.2165046364574976,-0.1420812238704935,0.4996102319916071,0.3722938825622666
cell_00083,2019,0.4292787684537845,0.5589855081499563,0.2599268205510927,-0.1908041952023712,0.6208073791761274,0.796207820049635
cell_00083,2020,0.3693192200989799,0.5009593062078839,0.2201421391235055,-0.1483648820996773,0.4993949866522976,0.3715410141867957
cell_00083,2021,0.4235140503885264,0.5494329522859749,0.2391493321681628,-0.1727206465060031,0.5856810257329675,0.6733455980949193
cell_00083,2022,0.3850513192692304,0.5081437635418646,0.2333072650515692,-0.1616271899850468,0.5301015070274642,0.4789438884389014
cell_00083,2023,0.4348402490782621,0.5490942697509563,0.2441238238866495,-0.1856296315005642,0.6038165146950837,0.7367784982314606
cell_00083,2024,0.4497941597857743,0.5656390066558893,0.2857318831126242,-0.2174545464465049,0.6716450612362653,0.9740239029813014
cell_00083,2025,0.4539475214426888,0.5719417903099788,0.2872837101276885,-0.2182831501462753,0.6790716367159838,1.0
cell_00084,2000,0.4654450152252367,0.6485657682264371,0.3178455228125457,-0.2550473654329092,0.77407615834305,0.7389102086219417
cell_00084,2001,0.440419784749647,0.6277690333735836,0.3005454185744882,-0.234661710926464,0.7230330448292551,0.6336052219260787
cell_00084,2002,0.4508132888878371,0.6161986240844457,0.2879781064494152,-0.2237590268169538,0.7061777019351823,0.5988316445122547
cell_00084,2003,0.3591802444207856,0.5976455039651011,0.2788539943075449,-0.208749358688238,0.6292544454844172,0.4401343797977686
cell_00084,2004,0.3114931129251072,0.4679174259856099,0.1931680114785021,-0.1266432360372697,0.4159138448704502,0.0
cell_00084,2005,0.3928575965242618,0.546835455556173,0.2361624235796465,-0.1790618726606454,0.5696140378660011,0.3170926627384084
cell_00084,2006,0.3879877095027085,0.5792214283851174,0.2634291261673802,-0.2030737118413799,0.620157809033336,0.4213674763995398
cell_00084,2007,0.4288917756490719,0.6002223169883847,0.2809456812858554,-0.2141551096103228,0.673924178967963,0.5322907034695455
cell_00084,2008,0.3819862971547884,0.5798654926272582,0.2485383601518161,-0.1827421600069995,0.5931979377779357,0.3657476544796871
cell_00084,2009,0.3437667181458727,0.5464290633002556,0.2338326871640761,-0.1635632926877755,0.5305123631782998,0.2364235763657378
cell_00084,2010,0.4159381644739781,0.6031717697975486,0.2828833195966542,-0.2099709812617047,0.6670324540466188,0.5180726640280926
cell_00084,2011,0.3411299686823278,0.6370763902457803,0.3207045629308129,-0.2463763922443733,0.6958334883240616,0.5774909150443347
cell_00084,2012,0.5341499487527658,0.6476027382174351,0.3268208913149619,-0.2754241275820264,0.8310646957392928,0.8564809592914939
cell_00084,2013,0.5282758745468377,0.6425642384429131,0.3179475032111606,-0.2637543926760866,0.8110181498630072,0.8151237398454323
cell_00084,2014,0.4828229912725124,0.6199364560570202,0.3042742902514102,-0.2402435324683547,0.7482195772542352,0.6855665401009711
cell_00084,2015,0.524271550506436,0.6460825288176081,0.3357158796449673,-0.2786917216680732,0.8332226776317777,0.8609330046083735
cell_00084,2016,0.5573034303682319,0.6655073402258624,0.3447489468102367,-0.2917925180099681,0.8772201627313777,0.951702439780322
cell_00084,2017,0.4903053748316746,0.6293647867887142,0.3274128127713091,-0.2616501772453585,0.7880940984610054,0.7678300549245336
cell_00084,2018,0.5034417085760375,0.6360731791507824,0.3373454172961468,-0.270360092341175,0.8118043088817393,0.8167456327769055
cell_00084,2019,0.5249616201639126,0.6680983568979081,0.3525580548422805,-0.2887291057827617,0.8643766470825022,0.9252055011841404
cell_00084,2020,0.5134970136702459,0.6540114926596801,0.346570058553472,-0.2827953963740804,0.8420876300841351,0.8792219301027531
cell_00084,2021,0.5323292323923975,0.6629878114585226,0.3524113400950858,-0.290569195815191,0.8666898287246959,0.9299777328386708
cell_00084,2022,0.521597610531907,0.6478613842327914,0.3440799613335546,-0.2806571069108133,0.839918551002008,0.8747469906219563
cell_00084,2023,0.5144171698065779,0.6405930102113394,0.3357585469803334,-0.2731819106439603,0.8211097004629366,0.8359432104558798
cell_00084,2024,0.5470952252941013,0.6619560302345783,0.3608866869228478,-0.3017435410208308,0.8876087530999888,0.9731347211449708
cell_00084,2025,0.5569534713572963,0.6644745343107776,0.3635171444038757,-0.3082878812834742,0.9006308095210916,1.0
cell_00085,2000,0.4928663336830959,0.6503021695250442,0.3132130635598933,-0.2563595385308631,0.787688366244208,0.6093226612912418
cell_00085,2001,0.4843759628451657,0.6528632855478425,0.3173548053117609,-0.2612430496127596,0.7906378069261899,0.6148565677958037
cell_00085,2002,0.4614263838643845,0.6418187741175551,0.3209298434376151,-0.2548982684479179,0.7701741824949753,0.5764615646216035
cell_00085,2003,0.3543220864942943,0.6301424140298622,0.3171069098488492,-0.2405073759263912,0.6927403024984835,0.4311757635530062
cell_00085,2004,0.3696158631788588,0.6081860767538557,0.3037550982711283,-0.22803171547075,0.6711753639640232,0.3907144129127429
cell_00085,2005,0.4022149270786355,0.6141356603257941,0.296188426744992,-0.2317136193007705,0.6895038820203535,0.4251034094131745
cell_00085,2006,0.3765581705069186,0.6402158434079429,0.3253419338493366,-0.2593862676458644,0.7289291628718226,0.4990753388982995
cell_00085,2007,0.4414727758248151,0.5969338407313153,0.2879778013157041,-0.2263054131148585,0.6920335349455378,0.4298496865166538
cell_00085,2008,0.3958497548075507,0.5891051450652693,0.2657554081119743,-0.2019832738606856,0.6308663966270381,0.3150844611388279
cell_00085,2009,0.3132103648114293,0.53863945077822,0.2189179826742262,-0.1519583970497594,0.4912420791456111,0.0531134632388862
cell_00085,2010,0.3482869431580605,0.4937423318600801,0.1998690487601808,-0.1382927055754466,0.4629338652087507,0.0
cell_00085,2011,0.3261441793603862,0.6123761767698139,0.2947990654706393,-0.2244195631374423,0.6410362522966492,0.3341657163694633
cell_00085,2012,0.5509567060864605,0.6516800332760577,0.3307522216727971,-0.2833583732344751,0.8505991333203685,0.7273593810179817
cell_00085,2013,0.5470304418111038,0.6721436652625208,0.3626949194302542,-0.3063319129417382,0.8975898244336032,0.8155259587674453
cell_00085,2014,0.5221224377598792,0.6727735776397678,0.3651565044343827,-0.300902608470858,0.8823957659703702,0.7870180116593586
cell_00085,2015,0.5643929741439708,0.7012088040037948,0.4000711171339504,-0.3419495280365995,0.9729174231100324,0.9568598363514516
cell_00085,2016,0.5763768720421056,0.7035790661557049,0.3925160858033076,-0.3400240112321875,0.974599149776789,0.9600151865156076
cell_00085,2017,0.5222266400475891,0.6837758864074538,0.3888695336322063,-0.3203856655781345,0.9182234546815596,0.8542399364173243
cell_00085,2018,0.5477448236511177,0.6922107278135334,0.3979172247299542,-0.3308317793209003,0.950215689421924,0.9142655667026596
cell_00085,2019,0.5485163060421419,0.7210504215063256,0.4254569139871278,-0.3567990525879704,0.970966120868488,0.9531986933310764
cell_00085,2020,0.5137226112438917,0.705540007774921,0.4112237664496758,-0.3337928799032176,0.9421392135359572,0.8991120283683149
cell_00085,2021,0.5660250090105172,0.7269981427628385,0.4289413332243876,-0.3646061809220846,0.9805477480100718,0.9711762811113698
cell_00085,2022,0.5469299094458883,0.6966021837434885,0.3967550373627242,-0.3311523066073588,0.9516190796742018,0.9168986864303972
cell_00085,2023,0.5185533863092155,0.6634454130838288,0.3692839053819222,-0.3018479385154339,0.8787638494739092,0.7802036056444915
cell_00085,2024,0.5617522591990339,0.6953437476453661,0.4034755533242688,-0.3419645816285237,0.9682133007105376,0.9480336973130062
cell_00085,2025,0.5940969582971832,0.72004907765781,0.4273127613973316,-0.3733815482622698,0.9959101053296352,1.0
cell_00086,2000,0.5129111851524105,0.628380233538925,0.3159505174077518,-0.2651736840699706,0.7942574654994772,0.4703529886311842
cell_00086,2001,0.4805767080997912,0.6061310315651469,0.2964339730217818,-0.2360149164021996,0.7309783129414025,0.2987285515482793
cell_00086,2002,0.4063822848807421,0.576954619328292,0.2698180580366089,-0.2094352547186403,0.637691042414584,0.0457167041397302
cell_00086,2003,0.4019737336911672,0.5957902015850333,0.2873491942995771,-0.2272434791420001,0.6699687851946083,0.1332597449515433
cell_00086,2004,0.417974518021117,0.5830957486777228,0.273656373426024,-0.2083279733349783,0.6494014303199294,0.077477381251088
cell_00086,2005,0.4415821371002568,0.5606106736850293,0.2513754050554662,-0.1910313859947927,0.6226159942668477,0.0048304636045322
cell_00086,2006,0.4850284302033527,0.6000920274068487,0.2779406054558681,-0.2264600654820654,0.7107114170553492,0.2437610866368377
cell_00086,2007,0.4541064210003246,0.5805740486772242,0.2589723183591282,-0.2058928690055567,0.6558654331757062,0.0950089189942153
cell_00086,2008,0.4885127502937305,0.5908592639935328,0.2790727830185024,-0.2244080130059785,0.7068896963387606,0.2333958930437245
cell_00086,2009,0.4200798599388579,0.5741365586617148,0.2545074617713216,-0.1927844999744583,0.621753260499645,0.0024905745389717
cell_00086,2010,0.4583914998638838,0.5841457394774804,0.257656270886802,-0.2030490416798792,0.6573758657341713,0.0991054836149306
cell_00086,2011,0.3932462067672204,0.5917738963849596,0.2914863188234593,-0.2270754559271119,0.6657357493521179,0.121778990797125
cell_00086,2012,0.5693703073722073,0.6318324387336047,0.3105122292579971,-0.2642025928087629,0.8226239650421905,0.5472880346807133
cell_00086,2013,0.508311295688811,0.5795246766514434,0.2746194840063333,-0.2206477092299353,0.7057727980931201,0.2303666642228893
cell_00086,2014,0.462798230000823,0.5521218289769545,0.2418226189008911,-0.1880795076925246,0.6208349679249534,0.0
cell_00086,2015,0.5271428880669924,0.5953319636707698,0.286584814622123,-0.2388116736761616,0.7454253153343662,0.3379114190962011
cell_00086,2016,0.5575637092880353,0.6295941258153808,0.3169219503055541,-0.269156704080451,0.822717406341618,0.5475414642821895
cell_00086,2017,0.5298088494542628,0.6182274289889278,0.3105769493521295,-0.2562532538389299,0.7881119046696909,0.4536851229071161
cell_00086,2018,0.506993397418342,0.6133538643239453,0.3211036172725481,-0.2565347468474222,0.7804625041018305,0.4329385734763876
cell_00086,2019,0.5561003587415501,0.6687570044794862,0.3610266015832458,-0.3027172171469252,0.8970775588279343,0.7492195651409297
cell_00086,2020,0.520231739891532,0.6401384815376227,0.3392395935123293,-0.2767665100149579,0.8288744747933632,0.5642405407456722
cell_00086,2021,0.5680378422392481,0.6811959646453326,0.3792524931796974,-0.3216340114824739,0.9359638145887608,0.8546860811327294
cell_00086,2022,0.5691811590317427,0.6862764671065994,0.3867614341202143,-0.3286164403748197,0.9493509460063188,0.890994388068172
cell_00086,2023,0.5640323172900773,0.6730202257495156,0.383646291703113,-0.3256628242059382,0.934986946894381,0.8520366403394358
cell_00086,2024,0.5952186584385901,0.6961611292948962,0.4001356235310115,-0.3492910685999725,0.9895420916517864,1.0
cell_00086,2025,0.5887143249081497,0.7019070603875596,0.4008643281089923,-0.347437358871256,0.9891852758774162,0.9990322514770974
cell_00087,2000,0.5395542226910739,0.6567883942858103,0.3379923486852765,-0.2872864878646037,0.8549023887885161,0.7475078505769809
cell_00087,2001,0.4700022211288966,0.5870822137168186,0.2817782748538849,-0.2187933111483355,0.6927867518781311,0.3997248582405369
cell_00087,2002,0.3470446924214155,0.5507973481877019,0.2522864362581398,-0.1788066328677525,0.5578603233955062,0.1102702569617226
cell_00087,2003,0.3746629115911155,0.5948403220518219,0.2961726630809356,-0.2292211867848674,0.6619908237647997,0.3336590533919095
cell_00087,2004,0.4225664782652795,0.5856701205504016,0.2785023087509994,-0.2143866173732574,0.6607972570404987,0.3310985218180179
cell_00087,2005,0.5084128811053663,0.6455934184513277,0.3198133224398468,-0.2653957507980516,0.8042411578471156,0.6388254629428535
cell_00087,2006,0.4905134932678752,0.6405275213405824,0.3282199600943559,-0.2731847094750065,0.8027199571650796,0.6355620656838021
cell_00087,2007,0.465224527154278,0.6259399692090283,0.302521705346741,-0.2439288969334055,0.7431773229959386,0.5078266055049357
cell_00087,2008,0.4815613705690422,0.5896270667975734,0.2924573950214157,-0.2407885336292205,0.7227334176213223,0.4639687598231061
cell_00087,2009,0.4323722388604866,0.5816141548492619,0.2638258819256804,-0.2053973347799304,0.6476147159138114,0.3028183158674229
cell_00087,2010,0.451900620312468,0.6098742071631472,0.2859992362499461,-0.2304295405346354,0.7063309120892938,0.4287808373964909
cell_00087,2011,0.3345736319763009,0.5948887696862751,0.2869569154935202,-0.219293801231778,0.6269828513781435,0.2585572456681231
cell_00087,2012,0.6006609761873947,0.6805766031405157,0.3612314086623251,-0.3166152446994028,0.9375030155835452,0.9247090984215736
cell_00087,2013,0.585121940174299,0.6884416070095383,0.3685682217637114,-0.3197737865757388,0.9406312559990052,0.9314200415062176
cell_00087,2014,0.5311169735673392,0.6777618464366576,0.3731458206063036,-0.3153440717053738,0.9053599058300216,0.85575321541037
cell_00087,2015,0.5740335221184565,0.6682851750619284,0.3587926512692949,-0.3110616131084319,0.910654420327566,0.867111417062087
cell_00087,2016,0.5931111502516601,0.6870485250224628,0.3818800267017014,-0.3347949332269399,0.9636001396265091,0.9806946656624098
cell_00087,2017,0.5757604441770633,0.6772505447504964,0.3614904580079098,-0.3120715174010373,0.9191603375253126,0.8853589679583254
cell_00087,2018,0.5623348018128527,0.66949471101218,0.3709355821383868,-0.3130952842944126,0.9147835017145634,0.8759694415422579
cell_00087,2019,0.5598753112267607,0.6828851493538405,0.3699776496378101,-0.3137232142514558,0.9206515460122426,0.8885580236426868
cell_00087,2020,0.523159943308494,0.6623157775172154,0.3578252215132168,-0.2978515592519096,0.8699622579372529,0.7798154456773735
cell_00087,2021,0.5885309895630709,0.7021161321476214,0.3828273671279056,-0.3319238001121596,0.968231820564859,0.9906309055402284
cell_00087,2022,0.5821320733902241,0.7013384546559284,0.3908382292792871,-0.3359526018427869,0.9725991322192198,1.0
cell_00087,2023,0.4327762484621761,0.5111356307350169,0.2352059156435255,-0.1757003114992546,0.5686404655873658,0.1333966510637904
cell_00087,2024,0.4372966641971254,0.4976836303121474,0.2291945708009078,-0.1674235437819314,0.5538674768687541,0.1017044940317616
cell_00087,2025,0.438785592488713,0.500897564487066,0.1852637878868965,-0.1386347308869513,0.506458922713072,0.0
cell_00088,2000,0.4432031737645359,0.5649809605503967,0.2526649723779388,-0.1883259800729618,0.625029199079815,0.8072365643265825
cell_00088,2001,0.3839008044250433,0.5197335211535834,0.2112129919318676,-0.1379762057015322,0.5046345560611252,0.5430846275845286
cell_00088,2002,0.3704475449120226,0.4891878401594666,0.1819543276544453,-0.1124142785297849,0.4426574719211191,0.4071037699755536
cell_00088,2003,0.3137683660132861,0.4845511528673672,0.1741273878761733,-0.1096939533382114,0.4017578799433439,0.3173679963397454
cell_00088,2004,0.3310448044227957,0.4732426486229466,0.1643431447281783,-0.0978556598746264,0.3901355424092891,0.2918679998937752
cell_00088,2005,0.4436848054188032,0.587745356826692,0.2615565507153877,-0.1993306812012188,0.651572135086297,0.8654731085542536
cell_00088,2006,0.3327916942167521,0.5530508382782233,0.2307546653999575,-0.1720118006627933,0.5317023168773127,0.6024726639920677
cell_00088,2007,0.3159308542021384,0.4022330421884076,0.1464199449397417,-0.0807945928327139,0.3183194146695685,0.1342997829356749
cell_00088,2008,0.2789448138204066,0.4193620565063676,0.1117420987959922,-0.041589987292489,0.2571085273921558,0.0
cell_00088,2009,0.3303210894205657,0.4753316668409099,0.1531236259707836,-0.0909277503983901,0.3784148672670601,0.2661522457612294
cell_00088,2010,0.3151917650202219,0.4714050728091574,0.1578805650239599,-0.082588896378901,0.365689547927694,0.2382322514419402
cell_00088,2011,0.2976300804395813,0.4498011248316858,0.1600795778603958,-0.0957550785105314,0.3543938825371958,0.2134489902030901
cell_00088,2012,0.4424284778105079,0.5299079877969597,0.2114281006627323,-0.1467733791115292,0.5483773548487334,0.6390585407799101
cell_00088,2013,0.4089281618055071,0.5111801974472334,0.204713896641097,-0.1362605729936757,0.5078675939327,0.5501780762125071
cell_00088,2014,0.3953006263397173,0.5251200416931574,0.2128034139396734,-0.1446425521600545,0.5194529462172817,0.5755969251502971
cell_00088,2015,0.4869940489632704,0.6033560112587499,0.2844057315024391,-0.2186323310548164,0.7128865334275837,1.0
cell_00088,2016,0.4716877124338839,0.5722066037521877,0.2506802909397692,-0.1900590934676667,0.6444171184636727,0.8497746401598218
cell_00088,2017,0.4753026799395768,0.5944522244923316,0.2768095615135776,-0.2096722047473276,0.690210346676856,0.950247299232414
cell_00088,2018,0.4419964916068068,0.5395694054423837,0.2289664736262218,-0.162287945019579,0.5761866149640392,0.7000734641572004
cell_00088,2019,0.3077405444877797,0.4048097577978673,0.1199811629839737,-0.0461890813414771,0.2735999725355056,0.0361830648363227
cell_00088,2020,0.3661345933803686,0.4718880072741813,0.1683303236746381,-0.0950123491278867,0.4094683625883626,0.3342851852846181
cell_00088,2021,0.3664582255404314,0.4477387494110554,0.1406435878227245,-0.0787411339759033,0.3659181839448505,0.2387338904287471
cell_00088,2022,0.4486939674826924,0.5331645388024878,0.2261356490289872,-0.1640702258000778,0.575495166481676,0.6985563912111454
cell_00088,2023,0.4095424111804649,0.4823283781923263,0.1884956462091851,-0.1295110666214182,0.4762557385686576,0.4808200665116504
cell_00088,2024,0.383661778236783,0.4561152418264435,0.1530043224106053,-0.0955681494900092,0.3999191467910323,0.3133337227943723
cell_00088,2025,0.3675907932731071,0.4667287948186184,0.1846801776019143,-0.1151112717384874,0.4322891501461085,0.384355147537189
cell_00089,2000,0.3560573161754249,0.4766762131738842,0.1743875421797597,-0.1007594068056549,0.4147091088675458,0.5401273481225409
cell_00089,2001,0.2969334905827331,0.4340531401940063,0.1352238383728551,-0.059570737738187,0.3036115452660496,0.2571823797751641
cell_00089,2002,0.2830295825470256,0.4048171480629966,0.1068529439965852,-0.036432208610304,0.2443620078106455,0.1062847546926798
cell_00089,2003,0.2344440550231619,0.4002989926351596,0.0933320109499662,-0.0317041042418978,0.2026295912092569,0.0
cell_00089,2004,0.2466330518528839,0.3869007088085498,0.0958394365370452,-0.0310867886220015,0.2031727435303795,0.0013833086102508
cell_00089,2005,0.3457841594170708,0.5181877192903797,0.2080871355524166,-0.1397140992815057,0.4818908335668677,0.7112267885815197
cell_00089,2006,0.2683238899806964,0.4989632951263083,0.1912425173796442,-0.1286209118399278,0.4095714494119229,0.5270426787119217
cell_00089,2007,0.2798195968414241,0.4172255998456998,0.1299353319134538,-0.0622753704412538,0.2829783438153774,0.2046334278259886
cell_00089,2008,0.2644826262943771,0.4135239578914375,0.1115785115486184,-0.0415874815782628,0.245823934106558,0.1100080108660276
cell_00089,2009,0.2935629391390229,0.4213884592132412,0.114640544331526,-0.0542081292597531,0.276716620727653,0.1886859760239731
cell_00089,2010,0.2838780160819411,0.4337122764446242,0.1217887973303163,-0.052494098722188,0.2821384023565425,0.202494252116104
cell_00089,2011,0.2956541871563138,0.4400746543629228,0.1566984501136614,-0.0882881656951019,0.3405247920559027,0.3511935993372574
cell_00089,2012,0.4310027760846289,0.5162967221188868,0.1958300836246296,-0.1305720772756125,0.5127748929089189,0.789882781653698
cell_00089,2013,0.3245917642478962,0.4094836993217314,0.1142421443681158,-0.0482524551443005,0.282794031023115,0.2041640171973293
cell_00089,2014,0.3328764148476693,0.4568398549474198,0.154599285143024,-0.0858601867069845,0.367144546820815,0.4189891965151564
cell_00089,2015,0.4187259739419263,0.5190027293824996,0.210254756451434,-0.141796061972887,0.5251733137641992,0.8214592688666678
cell_00089,2016,0.4077694245880624,0.5074984412628198,0.1927640654386803,-0.1261011831464294,0.490017092640892,0.7319228690530037
cell_00089,2017,0.3942097973167237,0.5065288044346196,0.2031859993615544,-0.1316361495741967,0.4930542246730087,0.7396578832048577
cell_00089,2018,0.3597086026465815,0.4636792182263768,0.1578303243365695,-0.0896792264989376,0.3904588009945982,0.4783662944045916
cell_00089,2019,0.3676936885827501,0.4972604538264376,0.1968637099245095,-0.1187649950543734,0.4603337275550089,0.656324822413611
cell_00089,2020,0.3866628280670984,0.5080181087567877,0.2025540174783144,-0.1276826341016601,0.4866642227798822,0.7233837289859977
cell_00089,2021,0.3777141970099484,0.481296908620172,0.1749493073733212,-0.107052250594355,0.4337440258166887,0.58860576474191
cell_00089,2022,0.4237049996097206,0.5530959089010803,0.2492908097540055,-0.1732505066968424,0.5952768407800628,1.0
cell_00089,2023,0.4151840867682508,0.5213643676336829,0.2229341310718939,-0.1549206884617783,0.5422119700036991,0.8648535782833886
cell_00089,2024,0.3820743181664984,0.4900395103403759,0.1996625911953019,-0.1246254194146103,0.470061830407856,0.6811005030365637
cell_00089,2025,0.3640949753316463,0.4809849243153556,0.2021742156910122,-0.1242718374184001,0.4566960510800099,0.6470603325210287
cell_00090,2000,0.4395223542325262,0.556566056707527,0.2471428528070972,-0.1894243073481334,0.6151970147220904,0.5315651996317862
cell_00090,2001,0.395423009447484,0.5336821142139678,0.2210912809334462,-0.1520627820400188,0.5350600793633854,0.296620306180794
cell_00090,2002,0.3475167398711818,0.5014325358759693,0.1855037327694016,-0.1197076742280704,0.4443015075993208,0.0305349751480283
cell_00090,2003,0.32653957123669,0.5014554930437958,0.1839105026060263,-0.1229422805468602,0.4338863872973866,0.0
cell_00090,2004,0.3214029938458511,0.5003728418363801,0.1946668110741116,-0.1331419406558139,0.4448281951234359,0.0320791138611111
cell_00090,2005,0.4163108863747621,0.5903036160975231,0.2670236520029235,-0.2030129697037603,0.6443086338943939,0.6169144363352799
cell_00090,2006,0.3107067663049657,0.5521928200170108,0.2457434807101973,-0.1819298219090288,0.536266701440465,0.3001578721491721
cell_00090,2007,0.3791769568856715,0.5627678553749406,0.2515957211454288,-0.1852465304238932,0.5859468194763353,0.4458096865880976
cell_00090,2008,0.3339155342130416,0.5216211413804669,0.2139297415551644,-0.152601337792667,0.4900282214420187,0.1645962274725426
cell_00090,2009,0.3564201522010043,0.5406782148514429,0.2332397501245521,-0.16355482370679,0.533811050690288,0.2929584128577643
cell_00090,2010,0.3980400994999075,0.577482411950956,0.2519704229040541,-0.1858186623491544,0.6051166137570999,0.5020115522398322
cell_00090,2011,0.3169479819993146,0.5689691754289018,0.2495882534480479,-0.1844479906174917,0.553409336892464,0.3504165280574755
cell_00090,2012,0.4323365947704997,0.5381050117147029,0.2347411864783398,-0.1707942943468824,0.5798211228680706,0.4278504131207536
cell_00090,2013,0.4656359232999835,0.5807294643341264,0.2725235757174412,-0.21233065995737,0.6760535493994463,0.7099839523775491
cell_00090,2014,0.4612543959450711,0.59395528851968,0.2934939892543557,-0.2263636705612013,0.705096856360063,0.7951329118278101
cell_00090,2015,0.4976914869292423,0.6119776137721316,0.3199395323653468,-0.2583025891241486,0.7749746066734805,1.0
cell_00090,2016,0.4894365570850767,0.593752282374705,0.2873355590031652,-0.2308717633609375,0.7191174137286334,0.8362382815594772
cell_00090,2017,0.3505683604482332,0.4818954410027317,0.1936537979877415,-0.124589173395605,0.4440529523724628,0.029806262713126
cell_00090,2018,0.3412161184324859,0.4843946351644788,0.2049846397877548,-0.1280057163825292,0.4505430491700372,0.0488338820470502
cell_00090,2019,0.4007295558396863,0.5293479006346873,0.247253015069271,-0.1784800160280311,0.5715437675904755,0.4035829221686013
cell_00090,2020,0.3492022098842088,0.4807775965475769,0.2119739107031081,-0.1437853445564632,0.4683555189732813,0.1010563535115472
cell_00090,2021,0.3977634932074587,0.5073022173194532,0.2195449840970234,-0.1618525147382433,0.5271122746480762,0.2733189892081731
cell_00090,2022,0.4131653386174599,0.5129084408211613,0.230988250169401,-0.1736293470169539,0.5545588908712251,0.3537867821837067
cell_00090,2023,0.4287182014369025,0.5263538039034455,0.2340259603207986,-0.1827727253472264,0.5788133982939812,0.4248959734279001
cell_00090,2024,0.43648594722446,0.5383282900110459,0.2540044883182266,-0.1966217087400648,0.6129907571018167,0.5250969093334308
cell_00090,2025,0.4739494435146708,0.5677461796651563,0.2708349804864884,-0.2217371509918342,0.6784852817419414,0.7171132878525274
cell_00091,2000,0.4593450731107856,0.5804865010132555,0.2696124084983156,-0.2139348855985029,0.671513318699269,0.5543795038216149
cell_00091,2001,0.4289880801969982,0.5571468058405337,0.2537567255543031,-0.1883699777450247,0.6136766196887651,0.3804566190351849
cell_00091,2002,0.3642484699574763,0.5115775784840358,0.2168183448403355,-0.1558382598993943,0.5052185818776038,0.054308427020163
cell_00091,2003,0.3267609552734086,0.5185324336820902,0.218959574474506,-0.1514795601085412,0.4871587379924467,0.0
cell_00091,2004,0.3625973246769588,0.5170079934863733,0.2159494590018162,-0.1480794855047353,0.5015374157865489,0.0432386558041745
cell_00091,2005,0.4492275904574055,0.5751596090340266,0.2635140036010874,-0.1986602820383347,0.6485107415722995,0.4852076001706422
cell_00091,2006,0.4478446224140012,0.5925512285640844,0.2723697217591056,-0.2155109806785482,0.6749289324458436,0.5646507227238652
cell_00091,2007,0.4079586346703505,0.5716753661695091,0.2586451787788668,-0.1961144975384368,0.6188730745766438,0.3960830714473163
cell_00091,2008,0.4467422487048049,0.5791351686388869,0.2672546512913518,-0.2093168892397482,0.6591208222522456,0.5171135676833775
cell_00091,2009,0.3868695276232823,0.5675227048484878,0.2604264093415043,-0.1919848868480685,0.6034977102022685,0.3498472424255357
cell_00091,2010,0.4072118306967669,0.5743934154089954,0.2550515578257661,-0.1934036143198974,0.6156497047309463,0.3863899563164635
cell_00091,2011,0.3950778360711966,0.5899532654853176,0.2795163367955808,-0.2253806495428497,0.656214245702589,0.5083730934340251
cell_00091,2012,0.5647762539697647,0.6309848140522852,0.3110682930731535,-0.2637166100879972,0.8197009395637062,1.0
cell_00091,2013,0.5035863182871173,0.60356276767858,0.2966848307072611,-0.2402944053150205,0.7451805414802085,0.7759069443475465
cell_00091,2014,0.4344889616742637,0.5798189353583071,0.2834920834534719,-0.2182822951276971,0.6701604100706408,0.550311122057629
cell_00091,2015,0.5261872216330158,0.6109373618570578,0.306125215380008,-0.2562770732821583,0.778968231317293,0.8775111608272531
cell_00091,2016,0.5363625792286779,0.6117058405586814,0.3003772297710854,-0.2543283873782953,0.7796386941527977,0.8795273345108843
cell_00091,2017,0.5204358019458238,0.6099013954965127,0.3036877676525799,-0.251524972239165,0.7703553730383168,0.8516111149435112
cell_00091,2018,0.4852658144525149,0.5933901343159695,0.3009553154882684,-0.2364447869572224,0.7298938316223621,0.7299377116137256
cell_00091,2019,0.5277464641108683,0.629807344572702,0.3199784507945092,-0.2647900211443439,0.8057324062277347,0.9579947048225148
cell_00091,2020,0.4739221748983142,0.5837169486944008,0.2839596022469624,-0.2258983603436412,0.6993409157473492,0.6380609040065992
cell_00091,2021,0.5207274086622754,0.6128683063703765,0.3088772576261544,-0.2545997651808552,0.7778585000002568,0.8741740465849323
cell_00091,2022,0.5340451449263202,0.6300123506130789,0.3223485253341568,-0.2687618032316186,0.8136118293936323,0.9816892107488828
cell_00091,2023,0.5046456048409543,0.6009567384115442,0.2998744817883172,-0.2446704085066781,0.7494699810148151,0.7888058772178379
cell_00091,2024,0.5346255498173329,0.605260957888834,0.3021111218473882,-0.2542990659917002,0.7762892036854798,0.8694549573765188
cell_00091,2025,0.5220618401950875,0.6086017899058364,0.3029034447717162,-0.2507281364787064,0.7694384579088368,0.8488538254171064
cell_00092,2000,0.537589188812837,0.6463906205678207,0.3277807271250821,-0.2758306434133988,0.833214956417157,0.7710473147051188
cell_00092,2001,0.4671631665187544,0.5862336802246613,0.2658960380859698,-0.206448370778262,0.6713810529783826,0.5364471981710821
cell_00092,2002,0.3517599681732894,0.5233398709792044,0.2175279756793022,-0.1553277721376628,0.5050948811535154,0.2953929168420072
cell_00092,2003,0.3529444638009388,0.5766708101029131,0.274024732151715,-0.2090623412515584,0.6109821776622905,0.4488908648775418
cell_00092,2004,0.4265965181372723,0.5765188729080063,0.2635808598489292,-0.2014556322982009,0.6388025219945681,0.4892202141899283
cell_00092,2005,0.5013236619718977,0.6378231530336205,0.3076653755516716,-0.2509627191035843,0.7778654205430833,0.6908106814024124
cell_00092,2006,0.4834669094915503,0.6471099807729367,0.3279276497524177,-0.272211822182926,0.8016765629430198,0.7253281506294152
cell_00092,2007,0.4480604930395792,0.6179991947071821,0.2978667189443596,-0.2397957125952367,0.7233334866950993,0.6117592727437602
cell_00092,2008,0.4923160551628246,0.6236529563697548,0.3157243138679504,-0.2608564931733163,0.7773021548964656,0.6899941517165538
cell_00092,2009,0.4186972498816126,0.5981202418791602,0.2850200844424062,-0.2225198454810735,0.6756263298974275,0.5426013008576307
cell_00092,2010,0.4488840493600377,0.6207345446223596,0.2960061635964281,-0.2366996418919388,0.7219335721482589,0.6097299073954128
cell_00092,2011,0.3261482053550116,0.5993112003751713,0.2939220503204115,-0.2201951966668263,0.6303134121164946,0.4769141020320409
cell_00092,2012,0.5930458036666547,0.6800151415701207,0.3687292106561122,-0.3226512093430394,0.9423106425905567,0.9291962572060518
cell_00092,2013,0.5687315245433996,0.6895974025693133,0.3774891131927492,-0.3231984378587648,0.9408404088110762,0.9270649546256322
cell_00092,2014,0.4863134531879158,0.6717614820023583,0.3863529831137695,-0.3150479401730027,0.886537839068118,0.8483460402381087
cell_00092,2015,0.5726312345333103,0.6817197800918353,0.3858892394851969,-0.3350099640655685,0.9523711570233956,0.943780332657394
cell_00092,2016,0.5920847211395538,0.7021284101057712,0.4048310359698814,-0.3551802742272364,0.9911530994644314,1.0
cell_00092,2017,0.5680422263580123,0.6707499870099132,0.3592258173929796,-0.3073920881020397,0.9065948521108252,0.8774213915530075
cell_00092,2018,0.5430366771591792,0.6540592827093498,0.364092652736048,-0.3023175414890679,0.8836134854443202,0.8441067944042512
cell_00092,2019,0.5613903369163812,0.6943021724953748,0.3878437927123506,-0.3298228329813679,0.9511259974181638,0.9419753055136142
cell_00092,2020,0.5131671097066288,0.6704777697384551,0.3728379782364239,-0.3102222910169911,0.887831105244173,0.8502208043583895
cell_00092,2021,0.5746386326980569,0.6921438862133356,0.3832485581568102,-0.3283872524253582,0.9529968986838516,0.9446874297695808
cell_00092,2022,0.5767825776778923,0.6965563547421508,0.3938755776974655,-0.3379688786043601,0.9704814632326624,0.9700336692999753
cell_00092,2023,0.3728899992648272,0.446468294618695,0.1761143629236899,-0.1151440383782565,0.4179257805219749,0.1690295236852498
cell_00092,2024,0.4111316174920122,0.456353147531495,0.1849826453748721,-0.1223792155915833,0.4554130412492545,0.2233723748943525
cell_00092,2025,0.3876350705553688,0.4098605687749228,0.0888278169914667,-0.0506401726197583,0.3013243567097576,0.0
cell_00093,2000,0.5013642072320859,0.5626235728470383,0.2573158660594972,-0.2064509026061529,0.6709368909855565,0.7302931631206402
cell_00093,2001,0.412249104853031,0.5052233220282148,0.1984162454563795,-0.1388386365710195,0.5036857057539422,0.3049680500006815
cell_00093,2002,0.3795841646739039,0.4923327465926818,0.2089569136003493,-0.1510112178837014,0.494151643985077,0.2807226260013258
cell_00093,2003,0.338158998560176,0.4765301553811226,0.183680777801709,-0.1288779547030355,0.4301669665092285,0.1180075448037115
cell_00093,2004,0.3671378559850125,0.4886527358521235,0.1976096151613364,-0.1360290347404496,0.4673163921230969,0.2124797222634944
cell_00093,2005,0.4054315548018472,0.5238018630375515,0.2176303261691653,-0.1575312987620782,0.5362715725123401,0.3878349513379386
cell_00093,2006,0.427272037647896,0.5368045177876487,0.2266546608940554,-0.1761811289773854,0.5742754059972821,0.4844799153397821
cell_00093,2007,0.4044021651160285,0.5071675481576305,0.2042536348740372,-0.1513233165065331,0.5129206399129467,0.3284527829213753
cell_00093,2008,0.4281663215569405,0.5129261536611072,0.2114400867564828,-0.1592737294767518,0.5394876871059333,0.3960136336081568
cell_00093,2009,0.3544340084108213,0.4784606090375743,0.1896024759907596,-0.1331240118935183,0.4471360059510683,0.1611603548130562
cell_00093,2010,0.4090656910981488,0.5126264158933606,0.2013227824257202,-0.1476877492607093,0.5140300926219783,0.3312741566432813
cell_00093,2011,0.3582128366097249,0.5285735879867981,0.23374539834898,-0.1798878497433864,0.5393381897018322,0.3956334569282583
cell_00093,2012,0.5618633697177015,0.6064376031080959,0.2895054167650742,-0.2452837175748347,0.7769940852157503,1.0
cell_00093,2013,0.5318627693222867,0.5829668161878423,0.2704644765159527,-0.2222855800970339,0.718770138803076,0.8519346421374113
cell_00093,2014,0.481640853749202,0.5354681385525424,0.234551654372254,-0.1847982892703594,0.6145798630413951,0.5869754386318081
cell_00093,2015,0.4987625959396116,0.5473777590743859,0.2444274632848797,-0.1986001521558313,0.6467408182684005,0.6687617763550899
cell_00093,2016,0.5161605293914165,0.5600586448710166,0.2592741166551562,-0.2145813067140566,0.684419918459133,0.7645809332040442
cell_00093,2017,0.4783358899574516,0.5275498436781612,0.2330995420872049,-0.1823879509164867,0.605727488112634,0.5644635660687435
cell_00093,2018,0.4458228818391049,0.5264112711513311,0.240605044347798,-0.1757166714469979,0.5880826687964031,0.5195922262258343
cell_00093,2019,0.3893488679488101,0.4379870713608861,0.1452123775624435,-0.0900239311748568,0.3837626956917491,0.0
cell_00093,2020,0.3992404015989662,0.4438268235467381,0.1670359531928467,-0.1119268557919141,0.4223678942391786,0.0981742545887812
cell_00093,2021,0.4649738012935168,0.4989904797663649,0.1968196852763227,-0.1483182178740654,0.5342973395439568,0.3828144137588477
cell_00093,2022,0.4783948847595238,0.5296267748479514,0.2276082211240762,-0.1755548005444989,0.5984992108139694,0.5460818257213763
cell_00093,2023,0.4689291243573217,0.5164959074868164,0.2186982873325482,-0.1679438172990774,0.57466941262964,0.4854818868071027
cell_00093,2024,0.5331603411003867,0.5699475968367465,0.2619704976640223,-0.2181094665360443,0.7034843390888094,0.8130623645891467
cell_00093,2025,0.5179856361699826,0.5701782465439919,0.2640562239507928,-0.2158731732298656,0.6952698972485802,0.7921727762727803
cell_00094,2000,0.5460423441795217,0.6543330946296305,0.3205287947210375,-0.2696600774860744,0.8330618107819504,0.6940974248774431
cell_00094,2001,0.5123829858670707,0.6296076056767246,0.29426743023127,-0.2395926032666011,0.7623502232760972,0.5295428642408408
cell_00094,2002,0.4579574784754524,0.5826910971870963,0.2582950355862243,-0.1967307799222863,0.6525426883406972,0.2740072256952147
cell_00094,2003,0.4507049676546256,0.6205887781272643,0.2963658932799782,-0.2354458676933565,0.7222607495755855,0.4362497285098085
cell_00094,2004,0.4140991993809682,0.5257156471490502,0.2244746562268215,-0.166633631833997,0.5529662010905447,0.0422804933851993
cell_00094,2005,0.4841181483172241,0.5974277432770085,0.2717727088770323,-0.2217071313579659,0.7012299694300943,0.3873085166271051
cell_00094,2006,0.4437502084654536,0.6027488918700896,0.2791641414500529,-0.2230025823303722,0.6881430909163296,0.3568537408273272
cell_00094,2007,0.4552536070388043,0.5941270041232382,0.2738177255005901,-0.2141423660117418,0.6799581505165683,0.3378063778868753
cell_00094,2008,0.4638999918092801,0.6084131269414907,0.2831723611352592,-0.225219527697364,0.7066160851817556,0.3998426703961621
cell_00094,2009,0.4840676806334525,0.6357896199778278,0.3077962137407671,-0.2480300635142483,0.7654159898158447,0.5366772800241207
cell_00094,2010,0.4619572746778648,0.5978918937921319,0.2828327856525385,-0.2165152010527732,0.6936211991455926,0.369601972405518
cell_00094,2011,0.4523620248337709,0.5904395099026655,0.2683444667657694,-0.2136704538283275,0.6721753418250849,0.3196948248880153
cell_00094,2012,0.5715769291110288,0.6691055876921207,0.344908765517521,-0.2986148578711027,0.8917180775147211,0.8305977714436331
cell_00094,2013,0.5725114687490602,0.6724476187761489,0.3593138969954915,-0.3077543866305668,0.9102911438989344,0.8738195811403208
cell_00094,2014,0.5645629631463467,0.6794861736593691,0.3779005072364608,-0.3188279608839783,0.9302839731606038,0.920345353663308
cell_00094,2015,0.5938594035031654,0.6947449522652417,0.3796673586365249,-0.331452331995256,0.9645127813619364,1.0
cell_00094,2016,0.5683026870040117,0.6265618435087292,0.3110118898086115,-0.2688026034027119,0.8225324445331428,0.669594294655526
cell_00094,2017,0.5880935113798883,0.6750129091370431,0.3668890668515721,-0.3188066051577736,0.9329500513728222,0.9265496455524992
cell_00094,2018,0.5616358747293155,0.6607614198746312,0.3611466859436884,-0.3044453644454273,0.8968917310858339,0.8426374995887547
cell_00094,2019,0.3905998596450803,0.5010523919094667,0.2387303111077861,-0.1643422379697318,0.5347976325851687,0.0
cell_00094,2020,0.4320424649842446,0.5424389726352844,0.2669323681152796,-0.1983408370955016,0.6230457745854443,0.2053642796896592
cell_00094,2021,0.4623555783858032,0.5634713949922842,0.2879068989437183,-0.2237927208877238,0.6830777721264714,0.3450661210418081
cell_00094,2022,0.4981342161627367,0.5972159664832611,0.3232978501883544,-0.2613726706524878,0.7713946549482668,0.5505903690772784
cell_00094,2023,0.4880614403663263,0.5648104631535305,0.2901588473652002,-0.233631646572143,0.7060568235738551,0.398541199853426
cell_00094,2024,0.476350798546685,0.5430919969548446,0.2723975654644044,-0.2151026310038721,0.6627072312170241,0.29766136706133
cell_00094,2025,0.4854863420564024,0.5673450006381482,0.2954794520448749,-0.2343513109927355,0.7102644991550856,0.4083329784146616
cell_00095,2000,0.397669918739507,0.523835286085881,0.2249482879203909,-0.1554396960038175,0.535761272078172,0.9909677272455426
cell_00095,2001,0.3053574333957553,0.4554966509202187,0.1546967301907746,-0.0824777649415735,0.349138874512586,0.5104765386783606
cell_00095,2002,0.2793813834400235,0.4143293740678273,0.1254988306627028,-0.05299662352531,0.2718059844455476,0.3113698250772351
cell_00095,2003,0.2154783875164232,0.3535665355301086,0.0829344060893296,-0.0196719600857672,0.1508701906825657,0.0
cell_00095,2004,0.2275586206877814,0.3798421881211259,0.1079988436223379,-0.0391510545356543,0.2027076012955969,0.1334642538227332
cell_00095,2005,0.3356129854695122,0.5113494985465827,0.2051500708031944,-0.1345738409302666,0.4670157018244708,0.8139705329601082
cell_00095,2006,0.2894078838013894,0.49050247470698,0.1895427379748927,-0.1257076605906059,0.4132534278694182,0.67555039020281
cell_00095,2007,0.2459216351452131,0.4016872572795941,0.1233157961939855,-0.0489318385626736,0.2421990251812369,0.2351416593675471
cell_00095,2008,0.2334131546920885,0.368717917614684,0.0871252860111344,-0.0154309607299673,0.169221476449297,0.0472485147807294
cell_00095,2009,0.3083224905183159,0.4693501542345688,0.1682811319331068,-0.0995017503006765,0.3793885907112421,0.5883595917293973
cell_00095,2010,0.2791186544839186,0.4150319649679916,0.1284979070082297,-0.0565692514323193,0.2765447231757747,0.3235705160687651
cell_00095,2011,0.2795390262564641,0.4281785584631526,0.1525205792999002,-0.0848218917022665,0.31983077925053,0.4350178493098649
cell_00095,2012,0.3856810538082794,0.5112866228450764,0.2162983995872314,-0.1500844102511237,0.5125679207131973,0.9312524888305156
cell_00095,2013,0.3006011005935202,0.4025318004483612,0.1266477592897191,-0.0574311063770294,0.2806165281882138,0.334054072466936
cell_00095,2014,0.3289955170372617,0.4138989184082887,0.1438666072467188,-0.0780606116180937,0.3283540076648351,0.4569623543887892
cell_00095,2015,0.4079209814965896,0.5172069019772125,0.2272872049019326,-0.155374778424069,0.5392693996713744,1.0
cell_00095,2016,0.3460892009513828,0.425370822014482,0.1626786622193067,-0.0962199873742788,0.3694257487888535,0.5627085561664601
cell_00095,2017,0.3380012760145813,0.4127007190251064,0.1546694746927976,-0.0907697868830079,0.3486841471810895,0.5093057656155617
cell_00095,2018,0.3238882830247828,0.3981659975785372,0.1420895732883221,-0.0744535280168777,0.31313076813676,0.417767528097282
cell_00095,2019,0.3492152730723447,0.4523848815278255,0.1757123621221949,-0.1021565260165784,0.3992878166532139,0.6395935424724463
cell_00095,2020,0.3747549342009211,0.4804820744583851,0.1889498088107045,-0.1196032659948326,0.449871065668478,0.7698287433806995
cell_00095,2021,0.3421245054407717,0.4245407856392272,0.1541832221454459,-0.0861519287135827,0.3541069773510384,0.5232677666815968
cell_00095,2022,0.4207480209189276,0.5020198164038026,0.2141491435672526,-0.150201804189417,0.5251681990180648,0.9636940541407848
cell_00095,2023,0.3862302524782128,0.4629636731563295,0.1886978589583608,-0.1259514716226681,0.4504620220068359,0.7713502612537568
cell_00095,2024,0.3833640640308704,0.4567010195893238,0.1907220432213665,-0.1248366892810079,0.4460722525140116,0.7600480510761076
cell_00095,2025,0.3443609055730547,0.4204091006391178,0.1594622167826505,-0.0934215436069441,0.361589914366078,0.5425338641448776
cell_00096,2000,0.470815634803453,0.5898083686854549,0.2746338376515292,-0.212363040769816,0.6854465425613763,0.6390734485032868
cell_00096,2001,0.4180186669126238,0.5556963590337045,0.2430993535469583,-0.1752830296579035,0.5906443321921082,0.4092247587350006
cell_00096,2002,0.3754975324661749,0.5008442693398688,0.197958822205643,-0.1336034809173647,0.4773063106594448,0.1344358519284849
cell_00096,2003,0.300557200839059,0.4935676832727541,0.1970330335024752,-0.1312390086701109,0.4300081253634095,0.0197610371075477
cell_00096,2004,0.3331751207597462,0.5079917249913792,0.2119556441649734,-0.1421535447145709,0.4736476638491886,0.1255654345364562
cell_00096,2005,0.3948895242394866,0.5557504025431537,0.2384123879142917,-0.1804129786548186,0.5781739871762788,0.3789903111236816
cell_00096,2006,0.3350897018966191,0.5589200127766152,0.2535920814861323,-0.1938313915289274,0.5668218108328842,0.3514668720774372
cell_00096,2007,0.3554480288158514,0.5375642212316522,0.2386691443444808,-0.1666147618063613,0.5373911001884074,0.2801118872702959
cell_00096,2008,0.3180928329201138,0.5092307578532356,0.2140461140099909,-0.1422290055923201,0.4675974964777351,0.1108967571101521
cell_00096,2009,0.3937756354879458,0.5376539183582342,0.2425150031688158,-0.1808387470881096,0.5706330336066991,0.3607072110691576
cell_00096,2010,0.3689637453988357,0.5256933638621415,0.226387588068753,-0.1579043422755201,0.5237451277184554,0.2470271218348125
cell_00096,2011,0.3740273284407363,0.5510894826606728,0.2486500005498911,-0.1839414802792296,0.5736845368686171,0.3681056042484253
cell_00096,2012,0.5215407283074779,0.604608126476772,0.2988806018827828,-0.2451602494574077,0.7603838228758856,0.820759462236489
cell_00096,2013,0.4857528429688131,0.5850502787497985,0.2901361270069354,-0.2304873068036135,0.7139528919843684,0.708187312404035
cell_00096,2014,0.4787690243074884,0.5912871430785032,0.3005434844248746,-0.2359178860858502,0.7245252911306157,0.7338201756253343
cell_00096,2015,0.5461188982326182,0.6399117734427524,0.3278346335018771,-0.2758352703876865,0.8343124547288119,1.0
cell_00096,2016,0.5072546999318323,0.5872245629328463,0.2841956559663278,-0.2321735105958784,0.723905199219179,0.7323167580064361
cell_00096,2017,0.5116662622614851,0.6151019136418602,0.3186572369153959,-0.258282554938113,0.783453235491765,0.8766914309409103
cell_00096,2018,0.4904101329464291,0.5891849215444962,0.292367623451114,-0.2309088070106429,0.7206495802044802,0.7244234846112432
cell_00096,2019,0.4326849414061684,0.5286866793980545,0.225508485572946,-0.1622548515492132,0.5625837391107027,0.3411916345202841
cell_00096,2020,0.3835578250069992,0.4377875735999675,0.1782994829385173,-0.1172397914146935,0.4218575894657577,0.0
cell_00096,2021,0.4157193991003743,0.4882892181628646,0.2038181309310062,-0.1466765748553846,0.5051746703052394,0.2020029046968425
cell_00096,2022,0.4683417760406963,0.5632666158696973,0.2706549191320817,-0.2081779505846552,0.6637122498186092,0.5863784882222257
cell_00096,2023,0.4834583566178407,0.5734450338464677,0.2783001558513463,-0.2183350482153581,0.6898093503355389,0.649651109579924
cell_00096,2024,0.4628727769509643,0.5492622571505327,0.2614013450381682,-0.2010407037823356,0.6416596958929848,0.5329119012501947
cell_00096,2025,0.4569337576983199,0.5622615710639439,0.2939549266156677,-0.2247387779228009,0.684301061803717,0.6362962215770661
cell_00097,2000,0.3297333707113398,0.4872382910586951,0.1945402427200218,-0.1164624645699253,0.4308061969367583,1.0
cell_00097,2001,0.2573724133132217,0.4037416736175931,0.1152402829392506,-0.0394676178690586,0.2376223039602495,0.5196621367981948
cell_00097,2002,0.2381302635755173,0.3818061802134672,0.0970832113615979,-0.0293450584621901,0.1953835748020411,0.4146385730030459
cell_00097,2003,0.1411632785700824,0.3102721834152554,0.04086789355047,0.0155166230537067,0.0359444342750458,0.0182046110847923
cell_00097,2004,0.1836924229923739,0.3402864790522699,0.0858180874336669,-0.0166297781866615,0.1260531058928087,0.242253345759026
cell_00097,2005,0.2718093267267308,0.4300268731118485,0.1442409448033688,-0.0823366546664441,0.309174138910847,0.6975706310250791
cell_00097,2006,0.2208875710466392,0.3485366338881032,0.0785809558819707,-0.0174773385714402,0.1465113268579887,0.2931212415857236
cell_00097,2007,0.2283367585784796,0.3583368722117426,0.1019454379488869,-0.0365821167849799,0.1851913486736978,0.3892963353851646
cell_00097,2008,0.1954863078818096,0.3075174121936009,0.0464780699169006,0.0049390084102008,0.0722749769555346,0.1085378939026823
cell_00097,2009,0.164555879835965,0.28123592948831,0.0447077131696738,0.0211210901277591,0.0286228427268776,0.0
cell_00097,2010,0.1863095305863312,0.3052694500940726,0.0407265661052,0.0252164476974206,0.0494081040633843,0.0516810582012795
cell_00097,2011,0.1814234727924497,0.3467326318546714,0.1000552029958321,-0.0438816397220084,0.1566166673206716,0.3182474442415635
cell_00097,2012,0.3030264128800324,0.3847346935391223,0.1293293302983588,-0.0649921169623613,0.2789640520732728,0.6224554217023955
cell_00097,2013,0.2518694067590206,0.3190790326561107,0.0872941352176509,-0.0325135315132326,0.1632132335541214,0.3346493319984778
cell_00097,2014,0.2413781294335628,0.3356590260923986,0.0949994078634713,-0.0370170829058863,0.1751200364485716,0.3642547414959494
cell_00097,2015,0.2933438626514365,0.3765305068056108,0.1393229936596156,-0.0811757530551137,0.2869229775705531,0.6422447178380253
cell_00097,2016,0.3193792861842524,0.3794922096072895,0.142739948325085,-0.0897585074937926,0.3109604865438811,0.7020122560061614
cell_00097,2017,0.2463599568170942,0.3236415482372644,0.1014875721463146,-0.047142701034571,0.1824687650110479,0.3825268268161226
cell_00097,2018,0.2655826773442008,0.3556067427136191,0.1243145966642217,-0.0631263497946092,0.2374797763832271,0.519307752223273
cell_00097,2019,0.2782895442575038,0.3835855798095962,0.1475431116202724,-0.0819758087091261,0.2889033551620019,0.6471687843632038
cell_00097,2020,0.2320469236513888,0.3249564760965793,0.1035836303783048,-0.0424634150713415,0.1737012322633343,0.3607269868775997
cell_00097,2021,0.28754579781013,0.3824230007897575,0.138268948280613,-0.0777863822329821,0.2840268957806595,0.6350438186471994
cell_00097,2022,0.312045107407194,0.4185795721297262,0.1840489051218328,-0.1160250431640668,0.3752246960068824,0.861800593316275
cell_00097,2023,0.3345775777749535,0.4320033037508793,0.181219631648843,-0.1233269966670347,0.3979489918848921,0.918302921520915
cell_00097,2024,0.3440750681905907,0.4270852418023407,0.1928835796847174,-0.1318013685316938,0.414240929519759,0.9588116533327368
cell_00097,2025,0.3394739626166323,0.4254846251833469,0.1750968148109014,-0.1162774348342292,0.3879902117723773,0.8935411306405353
cell_00098,2000,0.4122218694144139,0.5443030857746517,0.252215003913284,-0.1814239335610691,0.5916117086479158,0.698824291434659
cell_00098,2001,0.3772423583108342,0.5127590451000904,0.2173100461455198,-0.1452944115819767,0.5062701164939293,0.4645203514816999
cell_00098,2002,0.327360892475835,0.488762889632587,0.1971257311979833,-0.1272202000619253,0.4393715272015309,0.2808513730518011
cell_00098,2003,0.254227714906899,0.4414484275554035,0.1710837845016425,-0.1008182266925192,0.337075751297438,0.0
cell_00098,2004,0.3024238537168882,0.4601557478508613,0.1760108459962174,-0.1014231763547588,0.3777302224094814,0.1116161828931915
cell_00098,2005,0.3807502848890438,0.5182298762410558,0.2226144653056753,-0.1526463323883284,0.5198740742432059,0.5018697941058519
cell_00098,2006,0.3858841145377891,0.5215279032455475,0.2283504617337239,-0.1638674059603924,0.5360500617005504,0.5462807020608709
cell_00098,2007,0.3419747462962094,0.4901485419466369,0.1859024296308265,-0.1281403091566635,0.4409059468993114,0.2850640971369423
cell_00098,2008,0.3529020935117449,0.4795975687094453,0.1907271702413681,-0.1242322366532095,0.4417628219437807,0.287416633501676
cell_00098,2009,0.3047189574004651,0.467579450484789,0.1812246813502132,-0.1134090663635555,0.3947992469842306,0.1584789095904085
cell_00098,2010,0.3381675268997037,0.4848638985572258,0.1851798622933922,-0.121468067207824,0.4309025733552031,0.2575999993266195
cell_00098,2011,0.3287882806705853,0.480652832913589,0.1855054411338471,-0.1360812126978799,0.4334377220748847,0.2645602085094563
cell_00098,2012,0.502882576753274,0.5734943585033999,0.2708408799093073,-0.2107369745342504,0.6901594716315006,0.9693855565554396
cell_00098,2013,0.4458939580696706,0.5490395950290172,0.2550791013476228,-0.191144403624738,0.6211928542550702,0.7800388409777762
cell_00098,2014,0.3551039082205625,0.5011498216074773,0.2266945901607614,-0.1562145271030593,0.501563216405723,0.4515976345766563
cell_00098,2015,0.4524406896545879,0.5476863692979752,0.259365123751843,-0.1997069555399478,0.6327545774461989,0.8117813621559495
cell_00098,2016,0.458905090548641,0.5442204555797276,0.2537489252976769,-0.1947482523317524,0.6271102472851493,0.796284946378482
cell_00098,2017,0.430808589721289,0.5565499299464506,0.2770538264281026,-0.2068080467589212,0.6429875142859897,0.8398757222251477
cell_00098,2018,0.4118202726939348,0.5264418027939118,0.2536753956731631,-0.1819182270050571,0.5827891026577223,0.6746019715554493
cell_00098,2019,0.4408980862897368,0.5552614945940484,0.2641833027283097,-0.1982748196381411,0.6330716404738731,0.8126518534922658
cell_00098,2020,0.401759620819192,0.5163924748517044,0.2409870602905802,-0.1729939669467176,0.5568284671067709,0.6033274729229952
cell_00098,2021,0.4505518190158139,0.5515693526261698,0.2645018772652598,-0.2012512252215743,0.6385130609330012,0.8275911840148777
cell_00098,2022,0.4647122786182371,0.573983986009429,0.2867674697478636,-0.2217910848071846,0.6880892581506448,0.9637018194365796
cell_00098,2023,0.4373389444745428,0.5446435569757171,0.2648399387557741,-0.2004188544933144,0.627101021782515,0.796259617912482
cell_00098,2024,0.4784769608418804,0.571050740983096,0.2897560807455507,-0.2296035591100231,0.7013103099272266,1.0
cell_00098,2025,0.4349800761457966,0.5358837320206694,0.2461227319378943,-0.1839842932523726,0.5968261326864367,0.7131404070117667
cell_00099,2000,0.6010548584754624,0.6575921727138145,0.3323870355724634,-0.2958281924717361,0.8908061364506115,0.9454481369984616
cell_00099,2001,0.5089820452054816,0.6100894276684456,0.2873222646612848,-0.2358791432134585,0.7422641513218731,0.4523552633098304
cell_00099,2002,0.4210749762704422,0.5964876986476483,0.2927256701146832,-0.2235611122935394,0.6821056630195377,0.2526560210514649
cell_00099,2003,0.395794973258991,0.6063393634044341,0.2990722263554242,-0.2361642053835914,0.686643336897739,0.2677190663616845
cell_00099,2004,0.4491534080548104,0.6140167632394782,0.2992848780504181,-0.2314463321670062,0.7171118621821422,0.3688609265335424
cell_00099,2005,0.4776173941429415,0.6395643988388959,0.3154488264974171,-0.2523675829155936,0.7722487884574013,0.5518908315120085
cell_00099,2006,0.4793197168132414,0.6340756350788238,0.3194137933357098,-0.2646047080926231,0.7810908262885052,0.5812424376563855
cell_00099,2007,0.4962333532762047,0.6290425767656651,0.3112418320595417,-0.2566359437541016,0.7764873499499527,0.5659609576440701
cell_00099,2008,0.4819398369884597,0.5893936017229632,0.2692673160187016,-0.217260012072049,0.6908285701048419,0.2816121664664047
cell_00099,2009,0.4344400946705981,0.59358256921475,0.2811594909155531,-0.2210333437231232,0.6780159800773711,0.2390801050390286
cell_00099,2010,0.4725056664843219,0.6110351606340817,0.2874401973503758,-0.2322115087592559,0.7204556682985142,0.3799608654871688
cell_00099,2011,0.3950621664408428,0.6085624465972581,0.301960310743234,-0.2363284488394781,0.6896118642648119,0.2775732479170521
cell_00099,2012,0.5994463836735994,0.6606008198780158,0.3465927118462435,-0.3043368323506904,0.9072396370244534,1.0
cell_00099,2013,0.5699979318581794,0.644312531310138,0.3258424753931397,-0.2775683148317389,0.8496001981626136,0.8086628738564902
cell_00099,2014,0.4932465689865739,0.5585444079063525,0.2622368797544011,-0.2096125810930618,0.6697810821229238,0.2117439314085777
cell_00099,2015,0.4901672045912433,0.5296187502782104,0.2240941095639057,-0.1808036073459048,0.6059941860051453,0.0
cell_00099,2016,0.5061637010666045,0.5263494018042235,0.2237042488469957,-0.1811834745245693,0.612907666199958,0.022949658397894
cell_00099,2017,0.5051347030062463,0.552593964630178,0.2448120233767162,-0.1964514430572111,0.6519652730313551,0.1526034231244318
cell_00099,2018,0.5006981052847052,0.5743852398170025,0.2725937705034394,-0.2148465691255351,0.6934393213977623,0.2902786916673217
cell_00099,2019,0.5118643551641473,0.5844397561861786,0.2683455925575152,-0.2143459104946406,0.7018469864894709,0.3181883748285444
cell_00099,2020,0.4890994006531107,0.575962813851933,0.27152424191892,-0.213745884229632,0.6864858300390599,0.2671962141222692
cell_00099,2021,0.5414313127769202,0.6109699199494326,0.3002352756585119,-0.2489850117796435,0.7783242655681785,0.572058694927771
cell_00099,2022,0.5707478894076925,0.6472792233565432,0.3373122372764244,-0.288938061779182,0.8673032364749258,0.8674290336521366
cell_00099,2023,0.5201784769619924,0.5947896800807183,0.2902782883635229,-0.2366064856953738,0.742418713764829,0.452868341407551
cell_00099,2024,0.5940322512955708,0.6492583767285586,0.3403588043879358,-0.2991557652907687,0.8901234856262059,0.943182041951729
cell_00099,2025,0.5622305100056089,0.6317064305971785,0.3202385097348041,-0.2742955781420902,0.8322106937510603,0.750937506211225
cell_00100,2000,0.3946687060257581,0.485156478875164,0.1717759473265924,-0.1156006359695704,0.448678994630598,1.0
cell_00100,2001,0.2640371954818759,0.2402459957035858,-0.023499884017041,0.0798818376666743,0.0652850991571005,0.1367157469238756
cell_00100,2002,0.1847287667327796,0.1440262669063565,-0.0864262111204416,0.1316169224220699,0.0218836093476459,0.0389890403828842
cell_00100,2003,0.1661401485614461,0.1351287297539866,-0.0886780630750302,0.133478695952066,0.011710999262439,0.0160834745850855
cell_00100,2004,0.153087881240495,0.1195364614854896,-0.0567628400240768,0.1097753211182824,0.004568153841649,0.0
cell_00100,2005,0.3670419536265702,0.426351952240505,0.1372630973728118,-0.0759103120270304,0.3500561180658142,0.7779318415430182
cell_00100,2006,0.2666951098500238,0.2607479411206019,0.0128715773527808,0.0354656447799643,0.0670664357089192,0.1407267648685269
cell_00100,2007,0.2831159905198513,0.25305839634948,-0.0131680613955148,0.061151576675442,0.0757259582369975,0.1602253263373145
cell_00100,2008,0.2841734959532185,0.2614221758136431,-0.0419889836552586,0.0846117077741838,0.0770072780422534,0.1631104615053272
cell_00100,2009,0.220018478873984,0.2197462001403519,0.0019189235245909,0.0631681573203489,0.0411958830369986,0.0824742965748856
cell_00100,2010,0.2364940366994977,0.1693967877968996,-0.0258637056337965,0.0729339248538091,0.0502121221221445,0.1027760731969758
cell_00100,2011,0.1999972226791149,0.2086287577870651,0.0195905170981687,0.0318228235858066,0.0302392626573016,0.0578033825295701
cell_00100,2012,0.4406152753900668,0.4286253708126437,0.1149588250272014,-0.0626790909888234,0.3671208411115918,0.8163563101181662
cell_00100,2013,0.4627332502853437,0.4646399619652742,0.142385711225476,-0.0918675591617574,0.4380354025148117,0.9760339286091771
cell_00100,2014,0.2436773912644148,0.1699632821606788,-0.0738612564728901,0.1196933109182794,0.0541432085761867,0.1116276617937748
cell_00100,2015,0.3763061141927064,0.3716368247158784,0.052974285298456,-0.009192228381279,0.2209766885783563,0.4872849632588666
cell_00100,2016,0.3215474352783347,0.2815250761952557,-0.0099981144459186,0.0525176457291876,0.1086651325470903,0.2343941402567798
cell_00100,2017,0.3604870358548791,0.3152430092440129,0.0438299221656027,0.0025559034466873,0.1666211561548023,0.3648931470019315
cell_00100,2018,0.372130048607073,0.3553506125489102,0.0942066501354644,-0.0409614496231643,0.2597368672352749,0.5745608752543098
cell_00100,2019,0.3555323687062531,0.319429566588448,0.0309752355272357,0.0224623822055511,0.1517523599796553,0.3314132253032559
cell_00100,2020,0.3337272902767008,0.2456441489190683,-0.0264930003075836,0.0633290886133203,0.1034229615099968,0.2225903954353723
cell_00100,2021,0.3144454922462288,0.2083506351449092,-0.0496059706328079,0.0882368946505759,0.0928710091648682,0.1988306684123089
cell_00100,2022,0.4394871064677738,0.4286822481319889,0.1195847078779481,-0.0728904764838281,0.37661053179957,0.8377241530447656
cell_00100,2023,0.3315320685765009,0.2568198510354423,-0.0231000571019403,0.0494045635438079,0.1022216277582951,0.219885364075256
cell_00100,2024,0.3668628082157107,0.2951065453536813,0.0206377974999006,0.0188720433743042,0.1468004039154046,0.3202629546738478
cell_00100,2025,0.3863543053292793,0.295595486622596,0.0187055604379106,0.0122263130276297,0.1621907024116834,0.35491713800551
cell_00101,2000,0.3163001258552914,0.4398505631518896,0.1907025819813677,-0.1169504905009348,0.3946839211941371,1.0
cell_00101,2001,0.2382918926332453,0.3845433844701447,0.129149314702729,-0.0530116321470251,0.2352814769725721,0.5417217403771719
cell_00101,2002,0.217719969221637,0.3438319088889361,0.1017502045476176,-0.0288968473278503,0.1660126287336959,0.342575438875884
cell_00101,2003,0.146811521214461,0.2855976880658245,0.0611804419121887,0.0002367208343337,0.0468549747528281,0.0
cell_00101,2004,0.1824691335744344,0.3242058843320093,0.0844805142566648,-0.0121355590155828,0.1124748333039171,0.1886555423936269
cell_00101,2005,0.2721352831021601,0.4416642763462125,0.1815692026742696,-0.1094591827188764,0.3601187429826931,0.9006259295981955
cell_00101,2006,0.2191466657217018,0.4323111270182032,0.186869806886242,-0.1127455429712663,0.3318167565071545,0.8192583874051131
cell_00101,2007,0.2113212071172556,0.3653307222557891,0.1237324192288306,-0.0495500444293264,0.2037050068007479,0.4509401349504587
cell_00101,2008,0.1821777681197349,0.3109042923746612,0.0716005325340582,-0.0053637026482164,0.0913552089730133,0.1279371216095551
cell_00101,2009,0.2475386711297571,0.3730741711518491,0.1305404535863506,-0.0643532064633476,0.2425184161138421,0.5625277693615683
cell_00101,2010,0.2160465690269071,0.3615869718972879,0.1203073823346277,-0.0466026562348394,0.199834123419192,0.4398114367177224
cell_00101,2011,0.2279594053677552,0.4025828739103936,0.1562509508913616,-0.08373164271754,0.2792167812799241,0.6680347018395825
cell_00101,2012,0.297864505761765,0.3990475316296261,0.1523381373953447,-0.0814179623376602,0.3112148284633081,0.7600283312104583
cell_00101,2013,0.2423237741594588,0.3378888976671925,0.1053552640512268,-0.0336094956377705,0.1818429027279883,0.3880871024572344
cell_00101,2014,0.2481654853552748,0.3498434361864805,0.1301324807857953,-0.0555558937336364,0.2237355328810298,0.5085274240050852
cell_00101,2015,0.3074481750325032,0.4113036258331313,0.1873592353955691,-0.1065336417503866,0.3646124028212643,0.9135450954253832
cell_00101,2016,0.2815717729317336,0.3641994040562121,0.1358595568080317,-0.0688587977420724,0.2629351913448972,0.6212255155955786
cell_00101,2017,0.2653398784392025,0.3339534856586514,0.1180082466362913,-0.0495757495102576,0.2117902955798516,0.4741851490926844
cell_00101,2018,0.2468409064098929,0.3083961531873981,0.0996508804590318,-0.0307145964947395,0.1619466180640531,0.3308857543017772
cell_00101,2019,0.2439871194604687,0.3277538812591192,0.1110883513810274,-0.039607189869487,0.1851318779759644,0.3975428285594638
cell_00101,2020,0.2638102485192526,0.3417943402019864,0.1251167903199133,-0.0539102177765964,0.2231996134694155,0.5069866683632752
cell_00101,2021,0.2608916835332631,0.324480177302849,0.1127260664589901,-0.0429849584682512,0.1959662031914091,0.4286912574820489
cell_00101,2022,0.2997606993654559,0.3673601332991801,0.1437672015867171,-0.0742433935477472,0.283789232229495,0.6811803902486477
cell_00101,2023,0.273733894757363,0.3319270590356677,0.1122496252093668,-0.048476849354536,0.2104898054968909,0.4704462708415607
cell_00101,2024,0.2415364886753943,0.2966552557423875,0.0799380422122586,-0.0131663915806739,0.1269557831008681,0.2302879307992147
cell_00101,2025,0.197968832984286,0.2657027206994352,0.0794088295559882,-0.0047798011457709,0.0798737822923417,0.0949282912688378
cell_00102,2000,0.4750917768236349,0.6316274355154552,0.3134738012657533,-0.2544044269627558,0.7664252420212698,0.6553045442654353
cell_00102,2001,0.4468980510370647,0.6250971217231025,0.3104045112204618,-0.2365681086989129,0.7332630532948772,0.5669613953716791
cell_00102,2002,0.419969340505333,0.5945602402935605,0.2676616894750426,-0.1976948029617697,0.6455677341417455,0.3333435029837507
cell_00102,2003,0.3814506349952476,0.6044146766403532,0.2851299691492888,-0.2106322801101577,0.6508665716957147,0.3474594589255119
cell_00102,2004,0.3871719987717845,0.5925527635081672,0.2765952675374993,-0.207815827775688,0.6395289121892251,0.3172562491750235
cell_00102,2005,0.4706465169943893,0.619907398077029,0.2863363525421348,-0.2319171441381521,0.7234140907091515,0.5407240328339248
cell_00102,2006,0.3724046973113963,0.5857213658296648,0.2845651071835409,-0.220597344717484,0.6417759398601978,0.3232422684255303
cell_00102,2007,0.3673872556754313,0.5454862496946951,0.2491494275074713,-0.1810816992085144,0.5653616361867211,0.1196766876752462
cell_00102,2008,0.3525007404841681,0.5319882584691349,0.2241254112931407,-0.1635416260118301,0.5204374858419221,0.0
cell_00102,2009,0.3734652864026523,0.567353522176123,0.2558661744529029,-0.1843288723921633,0.58774998777966,0.1793186339466229
cell_00102,2010,0.384747172152416,0.5565942141006974,0.2363062681816319,-0.1733725823940634,0.5669051234420237,0.1237884948160786
cell_00102,2011,0.3235566686326115,0.5542105917380761,0.2424631191394758,-0.1835923049458207,0.5432420660685786,0.0607507677808899
cell_00102,2012,0.5181400634671978,0.6261920517273889,0.3274165918800352,-0.2730178189926313,0.809174455493251,0.7691872605724118
cell_00102,2013,0.5113736137723703,0.6315708456421105,0.3242658748273356,-0.2679739984542184,0.80288722102448,0.7524382427259951
cell_00102,2014,0.5132599302773121,0.6512721002948372,0.352816014438305,-0.2885454739543716,0.8486517304649417,0.8743536236710033
cell_00102,2015,0.5149996282217987,0.6371780123344601,0.3493716574881133,-0.2887461889042966,0.8394728213141943,0.8499012648572628
cell_00102,2016,0.5521259201203615,0.660208088099467,0.3551305962035116,-0.3035933633626301,0.8865996239511956,0.9754457570075596
cell_00102,2017,0.4513019532962057,0.5772355217357317,0.290296502175841,-0.2253425771804114,0.6874103086641494,0.4448109583326461
cell_00102,2018,0.464114370210111,0.6006567723604637,0.3172153107979131,-0.2479262986718355,0.7414340585337466,0.5887287261828268
cell_00102,2019,0.5079340640378096,0.6497952273648778,0.3603598861847208,-0.2956050852078158,0.854919775083717,0.8910515202904888
cell_00102,2020,0.4579055668803645,0.608025368660462,0.3247154864120033,-0.2547962941069224,0.7519916525081993,0.616853863040956
cell_00102,2021,0.5019382575134336,0.6287861433316189,0.3367501006296891,-0.275775230300527,0.8101302710934799,0.7717335267607711
cell_00102,2022,0.5275379131961184,0.6535110517388657,0.3610030800180348,-0.3025829667603451,0.8728425916055018,0.9387974052694068
cell_00102,2023,0.4963726077585808,0.617505321030086,0.3301095377674582,-0.2713546449695947,0.7931904025446552,0.7266061878569174
cell_00102,2024,0.531085640505954,0.6409788103470353,0.3637961698049897,-0.3058888508873597,0.8719669879004225,0.9364648213399211
cell_00102,2025,0.5422883715965467,0.6603687450916433,0.3678291445916772,-0.3119956718573097,0.8958167783128573,1.0
cell_00103,2000,0.2910051373468815,0.4516404141048648,0.1691491500500318,-0.0939484778344648,0.3569284684101531,1.0
cell_00103,2001,0.264390590648576,0.423458620792614,0.1453264237024318,-0.0717601134041202,0.2951288239073346,0.8268570596845658
cell_00103,2002,0.2433368151246896,0.3983740299346336,0.1261421739558315,-0.0561339472619688,0.2457387313869186,0.6884817355183215
cell_00103,2003,0.1210500766375389,0.2757228796122449,0.0417574447591992,0.0181046244062197,0.0149539381854521,0.0418961767103102
cell_00103,2004,0.1451354645733364,0.2910340124258389,0.0645954783512519,0.0023091363177905,0.0499689255680223,0.1399970301909406
cell_00103,2005,0.1944891601886859,0.3556460723933278,0.0968651383816737,-0.0319481476050575,0.1585107342440723,0.4440966419689581
cell_00103,2006,0.1287535525191709,0.2899327244739386,0.0576298042017289,0.0127907213741741,0.0372456708833832,0.104350518884875
cell_00103,2007,0.1558027165114032,0.2656067728112736,0.0480931809373162,0.0221969698439226,0.0167690943185257,0.046981666643794
cell_00103,2008,0.1098738969982731,0.2235794694897649,0.0068000342723369,0.044543576160965,0.0,0.0
cell_00103,2009,0.121127407943808,0.2277018662256877,0.0203999394609471,0.0392071352883212,0.0,0.0
cell_00103,2010,0.1575568677881311,0.2886081979512188,0.064567502736831,0.0020653007236039,0.0555581671803962,0.1556563067884888
cell_00103,2011,0.1560613606382702,0.3137631447243905,0.102142644057498,-0.0428926833924885,0.1251586436421847,0.3506546961627129
cell_00103,2012,0.2100994211642002,0.3044297561024011,0.0910340354385389,-0.0245927114932125,0.1295006851776244,0.3628197149822547
cell_00103,2013,0.1862848382989731,0.2721230621609585,0.0716769424796394,-0.0115610596547073,0.0761910654171329,0.2134631226153146
cell_00103,2014,0.2028998712852034,0.3047541910287259,0.0949453513398006,-0.032977601277441,0.1340937329299392,0.3756879733556293
cell_00103,2015,0.2235888921097985,0.3194390612008528,0.1182740808396876,-0.0561325714934137,0.1854295052187347,0.519514473151114
cell_00103,2016,0.1991252697835441,0.3010428303766057,0.0895816305964771,-0.0293405121863855,0.1237711032437225,0.3467672494576556
cell_00103,2017,0.1825227071056015,0.2905160854264625,0.0905959759580581,-0.0226708256983244,0.1050604548981302,0.2943459661990405
cell_00103,2018,0.1469971908152832,0.2680753639608877,0.0522771985802463,0.0188698324323501,0.0184816695287095,0.0517797574708215
cell_00103,2019,0.1590699387841817,0.266069557324533,0.0768356748311828,-0.0065164323990241,0.0581538575319315,0.1629286052495701
cell_00103,2020,0.1378762753970784,0.2435598413270791,0.0568745038197935,0.0097261134159238,0.0221759791429002,0.0621300375441542
cell_00103,2021,0.1640060503579557,0.2761203571545947,0.0775213920178474,-0.0094755334319655,0.0689188825275177,0.1930887800418368
cell_00103,2022,0.1773425047016963,0.280475822735399,0.0974303685231173,-0.0282329970928704,0.1051358707553586,0.2945572574349689
cell_00103,2023,0.1882228104645533,0.2983566564737845,0.1018254743642611,-0.0391100625652498,0.1314163396767912,0.3681867693606841
cell_00103,2024,0.2090755944593456,0.3031847363281941,0.1160795244490507,-0.0488871846190474,0.1620392923061222,0.4539825389324784
cell_00103,2025,0.2318837565022648,0.3310746764743946,0.1336931674735023,-0.0659989875403199,0.2138493813603725,0.5991379233853497
cell_00104,2000,0.1010447767968096,0.2440909062597993,0.1011511415132513,-0.0126409692312757,0.0681316548527317,1.0
cell_00104,2001,0.0718818031636337,0.1955660265165742,0.0583104061844396,0.0253900382364151,0.0126893966206408,0.1862481785899569
cell_00104,2002,0.0651006648148297,0.1853758564998436,0.0578362713742308,0.0244122504626246,0.0130125871603162,0.1909917965216498
cell_00104,2003,0.0498214088909847,0.1741381342345586,0.0459024567294898,0.0216112600747909,0.0065399302608124,0.0959895994739689
cell_00104,2004,0.053426601127516,0.1908044573287813,0.0619106677235,0.0135498714395583,0.0231381675351996,0.3396096511263864
cell_00104,2005,0.0720762496944829,0.2097239494198434,0.0802172109586743,-0.0050705984002365,0.0484163491093946,0.7106292840537602
cell_00104,2006,0.074010472200729,0.2244551457842396,0.0904137238052087,-0.0135513531392322,0.0612297155788098,0.8986970257974705
cell_00104,2007,0.0722630706220408,0.1811049374589897,0.0618530815180459,0.0125263659215564,0.0237833870921125,0.349079838784496
cell_00104,2008,0.0566278649080753,0.1820681365245761,0.0564263122191175,0.014285749373552,0.01880855979191,0.2760619837073563
cell_00104,2009,0.0501888687480283,0.1382656187877281,0.0218362870323536,0.0416330200640858,0.0,0.0
cell_00104,2010,0.060932460976199,0.1746493505759978,0.0530016968569821,0.0252133703836363,0.0090938564173208,0.1334747620174124
cell_00104,2011,0.0713046388638965,0.2180057376841963,0.0847381270848484,-0.0281954388752985,0.067067243580206,0.9843771404815206
cell_00104,2012,0.0924520491648057,0.1813961779615245,0.0594341171251258,0.0275584391355987,0.0120746326531153,0.1772250017883018
cell_00104,2013,0.0887216259023634,0.1761987540256025,0.0502436993418194,0.0248278703477416,0.007422610613945,0.1089451097289388
cell_00104,2014,0.0863038829385757,0.1893204173567211,0.0529691172146239,0.0218266553907505,0.0113393593482909,0.1664330533699979
cell_00104,2015,0.1093694038806262,0.1840798818873822,0.0509404728914758,0.0118952515538956,0.0165718435039917,0.2432326580032763
cell_00104,2016,0.1164265996001328,0.1780733537111962,0.0409911224047619,0.0144415985311555,0.008733744708553,0.1281892349074931
cell_00104,2017,0.1014491984664702,0.1597964188293477,0.0351653414753694,0.0180807620118043,0.0062963691665612,0.092414739964426
cell_00104,2018,0.0915598399032082,0.1646381817428499,0.0311201530113375,0.0325230982001216,0.0,0.0
cell_00104,2019,0.0748324014594723,0.1408688311519559,0.0121989518729293,0.0512679970480456,0.0,0.0
cell_00104,2020,0.0576737852049524,0.1303562919786907,0.0135216455455408,0.0578870534827684,0.0,0.0
cell_00104,2021,0.0758009288172177,0.1507948533548673,0.0110583542256657,0.0503439366058057,0.0,0.0
cell_00104,2022,0.0803940654715072,0.1542981634092576,0.0173303013294766,0.0417085429163745,0.0,0.0
cell_00104,2023,0.0856812618024934,0.1630900036773101,0.0197336821580239,0.0322955985044412,0.0,0.0
cell_00104,2024,0.0891452903881593,0.1524046580791314,0.0196200482694795,0.0407298547926942,0.0,0.0
cell_00104,2025,0.106436562950342,0.1823507125092642,0.0361772599653274,0.0283132200410126,0.0,0.0
cell_00105,2000,0.4192553544859835,0.5437113792326664,0.2353578302648278,-0.1741286009098545,0.5784518939673746,0.5076574274040281
cell_00105,2001,0.3565843338008633,0.5023543297342061,0.2112430119491221,-0.1391206323614012,0.4807862863197457,0.2292664384382495
cell_00105,2002,0.3000421937136501,0.4857002092715222,0.1954751549985107,-0.1257976791500333,0.4206068427737705,0.0577279080620348
cell_00105,2003,0.2878220342276038,0.4759204969622331,0.1883848583797216,-0.1210893410593322,0.4003546383470024,0.0
cell_00105,2004,0.3075719194150879,0.4737398629441549,0.1884349439293658,-0.1133154890762145,0.4047757092493899,0.0126020441632236
cell_00105,2005,0.3599462213389972,0.5173269805070556,0.2201804297477878,-0.1504233712150553,0.504794147162034,0.2976996595466596
cell_00105,2006,0.4117700727537174,0.5426718697617358,0.2398717002633331,-0.1756296034279165,0.5779393020222792,0.5061963093915761
cell_00105,2007,0.3757524935376693,0.5315179204875455,0.2281784360383369,-0.1628672246771897,0.5352835612883498,0.3846082280392277
cell_00105,2008,0.3865217495342014,0.5318766434130997,0.2314238788736309,-0.1656237644597839,0.5454936491393365,0.4137115789805218
cell_00105,2009,0.3302835549839864,0.5032915217688089,0.2090195944362206,-0.1398207797484066,0.4658290492413837,0.1866315731798046
cell_00105,2010,0.3511140157391608,0.5212045593822996,0.2185290199465465,-0.150676847105037,0.5011364952267986,0.2872737034289588
cell_00105,2011,0.3215785044674041,0.5317239898261532,0.2352214618074811,-0.1736656214543127,0.5179112583015495,0.3350893367365953
cell_00105,2012,0.51088197504077,0.5926799462395436,0.2782829161485337,-0.2215464528657779,0.7176769152423323,0.9045114714740442
cell_00105,2013,0.4573757497028715,0.57453375149463,0.2707461254911061,-0.2076504760686763,0.6637017171313169,0.7506578361599324
cell_00105,2014,0.4254177963256737,0.5618293818643417,0.2624350789230046,-0.1947062813890531,0.6246477858483236,0.6393365346829534
cell_00105,2015,0.4808698051446263,0.5806073909416501,0.2859359172267302,-0.2255544620161219,0.702562051402847,0.8614272989213169
cell_00105,2016,0.48703182012724,0.5793532847145629,0.2753448820725228,-0.2183482149518079,0.6929994457837799,0.8341695640901711
cell_00105,2017,0.4742519120706556,0.5862263976124954,0.2833024916718725,-0.2219419825984911,0.6978105500529369,0.8478833790939178
cell_00105,2018,0.4410474628918946,0.5609780218535403,0.2702672040157213,-0.2004668493391043,0.6420639882235523,0.6889805590232428
cell_00105,2019,0.4886996158276973,0.6137801701920452,0.3075667200172887,-0.2415408474490845,0.751176365768771,1.0
cell_00105,2020,0.4529630525741339,0.5766065938010511,0.2825398931127434,-0.2157415059473479,0.6761119861414142,0.7860326947848584
cell_00105,2021,0.4752858026318459,0.5911713777415284,0.2936173793731275,-0.2295086778411815,0.7134165637321869,0.8923675499973006
cell_00105,2022,0.486056721996433,0.5968134124574254,0.2917505796120468,-0.2294890973858919,0.7211366201198749,0.9143731892843072
cell_00105,2023,0.4388320227967309,0.5512748333489729,0.2636844267881643,-0.1970908771936689,0.6285769325848825,0.6505363733173352
cell_00105,2024,0.4738350167398565,0.575016806354368,0.2853930198878537,-0.2218166641550895,0.692712940998937,0.8333528963571076
cell_00105,2025,0.4627488348869784,0.5660997160328745,0.2676724934938619,-0.2048415498136315,0.657909593235237,0.7341476731815819
cell_00106,2000,0.564674817207979,0.64175284274814,0.2945527934438098,-0.2538595170366511,0.8074915086931123,0.6782184675300862
cell_00106,2001,0.5421551114057822,0.6120372588025891,0.2654055734327261,-0.2189641768587054,0.7348422915195512,0.5092610301828219
cell_00106,2002,0.459214943902686,0.5738391707481436,0.2565302908486869,-0.1932911212629584,0.6447585993317402,0.2997569175305057
cell_00106,2003,0.4430508618993931,0.5515691404504761,0.231981841698971,-0.1806751451441998,0.5978766003824286,0.1907252898218523
cell_00106,2004,0.454310891348388,0.5908336400081288,0.2712765595079712,-0.2153536280478662,0.6766400986799204,0.3739024711679003
cell_00106,2005,0.5627463246007773,0.6481388704535124,0.3181949441091328,-0.2762204412364002,0.84151167828892,0.7573378427505371
cell_00106,2006,0.4972463420284745,0.6192007402855024,0.2850952497191357,-0.2349628206313241,0.738748580518315,0.5183457334245953
cell_00106,2007,0.5177287352910166,0.6300624017392911,0.3131733228923858,-0.258667830537762,0.7915312302551186,0.6411002734304867
cell_00106,2008,0.4488711682562868,0.4988722486932235,0.1888881107589883,-0.1423414910173401,0.5158675262729575,0.0
cell_00106,2009,0.484474469303543,0.6046882372082131,0.2949656709875047,-0.2358216761834826,0.7311505537539503,0.5006753003360173
cell_00106,2010,0.452258208069677,0.5542549312816891,0.2462520448424552,-0.1864951364624487,0.6182934837321438,0.2382080353157885
cell_00106,2011,0.5324567187602529,0.6378443324098027,0.2996177805396245,-0.252408136538739,0.7902529238372558,0.6381273662897161
cell_00106,2012,0.5898270384451287,0.6574680067023052,0.3231629080696916,-0.2896451884876012,0.8739983529923554,0.8328908289955723
cell_00106,2013,0.5351284851925009,0.6207384237288909,0.299184698544381,-0.2513145109568807,0.7811450810771008,0.6169456133075567
cell_00106,2014,0.5646615159436005,0.6386408797188295,0.3280255329527634,-0.2770181531187811,0.8446773181810941,0.7647000473902404
cell_00106,2015,0.5826120427673882,0.6573877110669936,0.3318469178089679,-0.2877714554882208,0.8748253970346157,0.8348142529138204
cell_00106,2016,0.5563147266952607,0.5922678754373797,0.2813268176554426,-0.2387965556150883,0.755993205840586,0.5584508827409872
cell_00106,2017,0.5920327523681387,0.6624710028337463,0.350941393391081,-0.3066162149387466,0.9087938323827204,0.9138133118217896
cell_00106,2018,0.5547032977281624,0.6430081272088608,0.3410671977317091,-0.2833276785883893,0.8550114822010106,0.7887338076682083
cell_00106,2019,0.5641892318773212,0.6446540761622862,0.3203208715254032,-0.2706190644504091,0.8380946111098573,0.7493909035228423
cell_00106,2020,0.5890329684263398,0.6886451520682587,0.3708329921886798,-0.3218393528856047,0.9458528427775073,1.0
cell_00106,2021,0.5663418696627158,0.648136101411532,0.3391258821611681,-0.2876798655458782,0.8657957495046779,0.8138143555142023
cell_00106,2022,0.5810548087234604,0.6559533856110304,0.3423666582132579,-0.2945675463703623,0.8850848999989365,0.8586743769006641
cell_00106,2023,0.5614468535660124,0.6279978830390462,0.3148323250855656,-0.2679494691964368,0.8216823178814142,0.711221476338997
cell_00106,2024,0.5731444970957253,0.6416801848380419,0.3436807733254042,-0.2959749433657937,0.8746623160663867,0.8344349818969523
cell_00106,2025,0.5686572619635909,0.64322500686974,0.3427087559194141,-0.2910060863960749,0.8690597766555217,0.8214053755457185
cell_00107,2000,0.5620905974250402,0.6444625461999641,0.3107967065439966,-0.264299756074317,0.8259440297846792,0.8487614751225037
cell_00107,2001,0.509985532019031,0.5878890092355282,0.2562491677863871,-0.2088196433628377,0.6905776509938413,0.6534419781933979
cell_00107,2002,0.4642911076408483,0.5541878240912519,0.2362840252269195,-0.1800826188929921,0.6135727870966088,0.5423320304216421
cell_00107,2003,0.4584006917115656,0.5975440876296825,0.2803846600198576,-0.2234733671102982,0.6944286605621449,0.6589985813785394
cell_00107,2004,0.4404752513945071,0.5786867764273105,0.256255958726168,-0.1990223352204021,0.640851916062195,0.5816929544104217
cell_00107,2005,0.4832446379254932,0.584099686845668,0.2628962751381226,-0.2157451893637053,0.6831202673956582,0.6426817552649623
cell_00107,2006,0.4073063568161344,0.5503438344791849,0.2345930952210923,-0.1832174856956675,0.581162023161496,0.4955666950153093
cell_00107,2007,0.4536138573554232,0.567273245953132,0.2529594747679836,-0.1926622569679296,0.6351144212698961,0.5734143507683995
cell_00107,2008,0.4712547874326411,0.5732786969886652,0.248761679517402,-0.1957475047876848,0.6472454289762717,0.5909181234453172
cell_00107,2009,0.4903515583567985,0.5985868930675606,0.2709519068609903,-0.2189539754577529,0.702869110883085,0.6711772665533009
cell_00107,2010,0.4759522387183713,0.5718802071751368,0.2444572676086524,-0.1901980791615252,0.642308536526939,0.5837947050735611
cell_00107,2011,0.3420203654168436,0.3396088599181445,0.0911963086200657,-0.0489191824042073,0.2377090140749794,0.0
cell_00107,2012,0.5269173471520506,0.5496495182077888,0.2458210083185598,-0.1981864489962462,0.6641125388896804,0.6152555952190536
cell_00107,2013,0.4682558742374463,0.5144370809906461,0.2078073109229219,-0.1611781624394942,0.5610029352908131,0.4664792440793911
cell_00107,2014,0.4885001106750449,0.5629478887874746,0.2627422390600018,-0.2058106939143579,0.667445182690737,0.6200642509316519
cell_00107,2015,0.5693521819640894,0.6343016229327849,0.3275342660113867,-0.2821418541392331,0.8479136428401666,0.8804613241400748
cell_00107,2016,0.5520926739766061,0.615109333848825,0.3192065573849468,-0.2681413771683086,0.8125680645753633,0.8294613592520655
cell_00107,2017,0.5644974493651049,0.637617954971918,0.3372316026423215,-0.2887189056564056,0.8582944798240354,0.8954397838987217
cell_00107,2018,0.5534299869821272,0.6352086257503049,0.3406468559594967,-0.2862826106665777,0.8516524046407427,0.8858559655610043
cell_00107,2019,0.5296451327127703,0.6292686430504366,0.3345452994023143,-0.2766761833479864,0.8246227686289028,0.8468550337552794
cell_00107,2020,0.522111298260797,0.6251688150291127,0.3276552387054587,-0.2691389920589791,0.8083464372697005,0.8233699935161295
cell_00107,2021,0.525604502824234,0.6242862393003148,0.3328666847937868,-0.2738194623021847,0.8165467859794803,0.8352022372308875
cell_00107,2022,0.5647484046639336,0.668932744638218,0.3811390281694682,-0.3247871978013891,0.930760045431932,1.0
cell_00107,2023,0.5558383027500937,0.6339038710870623,0.3427494507342449,-0.2910770771277119,0.8569251946733654,0.8934640489402309
cell_00107,2024,0.5372050312320787,0.6163652520094054,0.3341550983464734,-0.2781720913069387,0.8222967309409948,0.8434988051621932
cell_00107,2025,0.5401930606816545,0.6181598943341537,0.3293102498472772,-0.2735592271982641,0.8184533471858335,0.8379532052261595
cell_00108,2000,0.3116492080050945,0.4094493765880586,0.1196945256324037,-0.0486480091358393,0.2797713970278297,0.4597253235061245
cell_00108,2001,0.2885308040927886,0.409675876390934,0.1146458243645161,-0.0404268409609108,0.2582079110798778,0.4067278131936424
cell_00108,2002,0.2627186386660575,0.3846215007783888,0.0945546513993695,-0.0241381860186666,0.2051524586188837,0.2763311372701932
cell_00108,2003,0.2358744657893658,0.4043399865447522,0.1071176719884924,-0.0416816260930195,0.22199149927969,0.3177171744456042
cell_00108,2004,0.2319762039940834,0.3829850095900535,0.0925461235486941,-0.0250051745648872,0.1865920805572186,0.2307144948543557
cell_00108,2005,0.3080674472578049,0.4551397188604355,0.1548488994895696,-0.0834345244126774,0.3511702368291347,0.6352053343820246
cell_00108,2006,0.2361838743942261,0.4207693873865127,0.1181714650958806,-0.0555146919778259,0.2483161504477292,0.382416406059552
cell_00108,2007,0.1814197814893484,0.3436691263890806,0.0694726011888351,0.0170243520394474,0.0927195809162497,0.0
cell_00108,2008,0.205456143892687,0.3636217628021955,0.0765780231298193,0.0059452762646309,0.1293858600858026,0.0901162972025537
cell_00108,2009,0.2279753121253252,0.3750437357453494,0.086523581049175,-0.013044520371928,0.1677522265421263,0.1844109723227703
cell_00108,2010,0.1972945959001839,0.3561399078578471,0.0781405595471273,0.0100604716224268,0.1190861238620877,0.0648021908447167
cell_00108,2011,0.2122506844251633,0.3842776603002547,0.0936360962195158,-0.0116356448017895,0.1683259137386504,0.1858209481118107
cell_00108,2012,0.2871698079984328,0.4275355371054524,0.1284210797924581,-0.0511023207860909,0.2842046819770036,0.470621199311137
cell_00108,2013,0.2698591245208502,0.3826133795021356,0.1054976377495888,-0.0355784081029927,0.2232585198931879,0.3208311857048254
cell_00108,2014,0.2926554936349392,0.4050085446500748,0.129663348567607,-0.0598990429251141,0.2814113683166978,0.4637559517405272
cell_00108,2015,0.3532863392636776,0.4584721997151851,0.1682431323109,-0.0988608616368144,0.3974760300487662,0.7490130814044013
cell_00108,2016,0.3383184947276114,0.4276386232315063,0.1451323860649109,-0.0834770093913898,0.3456274754343725,0.6215826504204625
cell_00108,2017,0.3409414264961718,0.4371312717453956,0.1610258843774654,-0.0964176181790486,0.3721398075148321,0.6867431535150726
cell_00108,2018,0.3137008700648307,0.3842975877079009,0.1138802642085956,-0.0533580193167682,0.2659620699129899,0.4257855441057222
cell_00108,2019,0.3531658605018615,0.4572380358098984,0.1665146065157174,-0.1003981988864034,0.3965426070159061,0.74671896732056
cell_00108,2020,0.3580012650543213,0.4475595278890609,0.1612184781955011,-0.1011086183293961,0.3905649041242364,0.732027308865573
cell_00108,2021,0.356334853235817,0.4394839428493737,0.1443913224366888,-0.0860462788608389,0.3632916485542031,0.6649966512614817
cell_00108,2022,0.39491459335227,0.49442570292176,0.2055213903183781,-0.1394520877569638,0.493562491873595,0.9851689266950348
cell_00108,2023,0.4103917111915111,0.4982649000379561,0.1997942968546033,-0.1386028985300615,0.4995969195083841,1.0
cell_00108,2024,0.4027437739869117,0.4843313689955473,0.1857435006130874,-0.1242147353837445,0.4681789889552571,0.9227827957638572
cell_00108,2025,0.3745687272483589,0.4756749923788547,0.2016261111325726,-0.1270908904108539,0.4609727999753397,0.9050718340158964
cell_00109,2000,0.3131880132588802,0.392729236268053,0.1216860574594929,-0.0483352222632427,0.2724777495352537,0.6492289621007796
cell_00109,2001,0.2255350921719836,0.3212547395630511,0.0607898296835762,0.0153461488987478,0.0994179953667634,0.236881881387357
cell_00109,2002,0.2091159102093087,0.2966832980260554,0.0387477026922965,0.0314454526469216,0.0555859636700373,0.1324439061993971
cell_00109,2003,0.1441177367900557,0.2181128787277691,-0.0223516313862672,0.0731585062801942,0.0,0.0
cell_00109,2004,0.1731581703237964,0.2629367728586278,0.0097370743914156,0.0506250341475576,0.0170984167069544,0.0407401608063649
cell_00109,2005,0.2778141637570024,0.3877878566942282,0.1163622737394544,-0.049052709769163,0.2471213320151378,0.5888125770665624
cell_00109,2006,0.229437044750846,0.355304727906052,0.077703933853018,-0.0316658690011233,0.1638518328665342,0.3904074940859973
cell_00109,2007,0.2017791376711624,0.3146147807242176,0.0594238135654008,0.0114135025430658,0.0843948741912875,0.201086498516997
cell_00109,2008,0.2031135567543442,0.3006199616150891,0.0302772080726619,0.0316888944679619,0.054495403596283,0.1298454438075151
cell_00109,2009,0.2732602948492015,0.3841102911081793,0.0953719297443229,-0.0367154040998746,0.2196319362029331,0.523313974181096
cell_00109,2010,0.176340803066238,0.277518895517566,0.0143898227975626,0.0521697842450452,0.0269679188416252,0.0642560869261038
cell_00109,2011,0.2324684168558322,0.381827318399198,0.1143792926982904,-0.0425013872632841,0.2132085202650249,0.5080089899406481
cell_00109,2012,0.3371305128466489,0.4222834938230579,0.1414603891696147,-0.0743737882535347,0.333326650226143,0.794212795488644
cell_00109,2013,0.309244128917596,0.3821156013193313,0.1204060394195034,-0.0546233289201175,0.2677196791694105,0.6378919737026895
cell_00109,2014,0.300501014284561,0.3896185848712972,0.1324641763833421,-0.064953180993227,0.2824712179470632,0.6730402609530794
cell_00109,2015,0.3667298421166787,0.4482485548890034,0.1826353393030306,-0.1145251897663478,0.4196943843256288,1.0
cell_00109,2016,0.3311373603226397,0.3837601211356633,0.125702220127401,-0.0676093338443638,0.2930200032874777,0.6981747057643066
cell_00109,2017,0.3314952067713609,0.3986522005038667,0.1477282469690857,-0.0831394238243456,0.3273268433277528,0.7799171386429353
cell_00109,2018,0.3190588206492986,0.3833917266715362,0.131648594790724,-0.066197510474681,0.2894190704310875,0.6895948128925538
cell_00109,2019,0.3220230867742752,0.4028529989757154,0.1425278875258147,-0.0749154822240673,0.3153385248333698,0.7513527381121872
cell_00109,2020,0.3372948764607349,0.4239281406952567,0.159261701186178,-0.095098290136217,0.3606672281496207,0.8593568120506214
cell_00109,2021,0.3496050489997531,0.415316597124762,0.1416655534921201,-0.0810531389367901,0.3408872198990599,0.8122272601926818
cell_00109,2022,0.3329177068993819,0.4249145498666989,0.1654280935521768,-0.0928049734051491,0.3615995368575687,0.8615782111037589
cell_00109,2023,0.337739233210585,0.4147992975020416,0.1485034467841161,-0.0827997630601322,0.3400588014182107,0.8102533989455738
cell_00109,2024,0.3217341211436492,0.3916990629619033,0.1251496803910884,-0.0617568960627359,0.2879928177016831,0.6861965002568102
cell_00109,2025,0.3071326231487665,0.3733380026111055,0.1339561565650405,-0.0646432527906511,0.2778620441753366,0.6620580464087208
cell_00110,2000,0.4363796336709352,0.5356049306243615,0.2187527377643674,-0.1582254091380535,0.5610368094832918,0.5277186657857248
cell_00110,2001,0.378143588783667,0.4966535010025701,0.1810345352638694,-0.1155594893886944,0.452493426400816,0.3329538702026715
cell_00110,2002,0.3699008387549912,0.4644905254993422,0.1541953774869156,-0.0942689083185522,0.3970197657169277,0.2334147193441471
cell_00110,2003,0.3088747234642391,0.4956068032136939,0.1808274902519777,-0.1164406778640445,0.414448014000687,0.2646870928224812
cell_00110,2004,0.3237851595634318,0.5053261698023424,0.1901266368154547,-0.1230273886408226,0.4389421655941083,0.3086381683518677
cell_00110,2005,0.3690882961865329,0.5248961548318781,0.1895101436911132,-0.1330487493617057,0.4809228776158289,0.3839662497433302
cell_00110,2006,0.344176322882561,0.5724685277347993,0.2489336432058906,-0.185654901574388,0.5706108966631189,0.5448979270130673
cell_00110,2007,0.3377991837277432,0.5437685767521023,0.2313704448758891,-0.1561899477146231,0.5191028015373872,0.45247438784244
cell_00110,2008,0.3785973277364042,0.569672337102906,0.2422996288864531,-0.1728134785781914,0.5746474983632031,0.5521410023866229
cell_00110,2009,0.3821255961525011,0.567325487469632,0.2436186720990198,-0.177348782683555,0.5792306030618961,0.5603646952956455
cell_00110,2010,0.3103079567512051,0.378944932294767,0.1179314974800545,-0.0578082533297497,0.2669365891191503,0.0
cell_00110,2011,0.3461093685699476,0.4992706231370776,0.2059353805251332,-0.1411619728387537,0.470989168129269,0.3661417003089241
cell_00110,2012,0.4676072191039089,0.5787945816986881,0.2673548846679998,-0.2046066832289929,0.667264729282204,0.7183287103347085
cell_00110,2013,0.4646951046073469,0.584834816298467,0.2678066089512559,-0.1992934298518191,0.6657951914531692,0.7156918454540916
cell_00110,2014,0.4607296841441889,0.5970651747766618,0.2852282478810934,-0.2130688865128274,0.6918562073278478,0.7624544235622541
cell_00110,2015,0.5032569536502045,0.6283096819232175,0.3010457060268978,-0.2357237690972227,0.7587833130394009,0.8825450609894243
cell_00110,2016,0.4833819832932538,0.584684523064372,0.2743286008166094,-0.2105757829841796,0.6880569555087905,0.7556372368955645
cell_00110,2017,0.4858060431223856,0.6060186300555396,0.2883263754723386,-0.2217862841873827,0.7185756959969385,0.8103985321843792
cell_00110,2018,0.4602807658125327,0.5679490324658875,0.2567186783250704,-0.1893166230321593,0.6395286363116656,0.6685604580076661
cell_00110,2019,0.4826186277682623,0.6167417036768658,0.3013704667948342,-0.2306643435183399,0.7378798044008356,0.8450368548570868
cell_00110,2020,0.4706475180045989,0.5968298970234986,0.2828627164256008,-0.2112599131651253,0.6942861357642525,0.7668145651181718
cell_00110,2021,0.4700589081923431,0.5958580904645567,0.2846467923235831,-0.2155160855676329,0.6975210806726397,0.7726191878036998
cell_00110,2022,0.5188895616140062,0.6361444239969117,0.3301122158553778,-0.265477763804433,0.8119676452338297,0.977976355775937
cell_00110,2023,0.5194704389772078,0.6312817912187326,0.3265313536488382,-0.2643446244786324,0.8063111543754882,0.9678266326472116
cell_00110,2024,0.5104099684903854,0.6201070063443802,0.3230049715110492,-0.2567818707136397,0.7875919616316198,0.9342378532605488
cell_00110,2025,0.5059460287748574,0.6339391306662902,0.3487462569520315,-0.2767510391051914,0.8242415309980835,1.0
cell_00111,2000,0.4566757912228294,0.5625814597319221,0.2304836224401996,-0.1718204346970853,0.6044922222891259,0.4065845398878035
cell_00111,2001,0.4167729222256536,0.5313398249335304,0.2101794961516541,-0.1458252298619035,0.5336269139733186,0.2458268010787351
cell_00111,2002,0.414586450795283,0.5124683631170566,0.183730998781424,-0.1262242966502883,0.4902809556068271,0.1474966248738167
cell_00111,2003,0.3325296817322972,0.4967657059420111,0.1769908625631131,-0.1163008053745066,0.425261418291499,0.0
cell_00111,2004,0.3387825254022402,0.5084747606566231,0.1920755657467039,-0.1272222047543363,0.453077394087532,0.0631004574454182
cell_00111,2005,0.3555407833554714,0.5269333162661395,0.194152587973178,-0.137341346965172,0.4807672673218737,0.125914851608854
cell_00111,2006,0.3368595130531576,0.5565438793782973,0.2318216577947041,-0.1694957791444469,0.5349366946925028,0.2487980347014469
cell_00111,2007,0.3796067536785964,0.5502930322785125,0.2293985514795793,-0.15986046868428,0.5466974619413716,0.2754772998386616
cell_00111,2008,0.3927620546079501,0.5680878422921212,0.2490765916631462,-0.1797691752427668,0.5909156597277854,0.3757861485446853
cell_00111,2009,0.3936950453417676,0.5608249141994573,0.2410028613458001,-0.1744321961270099,0.5781552877150304,0.3468392830065948
cell_00111,2010,0.3956790420218111,0.5713971093431457,0.2499609583818987,-0.1787588740760456,0.5942985273744257,0.3834601736281681
cell_00111,2011,0.4110734451801746,0.6218231464829075,0.3014888619425133,-0.2316153918249982,0.7022788530149348,0.6284132176264692
cell_00111,2012,0.5209584874877593,0.6531089537342964,0.3271373173518382,-0.2702879497791826,0.8236960858032397,0.9038478450822324
cell_00111,2013,0.5039368208887527,0.6209618464065557,0.311616688313973,-0.2501938576393687,0.7721465903532672,0.7869079696730198
cell_00111,2014,0.4997365742845545,0.6249016915181551,0.3221210428353568,-0.2587102962034901,0.7850966314619531,0.816285098984859
cell_00111,2015,0.5421358505716983,0.6581660756167257,0.3477221708399339,-0.2905593840221191,0.8660819277163911,1.0
cell_00111,2016,0.5120899408571302,0.6113429299922063,0.3177439553050597,-0.2601093103710165,0.7821744837498016,0.8096562156872924
cell_00111,2017,0.5123372115077035,0.6186723573211901,0.318776048165297,-0.2582190467987239,0.785851094594967,0.8179965963332884
cell_00111,2018,0.4863322053555907,0.5986636023268312,0.3092628900119284,-0.2435206302612276,0.7439676942459292,0.7229842285927761
cell_00111,2019,0.4906464054767183,0.6195022065243718,0.3206073829270504,-0.2510802871633817,0.7709432474969882,0.7841781900222297
cell_00111,2020,0.491251017356608,0.6103163720265249,0.3148609199886399,-0.2472331211180004,0.7595573077802967,0.7583492200145822
cell_00111,2021,0.4991092757959166,0.614186345800589,0.3121167880488515,-0.2502298766282915,0.7661021630162212,0.7731962044356635
cell_00111,2022,0.5305212122189906,0.6454903442893446,0.3489070358632393,-0.2870885534217491,0.8511648783725951,0.966160718421978
cell_00111,2023,0.5180089071185141,0.6249986831262092,0.325968062614746,-0.266715156132682,0.8032028688810284,0.8573590441211625
cell_00111,2024,0.5246079281920312,0.6230747961256885,0.3260923136701766,-0.2682758857881974,0.806874081637329,0.8656871792188016
cell_00111,2025,0.5048887090276541,0.6092824026378707,0.3193821756374572,-0.2568159396011686,0.7760254030416118,0.7957070445922088
cell_00112,2000,0.4665563030052522,0.6368837619239994,0.3135561869579595,-0.2451564942715697,0.758547705313599,0.4909561317800375
cell_00112,2001,0.4587839004479584,0.6403660099328973,0.3171173083844487,-0.2428657483183514,0.7571922366319673,0.4879114649416134
cell_00112,2002,0.445645549252623,0.6226238398860363,0.2937511909391686,-0.2255527122648424,0.7121710338281975,0.3867844045674899
cell_00112,2003,0.392202454445654,0.6466683790871488,0.3272408115570031,-0.2457241845723946,0.733265077488068,0.4341660490789401
cell_00112,2004,0.4201971925432918,0.6476814247213373,0.3303506468103247,-0.2501100114120893,0.7542628747232014,0.4813315039419792
cell_00112,2005,0.4485722725533904,0.6834999836304249,0.3682248519172773,-0.2941109613112104,0.8457219475005888,0.6867677561636932
cell_00112,2006,0.4137138977381497,0.6810453061214171,0.3714035390071856,-0.2914521873347624,0.8257205284780647,0.6418403756608877
cell_00112,2007,0.4371150915095041,0.6665838490767505,0.3599534712478707,-0.2778604686873226,0.8133528056321795,0.6140598772060235
cell_00112,2008,0.4648143703566281,0.6847551501120851,0.3704486615806008,-0.2918549025096944,0.8553547410603772,0.708405030053022
cell_00112,2009,0.4717304555594773,0.6948722131471018,0.3859285817379028,-0.3107105756282952,0.8882368938585443,0.7822652391137394
cell_00112,2010,0.3835857698451415,0.5407378071274058,0.2302379874010044,-0.1536499918244829,0.5399767758823377,0.0
cell_00112,2011,0.3494652363716048,0.5526342355012221,0.2457780420565363,-0.1783420943257269,0.5553445404416529,0.0345192211140802
cell_00112,2012,0.531235870114187,0.6470611139078256,0.3462664662855377,-0.2887293184540153,0.8516831266488142,0.7001578143158729
cell_00112,2013,0.5318875664900765,0.677303687412775,0.3732473929767198,-0.3057161285900298,0.8991488647902643,0.806775813565125
cell_00112,2014,0.5329137545740792,0.6821820306379349,0.3887728419600148,-0.3182178494540308,0.9216640199555496,0.8573495724594988
cell_00112,2015,0.5650631870050478,0.7030511862425666,0.4031971695604556,-0.3392324615668275,0.9724913173705304,0.9715183386015686
cell_00112,2016,0.5561871404766828,0.6753989240628099,0.3721311325327436,-0.313330717690173,0.9157041654156346,0.8439624896552935
cell_00112,2017,0.5644173185271295,0.6973679268666332,0.3973885693652551,-0.3344154808116749,0.964244623124185,0.9529945343715472
cell_00112,2018,0.543885872659292,0.6741606202632238,0.3822600242523212,-0.3151558459870976,0.9165904666679326,0.8459533080845892
cell_00112,2019,0.5682782400780667,0.7167000949796024,0.4205465052841818,-0.3544527461618486,0.9817808273530756,0.9923845256056216
cell_00112,2020,0.5418039202904369,0.693128588027273,0.4019837616037423,-0.332185526585265,0.949512249653016,0.9199025348537492
cell_00112,2021,0.5696521523956405,0.7096095712595465,0.4258569844158208,-0.3587066592716101,0.98253270004039,0.9940733892944728
cell_00112,2022,0.5744735263783608,0.715987736401935,0.4279991956446754,-0.3620466566903839,0.9851711940451144,1.0
cell_00112,2023,0.5421933276411808,0.6658103951480584,0.3804368838782996,-0.3134583042594487,0.908597577691038,0.8279996037010539
cell_00112,2024,0.557912619091224,0.6747182401295901,0.3905091020229431,-0.3272787939867043,0.9384677873386158,0.8950943569795108
cell_00112,2025,0.5664982367066778,0.6900307383251802,0.4022048634410817,-0.3390510435615171,0.9658977810954816,0.9567078737663194
cell_00113,2000,0.456146865198105,0.6040648223980364,0.2864615373015525,-0.2182622155295549,0.6975908197138073,0.4512379581538833
cell_00113,2001,0.4314292689213478,0.5853133829497881,0.2610528641640937,-0.1914826919047022,0.6379011038687242,0.329271987864604
cell_00113,2002,0.4281100981478349,0.5681409348380637,0.2390016499398707,-0.175720846161233,0.60052980315249,0.2529099732646734
cell_00113,2003,0.3812904990281718,0.5958571073966884,0.2742483816691668,-0.1991189599177195,0.6306853751979464,0.3145278508517942
cell_00113,2004,0.3456489674988148,0.5059594089858885,0.2103850286507479,-0.1399350445160316,0.4767565539195206,0.0
cell_00113,2005,0.454819420604947,0.6188826716278888,0.2929216541137292,-0.2307372263532855,0.7179982370462887,0.492937108850366
cell_00113,2006,0.406646062097431,0.6003571338263721,0.2773836765184641,-0.2106543667407861,0.6569887969601171,0.3682745023767833
cell_00113,2007,0.3676961773336303,0.5661921783351944,0.2558196986872598,-0.1756633456990939,0.5781091754495817,0.2070971632426407
cell_00113,2008,0.3915186187668383,0.5744058706855246,0.2604953642803389,-0.1859542142487846,0.6058875937963464,0.2638577240661809
cell_00113,2009,0.4280635715974275,0.6079032456197586,0.2797568797019125,-0.2117267999924886,0.6752941013588654,0.4056783362001579
cell_00113,2010,0.4174646390772056,0.5976466299872653,0.2679969658556385,-0.1925054747003035,0.642676269587277,0.3390292418891826
cell_00113,2011,0.3389711818785308,0.5671565829523179,0.2449127926480739,-0.1720249570711417,0.5528598729524411,0.155504428470978
cell_00113,2012,0.4255889423729178,0.4673282520619107,0.1864393804582815,-0.1322642620035231,0.4770818626264983,0.0006647140387309
cell_00113,2013,0.4376456642026121,0.5193015415962304,0.2266106194830894,-0.1623290129592197,0.5608880887672111,0.1719087473335684
cell_00113,2014,0.4963518635659254,0.625735597500826,0.3205581495924964,-0.2516705155619586,0.7779008042943037,0.6153380054501242
cell_00113,2015,0.5032441897744127,0.6282409431429549,0.3291484631562483,-0.2589983038830328,0.7939865476174699,0.6482065367282114
cell_00113,2016,0.5268548817209476,0.6419328519998584,0.3370567009360501,-0.2752211854795879,0.830937026348584,0.7237086718496161
cell_00113,2017,0.5241763465050222,0.6589503983440764,0.3673535699852213,-0.298047308239219,0.875439628523908,0.8146423105487572
cell_00113,2018,0.5154982001457273,0.6464901495123352,0.3617531496874885,-0.291008228832386,0.8551129506707286,0.7731081375003382
cell_00113,2019,0.5534350917940787,0.7032333287650514,0.4077260993255513,-0.3391184749675986,0.9661530282271558,1.0
cell_00113,2020,0.5207256276963025,0.6775226562086867,0.3818791848824849,-0.3079814213866137,0.9007183851871362,0.8662952299920181
cell_00113,2021,0.551233012570948,0.7018753892022827,0.4107103213696051,-0.3401411797384621,0.9648760204327016,0.9973906477437116
cell_00113,2022,0.5032404112952498,0.6459599835006622,0.3472514732130919,-0.2769441988538101,0.8285447375144002,0.7188204289631746
cell_00113,2023,0.4638109142707993,0.5735842958704868,0.3139402662370494,-0.2454372880620024,0.7222200883978326,0.5015637573310618
cell_00113,2024,0.5109196971214459,0.6200852995916164,0.3385414172701828,-0.2722146187911884,0.8090640719834774,0.6790149408699416
cell_00113,2025,0.5213968774802034,0.6492436796996869,0.3667144411069353,-0.2965516073574444,0.8670593323258307,0.7975185741958682
cell_00114,2000,0.5951356786118245,0.6723026257347064,0.326427468253853,-0.2848951980117138,0.8842745026692544,0.9890614910358244
cell_00114,2001,0.5340461664522133,0.6172602244839215,0.2786439933365898,-0.2289475570871049,0.7492636872450278,0.6222075754137271
cell_00114,2002,0.4632678030850349,0.5745330687747127,0.2496093106549603,-0.188743150217285,0.6394754514645412,0.3238889254688407
cell_00114,2003,0.4382469580120589,0.5605510902067085,0.2436233604915486,-0.1867902422048105,0.6124938756946873,0.2505740825821941
cell_00114,2004,0.4663465792431615,0.5871723642078929,0.2584147835856685,-0.2026752075487477,0.6636965233937445,0.3897028756318159
cell_00114,2005,0.5737181893729358,0.6348905370750458,0.2944786152764651,-0.2550092602932158,0.8093337265400974,0.7854310109416571
cell_00114,2006,0.4009846112292919,0.5717728422683347,0.2471736702508915,-0.1861544223000311,0.6004147546528311,0.2177524687170057
cell_00114,2007,0.4975604430144058,0.6174988136372005,0.2992925583883645,-0.2408928467348371,0.7518757090670429,0.629305010016175
cell_00114,2008,0.4295323016954087,0.5084428898638544,0.1956628557213612,-0.1496850463256256,0.5202767566372785,0.0
cell_00114,2009,0.4787557647510752,0.5852023771678507,0.2580733016446807,-0.2040979995708024,0.6701034469601406,0.4071118883100856
cell_00114,2010,0.47341477533583,0.5416159117087669,0.2282086260028852,-0.1764053933928939,0.6034461007742378,0.225989299157216
cell_00114,2011,0.5357732561443724,0.6417053492226433,0.3036716471068741,-0.2560561801303925,0.7994992832302407,0.7587086774393511
cell_00114,2012,0.6021128956417643,0.6621947382040413,0.3281441149742177,-0.292266752707606,0.8883001296338031,1.0
cell_00114,2013,0.5231976106600899,0.6274538581977189,0.316808659538259,-0.2629339928400381,0.798470638492051,0.7559136246963304
cell_00114,2014,0.5573933115771915,0.6360101871477369,0.3269716518974804,-0.2752198549960638,0.8372917911520509,0.861399187593898
cell_00114,2015,0.5890832279729851,0.6597646263344298,0.3359927528518396,-0.2946675949270333,0.8872107168654271,0.9970398272275324
cell_00114,2016,0.5462581401217975,0.5769208638064929,0.2749688811099946,-0.2318281512364912,0.7328205410983907,0.5775279508215347
cell_00114,2017,0.5713178191858571,0.6434556001416406,0.3356631227673312,-0.2889239268113713,0.8643207583594127,0.9348428033819012
cell_00114,2018,0.5714092595248078,0.6395393749224225,0.3375444984013719,-0.2873457500111007,0.862447135352296,0.9297517598651236
cell_00114,2019,0.5411695438781988,0.620526127964125,0.3078587627931926,-0.2553398516796665,0.7930969396243672,0.7413121095155689
cell_00114,2020,0.5644928674999599,0.6495261209069624,0.3342368680308666,-0.2852911560795605,0.8605385319381047,0.924565666931267
cell_00114,2021,0.540201382900248,0.6202886581283685,0.3095235294582732,-0.2573168220751494,0.7949234906792517,0.7462752482423632
cell_00114,2022,0.5718747844288521,0.6499902396818639,0.341490896394154,-0.2909119305744136,0.8736763288860526,0.9602639347912052
cell_00114,2023,0.5479890209659012,0.6137852996298078,0.2984296673379266,-0.2509283759927205,0.7835206340887836,0.7152911928069063
cell_00114,2024,0.5172139831879268,0.5783218600119849,0.2846165790310608,-0.2342522239748236,0.7260799210200193,0.5592122117327702
cell_00114,2025,0.5469870049640305,0.6057395563209922,0.3070100328065897,-0.2577485866529728,0.7890583035116201,0.7303382518503242
cell_00115,2000,0.5737227175113825,0.6522743371395945,0.3089103604183512,-0.2646209656517901,0.835559334327868,0.7001284286139324
cell_00115,2001,0.5259088124352841,0.6040549734583751,0.2576317906643483,-0.2092327840814166,0.7095462303945763,0.3655658058218474
cell_00115,2002,0.4779193462815254,0.5700057451454692,0.244089502878591,-0.1849820413137018,0.6385894563606951,0.1771767916268814
cell_00115,2003,0.4534495154319508,0.5596518723577122,0.2424895122503576,-0.1877444389138905,0.6201581264521555,0.1282419278446865
cell_00115,2004,0.4539995202687223,0.578708197243279,0.2540868496002123,-0.1972593757073548,0.6455667744051046,0.195701450984752
cell_00115,2005,0.5432124374445928,0.6113861264374917,0.2804741043140887,-0.2359696770475366,0.7569892706377824,0.4915262613741532
cell_00115,2006,0.4528500483727278,0.5456351242910514,0.218903026772201,-0.1717253972511025,0.5847878064673835,0.034334336858236
cell_00115,2007,0.4788347313920125,0.5818571111364165,0.2717064363327646,-0.2119544877605593,0.6830815186012068,0.295302451355843
cell_00115,2008,0.4590319747236795,0.5346289957038689,0.2154455719146544,-0.160136644905164,0.5718557690422515,0.0
cell_00115,2009,0.479679816303504,0.5749478103600472,0.2448069282077737,-0.1925686113703128,0.647890586251542,0.2018711314541024
cell_00115,2010,0.4673612337089736,0.553804383028731,0.2295524878298496,-0.1747867988599242,0.60678299911389,0.092731194890778
cell_00115,2011,0.5386035999235118,0.622082321049658,0.2868366031137371,-0.2399690923280559,0.7675586844474644,0.5195878731840967
cell_00115,2012,0.5830305291698596,0.6503396064324363,0.3184638987410044,-0.2817901307023435,0.8577573718046863,0.7590638361808534
cell_00115,2013,0.4940401773515457,0.5361472033996305,0.232943073624975,-0.184000778717127,0.6200844104224982,0.1280462130542863
cell_00115,2014,0.4923556825560004,0.5410278845464166,0.2430524205180748,-0.1902488885381078,0.6331400189032502,0.1627086289390602
cell_00115,2015,0.574740390909663,0.6332580794218553,0.3191989315757331,-0.2765933478178721,0.8407332714843118,0.7138651427427869
cell_00115,2016,0.5359061267950722,0.5734062095649597,0.2751346919283921,-0.2263849789565899,0.7216667688559608,0.3977456268937877
cell_00115,2017,0.5756513591575492,0.6514541292404171,0.3463182038656415,-0.2981170395805579,0.8847618015287132,0.8307601324664979
cell_00115,2018,0.5536208411603909,0.6376121480604268,0.3402167313525719,-0.2828141450251562,0.850472573825513,0.7397228228866098
cell_00115,2019,0.5440526282023259,0.6224526235640927,0.3183829214114461,-0.2642270934147083,0.8090633297794576,0.6297819924217101
cell_00115,2020,0.5588825460551864,0.6459579517481773,0.3375915234980587,-0.2838505177873419,0.8568614182442017,0.7566850948933258
cell_00115,2021,0.5489235062818564,0.6343417382231802,0.3408225870969675,-0.286239885550519,0.848797370820146,0.7352751877304956
cell_00115,2022,0.5852477286998361,0.6778131883841757,0.3803612618777616,-0.327955587408716,0.948506044203452,1.0
cell_00115,2023,0.5656468135590094,0.6415231778134372,0.3384253796278078,-0.290075506710096,0.8628439112980014,0.7725685110178443
cell_00115,2024,0.5469279953453876,0.6198979595061915,0.3395225193923484,-0.2866766549322626,0.8390376614664596,0.7093633273196429
cell_00115,2025,0.5594821986115852,0.633437654317841,0.3427710231396708,-0.291382049045385,0.8588788041907027,0.7620412198706343
cell_00116,2000,0.584726077586906,0.6685574787391446,0.3290411129466651,-0.2839046355763054,0.8776553897245167,0.8475720663136186
cell_00116,2001,0.5227744475885256,0.6197858342016964,0.285663927719035,-0.2319235520490105,0.7514071887809712,0.4770012684484689
cell_00116,2002,0.4866909519754966,0.5829618332431135,0.2571213423644625,-0.1985827502570586,0.6688372560996476,0.2346373725298862
cell_00116,2003,0.4535811518158432,0.587018541612403,0.2668821140570613,-0.2074453553269697,0.6657433527584193,0.2255559739744382
cell_00116,2004,0.4747109148686398,0.6134583200707929,0.291889985878591,-0.233099212843058,0.7267206469448735,0.4045399467316953
cell_00116,2005,0.5479069135795976,0.6372703381760174,0.3016781395697668,-0.2580594153839815,0.8036145004099222,0.6302430966895388
cell_00116,2006,0.4737266643070699,0.625158789557938,0.2966605910975762,-0.2398635464892944,0.7405715605245395,0.4451959248606296
cell_00116,2007,0.4752345692348846,0.62506732439302,0.3084623001929447,-0.2429203206122581,0.75164932961021,0.4777120137867481
cell_00116,2008,0.4471472741347061,0.5416776135200538,0.2308568556518264,-0.1733317282579251,0.5888996400579264,0.0
cell_00116,2009,0.4947825436088277,0.6138343624919164,0.2868939884878319,-0.2304775540816342,0.7326634451100618,0.421983581105623
cell_00116,2010,0.4804802804486873,0.5806672675498903,0.2659931421450138,-0.205214803242373,0.6748079536530973,0.2521628987524955
cell_00116,2011,0.5122059436487936,0.6175733646884423,0.2916811646103537,-0.2420822851095862,0.755403867960383,0.488732545260785
cell_00116,2012,0.4866024216329452,0.5867878994311866,0.2803294890656808,-0.2257385141229298,0.705345252051236,0.3417976891690709
cell_00116,2013,0.5460868617258866,0.6190741814789482,0.3092265205989636,-0.2590513101737651,0.7984213022008426,0.6149997301351825
cell_00116,2014,0.5368438458534394,0.6124259162956225,0.3083871772507652,-0.2538411782103725,0.785580706910295,0.5773092948947667
cell_00116,2015,0.5949760243819121,0.6691216044996233,0.3492709864182288,-0.3065817508773402,0.9129197941784718,0.9510821234635424
cell_00116,2016,0.5643289066516768,0.6108995409984389,0.3088828965555401,-0.2633369281058558,0.8064778094092535,0.6386476418037391
cell_00116,2017,0.5851125892733865,0.6651532400366694,0.3617717306862923,-0.3127730860523582,0.9182021341626304,0.9665871439540918
cell_00116,2018,0.5732327627684168,0.6505133118484252,0.3544388503290175,-0.3008456659845839,0.8904224036867464,0.8850465215136143
cell_00116,2019,0.5600194594821106,0.6457887245957178,0.3325913053547096,-0.280665036215051,0.8517577014144915,0.7715557195602856
cell_00116,2020,0.573330785723091,0.6605342318521148,0.3487268196560217,-0.2979037957584799,0.8900951483053374,0.8840859431696217
cell_00116,2021,0.5512390916401977,0.6382916656147023,0.3395202948481978,-0.2837922890822857,0.8497158248787835,0.7655622890692024
cell_00116,2022,0.5828970773935779,0.6704055880223241,0.3697901434937053,-0.3188329054359928,0.9295854190530838,1.0
cell_00116,2023,0.5526723620334979,0.6259399006488626,0.323278756801266,-0.2735139139464452,0.8253692107351942,0.6940987421744688
cell_00116,2024,0.5404410337664809,0.6093962985422043,0.3210858980208635,-0.2673535767060067,0.8037944796178522,0.6307713817516886
cell_00116,2025,0.5656285869786707,0.6356156241134239,0.3411781445759316,-0.2908397427162826,0.8619788098910917,0.8015572902356071
cell_00117,2000,0.4185535370943645,0.5328704911215238,0.2213690008766735,-0.1556254126829104,0.5498462667814379,0.6324446980610521
cell_00117,2001,0.3292626842334628,0.4572105164857337,0.1640230301189409,-0.0917038848348045,0.3758800867146352,0.3098270023049792
cell_00117,2002,0.3398511472673841,0.457153702897576,0.1536000208976967,-0.0887029276532761,0.3723412944969562,0.3032643647245672
cell_00117,2003,0.2575106527752961,0.4281950747486883,0.1276017752406708,-0.065479841821946,0.2773976981389189,0.127192876162465
cell_00117,2004,0.2363003326532559,0.393650573441967,0.1135636754653903,-0.0447566084428578,0.2228354732851402,0.0260080409784575
cell_00117,2005,0.2598834179637437,0.4501105077603756,0.1444571116758338,-0.0819608106579714,0.3137414426295088,0.1945918102437856
cell_00117,2006,0.254656067832638,0.4807026083798836,0.1750027100029237,-0.1140313221639232,0.370780967171424,0.300370760886194
cell_00117,2007,0.2554948597920778,0.448918348335801,0.1556365920199237,-0.0733267019673992,0.3127134544489403,0.1926854214390642
cell_00117,2008,0.2853600493876246,0.4704759949011542,0.1611243251236483,-0.0838445780026211,0.3519565860733947,0.2654612258745708
cell_00117,2009,0.2879493569614598,0.468757746870335,0.1598039113485817,-0.0867793341938543,0.3534577181889724,0.2682450530757381
cell_00117,2010,0.3017422163299385,0.4929906284751983,0.1741547157811805,-0.1012697856996116,0.3942575117752516,0.3439076639870906
cell_00117,2011,0.3613314949681582,0.5867862697824506,0.2650248470087401,-0.1872839554550317,0.6003276618231511,0.7260616950006624
cell_00117,2012,0.4263975121214177,0.5855920215876528,0.2686212311397775,-0.1915972907619831,0.6406742166273215,0.8008837813258277
cell_00117,2013,0.4345380432072538,0.5586505399327312,0.2476498515500417,-0.1787718849368773,0.6068512984125829,0.7381596821130099
cell_00117,2014,0.4194006079401071,0.5639671729747864,0.2548672502720222,-0.182412744666298,0.6090183979025341,0.7421785359135229
cell_00117,2015,0.4879571625730291,0.6191456626295662,0.3034793370111873,-0.237275248846069,0.7480442970902431,1.0
cell_00117,2016,0.4369530124874494,0.5445135410957445,0.2423924948939928,-0.1768591570259301,0.5953341704595267,0.7168013394712617
cell_00117,2017,0.4187059158300057,0.5393452948029047,0.2401214337029729,-0.168026090177749,0.5749629257369284,0.6790231688546278
cell_00117,2018,0.2954667817719828,0.4263486095946819,0.1603179114108802,-0.0782008697244055,0.3285475969547479,0.2220496034170518
cell_00117,2019,0.2696361285298587,0.3749021685495676,0.103912677534713,-0.0222624687267044,0.2088110735093013,0.0
cell_00117,2020,0.2857317036841029,0.3826263909371327,0.1223906037918947,-0.0423792202156989,0.2483249386331395,0.0732778756869511
cell_00117,2021,0.3112120555796847,0.3933432344923767,0.1047392209404584,-0.0438069347719414,0.2568500975008555,0.0890876561212909
cell_00117,2022,0.362244018802818,0.4530024460668381,0.1720026802127231,-0.1042854640777602,0.4055926736628439,0.3649285532644942
cell_00117,2023,0.3464046972012417,0.4469590945895109,0.1671608766543451,-0.1010514737748735,0.3880029273693492,0.3323086301509207
cell_00117,2024,0.3702081365830031,0.448268885002159,0.1698613701781687,-0.1082874635616763,0.4084950043242561,0.3703108823467758
cell_00117,2025,0.3444825124236914,0.4207802487448002,0.142948536739219,-0.081793653703255,0.3425227724896934,0.2479663587722562
cell_00118,2000,0.4461514130828007,0.6057936292604164,0.2811246324357566,-0.2124105749890175,0.6854316192273463,0.4431001404388407
cell_00118,2001,0.428742379563025,0.598907318858203,0.2759394764848829,-0.2022617877602696,0.6616415244965297,0.3943828621536248
cell_00118,2002,0.4062559544794052,0.564860739406118,0.239232882278033,-0.1708989818749482,0.5836740764866213,0.2347213767806144
cell_00118,2003,0.3462197535075278,0.5843928532216918,0.2587313835352835,-0.1817007168411755,0.5825814996920833,0.2324840015893955
cell_00118,2004,0.3315131289129196,0.5092575371717567,0.211213772766925,-0.1363723480947016,0.4690526529278858,0.0
cell_00118,2005,0.4102305820385113,0.611167345427753,0.2901601908367293,-0.2180689610082329,0.6788800463786328,0.4296838509583622
cell_00118,2006,0.3587132413569501,0.5878860641670416,0.2747010961641595,-0.204838318807856,0.6180343934490313,0.3050843216266308
cell_00118,2007,0.3703465230849332,0.5743696493601456,0.2636031762999385,-0.1806516928917617,0.5929037201429178,0.2536218109135953
cell_00118,2008,0.4079276310037578,0.6060290566968645,0.2839146239142668,-0.2056177326213731,0.6620471304448048,0.3952134606896895
cell_00118,2009,0.410302022043842,0.6119989132195349,0.287124602578751,-0.2157243096123141,0.6756886465891357,0.4231485128933603
cell_00118,2010,0.429252950445979,0.6375942464439314,0.3117098679202125,-0.2291340022762182,0.7265065660497135,0.5272132823803743
cell_00118,2011,0.3455623401982705,0.5929204734530321,0.2712898773137616,-0.197276699399352,0.6061927488051743,0.2808350404027885
cell_00118,2012,0.5066552204995749,0.6420775958834317,0.3367514652029876,-0.2716512180583307,0.8173588841589364,0.7132603626574708
cell_00118,2013,0.4882718906087853,0.6496421726356979,0.3423467313880714,-0.267907118873739,0.8129216521501402,0.7041738134429957
cell_00118,2014,0.5018092413319367,0.6559586088779151,0.3559473762640448,-0.2816621155624846,0.8425779434692432,0.7649038699412019
cell_00118,2015,0.5393805517927961,0.6827070845170385,0.3800639383492854,-0.313518847899926,0.9162558379250132,0.9157812215568298
cell_00118,2016,0.5326419948487061,0.6641345612765415,0.3605543714385837,-0.2947089573256081,0.8759695226266924,0.8332830366743654
cell_00118,2017,0.5376745829201351,0.6783939129912031,0.3723642949234837,-0.3041173112364121,0.9012348522366,0.8850212961264884
cell_00118,2018,0.5064532399758078,0.6425742455598107,0.3584636631118255,-0.2844568880710739,0.8412913472453634,0.7622691823962939
cell_00118,2019,0.542292310429803,0.6930655402752748,0.3932928467292227,-0.3224190397038484,0.9388386020734518,0.9620261322189032
cell_00118,2020,0.5192152752573158,0.6654099171872485,0.3715477102851366,-0.2988433877929746,0.8797924229176689,0.8411115594036545
cell_00118,2021,0.5439951864573902,0.6810057481622117,0.3916909814394024,-0.3212954099433692,0.931175394803344,0.9463334414011764
cell_00118,2022,0.5515631492985051,0.6935520473585914,0.3982840286189049,-0.3294951512596152,0.952414277914268,0.9898263568640876
cell_00118,2023,0.5362753860256,0.6664775774391969,0.3800229468887177,-0.3091342087605043,0.9025451635776854,0.8877045474109504
cell_00118,2024,0.5613598616412518,0.6869935687177925,0.3970651444865389,-0.3310384172702185,0.954300862012587,0.993689697618558
cell_00118,2025,0.5589085049497838,0.6882785224763857,0.4023022339722571,-0.3339965932142345,0.9573823701903572,1.0
cell_00119,2000,0.5423161543123243,0.6809804453021079,0.3488186062855374,-0.2904291188329649,0.879576708261349,0.5515128600370985
cell_00119,2001,0.487250004483333,0.6418189694477632,0.3104772134402814,-0.2513096641093656,0.7745902906311238,0.1403077527713228
cell_00119,2002,0.4584990862572833,0.6469235648681585,0.3317212104838293,-0.2575482044811295,0.7807417878096443,0.1644016033306202
cell_00119,2003,0.4296088092986294,0.6586362782408007,0.3363877376761183,-0.2677348995266647,0.7815473285247738,0.1675567015199731
cell_00119,2004,0.4519786899252683,0.6559154917201838,0.3379460511555906,-0.2677636712334384,0.793382150417325,0.2139106901181781
cell_00119,2005,0.4734983316032691,0.6730815759419313,0.348678279900263,-0.291974637270327,0.8384504719889333,0.3904318480399081
cell_00119,2006,0.4823612050575884,0.6712872985958921,0.3472710000287238,-0.2889801808055268,0.8393104973371485,0.3938003486854839
cell_00119,2007,0.4972380806538899,0.6780198766552806,0.3573272597919147,-0.2950841124997722,0.8623278154257874,0.4839533319689555
cell_00119,2008,0.4636405715819414,0.6327076062136955,0.294883288054543,-0.2409857333566348,0.7387677581067704,0.0
cell_00119,2009,0.4784413544799912,0.6716717535859836,0.3441192498227739,-0.2739148152713747,0.8250845307488947,0.338080854212533
cell_00119,2010,0.5170886026202156,0.6867337383203006,0.3675818279201574,-0.3051524987824276,0.8919652655896976,0.6000356895617166
cell_00119,2011,0.4509648719414546,0.6783615903467874,0.3554963202918175,-0.2890393873945612,0.8318658758443538,0.3646416589368739
cell_00119,2012,0.6050562042342248,0.7096951179943765,0.3870614872767303,-0.3416965499088837,0.988537869099955,0.9782860259551164
cell_00119,2013,0.5566359190875126,0.6863443549214558,0.367312839568411,-0.3144066062048487,0.91940035160043,0.7074919466713137
cell_00119,2014,0.5810852981478988,0.7083124378438499,0.3934649884875862,-0.3401197453556669,0.9805420801402986,0.9469685533615624
cell_00119,2015,0.5980407193123664,0.7092458175150611,0.3938331338652235,-0.3477910469906848,0.9940817505041676,1.0
cell_00119,2016,0.6051588060950185,0.6958135712793897,0.3744697499568384,-0.3334607203424013,0.9670373078485792,0.8940737935996328
cell_00119,2017,0.5618332912055747,0.677066272559405,0.3782426236483078,-0.3224834653741262,0.9301290111174068,0.7495133784629467
cell_00119,2018,0.5522104507689332,0.6851523753929378,0.3835682882439604,-0.3223991469444106,0.9330392171717576,0.7609119157190679
cell_00119,2019,0.5651459949357711,0.7031667963634632,0.3852225771411714,-0.3288882895050666,0.9556625864303684,0.8495219015885365
cell_00119,2020,0.5262601729255737,0.6700175571734068,0.368739941993529,-0.3041796776628309,0.8878257424842186,0.5838222299443693
cell_00119,2021,0.5505181946365656,0.6771868156024586,0.3759518690677959,-0.3179534141547343,0.9193673954186286,0.7073628656856145
cell_00119,2022,0.5784107199441513,0.7060812493387415,0.3954657896325956,-0.3421132203236191,0.9805696701742372,0.9470766165103128
cell_00119,2023,0.5671652245121953,0.6829176536108331,0.381137902523012,-0.3266470824144951,0.9411224745913772,0.7925719800332798
cell_00119,2024,0.5866492143775005,0.6965218023229153,0.3913670135481353,-0.3412447532287856,0.97630083282502,0.930356665875674
cell_00119,2025,0.6021534034155894,0.701810907252036,0.3877302319490542,-0.344068692454238,0.986761701103614,0.97132922746686
cell_00120,2000,0.5100603956639879,0.6638164806183949,0.339186170611882,-0.2848347179942686,0.8418723063826961,0.5174956688680974
cell_00120,2001,0.5255070854166595,0.6689762588464839,0.3421398432424422,-0.2834805879835271,0.8543608480263916,0.5556026904451502
cell_00120,2002,0.4662870488969171,0.6535009986098357,0.3352116536843426,-0.2616246845960985,0.7938420042139623,0.3709379831658377
cell_00120,2003,0.4391324583480248,0.6609009871593636,0.3389353912919537,-0.2755379258952983,0.7950299091066315,0.3745627072263354
cell_00120,2004,0.4515695841238238,0.6530803530791615,0.3319169314671611,-0.265050259816014,0.7855428214328866,0.3456141986653461
cell_00120,2005,0.5091532172434483,0.671097560339599,0.3446566271585896,-0.2925001830125702,0.8543952565918687,0.5557076833245816
cell_00120,2006,0.5255852215375444,0.6823714261242881,0.357786047711989,-0.3049363768601741,0.8871858820172098,0.6557636471239527
cell_00120,2007,0.4981053326632748,0.6779522846787915,0.3534833080374295,-0.2918995290806493,0.8579426782740833,0.56653213972981
cell_00120,2008,0.4464920933166236,0.5923857921736937,0.2693759108967193,-0.215921590299782,0.67227715190379,0.0
cell_00120,2009,0.4815054753858889,0.6675221813967841,0.3497707628596414,-0.2799476372803523,0.8324427162076612,0.4887226058063891
cell_00120,2010,0.517263819282984,0.682134466851604,0.3567984856954458,-0.2960396068295335,0.8758503207693056,0.6211747824361405
cell_00120,2011,0.4167933728577466,0.6913829175250815,0.3700850557539625,-0.2963558025855462,0.8355296385761429,0.4981419135733456
cell_00120,2012,0.6128735556259097,0.7163617206677089,0.393489018601073,-0.349828101221842,0.995772688255144,0.9871009550618364
cell_00120,2013,0.5899118532193846,0.7070972293563476,0.3865001974874274,-0.3389754104669983,0.979056212437992,0.9360929892936252
cell_00120,2014,0.5927103974212166,0.7169989153545744,0.4050789907626328,-0.3535338122686181,0.9951513107263676,0.9852049092646452
cell_00120,2015,0.60474893349999,0.7113223802618912,0.3949156802821437,-0.3495196966767915,0.9967707519249032,0.9901464054341772
cell_00120,2016,0.62003383624754,0.7020340751432896,0.3726115629002947,-0.3343032192948351,0.969768827031812,0.9077538440062832
cell_00120,2017,0.5585623816040525,0.6731751900418355,0.3827232683317303,-0.3248439771680026,0.930885740549498,0.7891075954819847
cell_00120,2018,0.5643862588073556,0.6917255428002338,0.3883101373841624,-0.3303208106068571,0.9519891197187584,0.85350157744526
cell_00120,2019,0.5734220684334089,0.7073930986858292,0.3942022411520385,-0.338183492356043,0.9750548967232374,0.923883539333091
cell_00120,2020,0.5496734017467083,0.6772192500025049,0.3796677799593992,-0.3194184039233517,0.9225039328317512,0.7635316926529998
cell_00120,2021,0.570871959043655,0.6900982109161674,0.3834454053241199,-0.3287856253260676,0.9501998923901231,0.8480420028717163
cell_00120,2022,0.5924145328912706,0.7190378370980152,0.4087548205051692,-0.3567547746080376,0.9949893990407628,0.9847108586162228
cell_00120,2023,0.5766836495120118,0.6853335277738589,0.3781659314113255,-0.3268788308794842,0.9457540765202376,0.834476223446473
cell_00120,2024,0.5954061473109314,0.6979747635667396,0.3891757469329326,-0.3414985983183932,0.980539963216922,0.940620445305769
cell_00120,2025,0.6191932432615752,0.7226335638860173,0.4058685258774596,-0.3649913553152908,1.0,1.0
